date,time,series,result,opponent,team,location,weather,temp,opposingPitcherId,oppRuns,runs,doubles,triples,homeRuns,strikeOuts,baseOnBalls,hits,atBats,stolenBases,rbi,leftOnBase,id,fullName,boxscoreName,PitchingHand,PlayerName,Team,ERA,xERA,IP,Location+,Stuff+,Pitching+,Contact%,K/9,BB/9,H/9,HR/9,GB/FB,Oppo%,Pull%,Soft%,Hard%,Zone%,Stf+ CH,Loc+ CH,Pit+ CH,Stf+ CU,Loc+ CU,Pit+ CU,Stf+ FA,Loc+ FA,Pit+ FA,Stf+ SI,Loc+ SI,Pit+ SI,Stf+ SL,Loc+ SL,Pit+ SL,SI%,FA%,SL%,CU%,CH%,wFA/C,wSI/C,wSL/C,wCU/C,wCH/C,vFA,vCH,vSI,vSL,vCU,FF_ba,FF_slg,FF_whiff,ST_ba,ST_slg,ST_whiff,CH_ba,CH_slg,CH_whiff,CU_ba,CU_slg,CU_whiff,SI_ba,SI_slg,SI_whiff,oppStarterIP,oppStarterH,oppStarterR,oppStarterER,oppStarterBB,oppStarterK,oppStarterHR,oppStarterP,oppStarterS,oppStarterERA,teamPitcherId,teamPitcherName,teamStarterIP,teamStarterER,teamStarterK,Stf+ FS,Loc+ FS,Pit+ FS,FS%,wFS/C,vFS,FS_ba,FS_slg,FS_whiff,SL_ba,SL_slg,SL_whiff,Stf+ FC,Loc+ FC,Pit+ FC,FC%,wFC/C,vFC,FC_ba,FC_slg,FC_whiff,Stf+ KC,Loc+ KC,Pit+ KC,KC%,wKC/C,vKC,SV_ba,SV_slg,SV_whiff,FO%,wFO/C,vFO,vKN (sc),KN%,wKN/C
2024/03/28,3:10 PM.,1,L,MIN,KC,home,Sunny.,65,641154,4,1,2,0,1,8,1,5,31,0,1,9,641154,pablolopez,"López, P",Right,Pablo López,MIN,4.08,3.67,185.1,104.0,98.0,105.0,0.749,9.62,1.99,8.74,1.26,1.19,0.245,0.438,0.134,0.298,0.432,95.0,104.0,105.0,92.0,103.0,108.0,97.0,105.0,101.0,97.0,107.0,107.0,106.0,103.0,110.0,0.073,0.407,0.219,0.1,0.201,1.65,-2.77,-0.84,-1.28,-0.14,95.0,88.5,94.5,84.5,82.4,0.208,0.352,0.259,0.239,0.436,0.331,0.281,0.359,0.249,0.23,0.446,0.341,0.426,0.639,0.142,7.0,4,1,1,0,7,1,84,61,1.29,666142,Cole Ragans,6.0,2,9,,,,,,,,,,,,,,,,,,,,,,,,,,,,,,,,,,,,
2024/03/30,3:10 PM.,1,L,MIN,KC,home,Sunny.,66,657746,5,1,2,0,0,11,3,5,31,0,1,11,657746,joeryan,Ryan,Right,Joe Ryan,MIN,3.6,2.87,135.0,107.0,99.0,104.0,0.752,9.8,1.53,7.33,1.27,0.79,0.242,0.427,0.198,0.281,0.481,,,,,,,94.0,110.0,105.0,110.0,108.0,105.0,108.0,103.0,112.0,0.06,0.485,0.234,,,1.38,-0.77,-0.09,,,94.0,,92.9,83.1,,0.194,0.379,0.275,0.207,0.37,0.337,,,,,,,0.345,0.483,0.094,5.1,3,1,1,1,5,0,81,56,1.69,607625,Seth Lugo,6.0,0,4,101.0,103.0,94.0,0.221,0.2,88.6,0.202,0.387,0.258,0.343,0.6,0.216,,,,,,,,,,,,,,,,,,,,,,,,
2024/03/31,1:10 PM.,1,W,MIN,KC,home,Overcast.,69,641927,0,11,2,1,5,7,3,14,38,0,10,12,641927,baileyober,Ober,Right,Bailey Ober,MIN,3.98,3.22,178.2,105.0,91.0,102.0,0.728,9.62,2.17,6.85,1.36,0.67,0.22,0.439,0.183,0.303,0.416,116.0,111.0,111.0,94.0,99.0,103.0,81.0,104.0,96.0,,,,74.0,100.0,101.0,,0.381,0.118,0.011,0.294,-0.01,,2.03,4.57,1.98,91.7,83.4,,80.3,76.0,0.258,0.506,0.222,,,,0.154,0.285,0.395,0.0,0.0,0.375,,,,1.1,9,8,8,1,1,3,53,35,54.00,663903,Brady Singer,7.0,0,10,,,,,,,,,,0.095,0.162,0.307,84.0,104.0,100.0,0.195,-0.86,86.2,0.279,0.504,0.229,,,,,,,,,,,,,,,
2024/04/01,6:36 PM.,2,L,BAL,KC,away,Overcast.,57,665152,6,4,2,0,2,9,2,7,35,4,4,17,665152,deankremer,Kremer,Right,Dean Kremer,BAL,4.1,4.49,129.2,100.0,88.0,98.0,0.798,8.54,3.54,7.63,1.25,0.99,0.25,0.394,0.231,0.285,0.423,,,,92.0,98.0,96.0,91.0,100.0,99.0,79.0,105.0,97.0,,,,0.151,0.32,,0.114,,-0.18,0.67,,0.29,,93.4,,92.3,,77.0,0.245,0.503,0.232,,,,,,,0.225,0.3,0.198,0.247,0.353,0.072,5.1,3,3,3,1,5,2,85,55,5.06,608379,Michael Wacha,5.0,3,5,72.0,99.0,99.0,0.184,0.73,84.1,0.139,0.248,0.36,,,,99.0,102.0,98.0,0.23,0.33,86.9,0.25,0.355,0.237,,,,,,,,,,,,,,,
2024/04/02,6:35 PM.,2,W,BAL,KC,away,Cloudy.,52,608344,1,4,1,1,0,9,3,8,34,0,4,9,608344,coleirvin,"Irvin, C",Left,Cole Irvin,- - -,5.11,5.78,111.0,101.0,79.0,94.0,0.849,6.32,2.35,10.7,1.46,0.96,0.251,0.414,0.121,0.34,0.478,65.0,108.0,100.0,102.0,98.0,102.0,62.0,99.0,85.0,75.0,101.0,89.0,85.0,121.0,119.0,0.2,0.264,0.041,0.252,0.134,-1.16,-0.49,-3.18,-0.38,-1.52,91.9,84.9,91.5,78.1,77.3,0.296,0.592,0.163,,,,0.282,0.474,0.243,0.283,0.424,0.189,0.307,0.485,0.088,5.0,7,4,4,2,3,0,81,55,7.20,679525,Alec Marsh,7.0,1,5,,,,,,,,,,0.25,0.438,0.196,86.0,102.0,91.0,0.109,-0.64,85.9,0.327,0.551,0.181,,,,,,,,,,,,,,,
2024/04/03,6:05 PM.,2,L,BAL,KC,away,Drizzle.,46,669203,4,3,2,0,1,7,1,10,37,3,3,13,669203,corbinburnes,Burnes,Right,Corbin Burnes,BAL,2.92,3.34,194.1,103.0,120.0,107.0,0.735,8.38,2.22,7.64,1.02,1.4,0.21,0.425,0.19,0.289,0.399,110.0,98.0,103.0,109.0,101.0,106.0,,,,104.0,95.0,89.0,133.0,105.0,120.0,0.078,,0.146,0.215,0.11,,-0.5,0.7,0.44,0.2,,89.2,97.0,87.2,80.3,,,,0.125,0.5,0.457,0.194,0.339,0.377,0.2,0.326,0.378,0.235,0.412,0.157,5.2,9,2,2,0,3,0,100,67,2.31,666142,Cole Ragans,6.1,0,7,,,,,,,,,,0.196,0.268,0.463,125.0,105.0,108.0,0.45,1.37,95.3,0.251,0.362,0.19,,,,,,,,,,,,,,,
2024/04/04,6:40 PM.,3,W,CWS,KC,home,Clear.,60,647336,1,10,2,0,2,4,4,10,33,0,7,8,647336,michaelsoroka,Soroka,Right,Michael Soroka,CHW,4.74,4.59,79.2,95.0,96.0,94.0,0.775,9.49,4.97,7.46,1.47,0.94,0.269,0.472,0.176,0.292,0.4,113.0,85.0,92.0,,,,96.0,98.0,95.0,77.0,92.0,88.0,103.0,98.0,96.0,0.212,0.325,0.366,,0.097,0.28,-1.33,0.39,,-3.52,93.5,82.1,92.3,81.9,,0.195,0.354,0.21,,,,0.321,0.643,0.13,,,,0.289,0.518,0.087,6.0,6,2,2,0,2,1,91,57,4.91,607625,Seth Lugo,6.2,1,3,,,,,,,,,,0.168,0.317,0.417,,,,,,,,,,,,,,,,,,,,,,,,
2024/04/05,6:40 PM.,3,W,CWS,KC,home,Clear.,63,607200,1,2,1,0,0,10,4,7,31,1,2,15,607200,erickfedde,Fedde,Right,Erick Fedde,- - -,3.3,3.91,177.1,104.0,90.0,99.0,0.807,7.82,2.64,7.82,1.02,1.07,0.264,0.367,0.181,0.309,0.399,86.0,108.0,106.0,,,,17.0,112.0,76.0,76.0,105.0,93.0,126.0,101.0,106.0,0.308,0.003,0.202,,0.164,-6.18,0.59,1.28,,-0.54,92.9,87.7,93.0,83.5,,0.5,0.5,0.0,0.165,0.309,0.251,0.228,0.351,0.165,,,,0.25,0.358,0.202,5.0,6,1,1,2,4,0,91,53,2.79,663903,Brady Singer,6.1,1,4,,,,,,,,,,,,,78.0,104.0,97.0,0.323,0.43,89.9,0.262,0.47,0.232,,,,,,,,,,,,,,,
2024/04/06,6:10 PM.,3,W,CWS,KC,home,Clear.,71,623167,0,3,1,0,1,8,3,10,32,0,3,14,623167,chrisflexen,Flexen,Right,Chris Flexen,CHW,4.95,4.71,160.0,97.0,56.0,92.0,0.789,6.92,3.54,10.13,1.35,0.79,0.249,0.41,0.154,0.308,0.373,126.0,99.0,104.0,83.0,98.0,101.0,2.0,93.0,82.0,74.0,108.0,87.0,148.0,102.0,103.0,0.002,0.37,0.087,0.122,0.157,-0.64,2.01,-2.65,0.43,-1.32,91.3,81.3,91.4,80.0,72.0,0.261,0.473,0.132,,,,0.257,0.436,0.379,0.246,0.393,0.308,,,,6.1,6,3,3,2,4,1,77,54,5.91,608379,Michael Wacha,7.0,0,8,,,,,,,,,,0.361,0.475,0.271,47.0,101.0,90.0,0.261,-0.75,87.4,0.319,0.536,0.218,,,,,,,,,,,,,,,
2024/04/07,1:10 PM.,3,W,CWS,KC,home,Sunny.,63,676979,3,5,1,0,2,6,3,5,29,2,4,7,676979,garrettcrochet,Crochet,Left,Garrett Crochet,CHW,3.58,2.85,146.0,103.0,102.0,103.0,0.694,12.88,2.03,7.58,1.11,1.25,0.259,0.394,0.175,0.33,0.458,66.0,101.0,102.0,,,,104.0,103.0,103.0,123.0,98.0,97.0,138.0,102.0,107.0,0.021,0.537,0.098,,0.059,1.66,4.04,-2.29,,-0.36,97.2,91.0,97.9,84.3,,0.198,0.295,0.314,0.228,0.561,0.422,0.184,0.289,0.339,,,,0.154,0.154,0.321,5.0,3,2,2,0,5,1,77,51,2.00,679525,Alec Marsh,4.2,3,3,,,,,,,,,,,,,94.0,105.0,103.0,0.284,-0.14,91.6,0.268,0.458,0.334,,,,,,,,,,,,,,,
2024/04/09,6:41 PM.,4,W,HOU,KC,home,Clear.,66,664299,3,4,1,1,0,7,5,7,33,2,3,18,664299,cristianjavier,Javier,Right,Cristian Javier,HOU,3.89,4.56,34.2,92.0,113.0,96.0,0.765,7.01,4.93,7.79,1.04,0.49,0.221,0.433,0.115,0.288,0.391,137.0,96.0,104.0,,,,101.0,88.0,89.0,,,,113.0,93.0,99.0,,0.393,0.295,,0.268,-1.3,,0.38,,1.39,91.7,81.2,,77.5,,0.256,0.535,0.27,,,,0.194,0.306,0.276,0.5,0.667,0.143,,,,5.1,5,3,2,3,4,0,93,55,1.10,666142,Cole Ragans,5.0,3,5,,,,,,,,,,0.205,0.341,0.25,,,,,,,,,,81.0,95.0,97.0,0.044,-5.23,75.2,,,,,,,,,
2024/04/10,6:40 PM.,4,W,HOU,KC,home,Cloudy.,63,681293,2,11,3,0,1,5,6,11,33,4,11,13,681293,spencerarrighetti,Arrighetti,Right,Spencer Arrighetti,HOU,4.53,4.05,145.0,99.0,95.0,99.0,0.739,10.61,4.03,8.63,1.3,0.85,0.247,0.437,0.147,0.314,0.444,89.0,97.0,90.0,118.0,98.0,104.0,91.0,100.0,99.0,,,,117.0,93.0,101.0,,0.41,0.108,0.2,0.086,-1.33,,0.99,0.8,-2.52,94.1,85.5,,80.8,78.4,0.303,0.528,0.198,0.113,0.226,0.386,0.395,0.512,0.378,0.171,0.282,0.424,,,,3.0,7,7,7,3,3,0,79,47,21.00,607625,Seth Lugo,6.0,2,2,,,,,,,,,,,,,66.0,98.0,96.0,0.196,0.57,88.2,0.248,0.444,0.228,,,,,,,,,,,,,,,
2024/04/11,1:10 PM.,4,W,HOU,KC,home,Sunny.,61,686613,3,13,2,0,2,4,2,16,39,1,13,13,686613,hunterbrown,"Brown, H",Right,Hunter Brown,HOU,3.49,3.31,170.0,101.0,103.0,101.0,0.778,9.48,3.18,8.26,0.95,1.61,0.271,0.35,0.192,0.218,0.421,84.0,101.0,102.0,,,,110.0,101.0,102.0,93.0,102.0,98.0,110.0,103.0,107.0,0.182,0.347,0.051,,0.126,0.16,0.92,1.7,,0.95,96.0,88.4,95.6,89.1,,0.244,0.413,0.288,,,,0.221,0.26,0.296,0.237,0.421,0.305,0.275,0.321,0.161,0.2,11,9,9,1,0,1,40,26,16.43,663903,Brady Singer,5.0,1,4,,,,,,,,,,0.2,0.2,0.236,90.0,103.0,101.0,0.17,0.14,92.4,0.23,0.363,0.216,127.0,100.0,106.0,0.125,-0.79,82.9,,,,,,,,,
2024/04/12,7:10 PM.,5,L,NYM,KC,away,Partly Cloudy.,60,622663,6,1,0,0,1,10,4,3,30,0,1,12,622663,luisseverino,"Severino, L",Right,Luis Severino,NYM,3.91,3.88,182.0,101.0,107.0,101.0,0.812,7.96,2.97,8.21,1.14,1.28,0.273,0.372,0.203,0.288,0.434,87.0,95.0,95.0,,,,101.0,104.0,102.0,90.0,98.0,94.0,143.0,100.0,111.0,0.248,0.355,0.242,,0.075,0.15,1.24,0.26,,-3.63,96.2,86.1,95.6,85.6,,0.243,0.392,0.218,0.139,0.238,0.386,0.358,0.66,0.186,,,,0.278,0.414,0.122,5.0,1,1,1,4,4,1,90,55,3.00,608379,Michael Wacha,6.0,5,4,,,,,,,,,,0.263,0.342,0.284,92.0,91.0,89.0,0.081,1.05,92.6,0.2,0.3,0.26,,,,,,,,,,,,,,,
2024/04/13,1:41 PM.,5,W,NYM,KC,away,Cloudy.,51,640455,7,11,1,1,1,7,5,13,40,3,11,18,640455,seanmanaea,Manaea,Left,Sean Manaea,NYM,3.47,3.75,181.2,97.0,90.0,96.0,0.76,9.12,3.12,6.64,1.04,0.87,0.266,0.376,0.156,0.32,0.436,83.0,98.0,95.0,,,,88.0,103.0,99.0,95.0,100.0,97.0,88.0,88.0,93.0,0.447,0.113,0.251,,0.118,1.13,1.36,0.37,,-1.19,92.3,85.3,92.3,79.5,,0.167,0.295,0.311,0.193,0.311,0.388,0.25,0.438,0.254,,,,0.201,0.333,0.21,3.2,9,8,6,3,4,1,89,53,4.30,679525,Alec Marsh,5.0,4,2,,,,,,,,,,0.174,0.435,0.32,84.0,88.0,85.0,0.071,0.97,88.4,0.222,0.25,0.179,,,,,,,,,,,,,,,
2024/04/14,2:26 PM.,5,L,NYM,KC,away,Sunny.,67,676130,2,1,2,0,1,14,1,3,29,0,1,6,676130,josebutto,Buttó,Right,José Buttó,NYM,2.55,3.44,74.0,91.0,94.0,90.0,0.703,9.61,4.62,4.99,0.73,1.01,0.244,0.401,0.14,0.308,0.311,79.0,95.0,86.0,,,,107.0,93.0,94.0,83.0,81.0,79.0,100.0,88.0,94.0,0.23,0.315,0.235,,0.22,2.14,1.41,1.14,,0.06,94.2,87.1,93.5,84.0,,0.157,0.2,0.319,0.176,0.235,0.262,0.156,0.312,0.426,,,,0.179,0.304,0.161,6.0,2,0,0,1,9,0,91,54,0.75,666142,Cole Ragans,6.0,0,8,,,,,,,,,,0.192,0.346,0.426,,,,,,,,,,,,,,,,,,,,,,,,
2024/04/15,6:41 PM.,6,W,CWS,KC,away,Clear.,65,680897,0,2,1,0,1,8,4,5,32,0,2,11,680897,nicknastrini,Nastrini,Right,Nick Nastrini,CHW,7.07,6.45,35.2,84.0,100.0,86.0,0.736,6.56,9.08,8.07,1.77,0.58,0.216,0.477,0.234,0.297,0.361,86.0,75.0,75.0,90.0,81.0,88.0,101.0,78.0,78.0,,,,105.0,94.0,99.0,,0.454,0.362,0.086,0.098,-1.37,,0.09,-1.7,-4.58,93.7,85.8,,84.5,79.2,0.189,0.415,0.204,,,,0.4,0.6,0.32,0.364,0.455,0.333,,,,5.0,3,2,2,2,5,1,74,48,3.60,607625,Seth Lugo,7.0,0,4,,,,,,,,,,0.222,0.444,0.346,,,,,,,,,,,,,,,,,,,,,,,,
2024/04/17,4:25 PM.,6,L,CWS,KC,away,Cloudy.,61,607200,2,1,1,0,0,6,4,5,30,0,1,8,607200,erickfedde,Fedde,Right,Erick Fedde,- - -,3.3,3.91,177.1,104.0,90.0,99.0,0.807,7.82,2.64,7.82,1.02,1.07,0.264,0.367,0.181,0.309,0.399,86.0,108.0,106.0,,,,17.0,112.0,76.0,76.0,105.0,93.0,126.0,101.0,106.0,0.308,0.003,0.202,,0.164,-6.18,0.59,1.28,,-0.54,92.9,87.7,93.0,83.5,,0.5,0.5,0.0,0.165,0.309,0.251,0.228,0.351,0.165,,,,0.25,0.358,0.202,5.2,3,0,0,3,5,0,94,55,3.10,608379,Michael Wacha,6.0,2,4,,,,,,,,,,,,,78.0,104.0,97.0,0.323,0.43,89.9,0.262,0.47,0.232,,,,,,,,,,,,,,,
2024/04/17,1:10 PM.,6,W,CWS,KC,away,Cloudy.,62,686563,2,4,2,0,2,5,3,7,33,1,4,8,686563,jonathancannon,Cannon,Right,Jonathan Cannon,CHW,4.49,4.37,124.1,101.0,92.0,99.0,0.806,6.59,2.9,9.05,1.3,0.96,0.223,0.389,0.171,0.29,0.394,95.0,105.0,106.0,,,,73.0,104.0,97.0,86.0,100.0,93.0,117.0,100.0,107.0,0.28,0.123,0.218,,0.187,-1.13,0.44,-1.39,,-0.22,94.3,85.7,93.3,81.9,,0.25,0.411,0.252,0.255,0.489,0.282,0.248,0.394,0.269,,,,0.287,0.449,0.132,5.0,3,1,1,1,3,0,79,54,1.80,663903,Brady Singer,5.0,2,5,,,,,,,,,,,,,79.0,101.0,93.0,0.192,0.39,90.2,0.263,0.45,0.191,,,,,,,,,,,,,,,
2024/04/19,6:42 PM.,7,W,BAL,KC,home,Partly Cloudy.,59,665152,4,9,2,0,2,5,4,9,33,1,9,9,665152,deankremer,Kremer,Right,Dean Kremer,BAL,4.1,4.49,129.2,100.0,88.0,98.0,0.798,8.54,3.54,7.63,1.25,0.99,0.25,0.394,0.231,0.285,0.423,,,,92.0,98.0,96.0,91.0,100.0,99.0,79.0,105.0,97.0,,,,0.151,0.32,,0.114,,-0.18,0.67,,0.29,,93.4,,92.3,,77.0,0.245,0.503,0.232,,,,,,,0.225,0.3,0.198,0.247,0.353,0.072,5.2,2,3,3,3,3,1,91,50,4.91,679525,Alec Marsh,5.2,0,6,72.0,99.0,99.0,0.184,0.73,84.1,0.139,0.248,0.36,,,,99.0,102.0,98.0,0.23,0.33,86.9,0.25,0.355,0.237,,,,,,,,,,,,,,,
2024/04/20,6:10 PM.,7,L,BAL,KC,home,Partly Cloudy.,53,669203,9,7,2,0,1,6,4,8,35,0,6,10,669203,corbinburnes,Burnes,Right,Corbin Burnes,BAL,2.92,3.34,194.1,103.0,120.0,107.0,0.735,8.38,2.22,7.64,1.02,1.4,0.21,0.425,0.19,0.289,0.399,110.0,98.0,103.0,109.0,101.0,106.0,,,,104.0,95.0,89.0,133.0,105.0,120.0,0.078,,0.146,0.215,0.11,,-0.5,0.7,0.44,0.2,,89.2,97.0,87.2,80.3,,,,0.125,0.5,0.457,0.194,0.339,0.377,0.2,0.326,0.378,0.235,0.412,0.157,5.2,4,3,3,1,4,1,98,62,2.76,666142,Cole Ragans,1.2,7,4,,,,,,,,,,0.196,0.268,0.463,125.0,105.0,108.0,0.45,1.37,95.3,0.251,0.362,0.19,,,,,,,,,,,,,,,
2024/04/21,1:11 PM.,7,L,BAL,KC,home,Sunny.,55,608344,5,0,1,0,0,5,4,5,32,0,0,16,608344,coleirvin,"Irvin, C",Left,Cole Irvin,- - -,5.11,5.78,111.0,101.0,79.0,94.0,0.849,6.32,2.35,10.7,1.46,0.96,0.251,0.414,0.121,0.34,0.478,65.0,108.0,100.0,102.0,98.0,102.0,62.0,99.0,85.0,75.0,101.0,89.0,85.0,121.0,119.0,0.2,0.264,0.041,0.252,0.134,-1.16,-0.49,-3.18,-0.38,-1.52,91.9,84.9,91.5,78.1,77.3,0.296,0.592,0.163,,,,0.282,0.474,0.243,0.283,0.424,0.189,0.307,0.485,0.088,6.2,4,0,0,2,2,0,93,58,4.64,607625,Seth Lugo,5.1,4,1,,,,,,,,,,0.25,0.438,0.196,86.0,102.0,91.0,0.109,-0.64,85.9,0.327,0.551,0.181,,,,,,,,,,,,,,,
2024/04/22,6:40 PM.,8,L,TOR,KC,home,Partly Cloudy.,69,579328,5,3,3,0,2,7,0,8,35,0,3,10,579328,yuseikikuchi,Kikuchi,Left,Yusei Kikuchi,- - -,4.05,3.7,175.2,101.0,109.0,105.0,0.734,10.55,2.25,8.56,1.28,1.1,0.273,0.405,0.136,0.36,0.443,99.0,93.0,91.0,99.0,105.0,105.0,114.0,103.0,107.0,,,,111.0,100.0,106.0,,0.471,0.235,0.183,0.111,-0.08,,1.31,0.02,-0.15,95.5,86.7,,88.3,82.4,0.274,0.505,0.28,,,,0.194,0.25,0.358,0.264,0.395,0.274,,,,6.0,5,2,2,0,4,1,81,58,2.28,663903,Brady Singer,6.0,5,5,,,,,,,,,,0.21,0.28,0.297,,,,,,,,,,,,,,,,,,,,,,,,
2024/04/23,6:40 PM.,8,W,TOR,KC,home,Unknown.,73,592332,2,3,3,0,0,4,1,8,32,1,2,14,592332,kevingausman,Gausman,Right,Kevin Gausman,TOR,3.83,4.71,181.0,105.0,94.0,104.0,0.791,8.06,2.78,8.2,0.99,0.91,0.262,0.417,0.136,0.363,0.417,,,,,,,99.0,105.0,105.0,90.0,102.0,94.0,88.0,90.0,95.0,0.054,0.528,0.084,,,0.43,-3.21,-1.21,,,93.9,,93.3,82.7,,0.277,0.466,0.175,,,,,,,,,,0.316,0.579,0.117,6.2,7,3,0,1,2,0,99,65,5.57,608379,Michael Wacha,4.1,2,4,88.0,108.0,106.0,0.334,0.51,86.0,0.169,0.262,0.335,0.268,0.439,0.266,,,,,,,,,,,,,,,,,,,,,,,,
2024/04/24,6:40 PM.,8,W,TOR,KC,home,Clear.,74,684320,2,3,1,0,0,2,3,9,33,4,3,19,684320,yarielrodriguez,Rodríguez,Right,Yariel Rodríguez,TOR,4.47,4.0,86.2,97.0,97.0,97.0,0.765,8.83,4.15,7.68,1.14,0.9,0.268,0.393,0.184,0.272,0.392,,,,97.0,95.0,100.0,86.0,93.0,87.0,84.0,94.0,92.0,120.0,104.0,111.0,0.108,0.409,0.282,0.105,,-0.12,2.98,0.67,-2.85,,93.9,,93.4,84.6,78.3,0.255,0.439,0.22,,,,,,,0.348,0.739,0.25,0.167,0.167,0.149,4.0,6,3,3,2,2,0,69,44,3.86,679525,Alec Marsh,4.1,0,1,85.0,102.0,102.0,0.096,-1.17,88.9,0.194,0.306,0.215,0.213,0.36,0.335,,,,,,,,,,,,,,,,,,,,,,,,
2024/04/25,1:12 PM.,8,W,TOR,KC,home,Cloudy.,59,621244,1,2,0,1,1,1,3,3,17,0,2,6,621244,joseberrios,Berríos,Right,José Berríos,TOR,3.6,4.74,192.1,103.0,92.0,99.0,0.808,7.16,2.53,7.86,1.45,1.17,0.257,0.421,0.15,0.352,0.414,86.0,104.0,101.0,111.0,102.0,106.0,82.0,99.0,92.0,85.0,103.0,95.0,,,,0.337,0.183,,0.286,0.16,-1.26,1.02,,0.28,0.88,94.1,84.8,93.4,,83.2,0.305,0.558,0.189,,,,0.171,0.364,0.269,,,,0.268,0.366,0.125,5.0,3,2,2,3,1,1,67,45,1.23,666142,Cole Ragans,5.0,1,4,,,,,,,,,,,,,84.0,108.0,99.0,0.035,-1.83,91.4,0.36,0.48,0.123,,,,,,,0.188,0.404,0.31,,,,,,
2024/04/26,1:11 PM.,9,W,DET,KC,away,Sunny.,58,681857,0,8,0,1,0,10,4,7,32,0,8,7,681857,reeseolson,Olson,Right,Reese Olson,DET,3.53,3.64,112.1,97.0,91.0,97.0,0.729,8.09,2.64,8.01,0.56,1.62,0.214,0.462,0.128,0.306,0.365,102.0,97.0,105.0,92.0,91.0,90.0,70.0,94.0,86.0,75.0,103.0,95.0,111.0,97.0,103.0,0.205,0.234,0.278,0.06,0.223,-0.39,1.85,2.08,-3.32,-0.05,94.2,86.5,94.2,84.8,79.0,0.277,0.386,0.101,,,,0.222,0.344,0.429,0.304,0.652,0.295,0.284,0.385,0.076,7.0,3,1,1,3,8,0,100,62,3.18,607625,Seth Lugo,7.0,0,9,,,,,,,,,,0.143,0.194,0.455,,,,,,,,,,,,,,,,,,,,,,,,
2024/04/27,6:10 PM.,9,L,DET,KC,away,Partly Cloudy.,82,663554,6,5,1,0,0,2,0,9,39,2,5,18,663554,caseymize,Mize,Right,Casey Mize,DET,4.49,4.74,102.1,102.0,107.0,101.0,0.803,6.86,2.55,10.64,0.97,1.65,0.227,0.405,0.149,0.335,0.435,,,,,,,106.0,105.0,102.0,92.0,108.0,105.0,107.0,101.0,102.0,0.08,0.386,0.277,,,-0.47,1.3,-0.46,,,95.5,,95.5,85.7,,0.306,0.428,0.205,,,,,,,0.261,0.522,0.216,0.293,0.341,0.08,5.0,6,3,2,0,2,0,87,57,3.08,663903,Brady Singer,5.0,1,6,112.0,99.0,102.0,0.181,-1.06,86.2,0.286,0.405,0.322,0.271,0.5,0.218,,,,,,,,,,102.0,90.0,94.0,0.075,-2.21,79.6,,,,,,,,,
2024/04/28,1:40 PM.,9,L,DET,KC,away,Overcast.,70,669373,4,1,1,0,0,9,2,5,32,0,1,12,669373,tarikskubal,Skubal,Left,Tarik Skubal,DET,2.39,2.72,192.0,103.0,103.0,106.0,0.717,10.69,1.64,6.66,0.7,1.27,0.256,0.387,0.181,0.254,0.475,97.0,104.0,114.0,,,,112.0,104.0,103.0,95.0,105.0,104.0,111.0,99.0,103.0,0.205,0.332,0.149,,0.271,1.84,1.25,0.78,,1.13,96.8,86.3,96.6,88.7,,0.197,0.286,0.277,,,,0.216,0.322,0.461,0.158,0.316,0.175,0.207,0.305,0.16,7.0,4,1,1,1,6,0,91,64,1.72,608379,Michael Wacha,5.2,4,3,,,,,,,,,,0.169,0.364,0.346,,,,,,,,,,95.0,91.0,101.0,0.042,1.26,78.5,,,,,,,,,
2024/04/29,7:07 PM.,10,L,TOR,KC,away,Roof Closed.,68,684320,6,5,2,0,2,7,3,11,37,1,5,17,684320,yarielrodriguez,Rodríguez,Right,Yariel Rodríguez,TOR,4.47,4.0,86.2,97.0,97.0,97.0,0.765,8.83,4.15,7.68,1.14,0.9,0.268,0.393,0.184,0.272,0.392,,,,97.0,95.0,100.0,86.0,93.0,87.0,84.0,94.0,92.0,120.0,104.0,111.0,0.108,0.409,0.282,0.105,,-0.12,2.98,0.67,-2.85,,93.9,,93.4,84.6,78.3,0.255,0.439,0.22,,,,,,,0.348,0.739,0.25,0.167,0.167,0.149,3.2,6,3,2,3,1,0,82,50,4.11,680742,Jonathan Bowlan,2.2,4,3,85.0,102.0,102.0,0.096,-1.17,88.9,0.194,0.306,0.215,0.213,0.36,0.335,,,,,,,,,,,,,,,,,,,,,,,,
2024/04/30,7:08 PM.,10,W,TOR,KC,away,Roof Closed.,68,621244,1,4,2,0,1,4,2,8,32,1,4,8,621244,joseberrios,Berríos,Right,José Berríos,TOR,3.6,4.74,192.1,103.0,92.0,99.0,0.808,7.16,2.53,7.86,1.45,1.17,0.257,0.421,0.15,0.352,0.414,86.0,104.0,101.0,111.0,102.0,106.0,82.0,99.0,92.0,85.0,103.0,95.0,,,,0.337,0.183,,0.286,0.16,-1.26,1.02,,0.28,0.88,94.1,84.8,93.4,,83.2,0.305,0.558,0.189,,,,0.171,0.364,0.269,,,,0.268,0.366,0.125,7.0,5,2,2,1,3,1,92,58,1.44,666142,Cole Ragans,6.2,1,9,,,,,,,,,,,,,84.0,108.0,99.0,0.035,-1.83,91.4,0.36,0.48,0.123,,,,,,,0.188,0.404,0.31,,,,,,
2024/05/01,3:08 PM.,10,W,TOR,KC,away,Roof Closed.,68,605135,1,6,2,0,1,7,1,7,33,0,6,6,605135,chrisbassitt,Bassitt,Right,Chris Bassitt,TOR,4.16,4.52,171.0,98.0,94.0,96.0,0.805,8.84,3.68,9.47,0.95,1.14,0.27,0.365,0.177,0.331,0.437,75.0,87.0,84.0,101.0,91.0,102.0,64.0,103.0,94.0,96.0,101.0,97.0,120.0,96.0,106.0,0.407,0.045,0.118,0.137,0.053,-1.6,-0.08,-0.88,-0.09,-2.29,92.6,84.5,92.5,77.2,71.0,0.242,0.394,0.25,0.154,0.231,0.458,0.321,0.607,0.158,0.221,0.351,0.292,0.327,0.423,0.128,6.0,4,3,3,1,4,0,92,62,5.45,607625,Seth Lugo,7.0,1,8,87.0,90.0,86.0,0.043,-2.64,84.1,0.303,0.364,0.167,0.375,0.781,0.096,79.0,101.0,91.0,0.197,0.44,89.6,0.188,0.316,0.268,,,,,,,,,,,,,,,
2024/05/03,6:40 PM.,11,W,TEX,KC,home,Partly Cloudy.,74,547179,1,7,1,0,2,4,4,11,33,2,7,10,547179,michaellorenzen,Lorenzen,Right,Michael Lorenzen,- - -,3.31,4.59,130.1,97.0,93.0,95.0,0.796,6.7,4.14,6.97,1.17,1.03,0.249,0.386,0.188,0.322,0.411,93.0,101.0,99.0,102.0,93.0,96.0,84.0,95.0,89.0,81.0,102.0,94.0,126.0,98.0,108.0,0.212,0.272,0.149,0.079,0.188,1.0,-0.25,-1.51,0.02,1.94,93.8,84.6,93.6,83.9,81.7,0.155,0.309,0.184,0.19,0.429,0.291,0.122,0.173,0.373,0.217,0.348,0.352,0.291,0.441,0.062,6.0,4,1,1,3,3,1,86,57,3.52,663903,Brady Singer,6.0,1,8,,,,,,,,,,0.368,0.632,0.253,94.0,92.0,91.0,0.1,0.04,90.1,0.235,0.51,0.236,,,,,,,,,,,,,,,
2024/05/04,6:10 PM.,11,L,TEX,KC,home,Cloudy.,65,641540,15,4,3,0,0,6,3,9,35,1,4,15,641540,danedunning,Dunning,Right,Dane Dunning,TEX,5.31,5.28,95.0,98.0,82.0,94.0,0.785,8.62,3.79,9.19,1.71,1.15,0.158,0.5,0.127,0.345,0.425,83.0,94.0,86.0,,,,40.0,103.0,91.0,79.0,102.0,97.0,102.0,100.0,97.0,0.377,0.028,0.234,,0.125,-2.6,0.0,-1.44,,-1.22,89.2,85.0,89.7,80.6,,0.25,0.583,0.259,,,,0.233,0.488,0.327,0.0,0.0,0.429,0.276,0.442,0.133,4.2,4,2,2,1,4,0,79,44,4.10,608379,Michael Wacha,3.2,7,3,,,,,,,,,,0.274,0.512,0.304,74.0,99.0,94.0,0.188,-0.73,88.1,0.254,0.46,0.242,58.0,89.0,98.0,0.047,0.09,75.6,,,,0.001,-6.34,76.4,,,
2024/05/05,2:32 PM.,11,L,TEX,KC,home,Cloudy.,63,592351,3,2,3,1,0,10,2,7,36,3,2,15,592351,jongray,"Gray, Jn",Right,Jon Gray,TEX,4.47,4.65,102.2,103.0,85.0,98.0,0.777,7.54,2.45,9.38,0.96,0.98,0.228,0.412,0.145,0.366,0.457,72.0,100.0,94.0,97.0,97.0,102.0,73.0,103.0,91.0,,,,97.0,105.0,105.0,,0.444,0.439,0.046,0.071,-0.71,,0.77,-0.7,-1.39,94.9,88.7,,88.6,78.9,0.311,0.443,0.15,,,,0.257,0.543,0.19,0.333,0.333,0.267,,,,7.0,7,2,2,0,7,0,99,70,2.50,663738,Daniel Lynch IV,5.0,0,6,,,,,,,,,,0.213,0.344,0.334,,,,,,,,,,,,,,,,,,,,,,,,
2024/05/06,6:10 PM.,12,W,MIL,KC,home,Cloudy.,74,669060,2,3,0,0,1,8,5,5,26,1,3,15,669060,brysewilson,"Wilson, B",Right,Bryse Wilson,MIL,4.04,5.35,104.2,105.0,93.0,98.0,0.818,7.05,2.67,8.77,1.72,0.88,0.252,0.369,0.157,0.375,0.453,54.0,96.0,85.0,106.0,107.0,106.0,85.0,113.0,105.0,92.0,106.0,96.0,,,,0.32,0.15,,0.139,0.042,-3.09,1.31,,-3.29,-0.91,93.6,88.0,93.1,,80.4,0.288,0.493,0.229,,,,0.182,0.273,0.174,0.309,0.709,0.229,0.236,0.368,0.134,6.0,1,0,0,3,6,0,89,53,2.40,666142,Cole Ragans,6.0,2,8,,,,,,,,,,,,,98.0,101.0,95.0,0.349,1.16,88.8,0.23,0.361,0.263,,,,,,,,,,,,,,,
2024/05/07,6:40 PM.,12,L,MIL,KC,home,Clear.,77,607067,6,5,2,1,0,7,1,12,38,1,5,13,607067,colinrea,Rea,Right,Colin Rea,MIL,4.29,4.91,167.2,102.0,84.0,97.0,0.827,7.25,2.31,9.07,1.56,0.95,0.24,0.456,0.137,0.329,0.443,,,,100.0,109.0,104.0,70.0,109.0,95.0,82.0,103.0,96.0,109.0,106.0,108.0,0.311,0.193,0.172,0.042,,0.49,-0.28,1.41,-3.64,,92.9,,92.3,82.0,78.7,0.207,0.314,0.248,0.159,0.234,0.227,,,,0.394,0.636,0.18,0.298,0.482,0.115,4.2,7,4,4,1,2,0,65,45,3.29,607625,Seth Lugo,6.2,2,5,78.0,98.0,96.0,0.088,-2.02,86.5,0.286,0.492,0.277,,,,76.0,94.0,88.0,0.194,-1.34,87.6,0.287,0.656,0.168,,,,,,,,,,,,,,,
2024/05/08,1:10 PM.,12,W,MIL,KC,home,Partly Cloudy.,67,605452,4,6,4,0,1,4,4,9,30,0,6,15,605452,joeross,Ross,Right,Joe Ross,MIL,3.77,3.91,74.0,102.0,88.0,98.0,0.752,8.03,3.53,8.76,0.85,0.98,0.29,0.366,0.21,0.321,0.454,81.0,106.0,97.0,110.0,102.0,99.0,84.0,106.0,97.0,85.0,98.0,92.0,94.0,103.0,104.0,0.366,0.16,0.373,0.017,0.084,-2.63,0.77,0.42,2.4,0.43,94.8,90.2,94.8,86.6,83.2,0.288,0.5,0.275,,,,0.286,0.357,0.157,0.0,0.0,0.308,0.248,0.343,0.154,5.0,3,3,3,2,2,0,67,43,4.75,663903,Brady Singer,5.1,1,4,,,,,,,,,,0.237,0.32,0.384,,,,,,,,,,,,,,,,,,,,,,,,
2024/05/09,6:38 PM.,13,W,LAA,KC,away,Clear.,67,672282,4,10,5,0,2,13,4,12,37,3,10,12,672282,reiddetmers,Detmers,Left,Reid Detmers,LAA,6.7,4.14,87.1,99.0,95.0,99.0,0.735,11.23,3.92,10.1,1.85,0.88,0.252,0.479,0.132,0.364,0.439,92.0,96.0,97.0,89.0,100.0,103.0,86.0,96.0,92.0,,,,117.0,106.0,114.0,,0.468,0.244,0.146,0.142,-0.56,,-0.44,-3.5,-1.18,93.8,84.7,,86.2,75.0,0.278,0.508,0.253,,,,0.351,0.544,0.319,0.37,0.804,0.216,,,,5.0,7,6,6,2,5,2,90,59,4.96,608379,Michael Wacha,6.0,2,6,,,,,,,,,,0.22,0.39,0.368,,,,,,,,,,,,,,,,,,,,,,,,
2024/05/10,6:38 PM.,13,W,LAA,KC,away,Partly Cloudy.,66,656288,1,2,2,1,1,7,3,7,34,0,2,11,656288,griffincanning,Canning,Right,Griffin Canning,LAA,5.19,4.74,171.2,98.0,88.0,97.0,0.772,6.82,3.46,9.12,1.63,1.04,0.225,0.434,0.128,0.367,0.401,96.0,102.0,102.0,75.0,96.0,96.0,73.0,94.0,86.0,76.0,89.0,78.0,107.0,100.0,110.0,0.01,0.376,0.24,0.107,0.267,-0.85,-6.83,-0.91,-0.86,0.48,93.4,88.6,93.0,87.7,80.6,0.251,0.529,0.147,,,,0.259,0.387,0.288,0.271,0.438,0.241,0.429,0.857,0.0,5.2,3,0,0,2,3,0,90,56,5.75,679525,Alec Marsh,5.1,1,7,,,,,,,,,,0.284,0.444,0.331,,,,,,,,,,,,,,,,,,,,,,,,
2024/05/11,6:38 PM.,13,L,LAA,KC,away,Clear.,67,542881,9,3,2,0,0,5,1,8,34,2,3,9,542881,tyleranderson,Anderson,Left,Tyler Anderson,LAA,3.81,4.37,179.1,99.0,96.0,99.0,0.741,7.13,3.66,7.93,1.2,0.88,0.193,0.51,0.157,0.267,0.396,105.0,100.0,105.0,,,,89.0,99.0,96.0,66.0,95.0,83.0,80.0,141.0,142.0,0.033,0.396,0.013,0.001,0.371,-0.73,-3.87,-0.06,-3.14,1.32,89.4,78.9,88.1,81.3,71.6,0.272,0.494,0.183,,,,0.185,0.259,0.396,,,,0.261,0.696,0.152,6.2,7,3,3,1,4,0,93,60,2.92,666142,Cole Ragans,6.1,7,3,,,,,,,,,,0.0,0.0,0.357,99.0,100.0,96.0,0.185,-0.41,84.3,0.264,0.455,0.247,,,,,,,,,,,,,,,
2024/05/12,1:07 PM.,13,W,LAA,KC,away,Sunny.,73,663776,2,4,1,0,0,8,0,11,38,1,4,15,663776,patricksandoval,Sandoval,Left,Patrick Sandoval,LAA,5.08,4.25,79.2,98.0,98.0,99.0,0.748,9.15,3.95,9.6,0.9,1.33,0.192,0.415,0.132,0.312,0.421,95.0,101.0,104.0,96.0,94.0,100.0,56.0,95.0,83.0,63.0,96.0,88.0,150.0,98.0,105.0,0.174,0.16,0.293,0.09,0.283,-2.18,-1.81,0.27,2.03,0.73,93.7,82.9,93.7,86.8,76.3,0.381,0.524,0.16,0.235,0.471,0.281,0.208,0.292,0.39,0.118,0.118,0.279,0.413,0.565,0.142,6.0,11,4,4,0,3,0,95,64,5.00,607625,Seth Lugo,8.0,1,12,,,,,,,,,,0.265,0.434,0.243,,,,,,,,,,,,,,,,,,,,,,,,
2024/05/13,6:41 PM.,14,L,SEA,KC,away,Cloudy.,61,669923,6,2,1,0,0,10,0,6,33,1,2,17,669923,georgekirby,Kirby,Right,George Kirby,SEA,3.53,3.44,191.0,106.0,106.0,106.0,0.786,8.43,1.08,8.53,1.04,1.01,0.298,0.342,0.178,0.294,0.446,,,,,,,102.0,107.0,101.0,106.0,108.0,108.0,110.0,104.0,110.0,0.236,0.339,0.237,,,0.46,1.5,1.28,,,96.0,,96.0,87.2,,0.221,0.458,0.291,,,,,,,0.333,0.439,0.286,0.263,0.354,0.105,7.0,3,0,0,0,6,0,101,68,3.58,663903,Brady Singer,5.0,4,6,109.0,100.0,108.0,0.102,-2.05,86.0,0.253,0.413,0.295,0.226,0.316,0.271,97.0,99.0,93.0,0.004,0.79,92.3,,,,114.0,110.0,113.0,0.082,-1.95,83.4,,,,,,,73.9,0.0,-3.5
2024/05/14,6:40 PM.,14,W,SEA,KC,away,Clear.,67,669302,2,4,0,0,1,10,4,5,28,1,4,8,669302,logangilbert,"Gilbert, L",Right,Logan Gilbert,SEA,3.23,3.14,208.2,101.0,121.0,106.0,0.705,9.49,1.6,6.38,1.12,1.2,0.236,0.45,0.135,0.325,0.429,,,,124.0,99.0,107.0,106.0,101.0,97.0,91.0,102.0,97.0,146.0,102.0,115.0,0.015,0.308,0.32,0.118,,1.41,0.32,1.72,0.81,,96.6,,95.5,88.4,83.2,0.204,0.383,0.193,,,,,,,0.181,0.301,0.354,0.286,0.286,0.05,6.2,4,3,3,3,7,1,99,62,3.07,608379,Michael Wacha,6.0,1,7,99.0,96.0,104.0,0.134,1.18,84.5,0.101,0.162,0.506,0.21,0.375,0.368,116.0,104.0,103.0,0.106,0.14,92.3,0.247,0.483,0.272,,,,,,,,,,,,,,,
2024/05/15,1:10 PM.,14,L,SEA,KC,away,Sunny.,61,693433,4,2,2,0,0,9,1,6,33,0,2,15,693433,bryanwoo,Woo,Right,Bryan Woo,SEA,2.89,2.72,121.1,107.0,104.0,107.0,0.785,7.49,0.96,7.12,1.04,0.96,0.285,0.344,0.144,0.256,0.499,91.0,104.0,100.0,,,,97.0,109.0,107.0,116.0,109.0,109.0,113.0,101.0,107.0,0.23,0.489,0.187,,0.094,1.44,1.85,1.23,,0.0,94.8,89.6,94.7,84.2,,0.218,0.355,0.273,0.1,0.1,0.417,0.186,0.373,0.207,,,,0.234,0.315,0.097,5.1,3,1,1,1,5,0,79,60,0.93,679525,Alec Marsh,5.0,1,7,,,,,,,,,,0.265,0.529,0.241,,,,,,,,,,,,,,,,,,,,,,,,
2024/05/17,6:40 PM.,15,W,OAK,KC,home,Clear.,78,687765,2,6,3,0,2,5,3,11,35,0,6,18,687765,mitchspence,Spence,Right,Mitch Spence,OAK,4.58,4.14,151.1,103.0,100.0,101.0,0.792,7.49,2.62,9.81,1.19,1.4,0.179,0.472,0.137,0.309,0.406,74.0,86.0,83.0,118.0,117.0,117.0,,,,40.0,97.0,84.0,121.0,105.0,109.0,0.146,,0.326,0.121,0.011,,-1.41,0.01,-0.82,-7.88,,88.4,91.9,84.3,80.4,,,,,,,0.571,0.857,0.0,0.196,0.351,0.31,0.338,0.403,0.16,4.2,5,1,1,1,4,0,77,51,3.90,666142,Cole Ragans,7.0,0,7,,,,,,,,,,0.278,0.493,0.276,99.0,100.0,96.0,0.396,-0.41,90.7,0.278,0.472,0.176,,,,,,,,,,,,,,,
2024/05/18,6:10 PM.,15,W,OAK,KC,home,Clear.,87,548389,3,5,3,0,1,4,0,11,34,0,5,11,548389,rossstripling,Stripling,Right,Ross Stripling,OAK,6.01,4.74,85.1,105.0,86.0,98.0,0.849,5.17,2.32,11.5,0.74,1.11,0.304,0.359,0.175,0.301,0.443,90.0,111.0,105.0,,,,62.0,100.0,87.0,90.0,102.0,90.0,121.0,108.0,112.0,0.142,0.303,0.134,,0.176,-0.05,-0.67,-1.89,,-1.87,91.7,82.7,90.2,84.7,,0.244,0.422,0.175,,,,0.333,0.52,0.241,0.364,0.455,0.179,0.39,0.441,0.078,5.0,9,4,4,0,2,0,87,62,5.19,607625,Seth Lugo,5.2,2,10,,,,,,,,,,0.328,0.5,0.157,80.0,107.0,92.0,0.159,0.67,87.5,0.245,0.367,0.156,89.0,105.0,106.0,0.086,-1.1,76.3,,,,,,,,,
2024/05/19,1:11 PM.,15,W,OAK,KC,home,Sunny.,85,676664,4,8,3,2,0,5,4,10,29,1,8,8,676664,jpsears,Sears,Left,JP Sears,OAK,4.38,4.43,180.2,99.0,90.0,94.0,0.8,6.82,2.44,8.57,1.39,0.79,0.244,0.413,0.171,0.325,0.443,84.0,94.0,83.0,,,,70.0,102.0,92.0,84.0,100.0,87.0,118.0,100.0,105.0,0.106,0.363,0.339,,0.192,-0.8,1.37,-0.1,,-0.21,91.9,84.0,90.0,78.9,,0.23,0.476,0.256,0.239,0.381,0.213,0.297,0.428,0.188,,,,0.276,0.395,0.104,4.1,5,4,4,2,4,0,65,44,4.31,663903,Brady Singer,6.0,1,9,,,,,,,,,,0.23,0.525,0.259,,,,,,,,,,,,,,,,,,,,,,,,
2024/05/20,6:41 PM.,16,W,DET,KC,home,Cloudy.,81,681857,3,8,3,0,2,6,4,11,34,0,7,12,681857,reeseolson,Olson,Right,Reese Olson,DET,3.53,3.64,112.1,97.0,91.0,97.0,0.729,8.09,2.64,8.01,0.56,1.62,0.214,0.462,0.128,0.306,0.365,102.0,97.0,105.0,92.0,91.0,90.0,70.0,94.0,86.0,75.0,103.0,95.0,111.0,97.0,103.0,0.205,0.234,0.278,0.06,0.223,-0.39,1.85,2.08,-3.32,-0.05,94.2,86.5,94.2,84.8,79.0,0.277,0.386,0.101,,,,0.222,0.344,0.429,0.304,0.652,0.295,0.284,0.385,0.076,2.2,5,2,1,1,2,1,52,35,2.16,608379,Michael Wacha,7.0,2,3,,,,,,,,,,0.143,0.194,0.455,,,,,,,,,,,,,,,,,,,,,,,,
2024/05/21,6:40 PM.,16,W,DET,KC,home,Partly Cloudy.,75,663554,3,10,1,2,3,7,1,15,38,1,10,11,663554,caseymize,Mize,Right,Casey Mize,DET,4.49,4.74,102.1,102.0,107.0,101.0,0.803,6.86,2.55,10.64,0.97,1.65,0.227,0.405,0.149,0.335,0.435,,,,,,,106.0,105.0,102.0,92.0,108.0,105.0,107.0,101.0,102.0,0.08,0.386,0.277,,,-0.47,1.3,-0.46,,,95.5,,95.5,85.7,,0.306,0.428,0.205,,,,,,,0.261,0.522,0.216,0.293,0.341,0.08,1.2,9,6,6,0,2,1,52,37,4.57,679525,Alec Marsh,6.0,3,5,112.0,99.0,102.0,0.181,-1.06,86.2,0.286,0.405,0.322,0.271,0.5,0.218,,,,,,,,,,102.0,90.0,94.0,0.075,-2.21,79.6,,,,,,,,,
2024/05/22,1:11 PM.,16,W,DET,KC,home,Sunny.,69,669373,3,8,3,0,1,10,4,9,32,1,8,9,669373,tarikskubal,Skubal,Left,Tarik Skubal,DET,2.39,2.72,192.0,103.0,103.0,106.0,0.717,10.69,1.64,6.66,0.7,1.27,0.256,0.387,0.181,0.254,0.475,97.0,104.0,114.0,,,,112.0,104.0,103.0,95.0,105.0,104.0,111.0,99.0,103.0,0.205,0.332,0.149,,0.271,1.84,1.25,0.78,,1.13,96.8,86.3,96.6,88.7,,0.197,0.286,0.277,,,,0.216,0.322,0.461,0.158,0.316,0.175,0.207,0.305,0.16,5.0,6,4,4,2,6,1,96,62,2.25,666142,Cole Ragans,6.0,0,12,,,,,,,,,,0.169,0.364,0.346,,,,,,,,,,95.0,91.0,101.0,0.042,1.26,78.5,,,,,,,,,
2024/05/24,6:51 PM.,17,W,TB,KC,away,Dome.,72,542888,1,8,2,0,2,8,4,12,37,3,8,23,542888,shawnarmstrong,Armstrong,Right,Shawn Armstrong,- - -,4.86,5.11,66.2,105.0,95.0,102.0,0.819,8.91,3.38,10.4,0.81,0.91,0.312,0.307,0.183,0.332,0.462,,,,,,,86.0,110.0,104.0,95.0,100.0,97.0,126.0,114.0,117.0,0.271,0.332,0.082,,,0.72,-1.36,-0.2,,,93.3,,93.6,84.5,,0.198,0.341,0.333,0.214,0.357,0.25,,,,,,,0.388,0.459,0.107,2.0,0,0,0,0,3,0,32,24,3.70,607625,Seth Lugo,7.0,1,3,,,,,,,,,,0.167,0.333,0.273,99.0,103.0,101.0,0.315,-1.23,90.5,0.314,0.557,0.205,,,,,,,,,,,,,,,
2024/05/25,4:10 PM.,17,W,TB,KC,away,Dome.,72,650644,4,7,3,0,1,6,6,11,37,1,7,17,650644,aaroncivale,Civale,Right,Aaron Civale,- - -,4.36,4.0,161.0,100.0,96.0,100.0,0.801,8.33,2.91,8.83,1.62,0.83,0.253,0.411,0.145,0.315,0.399,,,,104.0,104.0,109.0,68.0,102.0,96.0,71.0,93.0,83.0,152.0,101.0,112.0,0.24,0.099,0.163,0.156,,-1.7,0.06,-1.03,-1.36,,92.0,,92.6,80.5,77.1,0.294,0.49,0.095,0.267,0.467,0.272,,,,0.25,0.479,0.275,0.241,0.421,0.158,5.0,4,2,2,1,5,1,71,51,5.72,663903,Brady Singer,5.0,1,3,57.0,96.0,102.0,0.02,-4.86,85.6,0.375,0.625,0.261,0.25,0.375,0.438,91.0,100.0,101.0,0.322,1.08,88.1,0.232,0.394,0.233,,,,,,,,,,,,,,,
2024/05/26,1:40 PM.,17,L,TB,KC,away,Dome.,72,671737,4,1,1,0,1,8,4,7,33,0,1,14,671737,tajbradley,"Bradley, T",Right,Taj Bradley,TBR,4.11,4.17,138.0,98.0,116.0,103.0,0.748,10.04,3.07,7.96,1.43,1.06,0.247,0.394,0.102,0.394,0.426,,,,100.0,91.0,93.0,129.0,97.0,102.0,,,,,,,,0.417,,0.089,,-0.04,,,-1.5,,96.4,,,,79.1,0.269,0.5,0.21,,,,,,,0.241,0.483,0.346,,,,5.0,1,0,0,3,6,0,95,61,3.13,608379,Michael Wacha,6.0,2,7,123.0,102.0,114.0,0.269,0.47,90.9,0.213,0.32,0.33,,,,91.0,100.0,98.0,0.225,1.02,90.9,0.205,0.357,0.324,,,,,,,,,,,,,,,
2024/05/27,1:11 PM.,18,L,MIN,KC,away,Cloudy.,60,657746,6,5,1,0,0,10,0,10,37,0,4,10,657746,joeryan,Ryan,Right,Joe Ryan,MIN,3.6,2.87,135.0,107.0,99.0,104.0,0.752,9.8,1.53,7.33,1.27,0.79,0.242,0.427,0.198,0.281,0.481,,,,,,,94.0,110.0,105.0,110.0,108.0,105.0,108.0,103.0,112.0,0.06,0.485,0.234,,,1.38,-0.77,-0.09,,,94.0,,92.9,83.1,,0.194,0.379,0.275,0.207,0.37,0.337,,,,,,,0.345,0.483,0.094,7.0,4,1,1,0,9,0,99,68,2.96,679525,Alec Marsh,7.0,5,7,101.0,103.0,94.0,0.221,0.2,88.6,0.202,0.387,0.258,0.343,0.6,0.216,,,,,,,,,,,,,,,,,,,,,,,,
2024/05/28,6:41 PM.,18,L,MIN,KC,away,Partly Cloudy.,65,680573,4,2,2,0,0,9,2,5,31,1,2,8,680573,simeonwoodsrichardson,Woods Richardson,Right,Simeon Woods Richardson,MIN,4.17,4.05,133.2,104.0,87.0,100.0,0.807,7.88,3.23,8.42,1.08,0.8,0.289,0.421,0.155,0.282,0.436,103.0,106.0,113.0,106.0,103.0,102.0,71.0,100.0,88.0,,,,92.0,108.0,106.0,,0.403,0.312,0.093,0.193,0.82,,0.76,1.68,-3.33,93.1,82.8,,86.4,76.1,0.258,0.356,0.219,,,,0.311,0.622,0.205,0.186,0.326,0.221,,,,5.0,3,2,2,2,4,0,83,53,2.70,666142,Cole Ragans,5.0,2,7,,,,,,,,,,0.214,0.313,0.239,,,,,,,,,,,,,,,,,,,,,,,,
2024/05/29,6:41 PM.,18,W,MIN,KC,away,Partly Cloudy.,71,641927,1,6,2,0,3,5,1,10,36,0,6,11,641927,baileyober,Ober,Right,Bailey Ober,MIN,3.98,3.22,178.2,105.0,91.0,102.0,0.728,9.62,2.17,6.85,1.36,0.67,0.22,0.439,0.183,0.303,0.416,116.0,111.0,111.0,94.0,99.0,103.0,81.0,104.0,96.0,,,,74.0,100.0,101.0,,0.381,0.118,0.011,0.294,-0.01,,2.03,4.57,1.98,91.7,83.4,,80.3,76.0,0.258,0.506,0.222,,,,0.154,0.285,0.395,0.0,0.0,0.375,,,,5.0,9,6,6,0,4,3,82,61,4.89,607625,Seth Lugo,6.0,1,5,,,,,,,,,,0.095,0.162,0.307,84.0,104.0,100.0,0.195,-0.86,86.2,0.279,0.504,0.229,,,,,,,,,,,,,,,
2024/05/30,12:12 PM.,18,L,MIN,KC,away,Partly Cloudy.,77,663978,7,6,1,0,2,8,4,7,35,0,6,16,663978,chrispaddack,Paddack,Right,Chris Paddack,MIN,4.99,4.84,88.1,106.0,89.0,104.0,0.781,8.05,2.14,10.39,1.43,0.9,0.233,0.35,0.141,0.311,0.425,108.0,107.0,112.0,106.0,102.0,103.0,79.0,111.0,103.0,,,,71.0,97.0,96.0,,0.429,0.177,0.136,0.259,0.63,,-0.21,-1.69,-1.51,93.3,82.9,,85.9,78.2,0.277,0.4,0.243,,,,0.283,0.519,0.248,0.326,0.435,0.19,,,,5.2,5,4,4,2,4,2,88,54,4.57,663738,Daniel Lynch IV,5.0,2,2,,,,,,,,,,0.264,0.434,0.254,,,,,,,,,,,,,,,,,,,,,,,,
2024/05/31,7:10 PM.,19,L,SD,KC,home,Overcast.,69,656302,11,8,3,0,1,7,2,13,38,0,8,13,656302,dylancease,Cease,Right,Dylan Cease,SDP,3.47,3.31,189.1,100.0,121.0,107.0,0.693,10.65,3.09,6.51,0.86,0.94,0.203,0.433,0.147,0.307,0.389,54.0,72.0,68.0,,,,123.0,95.0,102.0,,,,112.0,100.0,105.0,,0.435,0.471,,0.009,0.22,,1.98,,-4.13,96.9,69.7,,87.2,,0.235,0.39,0.203,0.2,0.267,0.385,0.25,1.0,0.2,0.28,0.44,0.286,,,,5.1,5,3,3,1,5,0,98,61,3.42,608379,Michael Wacha,5.1,2,2,,,,,,,,,,0.159,0.257,0.447,113.0,89.0,90.0,0.006,-5.11,91.8,0.25,1.0,0.0,105.0,95.0,102.0,0.079,-0.95,82.3,,,,,,,,,
2024/06/01,3:11 PM.,19,L,SD,KC,home,Partly Cloudy.,80,681190,7,3,2,0,1,8,3,8,36,2,3,19,681190,randyvasquez,"Vásquez, R",Right,Randy Vásquez,SDP,4.87,5.94,98.0,101.0,106.0,100.0,0.837,5.69,2.66,10.93,1.19,1.02,0.21,0.378,0.177,0.333,0.434,96.0,99.0,96.0,124.0,101.0,106.0,92.0,103.0,100.0,103.0,103.0,98.0,132.0,101.0,109.0,0.157,0.285,0.1,0.197,0.124,-0.56,-1.91,-0.16,-0.45,-3.49,94.3,88.6,94.2,82.4,82.2,0.301,0.462,0.222,0.229,0.396,0.247,0.365,0.615,0.122,0.234,0.422,0.239,0.429,0.571,0.106,5.0,4,3,3,1,5,1,81,49,5.74,679525,Alec Marsh,5.0,5,3,,,,,,,,,,,,,107.0,99.0,97.0,0.137,2.22,90.2,0.228,0.351,0.169,,,,,,,,,,,,,,,
2024/06/02,1:13 PM.,19,W,SD,KC,home,Cloudy.,82,650633,3,4,0,1,0,5,3,7,27,0,4,9,650633,michaelking,"King, M",Right,Michael King,SDP,2.95,3.59,173.2,102.0,95.0,100.0,0.735,10.42,3.26,7.46,0.88,1.1,0.233,0.426,0.202,0.264,0.415,88.0,103.0,97.0,,,,86.0,103.0,101.0,88.0,105.0,98.0,115.0,97.0,102.0,0.279,0.241,0.234,,0.246,-0.15,0.68,-0.19,,1.61,93.7,86.7,92.9,82.9,,0.265,0.402,0.261,0.206,0.304,0.345,0.207,0.286,0.362,,,,0.2,0.376,0.189,7.0,4,1,1,2,4,0,105,65,3.82,666142,Cole Ragans,6.0,1,6,,,,,,,,,,0.281,0.5,0.284,,,,,,,,,,,,,,,,,,,,,,,,
2024/06/04,6:40 PM.,20,L,CLE,KC,away,Cloudy.,81,663474,8,5,1,0,3,10,3,10,35,1,5,11,663474,tristonmckenzie,McKenzie,Right,Triston McKenzie,CLE,5.11,5.67,75.2,90.0,99.0,90.0,0.784,8.8,5.83,8.21,2.26,0.68,0.251,0.386,0.149,0.321,0.406,,,,97.0,102.0,100.0,98.0,86.0,87.0,,,,106.0,87.0,90.0,,0.524,0.21,0.266,,-2.18,,1.48,-0.16,,91.1,,,85.4,77.7,0.303,0.652,0.103,,,,,,,0.176,0.341,0.373,,,,5.1,9,5,5,2,7,3,86,52,4.16,607625,Seth Lugo,6.0,5,5,,,,,,,,,,0.143,0.143,0.376,,,,,,,,,,,,,,,,,,,,,,,,
2024/06/06,1:10 PM.,20,W,CLE,KC,away,Sunny.,74,676440,3,4,6,0,0,9,3,10,37,2,4,24,676440,tannerbibee,Bibee,Right,Tanner Bibee,CLE,3.47,3.78,173.2,103.0,99.0,104.0,0.76,9.69,2.28,7.77,1.14,0.78,0.285,0.408,0.153,0.297,0.445,82.0,100.0,108.0,119.0,109.0,112.0,92.0,103.0,98.0,89.0,64.0,93.0,113.0,102.0,109.0,0.003,0.434,0.278,0.105,0.18,-0.69,-1.41,1.74,-0.9,0.13,94.6,82.5,93.9,86.2,81.3,0.282,0.476,0.213,,,,0.238,0.431,0.291,0.208,0.458,0.184,,,,5.0,6,3,2,1,7,0,94,62,3.73,663903,Brady Singer,3.2,2,2,,,,,,,,,,0.196,0.411,0.299,,,,,,,0.141,0.225,0.368,,,,,,,,,,,,,,,
2024/06/07,7:10 PM.,21,W,SEA,KC,home,Cloudy.,87,682243,9,10,0,1,1,5,7,10,34,0,10,16,682243,brycemiller,"Miller, B",Right,Bryce Miller,SEA,2.94,3.72,180.1,101.0,112.0,105.0,0.774,8.53,2.25,6.54,1.05,0.86,0.249,0.404,0.14,0.318,0.442,,,,,,,124.0,102.0,106.0,100.0,102.0,99.0,122.0,96.0,101.0,0.171,0.423,0.168,,,1.53,1.55,-0.21,,,95.2,,94.7,84.5,,0.184,0.348,0.266,0.24,0.4,0.188,,,,0.231,0.308,0.378,0.248,0.358,0.092,5.0,6,7,7,3,1,1,88,55,3.81,663738,Daniel Lynch IV,4.0,8,4,95.0,107.0,111.0,0.171,1.51,84.4,0.148,0.225,0.29,0.243,0.568,0.261,93.0,80.0,85.0,0.023,0.14,92.1,0.25,0.333,0.207,92.0,104.0,111.0,0.044,-0.4,85.0,,,,,,,,,
2024/06/08,3:10 PM.,21,W,SEA,KC,home,Partly Cloudy.,85,622491,4,8,4,0,1,6,4,9,31,3,8,12,622491,luiscastillo,"Castillo, L",Right,Luis Castillo,SEA,3.64,3.91,175.1,105.0,101.0,102.0,0.768,8.98,2.41,8.11,1.28,0.94,0.26,0.409,0.159,0.319,0.406,89.0,104.0,97.0,,,,120.0,105.0,103.0,100.0,102.0,98.0,72.0,106.0,108.0,0.179,0.454,0.224,,0.143,0.97,-0.41,0.65,,-1.63,95.6,88.1,95.6,85.7,,0.203,0.365,0.273,,,,0.287,0.545,0.265,,,,0.298,0.457,0.105,5.0,6,5,5,1,4,1,84,62,3.35,679525,Alec Marsh,5.0,4,8,,,,,,,,,,0.207,0.357,0.358,,,,,,,,,,,,,,,,,,,,,,,,
2024/06/09,1:12 PM.,21,L,SEA,KC,home,Sunny.,76,669923,6,5,1,1,2,8,0,9,38,0,5,10,669923,georgekirby,Kirby,Right,George Kirby,SEA,3.53,3.44,191.0,106.0,106.0,106.0,0.786,8.43,1.08,8.53,1.04,1.01,0.298,0.342,0.178,0.294,0.446,,,,,,,102.0,107.0,101.0,106.0,108.0,108.0,110.0,104.0,110.0,0.236,0.339,0.237,,,0.46,1.5,1.28,,,96.0,,96.0,87.2,,0.221,0.458,0.291,,,,,,,0.333,0.439,0.286,0.263,0.354,0.105,7.0,5,1,1,0,4,0,96,68,3.81,666142,Cole Ragans,6.0,1,9,109.0,100.0,108.0,0.102,-2.05,86.0,0.253,0.413,0.295,0.226,0.316,0.271,97.0,99.0,93.0,0.004,0.79,92.3,,,,114.0,110.0,113.0,0.082,-1.95,83.4,,,,,,,73.9,0.0,-3.5
2024/06/10,7:10 PM.,22,L,NYY,KC,home,Clear.,80,607074,4,2,1,0,0,8,1,7,32,1,2,12,607074,carlosrodon,Rodón,Left,Carlos Rodón,NYY,3.96,4.14,175.0,97.0,122.0,103.0,0.716,10.03,2.93,8.07,1.59,0.69,0.257,0.399,0.143,0.329,0.396,129.0,92.0,106.0,103.0,86.0,93.0,114.0,98.0,101.0,,,,144.0,104.0,113.0,,0.494,0.26,0.083,0.129,0.05,,-0.4,-1.32,1.44,95.4,85.5,,86.8,81.0,0.262,0.514,0.214,,,,0.188,0.247,0.495,0.281,0.531,0.276,,,,7.0,5,1,1,0,3,0,103,74,2.93,607625,Seth Lugo,7.0,4,4,,,,,,,,,,0.199,0.361,0.393,100.0,83.0,82.0,0.035,-3.11,91.8,0.353,0.647,0.255,,,,,,,,,,,,,,,
2024/06/11,7:10 PM.,22,L,NYY,KC,home,Partly Cloudy.,83,573186,10,1,1,1,1,4,5,5,32,1,1,19,573186,marcusstroman,Stroman,Right,Marcus Stroman,NYY,4.31,4.94,154.2,96.0,92.0,94.0,0.82,6.58,3.49,9.72,1.11,1.6,0.207,0.4,0.148,0.325,0.359,,,,94.0,89.0,94.0,48.0,88.0,79.0,90.0,94.0,90.0,93.0,102.0,102.0,0.351,0.032,0.16,0.165,,-4.01,-0.03,-2.37,-0.03,,89.9,,90.0,85.3,81.3,0.455,0.636,0.259,,,,,,,0.0,0.0,0.265,0.306,0.466,0.12,5.2,4,0,0,3,1,0,102,54,2.82,663903,Brady Singer,5.2,6,6,82.0,99.0,93.0,0.111,-0.31,83.3,0.235,0.309,0.241,0.258,0.386,0.272,106.0,101.0,99.0,0.182,-0.26,88.1,0.296,0.519,0.187,,,,,,,0.309,0.515,0.313,,,,,,
2024/06/12,7:10 PM.,22,L,NYY,KC,home,Clear.,86,547001,11,5,1,0,0,5,6,11,35,0,4,18,547001,codypoteet,Poteet,Right,Cody Poteet,NYY,2.22,5.01,24.1,99.0,93.0,97.0,0.861,5.92,2.96,6.66,0.74,1.36,0.211,0.437,0.085,0.225,0.385,107.0,94.0,97.0,100.0,107.0,100.0,78.0,95.0,92.0,78.0,103.0,93.0,133.0,92.0,101.0,0.247,0.284,0.172,0.099,0.198,0.76,2.57,1.24,-1.44,1.71,93.3,86.9,92.6,81.2,78.3,0.176,0.176,0.195,0.214,0.214,0.185,0.188,0.188,0.2,0.333,0.667,0.2,0.194,0.387,0.063,5.1,4,2,2,3,2,0,88,52,2.14,656186,Dan Altavilla,0.1,5,1,,,,,,,,,,,,,,,,,,,,,,,,,,,,,,,,,,,,
2024/06/13,1:10 PM.,22,W,NYY,KC,home,Sunny.,90,641482,3,4,3,0,0,3,4,9,33,0,4,15,641482,nestorcortes,Cortes,Left,Nestor Cortes,NYY,3.77,3.62,174.1,101.0,101.0,101.0,0.79,8.36,2.01,8.36,1.24,0.64,0.253,0.37,0.164,0.317,0.432,86.0,102.0,94.0,,,,99.0,103.0,100.0,86.0,116.0,113.0,99.0,98.0,101.0,0.014,0.442,0.168,,0.097,0.25,1.37,-1.27,,-0.89,92.1,83.6,90.3,78.2,,0.235,0.443,0.215,0.284,0.511,0.25,0.226,0.369,0.326,,,,0.143,0.143,0.316,7.0,6,2,2,2,2,0,88,59,3.59,679525,Alec Marsh,7.0,0,7,,,,,,,,,,0.364,0.727,0.167,109.0,100.0,102.0,0.28,1.32,87.5,0.249,0.378,0.251,,,,,,,,,,,,,,,
2024/06/14,7:10 PM.,23,L,LAD,KC,away,Clear.,75,694813,4,3,0,0,1,4,2,5,31,0,3,6,694813,gavinstone,Stone,Right,Gavin Stone,LAD,3.53,3.94,140.1,103.0,99.0,101.0,0.768,7.44,2.37,8.53,1.15,1.21,0.247,0.409,0.169,0.292,0.409,81.0,102.0,98.0,93.0,102.0,102.0,101.0,100.0,97.0,97.0,103.0,98.0,136.0,111.0,117.0,0.226,0.247,0.165,0.042,0.266,0.1,-0.69,0.96,1.45,0.82,94.9,87.5,95.3,88.7,83.3,0.246,0.41,0.162,0.182,0.182,0.133,0.178,0.356,0.372,0.267,0.333,0.167,0.314,0.504,0.136,7.0,4,3,3,2,3,1,94,61,3.01,666142,Cole Ragans,7.0,3,4,,,,,,,,,,0.239,0.326,0.355,80.0,101.0,94.0,0.053,0.49,92.3,0.32,0.48,0.183,,,,,,,,,,,,,,,
2024/06/15,6:10 PM.,23,W,LAD,KC,away,Clear.,77,808967,2,7,1,1,1,8,6,7,32,2,7,13,808967,yoshinobuyamamoto,Yamamoto,Right,Yoshinobu Yamamoto,LAD,3.0,3.44,90.0,105.0,100.0,106.0,0.75,10.5,2.2,7.8,0.7,1.52,0.246,0.396,0.146,0.325,0.434,,,,109.0,103.0,112.0,84.0,103.0,96.0,101.0,110.0,103.0,116.0,110.0,120.0,0.029,0.404,0.033,0.231,,0.77,-1.65,0.53,1.14,,95.5,,94.9,86.3,78.0,0.262,0.413,0.176,,,,,,,0.214,0.371,0.333,0.364,0.545,0.13,2.0,1,0,0,1,1,0,28,14,2.92,607625,Seth Lugo,6.0,2,4,121.0,112.0,119.0,0.242,0.25,90.2,0.17,0.266,0.386,0.158,0.211,0.357,91.0,97.0,91.0,0.061,0.28,91.5,0.35,0.55,0.2,,,,,,,,,,,,,,,
2024/06/16,1:11 PM.,23,L,LAD,KC,away,Sunny.,78,607192,3,0,0,0,0,11,2,3,29,1,0,11,607192,tylerglasnow,Glasnow,Right,Tyler Glasnow,LAD,3.49,2.65,134.0,101.0,118.0,106.0,0.715,11.28,2.35,6.18,1.01,1.39,0.215,0.379,0.17,0.293,0.469,,,,139.0,97.0,110.0,118.0,101.0,103.0,101.0,106.0,108.0,108.0,104.0,109.0,0.087,0.45,0.277,0.186,,1.04,0.75,1.15,1.93,,96.3,,96.6,90.0,83.7,0.215,0.421,0.213,,,,,,,0.098,0.174,0.475,0.233,0.395,0.171,7.0,3,0,0,1,9,0,85,62,3.00,663903,Brady Singer,6.0,3,4,,,,,,,,,,0.2,0.333,0.404,,,,,,,,,,,,,,,,,,,,,,,,
2024/06/18,6:40 PM.,24,L,OAK,KC,away,Partly Cloudy.,69,663687,7,5,1,1,1,7,3,7,35,0,5,12,663687,hoganharris,"Harris, H",Left,Hogan Harris,OAK,2.86,5.04,72.1,98.0,85.0,95.0,0.813,7.59,4.11,8.09,0.87,0.93,0.226,0.38,0.125,0.317,0.468,118.0,95.0,101.0,59.0,102.0,106.0,81.0,97.0,89.0,,,,87.0,100.0,102.0,,0.563,0.115,0.157,0.165,0.33,,-3.23,-0.41,1.22,92.9,81.1,,78.8,72.4,0.261,0.408,0.169,,,,0.15,0.175,0.247,0.244,0.311,0.338,,,,5.0,4,3,1,2,3,1,100,62,2.37,679525,Alec Marsh,3.0,7,4,,,,,,,,,,0.282,0.641,0.211,,,,,,,,,,,,,,,,,,,,,,,,
2024/06/19,6:42 PM.,24,L,OAK,KC,away,Partly Cloudy.,60,665622,5,1,3,0,0,7,3,8,33,0,1,19,665622,luismedina,Medina,Right,Luis Medina,OAK,5.18,4.65,40.0,95.0,105.0,96.0,0.81,7.2,4.5,9.68,0.9,0.94,0.291,0.457,0.173,0.307,0.438,103.0,88.0,87.0,107.0,101.0,104.0,100.0,98.0,95.0,108.0,97.0,97.0,111.0,90.0,95.0,0.143,0.425,0.251,0.101,0.079,0.46,-2.88,-0.28,-0.19,-2.61,95.9,89.6,95.9,85.8,81.2,0.238,0.365,0.122,,,,0.353,0.529,0.067,0.154,0.308,0.433,0.429,0.667,0.118,5.2,6,1,1,2,3,0,88,54,4.71,666142,Cole Ragans,6.0,2,7,,,,,,,,,,0.262,0.357,0.308,,,,,,,,,,,,,,,,,,,,,,,,
2024/06/20,12:37 PM.,24,W,OAK,KC,away,Partly Cloudy.,63,687765,2,3,2,0,3,9,1,7,34,0,3,8,687765,mitchspence,Spence,Right,Mitch Spence,OAK,4.58,4.14,151.1,103.0,100.0,101.0,0.792,7.49,2.62,9.81,1.19,1.4,0.179,0.472,0.137,0.309,0.406,74.0,86.0,83.0,118.0,117.0,117.0,,,,40.0,97.0,84.0,121.0,105.0,109.0,0.146,,0.326,0.121,0.011,,-1.41,0.01,-0.82,-7.88,,88.4,91.9,84.3,80.4,,,,,,,0.571,0.857,0.0,0.196,0.351,0.31,0.338,0.403,0.16,6.0,6,2,2,1,7,2,98,64,3.86,607625,Seth Lugo,6.2,2,8,,,,,,,,,,0.278,0.493,0.276,99.0,100.0,96.0,0.396,-0.41,90.7,0.278,0.472,0.176,,,,,,,,,,,,,,,
2024/06/21,7:08 PM.,25,L,TEX,KC,away,Roof Closed.,74,543135,6,2,2,0,1,12,2,6,33,0,2,10,543135,nathaneovaldi,Eovaldi,Right,Nathan Eovaldi,TEX,3.8,3.91,170.2,104.0,98.0,103.0,0.751,8.75,2.21,7.75,1.21,1.47,0.227,0.399,0.119,0.341,0.458,,,,99.0,104.0,104.0,75.0,105.0,98.0,,,,114.0,102.0,102.0,,0.374,0.033,0.137,,0.83,,-0.69,-0.79,,95.4,,,86.3,76.7,0.212,0.335,0.178,,,,,,,0.214,0.471,0.355,,,,6.0,4,2,2,1,6,1,98,63,3.14,663903,Brady Singer,5.0,1,4,127.0,101.0,110.0,0.308,1.55,88.4,0.2,0.286,0.368,0.269,0.462,0.25,91.0,108.0,99.0,0.148,-1.41,91.4,0.327,0.624,0.2,,,,,,,,,,,,,,,
2024/06/22,3:07 PM.,25,L,TEX,KC,away,Roof Closed.,74,592351,6,0,0,0,0,9,0,3,30,0,0,4,592351,jongray,"Gray, Jn",Right,Jon Gray,TEX,4.47,4.65,102.2,103.0,85.0,98.0,0.777,7.54,2.45,9.38,0.96,0.98,0.228,0.412,0.145,0.366,0.457,72.0,100.0,94.0,97.0,97.0,102.0,73.0,103.0,91.0,,,,97.0,105.0,105.0,,0.444,0.439,0.046,0.071,-0.71,,0.77,-0.7,-1.39,94.9,88.7,,88.6,78.9,0.311,0.443,0.15,,,,0.257,0.543,0.19,0.333,0.333,0.267,,,,6.0,2,0,0,0,3,0,72,51,3.03,608379,Michael Wacha,5.0,1,5,,,,,,,,,,0.213,0.344,0.334,,,,,,,,,,,,,,,,,,,,,,,,
2024/06/23,1:37 PM.,25,L,TEX,KC,away,Roof Closed.,74,453286,4,0,1,0,0,5,1,2,27,0,0,4,453286,maxscherzer,Scherzer,Right,Max Scherzer,TEX,3.95,3.86,43.1,106.0,84.0,103.0,0.732,8.31,2.08,8.31,1.45,0.7,0.278,0.437,0.175,0.286,0.422,59.0,110.0,106.0,84.0,101.0,103.0,78.0,105.0,100.0,,,,100.0,106.0,105.0,,0.439,0.221,0.139,0.139,0.05,,1.2,-2.13,-1.96,92.5,82.8,,85.0,74.7,0.262,0.492,0.222,,,,0.192,0.462,0.255,0.333,0.611,0.4,,,,5.0,1,0,0,0,4,0,57,39,0.00,679525,Alec Marsh,5.2,3,4,,,,,,,,,,0.214,0.333,0.438,121.0,119.0,105.0,0.061,2.89,86.6,0.222,0.278,0.143,,,,,,,,,,,,,,,
2024/06/24,7:11 PM.,26,W,MIA,KC,home,Clear.,100,682610,1,4,1,0,3,5,4,6,29,0,4,12,682610,rodderymunoz,"Muñoz, Rod",Right,Roddery Muñoz,MIA,6.53,6.83,82.2,96.0,92.0,93.0,0.788,7.62,4.57,9.69,2.83,0.75,0.233,0.397,0.134,0.397,0.4,57.0,96.0,89.0,,,,96.0,97.0,94.0,93.0,94.0,91.0,103.0,94.0,100.0,0.228,0.269,0.198,,0.093,-3.28,-0.99,-2.57,,-2.82,95.4,89.3,94.9,85.7,,0.325,0.714,0.175,,,,0.27,0.595,0.306,,,,0.27,0.554,0.109,6.0,6,4,4,4,4,3,93,59,5.80,666142,Cole Ragans,6.0,1,11,,,,,,,,,,0.261,0.536,0.328,89.0,96.0,90.0,0.212,-0.08,89.8,0.229,0.471,0.313,,,,,,,,,,,,,,,
2024/06/25,7:10 PM.,26,L,MIA,KC,home,Clear.,94,630023,2,1,2,0,0,9,3,4,30,3,1,10,630023,yonnychirinos,"Chirinos, Y",Right,Yonny Chirinos,MIA,6.3,4.71,30.0,97.0,115.0,98.0,0.801,7.5,3.9,12.9,2.1,0.77,0.272,0.379,0.214,0.301,0.443,,,,,,,69.0,97.0,84.0,100.0,97.0,97.0,154.0,97.0,106.0,0.297,0.165,0.39,,,-6.18,-6.8,0.86,,,93.0,,92.7,85.2,,0.333,0.833,0.289,,,,,,,,,,0.522,0.826,0.127,5.0,3,1,1,3,5,0,78,52,2.70,607625,Seth Lugo,6.0,0,8,98.0,99.0,92.0,0.148,0.1,85.7,0.182,0.318,0.205,0.2,0.286,0.244,,,,,,,,,,,,,,,,,,,,,,,,
2024/06/26,1:10 PM.,26,W,MIA,KC,home,Partly Cloudy.,79,678368,1,5,3,1,0,8,1,10,34,1,5,8,678368,valentebellozo,Bellozo,Right,Valente Bellozo,MIA,3.67,5.14,68.2,99.0,73.0,91.0,0.818,5.77,2.75,9.04,1.97,0.58,0.281,0.404,0.184,0.368,0.427,99.0,95.0,96.0,93.0,94.0,94.0,54.0,102.0,84.0,,,,100.0,105.0,104.0,,0.374,0.103,0.125,0.144,-0.41,,0.03,-3.5,-3.12,89.2,81.1,,77.7,73.7,0.247,0.454,0.133,0.233,0.433,0.286,0.326,0.488,0.296,0.333,0.741,0.283,,,,5.0,2,0,0,0,2,0,72,46,0.00,663903,Brady Singer,7.1,1,5,,,,,,,,,,,,,67.0,98.0,91.0,0.253,1.23,82.8,0.205,0.438,0.163,,,,,,,,,,,,,,,
2024/06/27,7:11 PM.,27,W,CLE,KC,home,Cloudy.,84,594902,1,2,0,2,0,8,1,6,27,1,2,11,594902,benlively,Lively,Right,Ben Lively,CLE,3.81,4.0,151.0,102.0,67.0,92.0,0.83,7.03,2.92,8.28,1.37,1.02,0.228,0.407,0.128,0.309,0.433,75.0,108.0,95.0,43.0,106.0,93.0,57.0,94.0,83.0,57.0,108.0,94.0,105.0,102.0,101.0,0.29,0.314,0.218,0.088,0.091,-0.21,0.56,-0.01,-0.11,-0.79,89.9,83.9,90.4,79.4,76.9,0.268,0.504,0.166,0.231,0.413,0.241,0.279,0.382,0.185,0.206,0.365,0.18,0.227,0.392,0.133,6.0,6,2,2,1,5,0,76,50,3.03,608379,Michael Wacha,5.1,1,6,,,,,,,,,,0.238,0.476,0.419,,,,,,,,,,,,,,,,,,,,,,,,
2024/06/28,7:11 PM.,27,W,CLE,KC,home,Partly Cloudy.,87,663474,3,10,1,0,4,4,8,13,32,3,9,13,663474,tristonmckenzie,McKenzie,Right,Triston McKenzie,CLE,5.11,5.67,75.2,90.0,99.0,90.0,0.784,8.8,5.83,8.21,2.26,0.68,0.251,0.386,0.149,0.321,0.406,,,,97.0,102.0,100.0,98.0,86.0,87.0,,,,106.0,87.0,90.0,,0.524,0.21,0.266,,-2.18,,1.48,-0.16,,91.1,,,85.4,77.7,0.303,0.652,0.103,,,,,,,0.176,0.341,0.373,,,,2.1,5,5,5,3,3,2,58,29,5.11,679525,Alec Marsh,6.0,1,5,,,,,,,,,,0.143,0.143,0.376,,,,,,,,,,,,,,,,,,,,,,,,
2024/06/29,3:14 PM.,27,L,CLE,KC,home,Cloudy.,89,676440,7,2,0,0,2,10,0,6,31,0,2,5,676440,tannerbibee,Bibee,Right,Tanner Bibee,CLE,3.47,3.78,173.2,103.0,99.0,104.0,0.76,9.69,2.28,7.77,1.14,0.78,0.285,0.408,0.153,0.297,0.445,82.0,100.0,108.0,119.0,109.0,112.0,92.0,103.0,98.0,89.0,64.0,93.0,113.0,102.0,109.0,0.003,0.434,0.278,0.105,0.18,-0.69,-1.41,1.74,-0.9,0.13,94.6,82.5,93.9,86.2,81.3,0.282,0.476,0.213,,,,0.238,0.431,0.291,0.208,0.458,0.184,,,,6.0,4,2,2,0,3,2,89,66,3.47,666142,Cole Ragans,4.2,5,6,,,,,,,,,,0.196,0.411,0.299,,,,,,,0.141,0.225,0.368,,,,,,,,,,,,,,,
2024/06/30,1:11 PM.,27,W,CLE,KC,home,Sunny.,78,671106,2,6,3,1,1,5,2,11,34,1,6,17,671106,loganallen,"Allen, L.T.",Left,Logan Allen,CLE,5.73,5.9,97.1,96.0,77.0,91.0,0.803,7.3,3.79,10.45,2.03,1.13,0.234,0.396,0.136,0.328,0.405,99.0,92.0,94.0,,,,60.0,98.0,88.0,,,,89.0,98.0,86.0,,0.484,0.187,,0.183,-1.54,,-2.55,,-0.92,91.2,81.7,,78.6,,0.342,0.609,0.147,0.273,0.576,0.333,0.237,0.438,0.269,,,,,,,4.1,6,3,3,0,3,0,72,46,5.75,607625,Seth Lugo,6.0,0,10,,,,,,,,,,,,,91.0,97.0,96.0,0.146,-0.03,85.3,0.245,0.491,0.202,,,,,,,,,,,,,,,
2024/07/02,7:10 PM.,28,L,TB,KC,home,Cloudy.,92,641793,5,1,1,0,1,6,0,6,32,0,1,6,641793,zacklittell,Littell,Right,Zack Littell,TBR,3.63,4.34,156.1,104.0,81.0,99.0,0.785,8.12,1.78,9.44,1.27,0.8,0.218,0.414,0.14,0.293,0.453,,,,,,,54.0,110.0,91.0,67.0,103.0,91.0,102.0,99.0,98.0,0.148,0.221,0.399,,,0.58,-0.6,0.45,,,92.4,,91.6,85.7,,0.245,0.358,0.191,0.406,0.594,0.115,,,,,,,0.265,0.439,0.141,5.0,4,0,0,0,4,0,68,49,3.94,663903,Brady Singer,5.0,1,4,104.0,106.0,112.0,0.232,-0.84,83.0,0.258,0.423,0.344,0.257,0.427,0.227,,,,,,,,,,,,,,,,,,,,,,,,
2024/07/03,7:11 PM.,28,W,TB,KC,home,Rain.,76,686752,2,4,1,0,0,4,5,7,30,0,4,16,686752,ryanpepiot,Pepiot,Right,Ryan Pepiot,TBR,3.6,3.64,130.0,99.0,116.0,106.0,0.73,9.83,3.32,7.06,1.18,0.77,0.276,0.405,0.17,0.308,0.422,118.0,105.0,117.0,140.0,75.0,84.0,115.0,98.0,102.0,,,,119.0,95.0,106.0,,0.506,0.173,0.027,0.235,1.07,,0.51,-1.47,-0.47,94.9,85.8,,89.0,80.6,0.181,0.33,0.316,,,,0.216,0.353,0.286,0.167,0.167,0.5,,,,4.0,4,2,2,3,0,0,87,53,4.40,608379,Michael Wacha,6.0,1,8,,,,,,,,,,0.267,0.407,0.317,100.0,103.0,100.0,0.06,-0.88,91.6,0.276,0.586,0.141,,,,,,,,,,,,,,,
2024/07/04,7:10 PM.,28,L,TB,KC,home,Clear.,83,621107,10,8,4,0,2,4,1,10,36,0,7,10,621107,zacheflin,Eflin,Right,Zach Eflin,- - -,3.59,3.67,165.1,107.0,92.0,103.0,0.808,7.29,1.31,9.04,1.2,1.14,0.235,0.446,0.174,0.323,0.45,87.0,101.0,103.0,108.0,112.0,108.0,61.0,105.0,94.0,91.0,109.0,105.0,122.0,107.0,113.0,0.282,0.09,0.097,0.188,0.061,-0.64,0.0,0.46,-1.27,0.21,92.4,85.6,91.7,79.7,78.8,0.236,0.418,0.248,0.236,0.473,0.203,0.188,0.354,0.105,0.291,0.472,0.333,0.293,0.404,0.133,5.0,7,6,5,1,3,1,96,63,4.19,679525,Alec Marsh,3.0,5,1,,,,,,,,,,,,,85.0,105.0,98.0,0.282,1.54,88.2,0.214,0.345,0.223,,,,,,,,,,,,,,,
2024/07/05,6:10 PM.,29,L,COL,KC,away,Partly Cloudy.,79,607536,4,2,1,1,0,7,1,10,36,1,2,21,607536,kylefreeland,Freeland,Left,Kyle Freeland,COL,5.24,5.11,113.1,103.0,81.0,99.0,0.841,6.75,2.06,10.64,1.75,1.01,0.225,0.421,0.156,0.347,0.435,61.0,100.0,89.0,,,,69.0,104.0,95.0,83.0,106.0,99.0,65.0,103.0,101.0,0.245,0.202,0.227,,0.137,-1.51,-1.33,-1.11,,-1.64,91.6,86.1,91.4,86.9,,0.322,0.522,0.067,,,,0.333,0.647,0.161,0.194,0.276,0.42,0.31,0.556,0.074,7.0,7,2,1,1,5,0,89,63,6.62,666142,Cole Ragans,7.0,2,8,,,,,,,,,,0.316,0.589,0.162,,,,,,,,,,128.0,102.0,107.0,0.188,0.07,83.5,,,,,,,,,
2024/07/06,7:09 PM.,29,L,COL,KC,away,Partly Cloudy.,89,596295,3,1,1,0,1,4,1,8,34,0,1,13,596295,austingomber,Gomber,Left,Austin Gomber,COL,4.75,5.07,165.0,102.0,82.0,98.0,0.821,6.33,2.07,9.71,1.64,0.92,0.213,0.423,0.122,0.394,0.446,82.0,103.0,99.0,,,,71.0,98.0,91.0,51.0,110.0,96.0,91.0,103.0,102.0,0.001,0.404,0.167,,0.205,-1.23,-42.96,-0.17,,-0.15,90.4,81.1,90.1,83.8,,0.305,0.6,0.096,,,,0.28,0.409,0.273,0.22,0.368,0.269,,,,7.0,6,1,1,0,3,1,99,64,4.47,607625,Seth Lugo,6.0,2,5,,,,,,,,,,0.274,0.513,0.22,,,,,,,,,,93.0,109.0,107.0,0.224,-0.08,77.6,,,,,,,,,
2024/07/07,1:09 PM.,29,W,COL,KC,away,Partly Cloudy.,76,685299,1,10,0,0,3,6,2,12,37,0,10,10,685299,tannergordon,Gordon,Right,Tanner Gordon,COL,8.65,5.94,34.1,108.0,86.0,100.0,0.834,6.82,1.57,13.89,2.62,0.94,0.232,0.448,0.12,0.328,0.479,83.0,107.0,103.0,83.0,118.0,93.0,74.0,108.0,100.0,101.0,114.0,106.0,100.0,111.0,102.0,0.01,0.488,0.267,0.044,0.191,-1.03,6.83,-2.41,-15.33,-4.31,92.0,83.9,93.3,85.2,80.4,0.338,0.574,0.119,,,,0.371,0.743,0.234,0.545,1.091,0.2,,,,6.1,8,5,5,0,4,2,78,62,7.11,663903,Brady Singer,7.0,1,7,,,,,,,,,,0.324,0.618,0.284,,,,,,,,,,,,,,,,,,,,,,,,
2024/07/10,12:47 PM.,30,W,STL,KC,away,Sunny.,83,669467,4,6,3,0,1,7,0,9,35,1,6,8,669467,andrepallante,Pallante,Right,Andre Pallante,STL,3.78,3.46,121.1,96.0,91.0,97.0,0.82,6.97,3.56,8.16,0.59,2.71,0.23,0.416,0.184,0.266,0.434,,,,,,,87.0,91.0,92.0,85.0,98.0,89.0,111.0,105.0,110.0,0.19,0.512,0.172,,,1.34,-0.25,-0.64,,,94.5,,94.8,87.5,,0.23,0.297,0.162,,,,,,,0.157,0.257,0.345,0.265,0.373,0.132,6.1,6,4,4,0,5,1,101,66,4.21,679525,Alec Marsh,6.0,3,8,,,,,,,,,,0.294,0.435,0.282,,,,,,,,,,88.0,102.0,109.0,0.126,0.42,79.5,,,,,,,,,
2024/07/10,6:48 PM.,30,W,STL,KC,away,Partly Cloudy.,84,700669,5,8,1,0,3,6,1,12,36,1,8,11,700669,gordongraceffo,Graceffo,Right,Gordon Graceffo,STL,4.7,4.97,7.2,94.0,83.0,90.0,0.804,7.04,2.35,8.22,1.17,0.9,0.13,0.565,0.174,0.304,0.467,90.0,102.0,104.0,99.0,94.0,94.0,61.0,93.0,80.0,,,,109.0,88.0,92.0,,0.41,0.19,0.152,0.248,-1.86,,-4.72,4.75,2.27,93.6,84.6,,86.4,81.3,0.273,0.727,0.167,,,,0.143,0.286,0.278,0.0,0.0,0.375,,,,3.1,4,3,3,0,2,1,38,26,4.70,608379,Michael Wacha,5.0,3,3,,,,,,,,,,0.5,0.667,0.25,,,,,,,,,,,,,,,,,,,,,,,,
2024/07/12,7:10 PM.,31,W,BOS,KC,away,Partly Cloudy.,82,681867,1,6,0,0,2,2,2,9,33,0,6,7,681867,coopercriswell,Criswell,Right,Cooper Criswell,BOS,4.08,4.31,99.1,102.0,100.0,99.0,0.848,6.61,2.81,9.33,0.91,1.51,0.208,0.486,0.153,0.358,0.41,99.0,103.0,102.0,,,,,,,102.0,108.0,100.0,110.0,95.0,99.0,0.297,,0.288,,0.261,,0.48,-1.92,,0.55,,84.4,89.1,77.1,,,,,0.287,0.479,0.207,0.256,0.338,0.171,,,,0.33,0.511,0.073,6.0,8,5,2,2,1,1,104,70,4.03,666142,Cole Ragans,7.0,1,7,,,,,,,,,,0.429,0.857,0.154,79.0,103.0,93.0,0.154,0.64,86.4,0.163,0.306,0.294,,,,,,,,,,,,,,,
2024/07/13,4:13 PM.,31,L,BOS,KC,away,Partly Cloudy.,80,676710,5,0,1,0,0,6,1,4,31,0,0,10,676710,kuttercrawford,"Crawford, K",Right,Kutter Crawford,BOS,4.36,3.86,183.2,105.0,108.0,107.0,0.766,8.58,2.5,7.6,1.67,0.67,0.244,0.424,0.164,0.288,0.446,,,,,,,109.0,109.0,112.0,,,,100.0,99.0,102.0,,0.337,0.185,,,-0.43,,-0.56,,,92.6,,,80.8,,0.255,0.5,0.198,0.222,0.437,0.263,,,,0.143,0.171,0.219,,,,7.0,2,0,0,1,4,0,96,76,3.04,607625,Seth Lugo,5.0,5,6,87.0,102.0,106.0,0.086,0.47,82.4,0.192,0.26,0.404,,,,114.0,104.0,104.0,0.32,0.55,87.5,0.216,0.418,0.265,98.0,97.0,99.0,0.072,1.14,77.3,,,,,,,,,
2024/07/14,1:37 PM.,31,L,BOS,KC,away,Partly Cloudy.,91,678394,5,4,0,0,2,7,2,9,34,0,4,10,678394,brayanbello,Bello,Right,Brayan Bello,BOS,4.49,4.56,162.1,99.0,101.0,102.0,0.753,8.48,3.55,8.7,1.05,1.86,0.219,0.384,0.152,0.312,0.405,88.0,99.0,97.0,,,,74.0,108.0,101.0,103.0,100.0,101.0,114.0,98.0,110.0,0.403,0.048,0.28,,0.269,0.25,-0.24,-0.58,,0.15,95.6,87.6,95.7,86.8,,0.12,0.16,0.218,,,,0.177,0.354,0.369,,,,0.309,0.44,0.111,6.1,7,3,3,1,3,2,85,60,5.32,663903,Brady Singer,2.2,4,3,,,,,,,,,,0.268,0.401,0.343,,,,,,,,,,,,,,,,,,,,,,,,
2024/07/19,7:10 PM.,32,W,CWS,KC,home,Clear.,82,623167,1,7,0,0,1,6,5,7,28,1,7,8,623167,chrisflexen,Flexen,Right,Chris Flexen,CHW,4.95,4.71,160.0,97.0,56.0,92.0,0.789,6.92,3.54,10.13,1.35,0.79,0.249,0.41,0.154,0.308,0.373,126.0,99.0,104.0,83.0,98.0,101.0,2.0,93.0,82.0,74.0,108.0,87.0,148.0,102.0,103.0,0.002,0.37,0.087,0.122,0.157,-0.64,2.01,-2.65,0.43,-1.32,91.3,81.3,91.4,80.0,72.0,0.261,0.473,0.132,,,,0.257,0.436,0.379,0.246,0.393,0.308,,,,4.2,4,7,7,5,4,1,97,53,5.22,608379,Michael Wacha,7.0,0,7,,,,,,,,,,0.361,0.475,0.271,47.0,101.0,90.0,0.261,-0.75,87.4,0.319,0.536,0.218,,,,,,,,,,,,,,,
2024/07/20,6:10 PM.,32,W,CWS,KC,home,Partly Cloudy.,76,686563,1,6,3,1,0,8,3,9,32,1,6,13,686563,jonathancannon,Cannon,Right,Jonathan Cannon,CHW,4.49,4.37,124.1,101.0,92.0,99.0,0.806,6.59,2.9,9.05,1.3,0.96,0.223,0.389,0.171,0.29,0.394,95.0,105.0,106.0,,,,73.0,104.0,97.0,86.0,100.0,93.0,117.0,100.0,107.0,0.28,0.123,0.218,,0.187,-1.13,0.44,-1.39,,-0.22,94.3,85.7,93.3,81.9,,0.25,0.411,0.252,0.255,0.489,0.282,0.248,0.394,0.269,,,,0.287,0.449,0.132,6.0,8,4,4,0,4,0,91,64,4.58,663903,Brady Singer,7.0,0,7,,,,,,,,,,,,,79.0,101.0,93.0,0.192,0.39,90.2,0.263,0.45,0.191,,,,,,,,,,,,,,,
2024/07/21,1:11 PM.,32,W,CWS,KC,home,Partly Cloudy.,77,689672,1,4,0,0,0,10,2,10,32,1,4,20,689672,drewthorpe,Thorpe,Right,Drew Thorpe,CHW,5.48,4.71,44.1,99.0,81.0,93.0,0.772,5.08,4.26,7.11,1.62,0.76,0.232,0.408,0.225,0.239,0.38,89.0,106.0,103.0,,,,63.0,95.0,82.0,,,,99.0,99.0,102.0,,0.322,0.184,,0.355,-1.43,,-1.97,,1.65,91.0,81.6,,81.2,,0.245,0.566,0.077,0.0,0.0,0.25,0.164,0.311,0.379,,,,,,,6.0,3,0,0,2,5,0,97,62,3.03,607625,Seth Lugo,9.0,1,6,,,,,,,,,,0.333,0.5,0.28,83.0,94.0,88.0,0.139,-0.44,86.3,0.182,0.409,0.071,,,,,,,,,,,,,,,
2024/07/22,7:10 PM.,33,W,AZ,KC,home,Partly Cloudy.,82,700270,4,10,2,1,3,4,1,15,38,0,10,10,700270,yilberdiaz,Diaz,Right,Yilber Diaz,ARI,3.81,5.04,28.1,95.0,76.0,92.0,0.823,6.04,3.81,8.58,0.95,1.0,0.295,0.318,0.091,0.352,0.443,28.0,69.0,59.0,,,,74.0,95.0,87.0,,,,88.0,108.0,110.0,,0.58,0.273,,0.004,-0.95,,1.97,,0.83,96.1,86.0,,83.6,,0.301,0.521,0.112,,,,,,,0.222,0.333,0.353,,,,3.0,9,7,7,1,0,1,71,49,5.40,666142,Cole Ragans,6.0,3,5,,,,,,,,,,0.13,0.174,0.365,,,,,,,,,,62.0,69.0,78.0,0.143,-0.98,78.7,,,,,,,,,
2024/07/23,7:10 PM.,33,L,AZ,KC,home,Cloudy.,86,656756,6,2,2,0,0,5,3,7,31,1,2,13,656756,jordanmontgomery,Montgomery,Left,Jordan Montgomery,ARI,6.23,5.18,117.0,99.0,92.0,96.0,0.748,6.38,3.38,11.46,1.08,1.24,0.194,0.428,0.137,0.346,0.37,97.0,100.0,92.0,106.0,102.0,107.0,66.0,98.0,89.0,89.0,95.0,93.0,104.0,95.0,90.0,0.308,0.173,0.018,0.307,0.193,-0.02,-2.11,3.84,-0.83,-1.92,92.1,83.1,91.8,84.2,79.2,0.284,0.375,0.184,,,,0.321,0.593,0.386,0.27,0.453,0.353,0.374,0.577,0.159,5.0,3,1,1,1,2,0,67,39,6.11,679525,Alec Marsh,5.0,5,6,,,,,,,,,,0.0,0.0,0.5,,,,,,,,,,,,,,,,,,,,,,,,
2024/07/24,7:11 PM.,33,L,AZ,KC,home,Partly Cloudy.,90,669194,8,6,2,1,0,4,3,12,36,0,5,16,669194,rynenelson,"Nelson, R",Right,Ryne Nelson,ARI,4.24,4.17,150.2,106.0,100.0,104.0,0.838,7.53,2.03,9.26,1.02,1.14,0.274,0.39,0.14,0.338,0.463,108.0,99.0,107.0,91.0,94.0,94.0,105.0,107.0,106.0,,,,111.0,112.0,110.0,,0.557,0.103,0.057,0.099,0.64,,-0.66,1.81,-2.35,95.2,83.0,,83.8,77.8,0.249,0.418,0.195,0.4,0.733,0.167,0.302,0.587,0.203,0.138,0.207,0.148,,,,6.0,9,4,4,2,2,0,90,62,4.85,608379,Michael Wacha,4.2,3,1,,,,,,,,,,0.226,0.34,0.156,78.0,107.0,96.0,0.184,-0.85,91.2,0.317,0.508,0.154,,,,,,,,,,,,,,,
2024/07/26,7:10 PM.,34,W,CHC,KC,home,Clear.,88,543294,0,6,0,0,1,5,1,10,34,1,6,6,543294,kylehendricks,Hendricks,Right,Kyle Hendricks,CHC,5.92,4.81,130.2,105.0,95.0,100.0,0.828,5.99,2.96,10.13,1.45,1.31,0.233,0.412,0.194,0.288,0.402,108.0,106.0,106.0,87.0,109.0,108.0,59.0,94.0,86.0,97.0,106.0,96.0,,,,0.355,0.127,,0.131,0.387,-1.51,-0.77,,0.52,-0.72,87.7,80.9,87.6,,74.3,0.237,0.553,0.209,,,,0.267,0.409,0.239,0.22,0.3,0.244,0.333,0.493,0.106,5.0,8,6,6,0,4,1,90,58,6.95,663903,Brady Singer,7.0,0,5,,,,,,,,,,,,,,,,,,,,,,,,,,,,,,,,,,,,
2024/07/27,6:10 PM.,34,L,CHC,KC,home,Cloudy.,73,684007,9,4,3,0,1,4,1,9,34,0,4,9,684007,shotaimanaga,Imanaga,Left,Shota Imanaga,CHC,2.91,3.39,173.1,105.0,90.0,103.0,0.739,9.03,1.45,7.74,1.4,0.82,0.217,0.45,0.166,0.309,0.438,82.0,105.0,104.0,70.0,96.0,97.0,96.0,104.0,106.0,76.0,102.0,91.0,103.0,105.0,104.0,0.021,0.52,0.077,0.032,0.039,0.36,0.77,0.14,-0.59,0.48,91.7,81.6,88.7,81.6,72.7,0.229,0.47,0.176,0.267,0.311,0.347,0.194,0.226,0.333,0.444,0.556,0.0,0.25,0.333,0.37,5.2,6,3,3,0,3,1,87,61,2.95,607625,Seth Lugo,6.1,6,2,81.0,106.0,100.0,0.306,1.39,82.9,0.204,0.283,0.431,,,,50.0,107.0,96.0,0.005,-6.3,89.8,0.333,1.333,0.143,,,,0.0,-76.55,53.9,,,,,,,,,
2024/07/28,1:10 PM.,34,L,CHC,KC,home,Partly Cloudy.,88,665871,7,3,1,0,1,8,1,5,31,0,3,8,665871,javierassad,Assad,Right,Javier Assad,CHC,3.73,4.97,147.0,99.0,85.0,94.0,0.843,7.59,3.86,8.76,1.22,1.13,0.263,0.373,0.146,0.301,0.422,69.0,91.0,88.0,98.0,101.0,97.0,68.0,102.0,92.0,75.0,101.0,92.0,114.0,94.0,100.0,0.357,0.158,0.107,0.116,0.046,-0.91,0.51,-1.54,-0.4,-1.65,91.5,83.7,91.4,80.1,76.8,0.319,0.472,0.201,0.174,0.37,0.341,0.296,0.296,0.125,0.178,0.329,0.3,0.236,0.373,0.111,6.0,5,3,3,1,5,1,81,50,3.23,666142,Cole Ragans,5.2,4,7,,,,,,,,,,0.364,0.636,0.368,96.0,97.0,92.0,0.216,-0.73,87.9,0.315,0.583,0.142,,,,,,,,,,,,,,,
2024/07/29,7:11 PM.,35,W,CWS,KC,away,Cloudy.,79,623167,5,8,3,0,3,5,2,15,40,1,8,15,623167,chrisflexen,Flexen,Right,Chris Flexen,CHW,4.95,4.71,160.0,97.0,56.0,92.0,0.789,6.92,3.54,10.13,1.35,0.79,0.249,0.41,0.154,0.308,0.373,126.0,99.0,104.0,83.0,98.0,101.0,2.0,93.0,82.0,74.0,108.0,87.0,148.0,102.0,103.0,0.002,0.37,0.087,0.122,0.157,-0.64,2.01,-2.65,0.43,-1.32,91.3,81.3,91.4,80.0,72.0,0.261,0.473,0.132,,,,0.257,0.436,0.379,0.246,0.393,0.308,,,,6.0,9,2,2,0,2,0,97,58,5.13,679525,Alec Marsh,4.2,2,3,,,,,,,,,,0.361,0.475,0.271,47.0,101.0,90.0,0.261,-0.75,87.4,0.319,0.536,0.218,,,,,,,,,,,,,,,
2024/07/30,7:10 PM.,35,W,CWS,KC,away,Partly Cloudy.,84,686563,3,4,1,0,1,2,5,4,30,0,4,6,686563,jonathancannon,Cannon,Right,Jonathan Cannon,CHW,4.49,4.37,124.1,101.0,92.0,99.0,0.806,6.59,2.9,9.05,1.3,0.96,0.223,0.389,0.171,0.29,0.394,95.0,105.0,106.0,,,,73.0,104.0,97.0,86.0,100.0,93.0,117.0,100.0,107.0,0.28,0.123,0.218,,0.187,-1.13,0.44,-1.39,,-0.22,94.3,85.7,93.3,81.9,,0.25,0.411,0.252,0.255,0.489,0.282,0.248,0.394,0.269,,,,0.287,0.449,0.132,7.0,1,1,1,3,2,1,94,59,4.11,608379,Michael Wacha,7.0,2,5,,,,,,,,,,,,,79.0,101.0,93.0,0.192,0.39,90.2,0.263,0.45,0.191,,,,,,,,,,,,,,,
2024/07/31,1:10 PM.,35,W,CWS,KC,away,Cloudy.,86,689672,3,10,2,0,2,4,4,16,41,2,10,23,689672,drewthorpe,Thorpe,Right,Drew Thorpe,CHW,5.48,4.71,44.1,99.0,81.0,93.0,0.772,5.08,4.26,7.11,1.62,0.76,0.232,0.408,0.225,0.239,0.38,89.0,106.0,103.0,,,,63.0,95.0,82.0,,,,99.0,99.0,102.0,,0.322,0.184,,0.355,-1.43,,-1.97,,1.65,91.0,81.6,,81.2,,0.245,0.566,0.077,0.0,0.0,0.25,0.164,0.311,0.379,,,,,,,5.0,7,6,6,2,0,1,79,50,5.48,663903,Brady Singer,7.0,3,4,,,,,,,,,,0.333,0.5,0.28,83.0,94.0,88.0,0.139,-0.44,86.3,0.182,0.409,0.071,,,,,,,,,,,,,,,
2024/08/01,6:40 PM.,36,W,DET,KC,away,Partly Cloudy.,87,672456,1,7,2,0,3,3,1,10,36,2,7,11,672456,keidermontero,Montero,Right,Keider Montero,DET,4.76,5.24,98.1,100.0,96.0,100.0,0.805,7.05,2.84,9.15,1.74,1.07,0.236,0.442,0.133,0.346,0.467,83.0,95.0,94.0,,,,92.0,100.0,96.0,90.0,101.0,97.0,110.0,99.0,104.0,0.078,0.421,0.28,,0.109,-0.19,1.09,0.02,,-2.78,94.8,86.0,94.1,83.5,,0.27,0.486,0.18,,,,0.289,0.474,0.329,0.269,0.615,0.224,0.32,0.32,0.038,7.0,6,4,4,1,3,1,88,66,6.18,607625,Seth Lugo,8.0,1,3,,,,,,,,,,0.235,0.391,0.259,,,,,,,,,,95.0,102.0,111.0,0.112,-3.94,78.8,,,,,,,,,
2024/08/02,6:40 PM.,36,W,DET,KC,away,Partly Cloudy.,80,669373,2,9,2,0,1,10,2,14,39,2,8,12,669373,tarikskubal,Skubal,Left,Tarik Skubal,DET,2.39,2.72,192.0,103.0,103.0,106.0,0.717,10.69,1.64,6.66,0.7,1.27,0.256,0.387,0.181,0.254,0.475,97.0,104.0,114.0,,,,112.0,104.0,103.0,95.0,105.0,104.0,111.0,99.0,103.0,0.205,0.332,0.149,,0.271,1.84,1.25,0.78,,1.13,96.8,86.3,96.6,88.7,,0.197,0.286,0.277,,,,0.216,0.322,0.461,0.158,0.316,0.175,0.207,0.305,0.16,6.1,7,5,5,2,8,1,95,63,2.57,666142,Cole Ragans,5.2,2,6,,,,,,,,,,0.169,0.364,0.346,,,,,,,,,,95.0,91.0,101.0,0.042,1.26,78.5,,,,,,,,,
2024/08/03,6:35 PM.,36,L,DET,KC,away,Clear.,90,663947,6,5,1,0,2,8,1,9,41,1,5,12,663947,tylerholton,Holton,Left,Tyler Holton,DET,2.19,2.78,94.1,103.0,83.0,99.0,0.767,7.35,1.62,5.44,0.67,1.3,0.207,0.371,0.172,0.262,0.417,59.0,104.0,101.0,109.0,94.0,100.0,79.0,100.0,91.0,77.0,105.0,97.0,113.0,97.0,105.0,0.216,0.152,0.155,0.015,0.189,4.5,2.61,1.73,1.83,0.4,92.1,83.6,91.5,80.6,79.2,0.105,0.14,0.257,0.13,0.174,0.379,0.25,0.382,0.289,,,,0.156,0.338,0.094,3.0,0,0,0,0,3,0,31,22,2.70,547179,Michael Lorenzen,5.2,1,5,,,,,,,,,,,,,85.0,105.0,101.0,0.273,1.85,87.6,0.194,0.292,0.253,,,,,,,,,,,,,,,
2024/08/04,1:40 PM.,36,W,DET,KC,away,Sunny.,86,656412,2,3,1,0,1,8,2,9,36,0,3,16,656412,alexfaedo,Faedo,Right,Alex Faedo,DET,3.61,4.43,57.1,100.0,104.0,101.0,0.698,8.63,4.4,7.69,1.41,1.03,0.275,0.406,0.138,0.306,0.362,108.0,102.0,108.0,,,,91.0,94.0,89.0,80.0,93.0,90.0,115.0,106.0,110.0,0.054,0.352,0.396,,0.199,-0.58,-4.02,0.89,,-0.86,94.0,89.1,93.5,83.2,,0.218,0.437,0.247,,,,0.286,0.405,0.268,,,,0.545,0.727,0.083,1.2,2,0,0,1,3,0,37,20,3.69,608379,Michael Wacha,6.0,2,2,,,,,,,,,,0.171,0.314,0.43,,,,,,,,,,,,,,,,,,,,,,,,
2024/08/05,7:10 PM.,37,L,BOS,KC,home,Clear.,95,572020,9,5,3,1,1,7,2,9,35,1,5,11,572020,jamespaxton,Paxton,Left,James Paxton,- - -,4.4,4.74,100.1,98.0,74.0,91.0,0.812,6.55,4.49,8.52,1.08,0.88,0.272,0.329,0.144,0.355,0.424,72.0,95.0,95.0,,,,69.0,98.0,86.0,64.0,107.0,97.0,,,,0.05,0.551,,,0.066,-0.21,-1.01,,,-2.12,93.2,82.6,92.8,,,0.264,0.431,0.144,,,,0.25,0.375,0.326,0.2,0.3,0.362,0.308,0.423,0.091,6.0,5,2,2,1,4,0,90,62,4.42,663903,Brady Singer,5.2,4,6,,,,,,,,,,,,,82.0,95.0,83.0,0.031,-3.38,84.0,0.308,0.769,0.13,82.0,98.0,97.0,0.303,0.57,80.8,,,,,,,,,
2024/08/06,7:10 PM.,37,L,BOS,KC,home,Partly Cloudy.,77,678394,6,5,4,0,1,11,3,8,35,1,5,11,678394,brayanbello,Bello,Right,Brayan Bello,BOS,4.49,4.56,162.1,99.0,101.0,102.0,0.753,8.48,3.55,8.7,1.05,1.86,0.219,0.384,0.152,0.312,0.405,88.0,99.0,97.0,,,,74.0,108.0,101.0,103.0,100.0,101.0,114.0,98.0,110.0,0.403,0.048,0.28,,0.269,0.25,-0.24,-0.58,,0.15,95.6,87.6,95.7,86.8,,0.12,0.16,0.218,,,,0.177,0.354,0.369,,,,0.309,0.44,0.111,4.2,5,3,3,3,6,1,89,55,5.16,607625,Seth Lugo,5.1,4,4,,,,,,,,,,0.268,0.401,0.343,,,,,,,,,,,,,,,,,,,,,,,,
2024/08/07,7:10 PM.,37,W,BOS,KC,home,Clear.,83,676710,4,8,1,0,3,8,5,7,31,0,7,12,676710,kuttercrawford,"Crawford, K",Right,Kutter Crawford,BOS,4.36,3.86,183.2,105.0,108.0,107.0,0.766,8.58,2.5,7.6,1.67,0.67,0.244,0.424,0.164,0.288,0.446,,,,,,,109.0,109.0,112.0,,,,100.0,99.0,102.0,,0.337,0.185,,,-0.43,,-0.56,,,92.6,,,80.8,,0.255,0.5,0.198,0.222,0.437,0.263,,,,0.143,0.171,0.219,,,,3.2,5,6,6,4,3,1,85,53,4.11,666142,Cole Ragans,6.1,1,7,87.0,102.0,106.0,0.086,0.47,82.4,0.192,0.26,0.404,,,,114.0,104.0,104.0,0.32,0.55,87.5,0.216,0.418,0.265,98.0,97.0,99.0,0.072,1.14,77.3,,,,,,,,,
2024/08/09,7:10 PM.,38,L,STL,KC,home,Partly Cloudy.,73,571945,8,5,1,1,0,7,3,10,35,1,5,13,571945,milesmikolas,Mikolas,Right,Miles Mikolas,STL,5.35,4.65,171.2,109.0,87.0,103.0,0.859,6.4,1.31,10.17,1.36,1.15,0.243,0.406,0.152,0.33,0.495,85.0,103.0,98.0,94.0,109.0,106.0,65.0,107.0,98.0,80.0,111.0,99.0,116.0,112.0,114.0,0.231,0.279,0.283,0.116,0.085,0.23,1.42,-1.19,-1.97,-4.2,93.2,85.6,92.4,85.7,76.6,0.287,0.446,0.178,0.273,0.545,0.275,0.394,0.742,0.159,0.267,0.52,0.231,0.237,0.382,0.108,4.0,8,5,5,0,3,0,78,52,5.30,547179,Michael Lorenzen,4.1,3,3,,,,,,,,,,0.301,0.506,0.164,,,,,,,,,,,,,0.005,4.24,69.6,,,,,,,,,
2024/08/10,6:11 PM.,38,W,STL,KC,home,Clear.,77,669467,3,8,1,2,1,4,4,12,35,3,8,16,669467,andrepallante,Pallante,Right,Andre Pallante,STL,3.78,3.46,121.1,96.0,91.0,97.0,0.82,6.97,3.56,8.16,0.59,2.71,0.23,0.416,0.184,0.266,0.434,,,,,,,87.0,91.0,92.0,85.0,98.0,89.0,111.0,105.0,110.0,0.19,0.512,0.172,,,1.34,-0.25,-0.64,,,94.5,,94.8,87.5,,0.23,0.297,0.162,,,,,,,0.157,0.257,0.345,0.265,0.373,0.132,5.2,3,2,1,4,4,0,104,63,4.21,608379,Michael Wacha,7.0,2,6,,,,,,,,,,0.294,0.435,0.282,,,,,,,,,,88.0,102.0,109.0,0.126,0.42,79.5,,,,,,,,,
2024/08/12,6:42 PM.,39,L,MIN,KC,away,Clear.,81,641154,8,3,2,0,1,9,0,8,35,0,3,15,641154,pablolopez,"López, P",Right,Pablo López,MIN,4.08,3.67,185.1,104.0,98.0,105.0,0.749,9.62,1.99,8.74,1.26,1.19,0.245,0.438,0.134,0.298,0.432,95.0,104.0,105.0,92.0,103.0,108.0,97.0,105.0,101.0,97.0,107.0,107.0,106.0,103.0,110.0,0.073,0.407,0.219,0.1,0.201,1.65,-2.77,-0.84,-1.28,-0.14,95.0,88.5,94.5,84.5,82.4,0.208,0.352,0.259,0.239,0.436,0.331,0.281,0.359,0.249,0.23,0.446,0.341,0.426,0.639,0.142,6.0,6,3,2,0,5,1,96,71,4.67,663903,Brady Singer,5.0,6,9,,,,,,,,,,,,,,,,,,,,,,,,,,,,,,,,,,,,
2024/08/13,6:41 PM.,39,L,MIN,KC,away,Partly Cloudy.,81,805673,13,3,1,0,2,9,0,7,34,0,3,4,805673,zebbymatthews,Matthews,Right,Zebby Matthews,MIN,6.69,6.01,37.2,100.0,100.0,100.0,0.772,10.27,2.63,12.19,2.63,0.87,0.256,0.455,0.165,0.38,0.431,88.0,87.0,93.0,107.0,117.0,117.0,95.0,99.0,97.0,,,,114.0,100.0,105.0,,0.428,0.259,0.071,0.079,-1.19,,-1.68,-5.76,-3.13,94.9,85.8,,87.2,81.7,0.288,0.627,0.178,,,,0.222,0.333,0.313,0.4,0.667,0.174,,,,5.0,5,2,2,0,5,1,77,49,3.60,607625,Seth Lugo,4.0,7,4,,,,,,,,,,0.308,0.462,0.376,96.0,101.0,95.0,0.162,-1.3,90.9,0.345,0.655,0.182,,,,,,,,,,,,,,,
2024/08/14,12:10 PM.,39,W,MIN,KC,away,Partly Cloudy.,77,686973,1,4,2,0,2,6,4,11,36,2,4,17,686973,louievarland,Varland,Right,Louie Varland,MIN,7.61,5.42,49.2,100.0,101.0,100.0,0.781,8.88,2.9,12.32,2.17,1.23,0.296,0.361,0.112,0.379,0.473,93.0,93.0,97.0,,,,107.0,105.0,105.0,94.0,107.0,102.0,,,,0.038,0.425,,,0.104,-0.34,-5.1,,,-0.65,96.3,89.4,93.8,,,0.306,0.553,0.242,,,,0.294,0.294,0.105,0.293,0.366,0.288,0.5,0.875,0.059,6.0,8,3,3,1,3,2,98,66,6.14,666142,Cole Ragans,7.0,1,8,,,,,,,,,,,,,91.0,93.0,92.0,0.277,-3.42,90.1,0.333,0.603,0.246,108.0,93.0,99.0,0.155,-1.27,84.6,,,,,,,,,
2024/08/16,7:12 PM.,40,W,CIN,KC,away,Partly Cloudy.,80,607259,1,7,4,0,2,9,1,13,37,0,7,12,607259,nickmartinez,"Martinez, N",Right,Nick Martinez,CIN,3.1,3.19,142.1,109.0,99.0,107.0,0.786,7.33,1.14,8.09,0.82,0.89,0.265,0.393,0.198,0.23,0.441,118.0,113.0,116.0,107.0,102.0,105.0,91.0,110.0,109.0,80.0,106.0,97.0,105.0,110.0,110.0,0.176,0.224,0.061,0.119,0.216,0.73,0.88,-0.55,-1.69,1.79,92.6,80.1,92.0,84.9,80.8,0.219,0.351,0.212,,,,0.186,0.286,0.416,0.342,0.605,0.247,0.24,0.375,0.09,6.0,8,3,3,0,4,1,80,59,3.25,547179,Michael Lorenzen,5.2,1,3,,,,,,,,,,0.233,0.4,0.364,96.0,108.0,104.0,0.203,1.32,89.1,0.281,0.43,0.12,,,,,,,,,,,,,,,
2024/08/17,6:42 PM.,40,W,CIN,KC,away,Overcast.,84,666157,1,13,4,0,2,7,6,15,43,0,12,30,666157,nicklodolo,Lodolo,Left,Nick Lodolo,CIN,4.76,3.72,115.1,99.0,106.0,96.0,0.742,9.52,2.89,7.88,1.01,1.25,0.247,0.421,0.142,0.285,0.428,96.0,99.0,92.0,90.0,94.0,100.0,119.0,103.0,97.0,111.0,97.0,93.0,,,,0.133,0.43,,0.273,0.164,0.11,0.99,,-0.75,-0.21,94.1,88.1,94.1,,81.7,0.241,0.407,0.23,,,,0.232,0.39,0.259,0.217,0.302,0.429,0.234,0.453,0.183,2.1,8,8,8,2,2,1,59,38,4.55,608379,Michael Wacha,6.0,0,9,,,,,,,,,,,,,,,,,,,,,,,,,,,,,,,,,,,,
2024/08/18,1:41 PM.,40,W,CIN,KC,away,Partly Cloudy.,79,671096,1,8,2,0,1,8,1,13,37,1,8,11,671096,andrewabbott,"Abbott, A",Left,Andrew Abbott,CIN,3.72,4.02,138.0,98.0,92.0,97.0,0.805,7.43,3.39,8.28,1.63,0.68,0.256,0.364,0.16,0.287,0.428,96.0,94.0,97.0,101.0,98.0,99.0,78.0,96.0,89.0,,,,125.0,106.0,112.0,,0.535,0.186,0.116,0.163,-0.26,,0.49,-1.56,0.23,92.8,84.8,,82.9,80.8,0.254,0.451,0.194,0.189,0.307,0.287,0.214,0.429,0.273,0.327,0.653,0.179,,,,5.0,6,4,4,1,4,1,83,52,3.72,663903,Brady Singer,6.0,0,6,,,,,,,,,,,,,,,,,,,,,,,,,,,,,,,,,,,,
2024/08/19,7:10 PM.,41,W,LAA,KC,home,Clear.,84,608334,3,5,2,0,1,10,4,9,33,1,5,17,608334,carsonfulmer,"Fulmer, C",Right,Carson Fulmer,LAA,4.15,4.74,86.2,101.0,94.0,98.0,0.772,8.41,4.15,8.41,1.14,1.04,0.214,0.429,0.115,0.361,0.393,90.0,104.0,102.0,109.0,102.0,103.0,85.0,105.0,103.0,88.0,100.0,94.0,114.0,96.0,98.0,0.237,0.234,0.204,0.056,0.27,0.19,0.39,1.22,-7.73,-0.64,93.1,87.8,92.6,87.0,82.4,0.224,0.447,0.195,0.286,0.714,0.458,0.228,0.347,0.367,0.471,1.118,0.393,0.299,0.39,0.118,4.0,5,3,2,3,4,1,76,46,4.24,607625,Seth Lugo,7.0,2,8,,,,,,,,,,0.157,0.294,0.284,,,,,,,,,,,,,,,,,,,,,,,,
2024/08/26,1:10 PM.,42,W,CLE,KC,away,Sunny.,84,680704,3,4,2,0,2,6,2,6,34,1,4,9,680704,nicksandlin,Sandlin,Right,Nick Sandlin,CLE,3.75,4.49,57.2,94.0,95.0,93.0,0.677,10.61,4.21,7.18,1.87,0.8,0.186,0.455,0.159,0.366,0.366,,,,,,,87.0,96.0,91.0,94.0,84.0,81.0,110.0,90.0,99.0,0.092,0.295,0.348,,,-1.58,-3.06,-0.34,,,92.6,,92.6,79.4,,0.294,0.608,0.178,,,,,,,,,,0.308,0.577,0.047,1.0,0,0,0,2,2,0,22,11,3.80,666142,Cole Ragans,4.0,1,4,83.0,99.0,90.0,0.265,2.95,84.8,0.1,0.2,0.483,0.243,0.457,0.413,,,,,,,,,,,,,,,,,,,,,,,,
2024/08/20,7:10 PM.,43,L,LAA,KC,home,Clear.,74,542881,9,5,3,0,0,5,2,11,36,0,5,16,542881,tyleranderson,Anderson,Left,Tyler Anderson,LAA,3.81,4.37,179.1,99.0,96.0,99.0,0.741,7.13,3.66,7.93,1.2,0.88,0.193,0.51,0.157,0.267,0.396,105.0,100.0,105.0,,,,89.0,99.0,96.0,66.0,95.0,83.0,80.0,141.0,142.0,0.033,0.396,0.013,0.001,0.371,-0.73,-3.87,-0.06,-3.14,1.32,89.4,78.9,88.1,81.3,71.6,0.272,0.494,0.183,,,,0.185,0.259,0.396,,,,0.261,0.696,0.152,6.0,11,5,4,2,2,0,95,64,3.40,666142,Cole Ragans,5.0,4,9,,,,,,,,,,0.0,0.0,0.357,99.0,100.0,96.0,0.185,-0.41,84.3,0.264,0.455,0.247,,,,,,,,,,,,,,,
2024/08/21,7:10 PM.,43,W,LAA,KC,home,Clear.,76,456501,0,3,3,0,1,4,3,8,30,1,3,9,456501,johnnycueto,Cueto,Right,Johnny Cueto,LAA,7.15,11.85,11.1,96.0,77.0,92.0,0.859,4.76,2.38,11.12,3.18,0.94,0.171,0.317,0.122,0.39,0.419,72.0,97.0,94.0,146.0,62.0,70.0,60.0,101.0,100.0,87.0,100.0,97.0,79.0,88.0,77.0,0.359,0.09,0.204,0.006,0.287,-5.59,-0.93,-2.9,-3.5,-3.63,91.0,81.2,91.1,85.6,78.4,0.333,1.333,0.25,,,,0.308,0.846,0.259,,,,0.273,0.455,0.071,6.1,8,3,3,2,1,1,84,55,4.26,547179,Michael Lorenzen,7.0,0,5,,,,,,,,,,0.333,0.833,0.0,48.0,92.0,89.0,0.054,0.33,87.2,0.333,0.667,0.0,,,,,,,,,,,,,,,
2024/08/23,7:10 PM.,44,W,PHI,KC,home,Cloudy.,80,592836,4,7,3,0,2,4,3,12,36,1,7,15,592836,taijuanwalker,"Walker, T",Right,Taijuan Walker,PHI,7.1,7.09,83.2,98.0,88.0,95.0,0.847,6.24,3.98,11.51,2.58,0.93,0.184,0.442,0.131,0.389,0.429,,,,87.0,96.0,97.0,61.0,93.0,83.0,78.0,98.0,91.0,56.0,108.0,104.0,0.275,0.126,0.178,0.108,,-2.65,-2.96,2.03,1.99,,91.5,,91.1,85.1,74.7,0.346,0.615,0.232,0.157,0.314,0.28,,,,0.172,0.31,0.149,0.378,0.684,0.082,3.0,8,6,6,1,2,2,78,47,6.26,608379,Michael Wacha,6.0,2,5,108.0,101.0,106.0,0.219,-4.16,86.7,0.38,0.652,0.163,,,,95.0,91.0,87.0,0.094,-4.99,87.3,0.435,1.087,0.093,,,,,,,,,,,,,,,
2024/08/24,6:10 PM.,44,L,PHI,KC,home,Partly Cloudy.,91,624133,11,2,3,0,0,8,2,5,29,0,2,8,624133,rangersuarez,"Suárez, R",Left,Ranger Suárez,PHI,3.46,3.67,150.2,103.0,82.0,100.0,0.799,8.66,2.45,8.36,0.84,2.01,0.194,0.461,0.154,0.283,0.395,73.0,100.0,98.0,84.0,107.0,108.0,68.0,101.0,91.0,87.0,106.0,104.0,22.0,85.0,77.0,0.315,0.195,0.001,0.205,0.163,0.67,0.84,-4.62,1.02,-0.63,91.8,80.0,90.8,81.3,74.4,0.224,0.327,0.18,,,,0.229,0.323,0.35,0.189,0.342,0.339,0.27,0.381,0.101,5.0,4,1,1,1,6,0,72,46,2.82,663903,Brady Singer,5.0,5,5,,,,,,,,,,,,,101.0,98.0,93.0,0.121,-1.68,86.5,0.302,0.642,0.162,,,,,,,,,,,,,,,
2024/08/25,1:11 PM.,44,L,PHI,KC,home,Sunny.,93,663465,11,3,3,0,3,8,0,10,37,0,3,16,663465,kolbyallard,Allard,Left,Kolby Allard,PHI,5.0,4.34,27.0,102.0,65.0,98.0,0.801,7.67,2.67,11.33,1.67,1.11,0.198,0.36,0.174,0.372,0.47,74.0,108.0,102.0,85.0,96.0,101.0,56.0,100.0,93.0,38.0,115.0,101.0,,,,0.06,0.401,,0.122,0.243,-1.8,-8.18,,1.27,1.97,90.0,82.0,90.3,,71.7,0.333,0.611,0.162,,,,0.263,0.316,0.234,0.2,0.467,0.217,0.75,1.5,0.0,5.0,8,2,2,0,5,2,81,59,3.50,607625,Seth Lugo,5.1,5,3,,,,,,,,,,,,,69.0,102.0,100.0,0.174,-2.26,84.4,0.375,0.625,0.341,,,,,,,,,,,,,,,
2024/08/26,6:40 PM.,45,W,CLE,KC,away,Clear.,85,671106,4,9,3,0,3,4,6,15,38,2,9,22,671106,loganallen,"Allen, L.T.",Left,Logan Allen,CLE,5.73,5.9,97.1,96.0,77.0,91.0,0.803,7.3,3.79,10.45,2.03,1.13,0.234,0.396,0.136,0.328,0.405,99.0,92.0,94.0,,,,60.0,98.0,88.0,,,,89.0,98.0,86.0,,0.484,0.187,,0.183,-1.54,,-2.55,,-0.92,91.2,81.7,,78.6,,0.342,0.609,0.147,0.273,0.576,0.333,0.237,0.438,0.269,,,,,,,5.0,8,5,5,4,1,2,76,43,5.73,679525,Alec Marsh,4.2,2,2,,,,,,,,,,,,,91.0,97.0,96.0,0.146,-0.03,85.3,0.245,0.491,0.202,,,,,,,,,,,,,,,
2024/08/27,6:41 PM.,45,W,CLE,KC,away,Clear.,89,668909,1,6,3,0,1,9,3,9,35,2,5,18,668909,gavinwilliams,"Williams, G",Right,Gavin Williams,CLE,4.86,4.22,76.0,101.0,99.0,102.0,0.788,9.36,3.79,8.53,0.83,1.06,0.317,0.349,0.142,0.317,0.42,66.0,96.0,101.0,121.0,101.0,105.0,97.0,102.0,102.0,,,,95.0,80.0,96.0,,0.515,0.113,0.198,0.054,0.08,,-0.16,-0.01,-3.82,96.6,89.2,,88.6,79.5,0.286,0.421,0.22,,,,0.417,0.833,0.148,0.155,0.31,0.304,,,,5.0,3,2,2,2,6,1,83,53,4.99,547179,Michael Lorenzen,1.2,0,1,,,,,,,,,,0.258,0.387,0.242,98.0,99.0,94.0,0.12,0.56,91.6,0.205,0.333,0.341,,,,,,,,,,,,,,,
2024/08/28,1:11 PM.,45,L,CLE,KC,away,Cloudy.,83,676440,7,5,0,0,3,10,2,11,38,0,5,17,676440,tannerbibee,Bibee,Right,Tanner Bibee,CLE,3.47,3.78,173.2,103.0,99.0,104.0,0.76,9.69,2.28,7.77,1.14,0.78,0.285,0.408,0.153,0.297,0.445,82.0,100.0,108.0,119.0,109.0,112.0,92.0,103.0,98.0,89.0,64.0,93.0,113.0,102.0,109.0,0.003,0.434,0.278,0.105,0.18,-0.69,-1.41,1.74,-0.9,0.13,94.6,82.5,93.9,86.2,81.3,0.282,0.476,0.213,,,,0.238,0.431,0.291,0.208,0.458,0.184,,,,5.0,8,5,5,2,6,3,99,68,3.65,608379,Michael Wacha,6.0,5,7,,,,,,,,,,0.196,0.411,0.299,,,,,,,0.141,0.225,0.368,,,,,,,,,,,,,,,
2024/08/29,7:10 PM.,46,L,HOU,KC,away,Roof Closed.,73,686613,6,3,1,0,0,7,2,4,31,1,3,8,686613,hunterbrown,"Brown, H",Right,Hunter Brown,HOU,3.49,3.31,170.0,101.0,103.0,101.0,0.778,9.48,3.18,8.26,0.95,1.61,0.271,0.35,0.192,0.218,0.421,84.0,101.0,102.0,,,,110.0,101.0,102.0,93.0,102.0,98.0,110.0,103.0,107.0,0.182,0.347,0.051,,0.126,0.16,0.92,1.7,,0.95,96.0,88.4,95.6,89.1,,0.244,0.413,0.288,,,,0.221,0.26,0.296,0.237,0.421,0.305,0.275,0.321,0.161,6.2,2,2,0,2,4,0,97,60,3.55,663903,Brady Singer,6.0,2,6,,,,,,,,,,0.2,0.2,0.236,90.0,103.0,101.0,0.17,0.14,92.4,0.23,0.363,0.216,127.0,100.0,106.0,0.125,-0.79,82.9,,,,,,,,,
2024/08/30,7:11 PM.,46,L,HOU,KC,away,Roof Closed.,73,664285,3,2,0,0,1,9,3,2,29,1,2,9,664285,frambervaldez,"Valdez, F",Left,Framber Valdez,HOU,2.91,3.41,176.1,97.0,114.0,102.0,0.744,8.63,2.81,7.15,0.66,3.02,0.205,0.416,0.129,0.321,0.425,130.0,96.0,104.0,129.0,96.0,108.0,60.0,102.0,94.0,98.0,99.0,97.0,107.0,102.0,110.0,0.458,0.012,0.043,0.313,0.175,-4.64,1.46,-0.2,1.59,0.62,94.5,89.9,94.1,85.1,79.7,0.4,1.0,0.273,,,,0.226,0.278,0.354,0.121,0.187,0.398,0.276,0.399,0.116,7.0,0,0,0,3,7,0,98,60,3.11,607625,Seth Lugo,7.0,1,9,,,,,,,,,,0.233,0.467,0.383,,,,,,,,,,,,,,,,,,,,,,,,
2024/08/31,6:10 PM.,46,L,HOU,KC,away,Roof Closed.,73,579328,5,2,1,0,1,13,0,7,34,0,2,10,579328,yuseikikuchi,Kikuchi,Left,Yusei Kikuchi,- - -,4.05,3.7,175.2,101.0,109.0,105.0,0.734,10.55,2.25,8.56,1.28,1.1,0.273,0.405,0.136,0.36,0.443,99.0,93.0,91.0,99.0,105.0,105.0,114.0,103.0,107.0,,,,111.0,100.0,106.0,,0.471,0.235,0.183,0.111,-0.08,,1.31,0.02,-0.15,95.5,86.7,,88.3,82.4,0.274,0.505,0.28,,,,0.194,0.25,0.358,0.264,0.395,0.274,,,,7.0,5,1,1,0,12,0,101,75,4.24,666142,Cole Ragans,5.0,5,10,,,,,,,,,,0.21,0.28,0.297,,,,,,,,,,,,,,,,,,,,,,,,
2024/09/01,1:10 PM.,46,L,HOU,KC,away,Roof Closed.,73,669854,7,2,1,0,1,6,5,7,33,1,2,17,669854,ronelblanco,Blanco,Right,Ronel Blanco,HOU,2.8,4.0,167.1,100.0,94.0,98.0,0.733,8.93,3.66,6.13,1.18,0.95,0.21,0.453,0.178,0.317,0.405,119.0,104.0,108.0,75.0,96.0,100.0,85.0,95.0,90.0,,,,89.0,103.0,101.0,,0.383,0.302,0.094,0.221,-0.42,,2.24,2.55,-0.16,93.4,85.2,,86.4,80.1,0.232,0.497,0.192,,,,0.188,0.356,0.343,0.071,0.071,0.376,,,,5.0,3,0,0,4,3,0,101,60,3.03,679525,Alec Marsh,5.0,3,5,,,,,,,,,,0.18,0.284,0.333,,,,,,,,,,,,,,,,,,,,,,,,
2024/09/02,3:11 PM.,47,L,CLE,KC,home,Sunny.,78,668909,4,2,2,0,0,6,2,2,28,1,2,4,668909,gavinwilliams,"Williams, G",Right,Gavin Williams,CLE,4.86,4.22,76.0,101.0,99.0,102.0,0.788,9.36,3.79,8.53,0.83,1.06,0.317,0.349,0.142,0.317,0.42,66.0,96.0,101.0,121.0,101.0,105.0,97.0,102.0,102.0,,,,95.0,80.0,96.0,,0.515,0.113,0.198,0.054,0.08,,-0.16,-0.01,-3.82,96.6,89.2,,88.6,79.5,0.286,0.421,0.22,,,,0.417,0.833,0.148,0.155,0.31,0.304,,,,7.0,1,1,1,2,6,0,98,62,4.55,608379,Michael Wacha,5.0,2,3,,,,,,,,,,0.258,0.387,0.242,98.0,99.0,94.0,0.12,0.56,91.6,0.205,0.333,0.341,,,,,,,,,,,,,,,
2024/09/03,6:40 PM.,47,L,CLE,KC,home,Clear.,79,676440,7,1,1,0,0,8,3,4,30,0,1,14,676440,tannerbibee,Bibee,Right,Tanner Bibee,CLE,3.47,3.78,173.2,103.0,99.0,104.0,0.76,9.69,2.28,7.77,1.14,0.78,0.285,0.408,0.153,0.297,0.445,82.0,100.0,108.0,119.0,109.0,112.0,92.0,103.0,98.0,89.0,64.0,93.0,113.0,102.0,109.0,0.003,0.434,0.278,0.105,0.18,-0.69,-1.41,1.74,-0.9,0.13,94.6,82.5,93.9,86.2,81.3,0.282,0.476,0.213,,,,0.238,0.431,0.291,0.208,0.458,0.184,,,,6.0,2,1,1,3,6,0,91,57,3.56,663903,Brady Singer,5.2,2,3,,,,,,,,,,0.196,0.411,0.299,,,,,,,0.141,0.225,0.368,,,,,,,,,,,,,,,
2024/09/04,6:40 PM.,47,W,CLE,KC,home,Clear.,82,594902,1,4,3,0,1,11,1,10,34,0,4,15,594902,benlively,Lively,Right,Ben Lively,CLE,3.81,4.0,151.0,102.0,67.0,92.0,0.83,7.03,2.92,8.28,1.37,1.02,0.228,0.407,0.128,0.309,0.433,75.0,108.0,95.0,43.0,106.0,93.0,57.0,94.0,83.0,57.0,108.0,94.0,105.0,102.0,101.0,0.29,0.314,0.218,0.088,0.091,-0.21,0.56,-0.01,-0.11,-0.79,89.9,83.9,90.4,79.4,76.9,0.268,0.504,0.166,0.231,0.413,0.241,0.279,0.382,0.185,0.206,0.365,0.18,0.227,0.392,0.133,4.0,7,4,4,1,3,1,78,51,4.07,607625,Seth Lugo,7.0,1,4,,,,,,,,,,0.238,0.476,0.419,,,,,,,,,,,,,,,,,,,,,,,,
2024/09/06,7:10 PM.,48,W,MIN,KC,home,Clear.,76,805673,0,5,1,0,1,5,1,10,33,1,5,10,805673,zebbymatthews,Matthews,Right,Zebby Matthews,MIN,6.69,6.01,37.2,100.0,100.0,100.0,0.772,10.27,2.63,12.19,2.63,0.87,0.256,0.455,0.165,0.38,0.431,88.0,87.0,93.0,107.0,117.0,117.0,95.0,99.0,97.0,,,,114.0,100.0,105.0,,0.428,0.259,0.071,0.079,-1.19,,-1.68,-5.76,-3.13,94.9,85.8,,87.2,81.7,0.288,0.627,0.178,,,,0.222,0.333,0.313,0.4,0.667,0.174,,,,5.0,9,4,4,1,4,1,89,60,7.36,666142,Cole Ragans,6.0,0,7,,,,,,,,,,0.308,0.462,0.376,96.0,101.0,95.0,0.162,-1.3,90.9,0.345,0.655,0.182,,,,,,,,,,,,,,,
2024/09/07,6:15 PM.,48,W,MIN,KC,home,Clear.,75,641927,2,4,0,0,0,8,0,6,29,0,3,6,641927,baileyober,Ober,Right,Bailey Ober,MIN,3.98,3.22,178.2,105.0,91.0,102.0,0.728,9.62,2.17,6.85,1.36,0.67,0.22,0.439,0.183,0.303,0.416,116.0,111.0,111.0,94.0,99.0,103.0,81.0,104.0,96.0,,,,74.0,100.0,101.0,,0.381,0.118,0.011,0.294,-0.01,,2.03,4.57,1.98,91.7,83.4,,80.3,76.0,0.258,0.506,0.222,,,,0.154,0.285,0.395,0.0,0.0,0.375,,,,7.0,1,0,0,0,7,0,83,59,3.77,679525,Alec Marsh,5.0,2,5,,,,,,,,,,0.095,0.162,0.307,84.0,104.0,100.0,0.195,-0.86,86.2,0.279,0.504,0.229,,,,,,,,,,,,,,,
2024/09/08,1:13 PM.,48,W,MIN,KC,home,Sunny.,73,680573,0,2,2,0,0,5,3,6,29,0,2,15,680573,simeonwoodsrichardson,Woods Richardson,Right,Simeon Woods Richardson,MIN,4.17,4.05,133.2,104.0,87.0,100.0,0.807,7.88,3.23,8.42,1.08,0.8,0.289,0.421,0.155,0.282,0.436,103.0,106.0,113.0,106.0,103.0,102.0,71.0,100.0,88.0,,,,92.0,108.0,106.0,,0.403,0.312,0.093,0.193,0.82,,0.76,1.68,-3.33,93.1,82.8,,86.4,76.1,0.258,0.356,0.219,,,,0.311,0.622,0.205,0.186,0.326,0.221,,,,4.1,3,2,2,3,2,0,70,44,3.96,608379,Michael Wacha,7.0,0,7,,,,,,,,,,0.214,0.313,0.239,,,,,,,,,,,,,,,,,,,,,,,,
2024/09/09,7:09 PM.,49,L,NYY,KC,away,Clear.,74,607074,10,4,0,0,2,14,3,7,34,1,4,11,607074,carlosrodon,Rodón,Left,Carlos Rodón,NYY,3.96,4.14,175.0,97.0,122.0,103.0,0.716,10.03,2.93,8.07,1.59,0.69,0.257,0.399,0.143,0.329,0.396,129.0,92.0,106.0,103.0,86.0,93.0,114.0,98.0,101.0,,,,144.0,104.0,113.0,,0.494,0.26,0.083,0.129,0.05,,-0.4,-1.32,1.44,95.4,85.5,,86.8,81.0,0.262,0.514,0.214,,,,0.188,0.247,0.495,0.281,0.531,0.276,,,,6.0,6,4,3,1,9,2,98,67,4.21,663903,Brady Singer,5.0,3,3,,,,,,,,,,0.199,0.361,0.393,100.0,83.0,82.0,0.035,-3.11,91.8,0.353,0.647,0.255,,,,,,,,,,,,,,,
2024/09/10,7:08 PM.,49,W,NYY,KC,away,Clear.,76,573186,0,5,0,0,1,8,2,11,34,3,5,17,573186,marcusstroman,Stroman,Right,Marcus Stroman,NYY,4.31,4.94,154.2,96.0,92.0,94.0,0.82,6.58,3.49,9.72,1.11,1.6,0.207,0.4,0.148,0.325,0.359,,,,94.0,89.0,94.0,48.0,88.0,79.0,90.0,94.0,90.0,93.0,102.0,102.0,0.351,0.032,0.16,0.165,,-4.01,-0.03,-2.37,-0.03,,89.9,,90.0,85.3,81.3,0.455,0.636,0.259,,,,,,,0.0,0.0,0.265,0.306,0.466,0.12,5.1,7,3,3,2,4,0,89,56,4.07,607625,Seth Lugo,7.0,0,10,82.0,99.0,93.0,0.111,-0.31,83.3,0.235,0.309,0.241,0.258,0.386,0.272,106.0,101.0,99.0,0.182,-0.26,88.1,0.296,0.519,0.187,,,,,,,0.309,0.515,0.313,,,,,,
2024/09/11,7:07 PM.,49,L,NYY,KC,away,Clear.,73,661563,4,3,1,0,1,11,4,8,39,1,2,22,661563,luisgil,Gil,Right,Luis Gil,NYY,3.5,3.8,151.2,95.0,110.0,100.0,0.742,10.15,4.57,6.17,1.07,0.76,0.266,0.429,0.168,0.321,0.398,80.0,93.0,93.0,,,,128.0,96.0,102.0,,,,108.0,94.0,105.0,,0.488,0.259,,0.253,0.06,,1.37,,0.37,96.6,91.6,,87.5,,0.205,0.395,0.285,,,,0.179,0.282,0.269,,,,,,,5.0,5,1,1,2,5,1,97,58,3.18,666142,Cole Ragans,6.0,2,7,,,,,,,,,,0.171,0.312,0.315,,,,,,,,,,,,,,,,,,,,,,,,
2024/09/13,6:41 PM.,50,W,PIT,KC,away,Clear.,81,682847,3,8,1,0,3,10,3,8,35,0,8,9,682847,luislortiz,"Ortiz, L.L.",Right,Luis L. Ortiz,PIT,3.32,4.31,135.2,100.0,104.0,99.0,0.816,7.1,2.79,7.23,1.06,0.94,0.246,0.425,0.166,0.286,0.443,66.0,87.0,88.0,,,,97.0,104.0,97.0,105.0,97.0,95.0,121.0,102.0,109.0,0.258,0.268,0.268,,0.009,1.02,1.13,-0.41,,0.21,95.9,90.6,94.9,85.8,,0.187,0.331,0.208,,,,,,,,,,0.237,0.374,0.129,4.0,5,7,4,2,5,2,97,65,3.45,679525,Alec Marsh,5.1,1,11,,,,,,,,,,0.203,0.392,0.31,90.0,100.0,94.0,0.197,0.71,91.0,0.273,0.416,0.168,,,,,,,,,,,,,,,
2024/09/14,1:07 PM.,50,W,PIT,KC,away,Sunny.,82,656605,1,5,4,1,1,8,4,7,33,6,4,20,656605,mitchkeller,"Keller, M",Right,Mitch Keller,PIT,4.25,4.31,178.0,101.0,99.0,100.0,0.805,8.39,2.53,9.2,1.16,1.07,0.285,0.376,0.135,0.331,0.442,88.0,103.0,102.0,111.0,96.0,104.0,86.0,103.0,96.0,82.0,102.0,94.0,129.0,100.0,109.0,0.22,0.304,0.25,0.096,0.008,0.3,-0.26,-1.04,-0.11,-12.5,94.4,89.8,93.4,84.7,78.4,0.257,0.4,0.24,0.204,0.331,0.25,0.667,1.333,0.0,0.233,0.442,0.293,0.266,0.405,0.125,6.0,4,4,3,1,6,1,92,58,3.87,608379,Michael Wacha,5.0,1,8,,,,,,,,,,0.338,0.636,0.248,96.0,99.0,98.0,0.122,-1.0,90.4,0.272,0.593,0.195,,,,,,,,,,,,,,,
2024/09/15,1:36 PM.,50,L,PIT,KC,away,Sunny.,83,683003,4,3,3,1,0,8,5,8,33,0,3,20,683003,jaredjones,Jones,Right,Jared Jones,PIT,4.14,4.05,121.2,102.0,127.0,108.0,0.726,9.76,2.88,7.84,1.33,0.93,0.238,0.39,0.149,0.335,0.458,113.0,99.0,106.0,95.0,96.0,98.0,132.0,102.0,109.0,,,,130.0,103.0,111.0,,0.493,0.348,0.093,0.066,0.15,,1.12,-2.53,-2.91,97.3,89.9,,88.8,81.5,0.224,0.425,0.257,,,,0.317,0.561,0.229,0.348,0.87,0.327,,,,4.0,6,2,2,3,5,0,97,61,3.85,663903,Brady Singer,5.0,4,6,,,,,,,,,,0.208,0.354,0.373,,,,,,,,,,,,,,,,,,,,,,,,
2024/09/16,6:40 PM.,51,L,DET,KC,home,Partly Cloudy.,86,681857,7,6,0,2,1,9,2,11,35,1,6,17,681857,reeseolson,Olson,Right,Reese Olson,DET,3.53,3.64,112.1,97.0,91.0,97.0,0.729,8.09,2.64,8.01,0.56,1.62,0.214,0.462,0.128,0.306,0.365,102.0,97.0,105.0,92.0,91.0,90.0,70.0,94.0,86.0,75.0,103.0,95.0,111.0,97.0,103.0,0.205,0.234,0.278,0.06,0.223,-0.39,1.85,2.08,-3.32,-0.05,94.2,86.5,94.2,84.8,79.0,0.277,0.386,0.101,,,,0.222,0.344,0.429,0.304,0.652,0.295,0.284,0.385,0.076,2.1,4,4,4,1,3,1,50,29,3.50,607625,Seth Lugo,4.2,4,4,,,,,,,,,,0.143,0.194,0.455,,,,,,,,,,,,,,,,,,,,,,,,
2024/09/17,6:40 PM.,51,L,DET,KC,home,Clear.,86,663554,3,1,0,0,0,8,6,7,34,1,1,20,663554,caseymize,Mize,Right,Casey Mize,DET,4.49,4.74,102.1,102.0,107.0,101.0,0.803,6.86,2.55,10.64,0.97,1.65,0.227,0.405,0.149,0.335,0.435,,,,,,,106.0,105.0,102.0,92.0,108.0,105.0,107.0,101.0,102.0,0.08,0.386,0.277,,,-0.47,1.3,-0.46,,,95.5,,95.5,85.7,,0.306,0.428,0.205,,,,,,,0.261,0.522,0.216,0.293,0.341,0.08,4.1,6,1,1,4,3,0,89,52,4.36,666142,Cole Ragans,7.0,1,6,112.0,99.0,102.0,0.181,-1.06,86.2,0.286,0.405,0.322,0.271,0.5,0.218,,,,,,,,,,102.0,90.0,94.0,0.075,-2.21,79.6,,,,,,,,,
2024/09/18,6:40 PM.,51,L,DET,KC,home,Clear.,86,669373,4,2,1,0,0,11,2,7,33,0,2,15,669373,tarikskubal,Skubal,Left,Tarik Skubal,DET,2.39,2.72,192.0,103.0,103.0,106.0,0.717,10.69,1.64,6.66,0.7,1.27,0.256,0.387,0.181,0.254,0.475,97.0,104.0,114.0,,,,112.0,104.0,103.0,95.0,105.0,104.0,111.0,99.0,103.0,0.205,0.332,0.149,,0.271,1.84,1.25,0.78,,1.13,96.8,86.3,96.6,88.7,,0.197,0.286,0.277,,,,0.216,0.322,0.461,0.158,0.316,0.175,0.207,0.305,0.16,5.0,3,1,1,1,7,0,95,64,2.48,679525,Alec Marsh,2.2,3,5,,,,,,,,,,0.169,0.364,0.346,,,,,,,,,,95.0,91.0,101.0,0.042,1.26,78.5,,,,,,,,,
2024/09/20,7:11 PM.,52,L,SF,KC,home,Clear.,93,696131,2,1,0,0,0,8,4,5,31,1,1,21,696131,masonblack,Black,Right,Mason Black,SFG,6.44,6.13,36.1,101.0,99.0,99.0,0.858,7.68,3.72,11.39,1.73,0.69,0.225,0.392,0.167,0.367,0.431,92.0,88.0,77.0,,,,86.0,103.0,98.0,101.0,100.0,97.0,109.0,97.0,101.0,0.285,0.321,0.371,,0.023,-2.69,-1.0,-0.68,,-13.48,92.4,87.6,92.6,83.3,,0.333,0.548,0.236,0.318,0.591,0.16,0.667,0.833,0.0,,,,0.326,0.535,0.08,5.2,4,0,0,1,4,0,84,54,5.88,608379,Michael Wacha,5.2,2,5,,,,,,,,,,0.0,0.0,0.179,,,,,,,,,,,,,,,,,,,,,,,,
2024/09/21,4:10 PM.,52,L,SF,KC,home,Partly Cloudy.,87,694738,9,0,2,0,0,6,3,5,32,0,0,17,694738,landenroupp,Roupp,Right,Landen Roupp,SFG,3.58,4.05,50.1,98.0,125.0,106.0,0.763,8.4,4.65,7.69,0.36,1.6,0.231,0.427,0.196,0.252,0.397,97.0,92.0,93.0,155.0,103.0,121.0,66.0,70.0,66.0,102.0,96.0,95.0,115.0,84.0,93.0,0.405,0.019,0.042,0.441,0.094,-2.8,0.31,0.91,0.4,1.41,93.4,88.2,94.4,83.9,77.4,,,,,,,0.111,0.111,0.357,0.224,0.357,0.335,0.257,0.343,0.055,5.0,3,0,0,3,3,0,87,56,2.70,663903,Brady Singer,5.1,6,6,,,,,,,,,,0.25,0.25,0.6,,,,,,,,,,,,,,,,,,,,,,,,
2024/09/22,1:11 PM.,52,L,SF,KC,home,Drizzle.,64,605483,2,0,0,0,0,13,2,3,30,0,0,14,605483,blakesnell,Snell,Left,Blake Snell,SFG,3.12,2.57,104.0,98.0,122.0,104.0,0.641,12.55,3.81,5.63,0.52,1.03,0.263,0.404,0.171,0.254,0.356,110.0,108.0,116.0,148.0,99.0,109.0,116.0,96.0,100.0,,,,106.0,87.0,91.0,,0.464,0.101,0.26,0.176,1.16,,0.11,2.25,0.95,95.9,85.5,,88.7,81.1,0.2,0.303,0.244,,,,0.236,0.319,0.476,0.111,0.183,0.498,,,,6.0,2,0,0,1,9,0,88,56,3.12,607625,Seth Lugo,7.0,2,5,,,,,,,,,,0.167,0.267,0.446,,,,,,,,,,,,,,,,,,,,,,,,
2024/09/24,7:25 PM.,53,W,WSH,KC,away,Overcast.,66,680730,0,1,0,0,0,12,4,8,37,2,0,19,680730,mitchellparker,Parker,Left,Mitchell Parker,WSN,4.29,4.37,151.0,99.0,87.0,97.0,0.801,7.93,2.56,9.18,1.07,0.94,0.248,0.444,0.132,0.321,0.441,,,,97.0,96.0,96.0,78.0,101.0,96.0,,,,106.0,107.0,110.0,,0.486,0.098,0.225,,0.07,,-0.73,0.47,,92.5,,,84.5,80.5,0.276,0.425,0.12,,,,,,,0.252,0.36,0.263,,,,5.0,5,0,0,2,5,0,91,59,4.29,666142,Cole Ragans,6.0,0,6,89.0,94.0,94.0,0.191,-0.6,85.6,0.233,0.4,0.372,0.238,0.429,0.364,,,,,,,,,,,,,,,,,,,,,,,,
2024/09/25,6:45 PM.,53,W,WSH,KC,away,Overcast.,71,687792,0,3,1,0,0,6,3,7,33,0,3,15,687792,djherz,Herz,Left,DJ Herz,WSN,4.16,3.26,88.2,97.0,99.0,97.0,0.734,10.76,3.65,7.71,1.12,0.82,0.254,0.436,0.14,0.326,0.429,113.0,98.0,99.0,,,,93.0,98.0,96.0,,,,105.0,95.0,100.0,,0.542,0.179,,0.245,0.86,,-0.96,,-0.19,93.5,83.5,,86.1,,0.222,0.317,0.305,,,,0.224,0.388,0.26,0.2,0.2,0.533,,,,5.0,3,1,1,3,3,0,81,52,4.16,547179,Michael Lorenzen,2.1,0,2,,,,,,,,,,0.229,0.429,0.275,,,,,,,,,,102.0,82.0,88.0,0.033,1.64,81.2,,,,,,,,,
2024/09/26,1:05 PM.,53,W,WSH,KC,away,Cloudy.,77,571578,4,7,0,0,1,4,4,8,35,2,7,13,571578,patrickcorbin,Corbin,Left,Patrick Corbin,WSN,5.62,5.53,174.2,101.0,76.0,94.0,0.788,7.16,2.78,10.72,1.29,1.42,0.218,0.384,0.141,0.333,0.396,87.0,96.0,96.0,73.0,100.0,97.0,55.0,97.0,84.0,71.0,103.0,92.0,88.0,97.0,97.0,0.338,0.076,0.343,0.016,0.034,-1.46,-1.9,0.41,-2.3,-5.53,91.3,81.0,91.5,80.0,70.0,0.311,0.578,0.133,,,,0.409,0.773,0.279,0.5,1.25,0.526,0.339,0.567,0.091,5.1,6,4,4,1,3,1,73,49,5.62,608379,Michael Wacha,5.0,3,2,,,,,,,,,,0.216,0.335,0.354,76.0,107.0,98.0,0.192,-0.37,85.7,0.301,0.434,0.223,,,,0.001,4.71,63.2,,,,,,,,,
2024/09/27,7:21 PM.,54,L,ATL,KC,away,Cloudy.,72,608331,3,0,2,0,0,9,2,3,29,1,0,7,608331,maxfried,Fried,Left,Max Fried,ATL,3.25,3.72,174.1,98.0,94.0,99.0,0.776,8.57,2.94,7.54,0.67,2.53,0.255,0.435,0.151,0.261,0.413,91.0,101.0,103.0,116.0,103.0,108.0,78.0,93.0,93.0,90.0,98.0,94.0,102.0,97.0,98.0,0.158,0.327,0.115,0.21,0.136,0.63,1.47,0.5,1.39,1.7,93.9,85.7,93.6,82.1,74.6,0.266,0.36,0.182,0.167,0.2,0.358,0.196,0.283,0.251,0.154,0.285,0.371,0.265,0.299,0.137,8.2,3,0,0,2,9,0,98,63,3.25,663903,Brady Singer,6.0,2,5,,,,,,,,,,0.22,0.293,0.297,93.0,96.0,94.0,0.054,-1.33,88.5,0.286,0.476,0.286,,,,,,,,,,,,,,,
2024/09/28,7:20 PM.,54,L,ATL,KC,away,Cloudy.,72,625643,2,1,1,0,0,13,3,3,28,0,0,5,625643,reynaldolopez,"López, R",Right,Reynaldo López,ATL,1.99,3.94,135.2,102.0,96.0,101.0,0.75,9.82,2.79,7.16,0.66,1.03,0.279,0.365,0.142,0.305,0.439,75.0,110.0,105.0,84.0,99.0,104.0,91.0,103.0,99.0,,,,113.0,100.0,105.0,,0.552,0.294,0.116,0.038,1.19,,1.45,1.61,-3.58,95.5,86.1,,85.0,77.0,0.266,0.369,0.165,,,,0.263,0.737,0.349,0.151,0.264,0.364,,,,6.0,2,1,1,0,9,0,73,49,2.00,607625,Seth Lugo,2.0,0,3,,,,,,,,,,0.168,0.257,0.443,,,,,,,,,,,,,,,,,,,,,,,,
2024/09/29,3:21 PM.,54,W,ATL,KC,away,Partly Cloudy.,76,450203,2,4,1,0,2,14,3,5,30,0,4,5,450203,charliemorton,"Morton, C",Right,Charlie Morton,ATL,4.19,4.49,165.1,98.0,95.0,97.0,0.753,9.09,3.54,8.38,1.25,1.42,0.235,0.437,0.144,0.327,0.408,86.0,97.0,93.0,122.0,98.0,108.0,72.0,99.0,90.0,79.0,96.0,88.0,,,,0.099,0.289,,0.424,0.11,-1.4,0.39,,0.78,-1.38,94.1,85.0,93.5,,81.5,0.281,0.517,0.193,,,,0.292,0.6,0.333,0.2,0.309,0.342,0.333,0.433,0.07,4.1,5,4,4,2,3,2,75,49,4.19,679525,Alec Marsh,5.0,1,2,,,,,,,,,,,,,73.0,92.0,86.0,0.078,-0.75,88.5,0.286,0.571,0.149,,,,,,,,,,,,,,,
2024/10/01,4:08 PM.,55,W,BAL,KC,away,Overcast.,66,669203,0,1,0,0,0,4,2,5,29,2,1,10,669203,corbinburnes,Burnes,Right,Corbin Burnes,BAL,2.92,3.34,194.1,103.0,120.0,107.0,0.735,8.38,2.22,7.64,1.02,1.4,0.21,0.425,0.19,0.289,0.399,110.0,98.0,103.0,109.0,101.0,106.0,,,,104.0,95.0,89.0,133.0,105.0,120.0,0.078,,0.146,0.215,0.11,,-0.5,0.7,0.44,0.2,,89.2,97.0,87.2,80.3,,,,0.125,0.5,0.457,0.194,0.339,0.377,0.2,0.326,0.378,0.235,0.412,0.157,8.0,5,1,1,1,3,0,84,56,1.13,666142,Cole Ragans,6.0,0,8,,,,,,,,,,0.196,0.268,0.463,125.0,105.0,108.0,0.45,1.37,95.3,0.251,0.362,0.19,,,,,,,,,,,,,,,
2024/10/02,4:38 PM.,55,W,BAL,KC,away,Cloudy.,69,621107,1,2,1,0,0,10,4,9,35,1,2,19,621107,zacheflin,Eflin,Right,Zach Eflin,- - -,3.59,3.67,165.1,107.0,92.0,103.0,0.808,7.29,1.31,9.04,1.2,1.14,0.235,0.446,0.174,0.323,0.45,87.0,101.0,103.0,108.0,112.0,108.0,61.0,105.0,94.0,91.0,109.0,105.0,122.0,107.0,113.0,0.282,0.09,0.097,0.188,0.061,-0.64,0.0,0.46,-1.27,0.21,92.4,85.6,91.7,79.7,78.8,0.236,0.418,0.248,0.236,0.473,0.203,0.188,0.354,0.105,0.291,0.472,0.333,0.293,0.404,0.133,4.0,4,1,1,1,3,0,75,50,2.25,607625,Seth Lugo,4.1,1,6,,,,,,,,,,,,,85.0,105.0,98.0,0.282,1.54,88.2,0.214,0.345,0.223,,,,,,,,,,,,,,,
2024/10/05,6:38 PM.,56,L,NYY,KC,away,Clear.,71,543037,6,5,0,0,1,7,3,9,35,0,5,12,543037,gerritcole,Cole,Right,Gerrit Cole,NYY,3.41,3.64,95.0,101.0,111.0,105.0,0.777,9.38,2.75,7.39,1.04,0.88,0.289,0.371,0.18,0.332,0.435,73.0,94.0,90.0,,,,116.0,100.0,104.0,,,,128.0,106.0,112.0,0.002,0.462,0.146,,0.04,0.7,17.25,1.25,,-3.6,95.9,88.2,93.7,88.2,,0.189,0.365,0.234,,,,0.333,0.667,0.28,0.209,0.239,0.301,0.0,0.0,0.143,5.0,7,4,3,2,4,1,80,56,5.40,608379,Michael Wacha,4.0,3,3,,,,,,,,,,0.222,0.27,0.264,99.0,102.0,102.0,0.163,-0.7,91.4,0.32,0.56,0.22,102.0,99.0,106.0,0.187,2.35,82.5,,,,,,,,,
2024/10/07,7:38 PM.,56,W,NYY,KC,away,Partly Cloudy.,67,607074,2,4,0,0,1,15,2,11,36,2,4,15,607074,carlosrodon,Rodón,Left,Carlos Rodón,NYY,3.96,4.14,175.0,97.0,122.0,103.0,0.716,10.03,2.93,8.07,1.59,0.69,0.257,0.399,0.143,0.329,0.396,129.0,92.0,106.0,103.0,86.0,93.0,114.0,98.0,101.0,,,,144.0,104.0,113.0,,0.494,0.26,0.083,0.129,0.05,,-0.4,-1.32,1.44,95.4,85.5,,86.8,81.0,0.262,0.514,0.214,,,,0.188,0.247,0.495,0.281,0.531,0.276,,,,3.2,7,4,4,0,7,1,72,49,9.82,666142,Cole Ragans,4.0,1,5,,,,,,,,,,0.199,0.361,0.393,100.0,83.0,82.0,0.035,-3.11,91.8,0.353,0.647,0.255,,,,,,,,,,,,,,,
2024/10/09,6:08 PM.,56,L,NYY,KC,home,Clear.,81,657376,3,2,2,1,0,5,2,6,32,0,2,10,657376,clarkeschmidt,Schmidt,Right,Clarke Schmidt,NYY,2.85,3.78,85.1,98.0,116.0,100.0,0.724,9.81,3.16,7.49,0.84,1.01,0.271,0.407,0.208,0.281,0.401,36.0,89.0,96.0,,,,,,,83.0,94.0,85.0,136.0,94.0,102.0,0.21,,0.252,,0.006,,-0.75,1.21,,-13.05,,87.1,94.3,85.2,,,,,0.21,0.323,0.297,0.667,1.0,0.0,0.143,0.19,0.33,0.267,0.483,0.203,4.2,4,2,2,1,4,0,71,48,3.86,607625,Seth Lugo,5.0,2,2,,,,,,,,,,,,,106.0,102.0,100.0,0.35,0.53,92.4,0.256,0.38,0.322,150.0,102.0,113.0,0.182,0.89,83.8,,,,,,,,,
2024/10/10,7:08 PM.,56,L,NYY,KC,home,Clear.,78,543037,3,1,1,0,0,7,0,6,32,0,1,7,543037,gerritcole,Cole,Right,Gerrit Cole,NYY,3.41,3.64,95.0,101.0,111.0,105.0,0.777,9.38,2.75,7.39,1.04,0.88,0.289,0.371,0.18,0.332,0.435,73.0,94.0,90.0,,,,116.0,100.0,104.0,,,,128.0,106.0,112.0,0.002,0.462,0.146,,0.04,0.7,17.25,1.25,,-3.6,95.9,88.2,93.7,88.2,,0.189,0.365,0.234,,,,0.333,0.667,0.28,0.209,0.239,0.301,0.0,0.0,0.143,7.0,6,1,1,0,4,0,87,63,3.00,608379,Michael Wacha,4.2,2,2,,,,,,,,,,0.222,0.27,0.264,99.0,102.0,102.0,0.163,-0.7,91.4,0.32,0.56,0.22,102.0,99.0,106.0,0.187,2.35,82.5,,,,,,,,,
