date,time,opponent,team,location,weather,temp,opposingPitcherId,position,ab,r,h,doubles,triples,hr,rbi,sb,bb,k,lob,avg,obp,slg,ops,id,fullName,boxscoreName,PitchingHand,PlayerName,Team,ERA,xERA,IP,Location+,Stuff+,Pitching+,Contact%,K/9,BB/9,H/9,HR/9,GB/FB,Oppo%,Pull%,Soft%,Hard%,Zone%,Stf+ CH,Loc+ CH,Pit+ CH,Stf+ FA,Loc+ FA,Pit+ FA,Stf+ SL,Loc+ SL,Pit+ SL,FA%,SL%,CU%,CH%,wFA/C,wSL/C,wCU/C,wCH/C,vFA,vCH,vSL,vCU,FF_ba,FF_slg,FF_whiff,CH_ba,CH_slg,CH_whiff,SL_ba,SL_slg,SL_whiff,Stf+ CU,Loc+ CU,Pit+ CU,CU_ba,CU_slg,CU_whiff,Stf+ SI,Loc+ SI,Pit+ SI,SI%,wSI/C,vSI,ST_ba,ST_slg,ST_whiff,SI_ba,SI_slg,SI_whiff,Stf+ FS,Loc+ FS,Pit+ FS,FS%,wFS/C,vFS,FS_ba,FS_slg,FS_whiff,Stf+ FC,Loc+ FC,Pit+ FC,FC%,KC%,wFC/C,wKC/C,vFC,vKC,FC_ba,FC_slg,FC_whiff,Stf+ KC,Loc+ KC,Pit+ KC,SV_ba,SV_slg,SV_whiff,vKN (sc),KN%,wKN/C,KC_ba,KC_slg,KC_whiff,FO%,wFO/C,vFO
2024/09/01,12:12 PM.,MIL,CIN,home,Partly Cloudy.,81,668964,DH,2,0,0,0,0,0,0,0,0,1,3,.233,.313,.378,.691,668964,tobiasmyers,Myers,Right,Tobias Myers,MIL,3.0,4.22,138.0,102.0,92.0,97.0,0.81,8.28,2.35,8.22,1.17,0.93,0.262,0.416,0.13,0.314,0.432,109.0,86.0,90.0,87.0,105.0,100.0,92.0,106.0,103.0,0.401,0.21,0.041,0.114,0.58,1.43,-3.19,1.18,92.9,81.1,85.5,77.8,0.239,0.436,0.194,0.083,0.083,0.444,0.198,0.255,0.248,73.0,99.0,104.0,0.421,0.579,0.194,71.0,92.0,74.0,0.005,11.28,91.5,,,,0.0,0.0,0.0,,,,,,,,,,96.0,100.0,91.0,0.23,,-0.75,,89.2,,0.336,0.518,0.123,,,,,,,,,,,,,,,
2024/08/31,7:17 PM.,MIL,CIN,home,Cloudy.,79,593423,1B,3,1,1,1,0,0,0,0,0,0,1,.234,.315,.381,.696,593423,frankiemontas,Montas,Right,Frankie Montas,- - -,4.84,4.71,150.2,101.0,98.0,99.0,0.777,8.84,3.94,8.36,1.43,1.1,0.235,0.376,0.147,0.311,0.418,,,,83.0,105.0,98.0,117.0,103.0,106.0,0.332,0.107,,,-0.02,-1.94,,,95.6,,85.4,,0.206,0.367,0.231,,,,0.288,0.577,0.325,,,,,,,83.0,100.0,98.0,0.191,1.13,94.8,,,,0.248,0.407,0.113,119.0,99.0,105.0,0.183,-0.23,86.0,0.218,0.297,0.426,109.0,95.0,95.0,0.187,,-1.4,,90.4,,0.326,0.609,0.223,,,,,,,,,,,,,,,
2024/08/30,12:41 PM.,MIL,CIN,home,Sunny.,92,607067,1B,1,0,0,0,0,0,0,0,0,1,0,.231,.313,.377,.690,607067,colinrea,Rea,Right,Colin Rea,MIL,4.29,4.91,167.2,102.0,84.0,97.0,0.827,7.25,2.31,9.07,1.56,0.95,0.24,0.456,0.137,0.329,0.443,,,,70.0,109.0,95.0,109.0,106.0,108.0,0.193,0.172,0.042,,0.49,1.41,-3.64,,92.9,,82.0,78.7,0.207,0.314,0.248,,,,,,,100.0,109.0,104.0,0.394,0.636,0.18,82.0,103.0,96.0,0.311,-0.28,92.3,0.159,0.234,0.227,0.298,0.482,0.115,78.0,98.0,96.0,0.088,-2.02,86.5,0.286,0.492,0.277,76.0,94.0,88.0,0.194,,-1.34,,87.6,,0.287,0.656,0.168,,,,,,,,,,,,,,,
2024/08/29,5:12 PM.,OAK,CIN,home,Partly Cloudy.,92,669372,DH,2,2,1,0,0,0,0,0,2,1,0,.232,.314,.378,.692,669372,jtginn,Ginn,Right,J.T. Ginn,OAK,4.24,4.59,34.0,100.0,100.0,99.0,0.738,7.68,2.38,9.53,1.06,1.45,0.245,0.431,0.137,0.284,0.429,93.0,96.0,97.0,72.0,76.0,78.0,107.0,102.0,103.0,0.035,0.309,,0.146,1.23,2.3,,-0.36,92.2,87.0,85.3,,0.0,0.0,0.333,0.389,0.556,0.375,0.158,0.237,0.355,,,,,,,100.0,102.0,99.0,0.511,-0.98,92.9,,,,0.319,0.472,0.205,,,,,,,,,,,,,,,,,,,,,,,,,,,,,,,,,,,,
2024/08/28,6:42 PM.,OAK,CIN,home,Partly Cloudy.,88,674370,1B,2,0,0,0,0,0,0,0,0,1,1,.230,.308,.377,.685,674370,osvaldobido,Bido,Right,Osvaldo Bido,OAK,3.41,2.72,63.1,97.0,103.0,97.0,0.761,8.95,3.69,6.11,0.43,0.61,0.245,0.405,0.252,0.258,0.425,78.0,103.0,102.0,102.0,95.0,92.0,131.0,103.0,111.0,0.394,0.211,,0.152,0.18,1.83,,1.82,94.8,88.9,85.8,,0.203,0.297,0.287,0.121,0.152,0.343,0.197,0.311,0.27,,,,,,,102.0,89.0,87.0,0.099,-0.7,94.9,,,,0.304,0.478,0.146,,,,,,,,,,93.0,99.0,96.0,0.143,,2.25,,86.9,,0.152,0.212,0.197,,,,,,,,,,,,,,,
2024/08/27,6:42 PM.,OAK,CIN,home,Clear.,93,687765,DH,3,0,0,0,0,0,0,0,1,2,5,.232,.311,.380,.691,687765,mitchspence,Spence,Right,Mitch Spence,OAK,4.58,4.14,151.1,103.0,100.0,101.0,0.792,7.49,2.62,9.81,1.19,1.4,0.179,0.472,0.137,0.309,0.406,74.0,86.0,83.0,,,,121.0,105.0,109.0,,0.326,0.121,0.011,,0.01,-0.82,-7.88,,88.4,84.3,80.4,,,,0.571,0.857,0.0,0.278,0.493,0.276,118.0,117.0,117.0,0.196,0.351,0.31,40.0,97.0,84.0,0.146,-1.41,91.9,,,,0.338,0.403,0.16,,,,,,,,,,99.0,100.0,96.0,0.396,,-0.41,,90.7,,0.278,0.472,0.176,,,,,,,,,,,,,,,
2024/08/25,1:35 PM.,PIT,CIN,away,Partly Cloudy.,87,682847,1B,4,0,1,0,0,0,0,0,0,0,5,.235,.311,.385,.696,682847,luislortiz,"Ortiz, L.L.",Right,Luis L. Ortiz,PIT,3.32,4.31,135.2,100.0,104.0,99.0,0.816,7.1,2.79,7.23,1.06,0.94,0.246,0.425,0.166,0.286,0.443,66.0,87.0,88.0,97.0,104.0,97.0,121.0,102.0,109.0,0.268,0.268,,0.009,1.02,-0.41,,0.21,95.9,90.6,85.8,,0.187,0.331,0.208,,,,0.203,0.392,0.31,,,,,,,105.0,97.0,95.0,0.258,1.13,94.9,,,,0.237,0.374,0.129,,,,,,,,,,90.0,100.0,94.0,0.197,,0.71,,91.0,,0.273,0.416,0.168,,,,,,,,,,,,,,,
2024/08/24,6:41 PM.,PIT,CIN,away,Clear.,87,663765,DH,4,1,1,1,0,0,0,0,0,2,0,.234,.312,.387,.699,663765,jakewoodford,Woodford,Right,Jake Woodford,- - -,7.97,5.67,35.0,99.0,90.0,95.0,0.874,6.69,2.31,12.34,1.54,0.94,0.233,0.45,0.132,0.333,0.424,58.0,104.0,95.0,66.0,106.0,93.0,99.0,102.0,106.0,0.029,0.282,,0.05,-0.64,-2.09,,-0.65,91.3,85.6,80.7,,,,,0.2,0.2,0.091,,,,,,,,,,92.0,99.0,91.0,0.448,-2.26,91.5,0.26,0.5,0.272,0.366,0.592,0.046,,,,,,,,,,85.0,92.0,88.0,0.191,,-0.82,,88.6,,0.308,0.5,0.13,,,,,,,,,,,,,,,
2024/08/22,6:43 PM.,PIT,CIN,away,Clear.,76,694973,1B,3,0,0,0,0,0,0,0,0,3,1,.234,.313,.385,.698,694973,paulskenes,Skenes,Right,Paul Skenes,PIT,1.96,2.53,133.0,103.0,102.0,103.0,0.736,11.5,2.17,6.36,0.68,1.66,0.216,0.464,0.193,0.235,0.427,82.0,108.0,107.0,98.0,107.0,103.0,131.0,101.0,113.0,0.392,0.162,0.108,0.054,0.64,0.8,-0.18,2.34,98.8,87.3,85.4,83.0,0.23,0.351,0.242,0.088,0.118,0.548,0.286,0.571,0.328,105.0,100.0,104.0,0.25,0.375,0.337,80.0,95.0,86.0,0.284,3.52,94.0,0.104,0.188,0.226,0.184,0.234,0.293,,,,,,,,,,,,,,,,,,,,,,,,,,,,,,,,,,,,
2024/08/15,6:36 PM.,BAL,BOS,away,Clear.,86,621107,1B,2,0,0,0,0,0,0,0,0,1,1,.237,.317,.390,.707,621107,zacheflin,Eflin,Right,Zach Eflin,- - -,3.59,3.67,165.1,107.0,92.0,103.0,0.808,7.29,1.31,9.04,1.2,1.14,0.235,0.446,0.174,0.323,0.45,87.0,101.0,103.0,61.0,105.0,94.0,122.0,107.0,113.0,0.09,0.097,0.188,0.061,-0.64,0.46,-1.27,0.21,92.4,85.6,79.7,78.8,0.236,0.418,0.248,0.188,0.354,0.105,,,,108.0,112.0,108.0,0.291,0.472,0.333,91.0,109.0,105.0,0.282,0.0,91.7,0.236,0.473,0.203,0.293,0.404,0.133,,,,,,,,,,85.0,105.0,98.0,0.282,,1.54,,88.2,,0.214,0.345,0.223,,,,,,,,,,,,,,,
2024/08/14,6:11 PM.,TEX,BOS,home,Cloudy.,77,641540,1B,2,0,1,0,0,0,0,0,0,0,0,.239,.319,.393,.712,641540,danedunning,Dunning,Right,Dane Dunning,TEX,5.31,5.28,95.0,98.0,82.0,94.0,0.785,8.62,3.79,9.19,1.71,1.15,0.158,0.5,0.127,0.345,0.425,83.0,94.0,86.0,40.0,103.0,91.0,102.0,100.0,97.0,0.028,0.234,,0.125,-2.6,-1.44,,-1.22,89.2,85.0,80.6,,0.25,0.583,0.259,0.233,0.488,0.327,0.274,0.512,0.304,,,,0.0,0.0,0.429,79.0,102.0,97.0,0.377,0.0,89.7,,,,0.276,0.442,0.133,,,,,,,,,,74.0,99.0,94.0,0.188,0.047,-0.73,0.09,88.1,75.6,0.254,0.46,0.242,58.0,89.0,98.0,,,,,,,,,,0.001,-6.34,76.4
2024/08/13,7:12 PM.,TEX,BOS,home,Partly Cloudy.,81,570632,1B,4,1,1,0,0,0,0,0,0,1,2,.237,.318,.392,.710,570632,joseurena,Ureña,Right,José Ureña,TEX,3.8,4.43,109.0,98.0,83.0,95.0,0.797,5.78,3.22,8.67,1.07,1.57,0.24,0.411,0.146,0.297,0.397,76.0,94.0,88.0,88.0,97.0,93.0,76.0,99.0,98.0,0.063,0.341,,0.187,-2.67,-0.19,,-0.66,96.4,88.7,87.0,,0.385,0.769,0.167,0.2,0.471,0.321,0.242,0.363,0.331,,,,,,,91.0,99.0,96.0,0.409,0.74,96.0,,,,0.271,0.372,0.121,,,,,,,,,,,,,,,,,,,,,,,,,,,,,,,,,,,,
2024/08/12,7:12 PM.,TEX,BOS,home,Cloudy.,71,641816,1B,1,0,1,0,0,0,0,0,1,0,0,.237,.319,.394,.713,641816,tylermahle,Mahle,Right,Tyler Mahle,TEX,4.97,3.75,12.2,105.0,88.0,100.0,0.766,7.11,2.84,9.95,0.71,1.2,0.22,0.439,0.098,0.463,0.384,,,,89.0,110.0,104.0,101.0,81.0,93.0,0.528,0.135,,,-0.15,0.12,,,91.4,,83.7,,0.25,0.469,0.262,,,,0.0,0.0,0.111,,,,,,,,,,,,,,,,,,,80.0,110.0,97.0,0.301,-0.49,85.5,0.4,0.4,0.278,83.0,94.0,91.0,0.035,,-1.09,,85.3,,,,,,,,,,,,,,,,,,,
2024/08/11,1:37 PM.,HOU,BOS,home,Partly Cloudy.,81,686613,P,3,0,1,0,0,0,0,0,0,0,1,.233,.313,.392,.705,686613,hunterbrown,"Brown, H",Right,Hunter Brown,HOU,3.49,3.31,170.0,101.0,103.0,101.0,0.778,9.48,3.18,8.26,0.95,1.61,0.271,0.35,0.192,0.218,0.421,84.0,101.0,102.0,110.0,101.0,102.0,110.0,103.0,107.0,0.347,0.051,,0.126,0.16,1.7,,0.95,96.0,88.4,89.1,,0.244,0.413,0.288,0.221,0.26,0.296,0.2,0.2,0.236,,,,0.237,0.421,0.305,93.0,102.0,98.0,0.182,0.92,95.6,,,,0.275,0.321,0.161,,,,,,,,,,90.0,103.0,101.0,0.17,0.125,0.14,-0.79,92.4,82.9,0.23,0.363,0.216,127.0,100.0,106.0,,,,,,,,,,,,
2024/08/10,4:10 PM.,HOU,BOS,home,Partly Cloudy.,87,681293,1B,3,0,0,0,0,0,0,0,0,2,0,.232,.313,.392,.705,681293,spencerarrighetti,Arrighetti,Right,Spencer Arrighetti,HOU,4.53,4.05,145.0,99.0,95.0,99.0,0.739,10.61,4.03,8.63,1.3,0.85,0.247,0.437,0.147,0.314,0.444,89.0,97.0,90.0,91.0,100.0,99.0,117.0,93.0,101.0,0.41,0.108,0.2,0.086,-1.33,0.99,0.8,-2.52,94.1,85.5,80.8,78.4,0.303,0.528,0.198,0.395,0.512,0.378,,,,118.0,98.0,104.0,0.171,0.282,0.424,,,,,,,0.113,0.226,0.386,,,,,,,,,,,,,66.0,98.0,96.0,0.196,,0.57,,88.2,,0.248,0.444,0.228,,,,,,,,,,,,,,,
2024/08/09,7:12 PM.,HOU,BOS,home,Cloudy.,82,669854,1B,4,0,0,0,0,0,0,0,0,2,0,.235,.317,.397,.714,669854,ronelblanco,Blanco,Right,Ronel Blanco,HOU,2.8,4.0,167.1,100.0,94.0,98.0,0.733,8.93,3.66,6.13,1.18,0.95,0.21,0.453,0.178,0.317,0.405,119.0,104.0,108.0,85.0,95.0,90.0,89.0,103.0,101.0,0.383,0.302,0.094,0.221,-0.42,2.24,2.55,-0.16,93.4,85.2,86.4,80.1,0.232,0.497,0.192,0.188,0.356,0.343,0.18,0.284,0.333,75.0,96.0,100.0,0.071,0.071,0.376,,,,,,,,,,,,,,,,,,,,,,,,,,,,,,,,,,,,,,,,,,,,,,,,
2024/08/06,7:10 PM.,KC,BOS,away,Partly Cloudy.,77,607625,1B,3,2,1,1,0,0,0,0,0,1,1,.239,.322,.404,.726,607625,sethlugo,"Lugo, S",Right,Seth Lugo,KCR,3.0,3.75,206.2,101.0,97.0,100.0,0.795,7.88,2.09,7.71,0.7,1.2,0.212,0.386,0.156,0.303,0.43,93.0,100.0,98.0,75.0,103.0,95.0,125.0,97.0,105.0,0.24,0.135,0.262,0.069,0.7,-0.67,1.44,0.08,92.2,87.4,85.2,79.4,0.234,0.392,0.176,0.208,0.333,0.291,0.213,0.387,0.2,126.0,100.0,110.0,0.178,0.271,0.339,68.0,101.0,92.0,0.185,0.65,92.1,0.375,0.75,0.109,0.274,0.381,0.129,93.0,107.0,106.0,0.026,0.07,85.7,0.105,0.421,0.351,97.0,103.0,103.0,0.082,,2.86,,90.1,,0.228,0.228,0.23,,,,0.215,0.28,0.285,,,,,,,,,
2024/08/05,7:10 PM.,KC,BOS,away,Clear.,95,663903,1B,3,1,1,0,0,0,0,0,0,2,1,.238,.319,.401,.720,663903,bradysinger,Singer,Right,Brady Singer,KCR,3.71,4.65,179.2,99.0,84.0,94.0,0.769,8.52,2.71,8.77,1.1,1.62,0.191,0.419,0.159,0.326,0.414,80.0,77.0,69.0,63.0,96.0,86.0,106.0,99.0,102.0,0.113,0.455,,0.019,-2.09,0.0,,-5.71,91.6,88.1,82.9,,0.326,0.609,0.197,0.429,0.5,0.111,0.207,0.361,0.354,,,,,,,70.0,101.0,91.0,0.413,0.77,92.2,0.327,0.571,0.35,0.267,0.389,0.127,,,,,,,,,,,,,,,,,,,,,,,,,,,,,,,,,,,,
2024/08/04,1:37 PM.,TEX,BOS,away,Roof Closed.,74,543135,1B,4,0,1,1,0,0,0,0,0,2,0,.237,.319,.402,.721,543135,nathaneovaldi,Eovaldi,Right,Nathan Eovaldi,TEX,3.8,3.91,170.2,104.0,98.0,103.0,0.751,8.75,2.21,7.75,1.21,1.47,0.227,0.399,0.119,0.341,0.458,,,,75.0,105.0,98.0,114.0,102.0,102.0,0.374,0.033,0.137,,0.83,-0.69,-0.79,,95.4,,86.3,76.7,0.212,0.335,0.178,,,,0.269,0.462,0.25,99.0,104.0,104.0,0.214,0.471,0.355,,,,,,,,,,,,,127.0,101.0,110.0,0.308,1.55,88.4,0.2,0.286,0.368,91.0,108.0,99.0,0.148,,-1.41,,91.4,,0.327,0.624,0.2,,,,,,,,,,,,,,,
2024/08/02,7:07 PM.,TEX,BOS,away,Roof Closed.,74,570632,1B,5,0,1,1,0,0,1,0,0,1,5,.236,.320,.400,.720,570632,joseurena,Ureña,Right,José Ureña,TEX,3.8,4.43,109.0,98.0,83.0,95.0,0.797,5.78,3.22,8.67,1.07,1.57,0.24,0.411,0.146,0.297,0.397,76.0,94.0,88.0,88.0,97.0,93.0,76.0,99.0,98.0,0.063,0.341,,0.187,-2.67,-0.19,,-0.66,96.4,88.7,87.0,,0.385,0.769,0.167,0.2,0.471,0.321,0.242,0.363,0.331,,,,,,,91.0,99.0,96.0,0.409,0.74,96.0,,,,0.271,0.372,0.121,,,,,,,,,,,,,,,,,,,,,,,,,,,,,,,,,,,,
2024/07/31,4:11 PM.,SEA,BOS,home,Cloudy.,80,669923,1B,4,1,1,1,0,0,0,0,0,1,0,.237,.322,.400,.722,669923,georgekirby,Kirby,Right,George Kirby,SEA,3.53,3.44,191.0,106.0,106.0,106.0,0.786,8.43,1.08,8.53,1.04,1.01,0.298,0.342,0.178,0.294,0.446,,,,102.0,107.0,101.0,110.0,104.0,110.0,0.339,0.237,,,0.46,1.28,,,96.0,,87.2,,0.221,0.458,0.291,,,,0.226,0.316,0.271,,,,0.333,0.439,0.286,106.0,108.0,108.0,0.236,1.5,96.0,,,,0.263,0.354,0.105,109.0,100.0,108.0,0.102,-2.05,86.0,0.253,0.413,0.295,97.0,99.0,93.0,0.004,0.082,0.79,-1.95,92.3,83.4,,,,114.0,110.0,113.0,,,,73.9,0.0,-3.5,,,,,,
2024/07/30,7:11 PM.,SEA,BOS,home,Clear.,84,622491,1B,4,0,2,2,0,0,1,0,0,0,0,.237,.324,.398,.722,622491,luiscastillo,"Castillo, L",Right,Luis Castillo,SEA,3.64,3.91,175.1,105.0,101.0,102.0,0.768,8.98,2.41,8.11,1.28,0.94,0.26,0.409,0.159,0.319,0.406,89.0,104.0,97.0,120.0,105.0,103.0,72.0,106.0,108.0,0.454,0.224,,0.143,0.97,0.65,,-1.63,95.6,88.1,85.7,,0.203,0.365,0.273,0.287,0.545,0.265,0.207,0.357,0.358,,,,,,,100.0,102.0,98.0,0.179,-0.41,95.6,,,,0.298,0.457,0.105,,,,,,,,,,,,,,,,,,,,,,,,,,,,,,,,,,,,
2024/07/29,7:11 PM.,SEA,BOS,home,Partly Cloudy.,72,669302,1B,4,2,2,1,0,1,2,0,0,2,0,.232,.321,.386,.707,669302,logangilbert,"Gilbert, L",Right,Logan Gilbert,SEA,3.23,3.14,208.2,101.0,121.0,106.0,0.705,9.49,1.6,6.38,1.12,1.2,0.236,0.45,0.135,0.325,0.429,,,,106.0,101.0,97.0,146.0,102.0,115.0,0.308,0.32,0.118,,1.41,1.72,0.81,,96.6,,88.4,83.2,0.204,0.383,0.193,,,,0.21,0.375,0.368,124.0,99.0,107.0,0.181,0.301,0.354,91.0,102.0,97.0,0.015,0.32,95.5,,,,0.286,0.286,0.05,99.0,96.0,104.0,0.134,1.18,84.5,0.101,0.162,0.506,116.0,104.0,103.0,0.106,,0.14,,92.3,,0.247,0.483,0.272,,,,,,,,,,,,,,,
2024/07/28,7:10 PM.,NYY,BOS,home,Partly Cloudy.,74,607074,1B,2,0,0,0,0,0,0,0,0,1,3,.227,.317,.365,.682,607074,carlosrodon,Rodón,Left,Carlos Rodón,NYY,3.96,4.14,175.0,97.0,122.0,103.0,0.716,10.03,2.93,8.07,1.59,0.69,0.257,0.399,0.143,0.329,0.396,129.0,92.0,106.0,114.0,98.0,101.0,144.0,104.0,113.0,0.494,0.26,0.083,0.129,0.05,-0.4,-1.32,1.44,95.4,85.5,86.8,81.0,0.262,0.514,0.214,0.188,0.247,0.495,0.199,0.361,0.393,103.0,86.0,93.0,0.281,0.531,0.276,,,,,,,,,,,,,,,,,,,,,,100.0,83.0,82.0,0.035,,-3.11,,91.8,,0.353,0.647,0.255,,,,,,,,,,,,,,,
2024/07/27,7:18 PM.,NYY,BOS,home,Clear.,81,573186,1B,5,1,1,1,0,0,0,0,0,1,2,.229,.320,.368,.688,573186,marcusstroman,Stroman,Right,Marcus Stroman,NYY,4.31,4.94,154.2,96.0,92.0,94.0,0.82,6.58,3.49,9.72,1.11,1.6,0.207,0.4,0.148,0.325,0.359,,,,48.0,88.0,79.0,93.0,102.0,102.0,0.032,0.16,0.165,,-4.01,-2.37,-0.03,,89.9,,85.3,81.3,0.455,0.636,0.259,,,,0.258,0.386,0.272,94.0,89.0,94.0,0.0,0.0,0.265,90.0,94.0,90.0,0.351,-0.03,90.0,,,,0.306,0.466,0.12,82.0,99.0,93.0,0.111,-0.31,83.3,0.235,0.309,0.241,106.0,101.0,99.0,0.182,,-0.26,,88.1,,0.296,0.519,0.187,,,,0.309,0.515,0.313,,,,,,,,,
2024/07/26,7:12 PM.,NYY,BOS,home,Clear.,84,641482,1B,2,0,0,0,0,0,0,0,0,2,2,.230,.323,.367,.690,641482,nestorcortes,Cortes,Left,Nestor Cortes,NYY,3.77,3.62,174.1,101.0,101.0,101.0,0.79,8.36,2.01,8.36,1.24,0.64,0.253,0.37,0.164,0.317,0.432,86.0,102.0,94.0,99.0,103.0,100.0,99.0,98.0,101.0,0.442,0.168,,0.097,0.25,-1.27,,-0.89,92.1,83.6,78.2,,0.235,0.443,0.215,0.226,0.369,0.326,0.364,0.727,0.167,,,,,,,86.0,116.0,113.0,0.014,1.37,90.3,0.284,0.511,0.25,0.143,0.143,0.316,,,,,,,,,,109.0,100.0,102.0,0.28,,1.32,,87.5,,0.249,0.378,0.251,,,,,,,,,,,,,,,
2024/07/24,1:11 PM.,COL,BOS,away,Sunny.,93,615698,P,3,0,0,0,0,0,1,0,1,1,2,.232,.326,.371,.697,615698,calquantrill,Quantrill,Right,Cal Quantrill,COL,4.98,5.31,148.1,96.0,90.0,94.0,0.81,6.67,4.19,9.47,1.4,1.33,0.219,0.425,0.133,0.367,0.407,88.0,97.0,103.0,,,,,,,,,0.126,0.018,,,-0.77,1.81,,84.9,,79.6,,,,0.222,0.222,0.167,,,,98.0,101.0,104.0,0.25,0.531,0.282,79.0,95.0,89.0,0.402,-2.0,93.8,,,,0.35,0.596,0.184,109.0,94.0,97.0,0.32,0.4,86.5,0.206,0.314,0.234,76.0,96.0,93.0,0.135,,-0.41,,87.8,,0.296,0.507,0.203,,,,,,,,,,,,,,,
2024/07/23,6:41 PM.,COL,BOS,away,Clear.,89,621389,1B,0,0,0,0,0,0,0,0,1,0,0,.236,.327,.377,.704,621389,tyblach,Blach,Left,Ty Blach,COL,6.94,7.32,71.1,101.0,71.0,88.0,0.875,4.54,2.27,13.0,2.14,1.17,0.248,0.374,0.104,0.356,0.463,71.0,99.0,87.0,92.0,82.0,73.0,,,,0.345,0.001,0.109,0.245,-1.64,-3.5,-1.07,-2.05,89.1,80.0,85.0,79.2,0.371,0.571,0.072,0.342,0.507,0.208,,,,38.0,90.0,88.0,0.2,0.36,0.176,58.0,109.0,91.0,0.162,-5.1,89.3,,,,0.426,0.936,0.124,,,,,,,,,,77.0,107.0,88.0,0.137,,-0.5,,82.9,,0.275,0.51,0.209,,,,,,,,,,,,,,,
2024/07/22,6:40 PM.,COL,BOS,away,Partly Cloudy.,83,596295,PH,1,0,1,1,0,0,1,0,0,0,0,.236,.324,.377,.701,596295,austingomber,Gomber,Left,Austin Gomber,COL,4.75,5.07,165.0,102.0,82.0,98.0,0.821,6.33,2.07,9.71,1.64,0.92,0.213,0.423,0.122,0.394,0.446,82.0,103.0,99.0,71.0,98.0,91.0,91.0,103.0,102.0,0.404,0.167,,0.205,-1.23,-0.17,,-0.15,90.4,81.1,83.8,,0.305,0.6,0.096,0.28,0.409,0.273,0.274,0.513,0.22,,,,0.22,0.368,0.269,51.0,110.0,96.0,0.001,-42.96,90.1,,,,,,,,,,,,,,,,,,,,0.224,,-0.08,,77.6,,,,93.0,109.0,107.0,,,,,,,,,,,,
2024/07/21,4:11 PM.,LAD,BOS,away,Partly Cloudy.,86,572020,1B,2,1,1,1,0,0,0,0,0,0,2,.232,.321,.368,.689,572020,jamespaxton,Paxton,Left,James Paxton,- - -,4.4,4.74,100.1,98.0,74.0,91.0,0.812,6.55,4.49,8.52,1.08,0.88,0.272,0.329,0.144,0.355,0.424,72.0,95.0,95.0,69.0,98.0,86.0,,,,0.551,,,0.066,-0.21,,,-2.12,93.2,82.6,,,0.264,0.431,0.144,0.25,0.375,0.326,,,,,,,0.2,0.3,0.362,64.0,107.0,97.0,0.05,-1.01,92.8,,,,0.308,0.423,0.091,,,,,,,,,,82.0,95.0,83.0,0.031,0.303,-3.38,0.57,84.0,80.8,0.308,0.769,0.13,82.0,98.0,97.0,,,,,,,,,,,,
2024/07/20,4:15 PM.,LAD,BOS,away,Sunny.,86,680736,1B,4,0,0,0,0,0,0,0,1,2,3,.229,.319,.362,.681,680736,justinwrobleski,Wrobleski,Left,Justin Wrobleski,LAD,5.7,6.45,36.1,97.0,95.0,96.0,0.802,6.44,3.96,8.42,2.23,0.69,0.324,0.216,0.162,0.378,0.463,48.0,88.0,90.0,104.0,97.0,97.0,106.0,104.0,103.0,0.591,0.083,0.12,0.032,0.61,-6.42,-4.97,-3.53,95.1,83.9,84.4,82.5,0.205,0.386,0.23,,,,0.267,0.8,0.3,85.0,88.0,88.0,0.385,0.846,0.174,45.0,88.0,78.0,0.044,-1.16,91.4,,,,0.333,0.5,0.0,,,,,,,,,,88.0,104.0,103.0,0.13,,-0.17,,87.7,,0.286,0.643,0.25,,,,,,,,,,,,,,,
2024/07/19,7:10 PM.,LAD,BOS,away,Clear.,78,694813,1B,4,0,1,1,0,0,0,0,0,0,3,.234,.322,.370,.692,694813,gavinstone,Stone,Right,Gavin Stone,LAD,3.53,3.94,140.1,103.0,99.0,101.0,0.768,7.44,2.37,8.53,1.15,1.21,0.247,0.409,0.169,0.292,0.409,81.0,102.0,98.0,101.0,100.0,97.0,136.0,111.0,117.0,0.247,0.165,0.042,0.266,0.1,0.96,1.45,0.82,94.9,87.5,88.7,83.3,0.246,0.41,0.162,0.178,0.356,0.372,0.239,0.326,0.355,93.0,102.0,102.0,0.267,0.333,0.167,97.0,103.0,98.0,0.226,-0.69,95.3,0.182,0.182,0.133,0.314,0.504,0.136,,,,,,,,,,80.0,101.0,94.0,0.053,,0.49,,92.3,,0.32,0.48,0.183,,,,,,,,,,,,,,,
2024/07/14,1:37 PM.,KC,BOS,home,Partly Cloudy.,91,663903,1B,3,1,2,0,0,1,3,0,1,0,0,.233,.324,.367,.691,663903,bradysinger,Singer,Right,Brady Singer,KCR,3.71,4.65,179.2,99.0,84.0,94.0,0.769,8.52,2.71,8.77,1.1,1.62,0.191,0.419,0.159,0.326,0.414,80.0,77.0,69.0,63.0,96.0,86.0,106.0,99.0,102.0,0.113,0.455,,0.019,-2.09,0.0,,-5.71,91.6,88.1,82.9,,0.326,0.609,0.197,0.429,0.5,0.111,0.207,0.361,0.354,,,,,,,70.0,101.0,91.0,0.413,0.77,92.2,0.327,0.571,0.35,0.267,0.389,0.127,,,,,,,,,,,,,,,,,,,,,,,,,,,,,,,,,,,,
2024/07/13,4:13 PM.,KC,BOS,home,Partly Cloudy.,80,607625,1B,4,1,2,0,0,0,2,0,0,1,1,.226,.315,.345,.660,607625,sethlugo,"Lugo, S",Right,Seth Lugo,KCR,3.0,3.75,206.2,101.0,97.0,100.0,0.795,7.88,2.09,7.71,0.7,1.2,0.212,0.386,0.156,0.303,0.43,93.0,100.0,98.0,75.0,103.0,95.0,125.0,97.0,105.0,0.24,0.135,0.262,0.069,0.7,-0.67,1.44,0.08,92.2,87.4,85.2,79.4,0.234,0.392,0.176,0.208,0.333,0.291,0.213,0.387,0.2,126.0,100.0,110.0,0.178,0.271,0.339,68.0,101.0,92.0,0.185,0.65,92.1,0.375,0.75,0.109,0.274,0.381,0.129,93.0,107.0,106.0,0.026,0.07,85.7,0.105,0.421,0.351,97.0,103.0,103.0,0.082,,2.86,,90.1,,0.228,0.228,0.23,,,,0.215,0.28,0.285,,,,,,,,,
2024/07/12,7:10 PM.,KC,BOS,home,Partly Cloudy.,82,666142,PH,1,0,0,0,0,0,0,0,0,0,0,.220,.311,.341,.652,666142,coleragans,Ragans,Left,Cole Ragans,KCR,3.14,3.31,186.1,100.0,108.0,104.0,0.705,10.77,3.24,7.05,0.72,1.01,0.281,0.395,0.176,0.3,0.409,114.0,98.0,103.0,105.0,101.0,106.0,132.0,106.0,114.0,0.418,0.128,,0.237,0.85,-0.34,,1.43,95.4,84.8,86.0,,0.213,0.361,0.231,0.183,0.28,0.478,0.21,0.305,0.337,,,,0.14,0.256,0.352,,,,,,,,,,,,,,,,,,,,,,88.0,94.0,91.0,0.113,0.104,0.26,0.9,90.7,80.8,0.348,0.455,0.228,101.0,97.0,101.0,,,,,,,,,,,,
2024/07/11,7:10 PM.,OAK,BOS,home,Clear.,85,665622,1B,3,0,0,0,0,0,0,0,0,1,3,.221,.313,.343,.656,665622,luismedina,Medina,Right,Luis Medina,OAK,5.18,4.65,40.0,95.0,105.0,96.0,0.81,7.2,4.5,9.68,0.9,0.94,0.291,0.457,0.173,0.307,0.438,103.0,88.0,87.0,100.0,98.0,95.0,111.0,90.0,95.0,0.425,0.251,0.101,0.079,0.46,-0.28,-0.19,-2.61,95.9,89.6,85.8,81.2,0.238,0.365,0.122,0.353,0.529,0.067,0.262,0.357,0.308,107.0,101.0,104.0,0.154,0.308,0.433,108.0,97.0,97.0,0.143,-2.88,95.9,,,,0.429,0.667,0.118,,,,,,,,,,,,,,,,,,,,,,,,,,,,,,,,,,,,
2024/07/10,7:11 PM.,OAK,BOS,home,Partly Cloudy.,83,676664,1B,1,0,0,0,0,0,0,0,0,0,0,.225,.318,.349,.667,676664,jpsears,Sears,Left,JP Sears,OAK,4.38,4.43,180.2,99.0,90.0,94.0,0.8,6.82,2.44,8.57,1.39,0.79,0.244,0.413,0.171,0.325,0.443,84.0,94.0,83.0,70.0,102.0,92.0,118.0,100.0,105.0,0.363,0.339,,0.192,-0.8,-0.1,,-0.21,91.9,84.0,78.9,,0.23,0.476,0.256,0.297,0.428,0.188,0.23,0.525,0.259,,,,,,,84.0,100.0,87.0,0.106,1.37,90.0,0.239,0.381,0.213,0.276,0.395,0.104,,,,,,,,,,,,,,,,,,,,,,,,,,,,,,,,,,,,
2024/07/09,7:12 PM.,OAK,BOS,home,Clear.,86,683155,1B,4,2,1,0,0,1,1,0,1,2,5,.226,.319,.351,.670,683155,joeyestes,Estes,Right,Joey Estes,OAK,5.01,4.43,127.2,106.0,91.0,104.0,0.833,6.49,1.9,9.16,1.62,0.44,0.258,0.413,0.171,0.302,0.479,78.0,93.0,94.0,80.0,106.0,99.0,114.0,113.0,117.0,0.517,0.332,,0.111,0.08,-0.2,,-2.46,92.4,84.8,79.6,,0.257,0.469,0.175,0.357,0.738,0.204,0.261,0.435,0.223,,,,,,,61.0,93.0,83.0,0.034,-1.55,90.8,0.217,0.367,0.216,0.263,0.579,0.147,,,,,,,,,,111.0,89.0,91.0,0.007,,-13.81,,86.4,,,,,,,,,,,,,,,,,,,
2024/07/07,7:10 PM.,NYY,BOS,away,Partly Cloudy.,88,661563,1B,3,0,2,1,0,0,0,0,0,1,0,.226,.317,.335,.652,661563,luisgil,Gil,Right,Luis Gil,NYY,3.5,3.8,151.2,95.0,110.0,100.0,0.742,10.15,4.57,6.17,1.07,0.76,0.266,0.429,0.168,0.321,0.398,80.0,93.0,93.0,128.0,96.0,102.0,108.0,94.0,105.0,0.488,0.259,,0.253,0.06,1.37,,0.37,96.6,91.6,87.5,,0.205,0.395,0.285,0.179,0.282,0.269,0.171,0.312,0.315,,,,,,,,,,,,,,,,,,,,,,,,,,,,,,,,,,,,,,,,,,,,,,,,,,,,,,
2024/07/06,1:08 PM.,NYY,BOS,away,Partly Cloudy.,86,543037,1B,3,0,1,0,0,0,0,0,1,1,2,.217,.311,.323,.634,543037,gerritcole,Cole,Right,Gerrit Cole,NYY,3.41,3.64,95.0,101.0,111.0,105.0,0.777,9.38,2.75,7.39,1.04,0.88,0.289,0.371,0.18,0.332,0.435,73.0,94.0,90.0,116.0,100.0,104.0,128.0,106.0,112.0,0.462,0.146,,0.04,0.7,1.25,,-3.6,95.9,88.2,88.2,,0.189,0.365,0.234,0.333,0.667,0.28,0.222,0.27,0.264,,,,0.209,0.239,0.301,,,,0.002,17.25,93.7,,,,0.0,0.0,0.143,,,,,,,,,,99.0,102.0,102.0,0.163,0.187,-0.7,2.35,91.4,82.5,0.32,0.56,0.22,102.0,99.0,106.0,,,,,,,,,,,,
2024/07/05,7:08 PM.,NYY,BOS,away,Partly Cloudy.,83,641482,1B,1,1,1,0,0,0,0,0,0,0,0,.215,.307,.323,.630,641482,nestorcortes,Cortes,Left,Nestor Cortes,NYY,3.77,3.62,174.1,101.0,101.0,101.0,0.79,8.36,2.01,8.36,1.24,0.64,0.253,0.37,0.164,0.317,0.432,86.0,102.0,94.0,99.0,103.0,100.0,99.0,98.0,101.0,0.442,0.168,,0.097,0.25,-1.27,,-0.89,92.1,83.6,78.2,,0.235,0.443,0.215,0.226,0.369,0.326,0.364,0.727,0.167,,,,,,,86.0,116.0,113.0,0.014,1.37,90.3,0.284,0.511,0.25,0.143,0.143,0.316,,,,,,,,,,109.0,100.0,102.0,0.28,,1.32,,87.5,,0.249,0.378,0.251,,,,,,,,,,,,,,,
2024/07/04,1:10 PM.,MIA,BOS,away,Roof Closed.,72,667725,1B,3,0,1,0,0,0,0,0,0,0,0,.210,.303,.318,.621,667725,kyletyler,Tyler,Right,Kyle Tyler,MIA,5.4,6.21,31.2,95.0,101.0,95.0,0.76,7.11,5.12,10.52,1.14,1.75,0.235,0.408,0.153,0.327,0.379,47.0,78.0,66.0,81.0,91.0,88.0,117.0,87.0,90.0,0.143,0.112,0.284,0.012,0.03,0.12,-1.62,-4.32,90.6,86.4,82.2,77.0,0.238,0.429,0.159,,,,0.231,0.308,0.379,97.0,89.0,93.0,0.323,0.419,0.431,,,,,,,,,,,,,,,,,,,,,,108.0,102.0,100.0,0.448,,-0.34,,90.3,,0.328,0.448,0.17,,,,,,,,,,,,,,,
2024/07/03,6:40 PM.,MIA,BOS,away,Roof Closed.,72,669432,1B,4,1,0,0,0,0,0,0,1,3,7,.208,.303,.318,.621,669432,trevorrogers,"Rogers, Tr",Left,Trevor Rogers,- - -,4.92,5.18,124.1,100.0,83.0,98.0,0.811,7.02,4.05,10.13,1.01,1.38,0.215,0.422,0.131,0.358,0.392,111.0,108.0,115.0,66.0,101.0,93.0,74.0,93.0,91.0,0.317,0.206,,0.238,-0.26,-1.99,,-1.32,91.9,85.6,82.4,,0.252,0.467,0.234,0.295,0.396,0.238,0.312,0.506,0.259,,,,,,,86.0,97.0,92.0,0.24,-0.36,91.5,,,,0.292,0.492,0.1,,,,,,,,,,,,,,,,,,,,,,,,,,,,,,,,,,,,
2024/07/02,6:40 PM.,MIA,BOS,away,Roof Closed.,72,678368,1B,4,0,1,1,0,0,0,0,0,2,2,.213,.306,.327,.633,678368,valentebellozo,Bellozo,Right,Valente Bellozo,MIA,3.67,5.14,68.2,99.0,73.0,91.0,0.818,5.77,2.75,9.04,1.97,0.58,0.281,0.404,0.184,0.368,0.427,99.0,95.0,96.0,54.0,102.0,84.0,100.0,105.0,104.0,0.374,0.103,0.125,0.144,-0.41,0.03,-3.5,-3.12,89.2,81.1,77.7,73.7,0.247,0.454,0.133,0.326,0.488,0.296,,,,93.0,94.0,94.0,0.333,0.741,0.283,,,,,,,0.233,0.433,0.286,,,,,,,,,,,,,67.0,98.0,91.0,0.253,,1.23,,82.8,,0.205,0.438,0.163,,,,,,,,,,,,,,,
2024/06/30,1:35 PM.,SD,BOS,home,Cloudy.,86,663362,1B,4,0,1,1,0,0,0,0,0,0,2,.212,.307,.322,.629,663362,mattwaldron,Waldron,Right,Matt Waldron,SDP,4.91,4.11,146.2,104.0,83.0,98.0,0.806,8.16,2.45,8.9,1.29,0.91,0.207,0.402,0.164,0.302,0.441,,,,57.0,108.0,91.0,115.0,101.0,107.0,0.19,0.198,,,-0.77,0.5,,,90.6,,79.3,,0.265,0.513,0.224,,,,,,,,,,,,,73.0,108.0,102.0,0.144,0.64,90.0,0.227,0.454,0.201,0.303,0.404,0.067,,,,,,,,,,83.0,98.0,90.0,0.086,,1.88,,87.0,,0.231,0.385,0.144,,,,,,,77.6,0.382,-1.09,0.246,0.394,0.275,,,
2024/06/29,4:10 PM.,SD,BOS,home,Cloudy.,73,650633,P,3,0,1,0,0,0,0,0,0,2,3,.211,.309,.317,.626,650633,michaelking,"King, M",Right,Michael King,SDP,2.95,3.59,173.2,102.0,95.0,100.0,0.735,10.42,3.26,7.46,0.88,1.1,0.233,0.426,0.202,0.264,0.415,88.0,103.0,97.0,86.0,103.0,101.0,115.0,97.0,102.0,0.241,0.234,,0.246,-0.15,-0.19,,1.61,93.7,86.7,82.9,,0.265,0.402,0.261,0.207,0.286,0.362,0.281,0.5,0.284,,,,,,,88.0,105.0,98.0,0.279,0.68,92.9,0.206,0.304,0.345,0.2,0.376,0.189,,,,,,,,,,,,,,,,,,,,,,,,,,,,,,,,,,,,
2024/06/28,7:11 PM.,SD,BOS,home,Clear.,75,681190,1B,4,0,0,0,0,0,0,0,0,0,4,.209,.308,.317,.625,681190,randyvasquez,"Vásquez, R",Right,Randy Vásquez,SDP,4.87,5.94,98.0,101.0,106.0,100.0,0.837,5.69,2.66,10.93,1.19,1.02,0.21,0.378,0.177,0.333,0.434,96.0,99.0,96.0,92.0,103.0,100.0,132.0,101.0,109.0,0.285,0.1,0.197,0.124,-0.56,-0.16,-0.45,-3.49,94.3,88.6,82.4,82.2,0.301,0.462,0.222,0.365,0.615,0.122,,,,124.0,101.0,106.0,0.234,0.422,0.239,103.0,103.0,98.0,0.157,-1.91,94.2,0.229,0.396,0.247,0.429,0.571,0.106,,,,,,,,,,107.0,99.0,97.0,0.137,,2.22,,90.2,,0.228,0.351,0.169,,,,,,,,,,,,,,,
2024/06/26,7:12 PM.,TOR,BOS,home,Cloudy.,81,684320,1B,0,0,0,0,0,0,0,0,0,0,0,.215,.316,.326,.642,684320,yarielrodriguez,Rodríguez,Right,Yariel Rodríguez,TOR,4.47,4.0,86.2,97.0,97.0,97.0,0.765,8.83,4.15,7.68,1.14,0.9,0.268,0.393,0.184,0.272,0.392,,,,86.0,93.0,87.0,120.0,104.0,111.0,0.409,0.282,0.105,,-0.12,0.67,-2.85,,93.9,,84.6,78.3,0.255,0.439,0.22,,,,0.213,0.36,0.335,97.0,95.0,100.0,0.348,0.739,0.25,84.0,94.0,92.0,0.108,2.98,93.4,,,,0.167,0.167,0.149,85.0,102.0,102.0,0.096,-1.17,88.9,0.194,0.306,0.215,,,,,,,,,,,,,,,,,,,,,,,,,,,
2024/06/25,7:12 PM.,TOR,BOS,home,Partly Cloudy.,85,592332,1B,4,0,0,0,0,0,0,0,0,1,2,.215,.316,.326,.642,592332,kevingausman,Gausman,Right,Kevin Gausman,TOR,3.83,4.71,181.0,105.0,94.0,104.0,0.791,8.06,2.78,8.2,0.99,0.91,0.262,0.417,0.136,0.363,0.417,,,,99.0,105.0,105.0,88.0,90.0,95.0,0.528,0.084,,,0.43,-1.21,,,93.9,,82.7,,0.277,0.466,0.175,,,,0.268,0.439,0.266,,,,,,,90.0,102.0,94.0,0.054,-3.21,93.3,,,,0.316,0.579,0.117,88.0,108.0,106.0,0.334,0.51,86.0,0.169,0.262,0.335,,,,,,,,,,,,,,,,,,,,,,,,,,,
2024/06/24,7:11 PM.,TOR,BOS,home,Partly Cloudy.,77,605135,1B,2,0,0,0,0,0,0,0,1,1,3,.221,.325,.336,.661,605135,chrisbassitt,Bassitt,Right,Chris Bassitt,TOR,4.16,4.52,171.0,98.0,94.0,96.0,0.805,8.84,3.68,9.47,0.95,1.14,0.27,0.365,0.177,0.331,0.437,75.0,87.0,84.0,64.0,103.0,94.0,120.0,96.0,106.0,0.045,0.118,0.137,0.053,-1.6,-0.88,-0.09,-2.29,92.6,84.5,77.2,71.0,0.242,0.394,0.25,0.321,0.607,0.158,0.375,0.781,0.096,101.0,91.0,102.0,0.221,0.351,0.292,96.0,101.0,97.0,0.407,-0.08,92.5,0.154,0.231,0.458,0.327,0.423,0.128,87.0,90.0,86.0,0.043,-2.64,84.1,0.303,0.364,0.167,79.0,101.0,91.0,0.197,,0.44,,89.6,,0.188,0.316,0.268,,,,,,,,,,,,,,,
2024/06/23,1:48 PM.,CIN,BOS,away,Cloudy.,80,666157,1B,3,0,0,0,0,0,0,0,1,1,0,.225,.324,.341,.665,666157,nicklodolo,Lodolo,Left,Nick Lodolo,CIN,4.76,3.72,115.1,99.0,106.0,96.0,0.742,9.52,2.89,7.88,1.01,1.25,0.247,0.421,0.142,0.285,0.428,96.0,99.0,92.0,119.0,103.0,97.0,,,,0.43,,0.273,0.164,0.11,,-0.75,-0.21,94.1,88.1,,81.7,0.241,0.407,0.23,0.232,0.39,0.259,,,,90.0,94.0,100.0,0.217,0.302,0.429,111.0,97.0,93.0,0.133,0.99,94.1,,,,0.234,0.453,0.183,,,,,,,,,,,,,,,,,,,,,,,,,,,,,,,,,,,,
2024/06/22,4:11 PM.,CIN,BOS,away,Partly Cloudy.,92,593423,1B,2,1,1,0,0,1,1,0,0,0,0,.230,.326,.349,.675,593423,frankiemontas,Montas,Right,Frankie Montas,- - -,4.84,4.71,150.2,101.0,98.0,99.0,0.777,8.84,3.94,8.36,1.43,1.1,0.235,0.376,0.147,0.311,0.418,,,,83.0,105.0,98.0,117.0,103.0,106.0,0.332,0.107,,,-0.02,-1.94,,,95.6,,85.4,,0.206,0.367,0.231,,,,0.288,0.577,0.325,,,,,,,83.0,100.0,98.0,0.191,1.13,94.8,,,,0.248,0.407,0.113,119.0,99.0,105.0,0.183,-0.23,86.0,0.218,0.297,0.426,109.0,95.0,95.0,0.187,,-1.4,,90.4,,0.326,0.609,0.223,,,,,,,,,,,,,,,
2024/06/21,7:10 PM.,CIN,BOS,away,Clear.,91,671096,PH,1,0,0,0,0,0,0,0,0,0,1,.226,.324,.323,.647,671096,andrewabbott,"Abbott, A",Left,Andrew Abbott,CIN,3.72,4.02,138.0,98.0,92.0,97.0,0.805,7.43,3.39,8.28,1.63,0.68,0.256,0.364,0.16,0.287,0.428,96.0,94.0,97.0,78.0,96.0,89.0,125.0,106.0,112.0,0.535,0.186,0.116,0.163,-0.26,0.49,-1.56,0.23,92.8,84.8,82.9,80.8,0.254,0.451,0.194,0.214,0.429,0.273,,,,101.0,98.0,99.0,0.327,0.653,0.179,,,,,,,0.189,0.307,0.287,,,,,,,,,,,,,,,,,,,,,,,,,,,,,,,,,,,,,,,
2024/06/19,7:08 PM.,TOR,BOS,away,Clear.,84,592332,1B,4,1,1,1,0,0,1,0,0,0,3,.228,.326,.325,.651,592332,kevingausman,Gausman,Right,Kevin Gausman,TOR,3.83,4.71,181.0,105.0,94.0,104.0,0.791,8.06,2.78,8.2,0.99,0.91,0.262,0.417,0.136,0.363,0.417,,,,99.0,105.0,105.0,88.0,90.0,95.0,0.528,0.084,,,0.43,-1.21,,,93.9,,82.7,,0.277,0.466,0.175,,,,0.268,0.439,0.266,,,,,,,90.0,102.0,94.0,0.054,-3.21,93.3,,,,0.316,0.579,0.117,88.0,108.0,106.0,0.334,0.51,86.0,0.169,0.262,0.335,,,,,,,,,,,,,,,,,,,,,,,,,,,
2024/06/18,7:09 PM.,TOR,BOS,away,Partly Cloudy.,72,605135,1B,4,0,2,0,0,0,1,0,0,0,4,.227,.328,.319,.647,605135,chrisbassitt,Bassitt,Right,Chris Bassitt,TOR,4.16,4.52,171.0,98.0,94.0,96.0,0.805,8.84,3.68,9.47,0.95,1.14,0.27,0.365,0.177,0.331,0.437,75.0,87.0,84.0,64.0,103.0,94.0,120.0,96.0,106.0,0.045,0.118,0.137,0.053,-1.6,-0.88,-0.09,-2.29,92.6,84.5,77.2,71.0,0.242,0.394,0.25,0.321,0.607,0.158,0.375,0.781,0.096,101.0,91.0,102.0,0.221,0.351,0.292,96.0,101.0,97.0,0.407,-0.08,92.5,0.154,0.231,0.458,0.327,0.423,0.128,87.0,90.0,86.0,0.043,-2.64,84.1,0.303,0.364,0.167,79.0,101.0,91.0,0.197,,0.44,,89.6,,0.188,0.316,0.268,,,,,,,,,,,,,,,
2024/06/16,7:12 PM.,NYY,BOS,home,Partly Cloudy.,68,573186,1B,4,1,1,0,0,0,0,1,0,1,3,.217,.323,.313,.636,573186,marcusstroman,Stroman,Right,Marcus Stroman,NYY,4.31,4.94,154.2,96.0,92.0,94.0,0.82,6.58,3.49,9.72,1.11,1.6,0.207,0.4,0.148,0.325,0.359,,,,48.0,88.0,79.0,93.0,102.0,102.0,0.032,0.16,0.165,,-4.01,-2.37,-0.03,,89.9,,85.3,81.3,0.455,0.636,0.259,,,,0.258,0.386,0.272,94.0,89.0,94.0,0.0,0.0,0.265,90.0,94.0,90.0,0.351,-0.03,90.0,,,,0.306,0.466,0.12,82.0,99.0,93.0,0.111,-0.31,83.3,0.235,0.309,0.241,106.0,101.0,99.0,0.182,,-0.26,,88.1,,0.296,0.519,0.187,,,,0.309,0.515,0.313,,,,,,,,,
2024/06/14,7:42 PM.,NYY,BOS,home,Overcast.,70,661563,1B,3,0,0,0,0,0,0,0,0,2,4,.216,.326,.315,.641,661563,luisgil,Gil,Right,Luis Gil,NYY,3.5,3.8,151.2,95.0,110.0,100.0,0.742,10.15,4.57,6.17,1.07,0.76,0.266,0.429,0.168,0.321,0.398,80.0,93.0,93.0,128.0,96.0,102.0,108.0,94.0,105.0,0.488,0.259,,0.253,0.06,1.37,,0.37,96.6,91.6,87.5,,0.205,0.395,0.285,0.179,0.282,0.269,0.171,0.312,0.315,,,,,,,,,,,,,,,,,,,,,,,,,,,,,,,,,,,,,,,,,,,,,,,,,,,,,,
2024/06/13,7:10 PM.,PHI,BOS,home,Partly Cloudy.,79,605400,1B,2,2,1,0,0,0,1,0,1,1,1,.222,.333,.324,.657,605400,aaronnola,"Nola, Aa",Right,Aaron Nola,PHI,3.57,3.72,199.1,105.0,104.0,103.0,0.772,8.89,2.26,8.53,1.35,1.31,0.209,0.477,0.16,0.305,0.399,78.0,102.0,91.0,90.0,103.0,99.0,,,,0.278,,,0.096,0.81,,,-1.67,92.5,85.7,,,0.168,0.318,0.224,0.279,0.426,0.135,,,,,,,0.221,0.381,0.37,100.0,109.0,106.0,0.204,-0.34,91.5,,,,0.313,0.475,0.136,,,,,,,,,,69.0,99.0,92.0,0.092,0.329,-2.57,0.94,87.5,79.1,0.389,0.796,0.178,135.0,106.0,113.0,,,,,,,,,,,,
2024/06/11,7:11 PM.,PHI,BOS,home,Partly Cloudy.,70,554430,1B,2,0,0,0,0,0,0,0,0,0,1,.217,.320,.321,.641,554430,zackwheeler,Wheeler,Right,Zack Wheeler,PHI,2.57,2.8,200.0,104.0,106.0,108.0,0.747,10.08,2.34,6.26,0.9,1.09,0.245,0.35,0.209,0.29,0.42,,,,101.0,106.0,109.0,128.0,106.0,115.0,0.416,0.125,0.1,,0.88,1.04,-0.98,,95.3,,84.9,81.8,0.209,0.395,0.296,,,,,,,110.0,101.0,107.0,0.205,0.397,0.387,111.0,103.0,107.0,0.192,2.68,94.6,0.152,0.273,0.335,0.189,0.259,0.142,94.0,110.0,110.0,0.074,1.47,86.1,0.137,0.196,0.402,92.0,97.0,94.0,0.093,,-0.23,,91.1,,0.226,0.371,0.183,,,,,,,,,,,,,,,
2024/06/09,1:11 PM.,CWS,BOS,away,Sunny.,78,623167,1B,1,0,0,0,0,0,0,0,1,1,0,.221,.325,.327,.652,623167,chrisflexen,Flexen,Right,Chris Flexen,CHW,4.95,4.71,160.0,97.0,56.0,92.0,0.789,6.92,3.54,10.13,1.35,0.79,0.249,0.41,0.154,0.308,0.373,126.0,99.0,104.0,2.0,93.0,82.0,148.0,102.0,103.0,0.37,0.087,0.122,0.157,-0.64,-2.65,0.43,-1.32,91.3,81.3,80.0,72.0,0.261,0.473,0.132,0.257,0.436,0.379,0.361,0.475,0.271,83.0,98.0,101.0,0.246,0.393,0.308,74.0,108.0,87.0,0.002,2.01,91.4,,,,,,,,,,,,,,,,47.0,101.0,90.0,0.261,,-0.75,,87.4,,0.319,0.536,0.218,,,,,,,,,,,,,,,
2024/06/08,3:10 PM.,CWS,BOS,away,Cloudy.,77,680897,1B,2,0,0,0,0,0,0,0,1,0,2,.223,.322,.330,.652,680897,nicknastrini,Nastrini,Right,Nick Nastrini,CHW,7.07,6.45,35.2,84.0,100.0,86.0,0.736,6.56,9.08,8.07,1.77,0.58,0.216,0.477,0.234,0.297,0.361,86.0,75.0,75.0,101.0,78.0,78.0,105.0,94.0,99.0,0.454,0.362,0.086,0.098,-1.37,0.09,-1.7,-4.58,93.7,85.8,84.5,79.2,0.189,0.415,0.204,0.4,0.6,0.32,0.222,0.444,0.346,90.0,81.0,88.0,0.364,0.455,0.333,,,,,,,,,,,,,,,,,,,,,,,,,,,,,,,,,,,,,,,,,,,,,,,,
2024/06/07,7:10 PM.,CWS,BOS,away,Cloudy.,73,676979,1B,2,0,0,0,0,0,0,0,0,1,1,.228,.316,.337,.653,676979,garrettcrochet,Crochet,Left,Garrett Crochet,CHW,3.58,2.85,146.0,103.0,102.0,103.0,0.694,12.88,2.03,7.58,1.11,1.25,0.259,0.394,0.175,0.33,0.458,66.0,101.0,102.0,104.0,103.0,103.0,138.0,102.0,107.0,0.537,0.098,,0.059,1.66,-2.29,,-0.36,97.2,91.0,84.3,,0.198,0.295,0.314,0.184,0.289,0.339,,,,,,,,,,123.0,98.0,97.0,0.021,4.04,97.9,0.228,0.561,0.422,0.154,0.154,0.321,,,,,,,,,,94.0,105.0,103.0,0.284,,-0.14,,91.6,,0.268,0.458,0.334,,,,,,,,,,,,,,,
2024/06/06,7:09 PM.,CWS,BOS,away,Cloudy.,76,663765,1B,5,1,3,0,0,0,2,0,1,0,3,.232,.321,.343,.664,663765,jakewoodford,Woodford,Right,Jake Woodford,- - -,7.97,5.67,35.0,99.0,90.0,95.0,0.874,6.69,2.31,12.34,1.54,0.94,0.233,0.45,0.132,0.333,0.424,58.0,104.0,95.0,66.0,106.0,93.0,99.0,102.0,106.0,0.029,0.282,,0.05,-0.64,-2.09,,-0.65,91.3,85.6,80.7,,,,,0.2,0.2,0.091,,,,,,,,,,92.0,99.0,91.0,0.448,-2.26,91.5,0.26,0.5,0.272,0.366,0.592,0.046,,,,,,,,,,85.0,92.0,88.0,0.191,,-0.82,,88.6,,0.308,0.5,0.13,,,,,,,,,,,,,,,
2024/06/05,1:36 PM.,ATL,BOS,home,Partly Cloudy.,80,680885,1B,3,1,2,1,0,0,1,0,1,1,0,.213,.302,.330,.632,680885,spencerschwellenbach,Schwellenbach,Right,Spencer Schwellenbach,ATL,3.35,3.44,123.2,107.0,101.0,108.0,0.744,9.24,1.67,7.71,1.02,1.14,0.247,0.413,0.183,0.299,0.462,,,,110.0,108.0,108.0,110.0,113.0,119.0,0.291,0.199,0.146,,0.27,0.61,0.29,,96.1,,87.3,80.6,0.24,0.448,0.205,,,,0.225,0.333,0.279,101.0,104.0,108.0,0.236,0.436,0.409,93.0,102.0,101.0,0.068,-0.12,95.1,,,,0.231,0.385,0.078,84.0,107.0,109.0,0.128,1.96,84.5,0.147,0.235,0.463,94.0,104.0,100.0,0.168,,0.53,,92.9,,0.27,0.5,0.199,,,,,,,,,,,,,,,
2024/06/04,7:16 PM.,ATL,BOS,home,Partly Cloudy.,72,608331,1B,4,1,1,0,0,1,1,0,0,1,3,.198,.284,.308,.592,608331,maxfried,Fried,Left,Max Fried,ATL,3.25,3.72,174.1,98.0,94.0,99.0,0.776,8.57,2.94,7.54,0.67,2.53,0.255,0.435,0.151,0.261,0.413,91.0,101.0,103.0,78.0,93.0,93.0,102.0,97.0,98.0,0.327,0.115,0.21,0.136,0.63,0.5,1.39,1.7,93.9,85.7,82.1,74.6,0.266,0.36,0.182,0.196,0.283,0.251,0.22,0.293,0.297,116.0,103.0,108.0,0.154,0.285,0.371,90.0,98.0,94.0,0.158,1.47,93.6,0.167,0.2,0.358,0.265,0.299,0.137,,,,,,,,,,93.0,96.0,94.0,0.054,,-1.33,,88.5,,0.286,0.476,0.286,,,,,,,,,,,,,,,
2024/06/02,1:37 PM.,DET,BOS,home,Partly Cloudy.,83,663554,1B,3,1,0,0,0,0,0,0,1,0,1,.195,.286,.276,.562,663554,caseymize,Mize,Right,Casey Mize,DET,4.49,4.74,102.1,102.0,107.0,101.0,0.803,6.86,2.55,10.64,0.97,1.65,0.227,0.405,0.149,0.335,0.435,,,,106.0,105.0,102.0,107.0,101.0,102.0,0.386,0.277,,,-0.47,-0.46,,,95.5,,85.7,,0.306,0.428,0.205,,,,0.271,0.5,0.218,,,,0.261,0.522,0.216,92.0,108.0,105.0,0.08,1.3,95.5,,,,0.293,0.341,0.08,112.0,99.0,102.0,0.181,-1.06,86.2,0.286,0.405,0.322,,,,,0.075,,-2.21,,79.6,,,,102.0,90.0,94.0,,,,,,,,,,,,
2024/06/01,4:10 PM.,DET,BOS,home,Sunny.,80,681857,1B,3,1,1,0,0,0,1,0,1,0,3,.202,.287,.286,.573,681857,reeseolson,Olson,Right,Reese Olson,DET,3.53,3.64,112.1,97.0,91.0,97.0,0.729,8.09,2.64,8.01,0.56,1.62,0.214,0.462,0.128,0.306,0.365,102.0,97.0,105.0,70.0,94.0,86.0,111.0,97.0,103.0,0.234,0.278,0.06,0.223,-0.39,2.08,-3.32,-0.05,94.2,86.5,84.8,79.0,0.277,0.386,0.101,0.222,0.344,0.429,0.143,0.194,0.455,92.0,91.0,90.0,0.304,0.652,0.295,75.0,103.0,95.0,0.205,1.85,94.2,,,,0.284,0.385,0.076,,,,,,,,,,,,,,,,,,,,,,,,,,,,,,,,,,,,
2024/05/31,7:10 PM.,DET,BOS,home,Partly Cloudy.,73,628317,1B,3,1,2,1,0,0,1,0,1,0,1,.198,.278,.284,.562,628317,kentamaeda,Maeda,Right,Kenta Maeda,DET,6.09,4.43,112.1,101.0,93.0,100.0,0.776,7.69,2.48,9.93,1.76,0.83,0.19,0.466,0.185,0.27,0.388,,,,67.0,99.0,91.0,101.0,95.0,98.0,0.225,0.359,0.016,,-2.6,-0.34,-4.36,,90.8,,81.4,76.4,0.359,0.667,0.13,,,,0.31,0.569,0.268,80.0,75.0,78.0,0.5,0.75,0.0,59.0,104.0,93.0,0.072,-0.02,90.4,0.241,0.379,0.207,0.294,0.324,0.133,110.0,105.0,110.0,0.312,-0.22,83.9,0.217,0.42,0.303,65.0,94.0,79.0,0.016,,1.08,,84.8,,0.333,0.333,0.391,,,,,,,,,,,,,,,
2024/05/30,7:22 PM.,DET,BOS,home,Partly Cloudy.,62,656427,1B,1,0,0,0,0,0,0,0,0,0,1,.179,.256,.256,.512,656427,jackflaherty,Flaherty,Right,Jack Flaherty,- - -,3.17,3.54,162.0,102.0,94.0,102.0,0.712,10.78,2.11,7.5,1.33,1.05,0.223,0.436,0.157,0.3,0.38,87.0,83.0,81.0,92.0,104.0,101.0,95.0,102.0,102.0,0.441,0.29,,0.027,0.5,0.02,,-0.55,93.3,85.7,84.7,,0.245,0.401,0.238,0.111,0.333,0.111,0.222,0.455,0.363,,,,0.164,0.219,0.436,75.0,85.0,72.0,0.023,-5.05,90.6,,,,0.6,1.2,0.4,,,,,,,,,,,,,,0.218,,2.19,,77.4,,,,101.0,103.0,107.0,,,,,,,,,,,,
2024/05/29,6:36 PM.,BAL,BOS,away,Overcast.,67,669203,1B,4,0,0,0,0,0,1,0,0,0,2,.182,.259,.260,.519,669203,corbinburnes,Burnes,Right,Corbin Burnes,BAL,2.92,3.34,194.1,103.0,120.0,107.0,0.735,8.38,2.22,7.64,1.02,1.4,0.21,0.425,0.19,0.289,0.399,110.0,98.0,103.0,,,,133.0,105.0,120.0,,0.146,0.215,0.11,,0.7,0.44,0.2,,89.2,87.2,80.3,,,,0.194,0.339,0.377,0.196,0.268,0.463,109.0,101.0,106.0,0.2,0.326,0.378,104.0,95.0,89.0,0.078,-0.5,97.0,0.125,0.5,0.457,0.235,0.412,0.157,,,,,,,,,,125.0,105.0,108.0,0.45,,1.37,,95.3,,0.251,0.362,0.19,,,,,,,,,,,,,,,
2024/05/28,6:37 PM.,BAL,BOS,away,Partly Cloudy.,77,680570,1B,3,0,0,0,0,0,0,0,1,1,1,.192,.272,.274,.546,680570,graysonrodriguez,"Rodriguez, G",Right,Grayson Rodriguez,BAL,3.86,3.72,116.2,102.0,119.0,107.0,0.728,10.03,2.78,8.41,1.16,1.07,0.219,0.419,0.147,0.325,0.452,140.0,101.0,108.0,113.0,102.0,106.0,118.0,101.0,108.0,0.465,0.158,0.155,0.21,-0.38,-0.96,0.29,1.63,96.1,83.1,86.5,81.3,0.291,0.413,0.269,0.161,0.306,0.348,0.25,0.563,0.361,114.0,103.0,107.0,0.26,0.38,0.241,133.0,102.0,111.0,0.012,5.3,96.1,,,,0.167,0.333,0.294,,,,,,,,,,,,,,,,,,,,,,,,,,,,,,,,,,,,
2024/05/27,1:05 PM.,BAL,BOS,away,Overcast.,82,608344,1B,4,0,0,0,0,0,0,0,0,1,7,.200,.273,.286,.559,608344,coleirvin,"Irvin, C",Left,Cole Irvin,- - -,5.11,5.78,111.0,101.0,79.0,94.0,0.849,6.32,2.35,10.7,1.46,0.96,0.251,0.414,0.121,0.34,0.478,65.0,108.0,100.0,62.0,99.0,85.0,85.0,121.0,119.0,0.264,0.041,0.252,0.134,-1.16,-3.18,-0.38,-1.52,91.9,84.9,78.1,77.3,0.296,0.592,0.163,0.282,0.474,0.243,0.25,0.438,0.196,102.0,98.0,102.0,0.283,0.424,0.189,75.0,101.0,89.0,0.2,-0.49,91.5,,,,0.307,0.485,0.088,,,,,,,,,,86.0,102.0,91.0,0.109,,-0.64,,85.9,,0.327,0.551,0.181,,,,,,,,,,,,,,,
2024/05/26,1:37 PM.,MIL,BOS,home,Sunny.,81,668964,1B,4,0,1,0,0,0,0,0,0,0,2,.212,.288,.303,.591,668964,tobiasmyers,Myers,Right,Tobias Myers,MIL,3.0,4.22,138.0,102.0,92.0,97.0,0.81,8.28,2.35,8.22,1.17,0.93,0.262,0.416,0.13,0.314,0.432,109.0,86.0,90.0,87.0,105.0,100.0,92.0,106.0,103.0,0.401,0.21,0.041,0.114,0.58,1.43,-3.19,1.18,92.9,81.1,85.5,77.8,0.239,0.436,0.194,0.083,0.083,0.444,0.198,0.255,0.248,73.0,99.0,104.0,0.421,0.579,0.194,71.0,92.0,74.0,0.005,11.28,91.5,,,,0.0,0.0,0.0,,,,,,,,,,96.0,100.0,91.0,0.23,,-0.75,,89.2,,0.336,0.518,0.123,,,,,,,,,,,,,,,
2024/05/25,4:11 PM.,MIL,BOS,home,Partly Cloudy.,77,657649,1B,1,0,0,0,0,0,0,0,3,0,1,.210,.290,.306,.596,657649,jaredkoenig,Koenig,Left,Jared Koenig,MIL,2.47,3.49,62.0,103.0,90.0,100.0,0.789,9.15,3.34,7.84,0.58,1.27,0.23,0.408,0.218,0.282,0.484,70.0,98.0,95.0,83.0,92.0,94.0,,,,0.006,,0.131,0.039,1.53,,0.27,1.61,96.8,85.5,,81.1,,,,0.143,0.143,0.524,,,,96.0,112.0,108.0,0.2,0.2,0.442,92.0,101.0,98.0,0.572,1.13,95.0,,,,0.231,0.299,0.175,,,,,,,,,,88.0,102.0,98.0,0.252,,-0.39,,90.3,,0.254,0.424,0.186,,,,,,,,,,,,,,,
2024/05/24,7:13 PM.,MIL,BOS,home,Clear.,82,657649,1B,3,2,2,0,0,1,1,0,0,1,0,.213,.262,.311,.573,657649,jaredkoenig,Koenig,Left,Jared Koenig,MIL,2.47,3.49,62.0,103.0,90.0,100.0,0.789,9.15,3.34,7.84,0.58,1.27,0.23,0.408,0.218,0.282,0.484,70.0,98.0,95.0,83.0,92.0,94.0,,,,0.006,,0.131,0.039,1.53,,0.27,1.61,96.8,85.5,,81.1,,,,0.143,0.143,0.524,,,,96.0,112.0,108.0,0.2,0.2,0.442,92.0,101.0,98.0,0.572,1.13,95.0,,,,0.231,0.299,0.175,,,,,,,,,,88.0,102.0,98.0,0.252,,-0.39,,90.3,,0.254,0.424,0.186,,,,,,,,,,,,,,,
2024/05/22,6:50 PM.,TB,BOS,away,Dome.,72,686752,1B,3,0,1,0,0,0,1,0,1,1,0,.190,.242,.241,.483,686752,ryanpepiot,Pepiot,Right,Ryan Pepiot,TBR,3.6,3.64,130.0,99.0,116.0,106.0,0.73,9.83,3.32,7.06,1.18,0.77,0.276,0.405,0.17,0.308,0.422,118.0,105.0,117.0,115.0,98.0,102.0,119.0,95.0,106.0,0.506,0.173,0.027,0.235,1.07,0.51,-1.47,-0.47,94.9,85.8,89.0,80.6,0.181,0.33,0.316,0.216,0.353,0.286,0.267,0.407,0.317,140.0,75.0,84.0,0.167,0.167,0.5,,,,,,,,,,,,,,,,,,,,,,100.0,103.0,100.0,0.06,,-0.88,,91.6,,0.276,0.586,0.141,,,,,,,,,,,,,,,
2024/05/21,6:50 PM.,TB,BOS,away,Dome.,72,641793,1B,2,0,0,0,0,0,0,0,0,0,1,.182,.224,.236,.460,641793,zacklittell,Littell,Right,Zack Littell,TBR,3.63,4.34,156.1,104.0,81.0,99.0,0.785,8.12,1.78,9.44,1.27,0.8,0.218,0.414,0.14,0.293,0.453,,,,54.0,110.0,91.0,102.0,99.0,98.0,0.221,0.399,,,0.58,0.45,,,92.4,,85.7,,0.245,0.358,0.191,,,,0.257,0.427,0.227,,,,,,,67.0,103.0,91.0,0.148,-0.6,91.6,0.406,0.594,0.115,0.265,0.439,0.141,104.0,106.0,112.0,0.232,-0.84,83.0,0.258,0.423,0.344,,,,,,,,,,,,,,,,,,,,,,,,,,,
2024/05/20,6:50 PM.,TB,BOS,away,Dome.,72,671737,1B,4,0,1,0,0,0,0,0,0,2,1,.189,.232,.245,.477,671737,tajbradley,"Bradley, T",Right,Taj Bradley,TBR,4.11,4.17,138.0,98.0,116.0,103.0,0.748,10.04,3.07,7.96,1.43,1.06,0.247,0.394,0.102,0.394,0.426,,,,129.0,97.0,102.0,,,,0.417,,0.089,,-0.04,,-1.5,,96.4,,,79.1,0.269,0.5,0.21,,,,,,,100.0,91.0,93.0,0.241,0.483,0.346,,,,,,,,,,,,,123.0,102.0,114.0,0.269,0.47,90.9,0.213,0.32,0.33,91.0,100.0,98.0,0.225,,1.02,,90.9,,0.205,0.357,0.324,,,,,,,,,,,,,,,
2024/05/19,12:07 PM.,STL,BOS,away,Sunny.,85,669461,1B,3,0,1,0,0,0,3,0,0,0,1,.184,.231,.245,.476,669461,matthewliberatore,Liberatore,Left,Matthew Liberatore,STL,4.4,4.2,86.0,101.0,98.0,100.0,0.777,7.95,2.93,8.48,1.15,1.05,0.238,0.361,0.147,0.294,0.469,49.0,89.0,90.0,73.0,99.0,91.0,137.0,101.0,108.0,0.283,0.276,0.065,0.044,-0.28,1.9,-0.33,2.53,94.7,87.8,87.4,78.2,0.262,0.615,0.195,0.0,0.0,0.2,0.185,0.25,0.384,134.0,100.0,107.0,0.174,0.174,0.273,79.0,108.0,103.0,0.204,-0.76,95.4,,,,0.284,0.481,0.142,,,,,,,,,,98.0,105.0,103.0,0.128,,-1.81,,91.4,,0.432,0.622,0.228,,,,,,,,,,,,,,,
2024/05/18,6:17 PM.,STL,BOS,away,Clear.,82,571945,1B,4,0,0,0,0,0,0,0,0,3,1,.174,.224,.239,.463,571945,milesmikolas,Mikolas,Right,Miles Mikolas,STL,5.35,4.65,171.2,109.0,87.0,103.0,0.859,6.4,1.31,10.17,1.36,1.15,0.243,0.406,0.152,0.33,0.495,85.0,103.0,98.0,65.0,107.0,98.0,116.0,112.0,114.0,0.279,0.283,0.116,0.085,0.23,-1.19,-1.97,-4.2,93.2,85.6,85.7,76.6,0.287,0.446,0.178,0.394,0.742,0.159,0.301,0.506,0.164,94.0,109.0,106.0,0.267,0.52,0.231,80.0,111.0,99.0,0.231,1.42,92.4,0.273,0.545,0.275,0.237,0.382,0.108,,,,,,,,,,,,,,0.005,,4.24,,69.6,,,,,,,,,,,,,,,,,,
2024/05/17,7:15 PM.,STL,BOS,away,Partly Cloudy.,73,502043,1B,3,1,1,1,0,0,0,0,1,0,0,.190,.244,.262,.506,502043,kylegibson,Gibson,Right,Kyle Gibson,STL,4.24,4.87,169.2,98.0,93.0,95.0,0.756,8.01,3.61,8.54,1.22,1.29,0.218,0.431,0.166,0.351,0.359,99.0,92.0,89.0,80.0,88.0,83.0,104.0,102.0,105.0,0.132,0.207,0.086,0.099,-1.39,0.92,-2.21,1.2,91.4,84.9,80.7,78.3,0.268,0.563,0.065,0.19,0.254,0.39,,,,102.0,103.0,104.0,0.325,0.675,0.462,84.0,101.0,96.0,0.264,0.22,90.7,0.2,0.312,0.412,0.267,0.422,0.092,,,,,,,,,,96.0,95.0,91.0,0.211,,0.21,,88.6,,0.299,0.479,0.181,,,,,,,,,,,,,,,
2024/05/16,7:10 PM.,TB,BOS,home,Partly Cloudy.,60,641793,1B,3,0,1,0,0,0,1,0,0,0,2,.179,.220,.231,.451,641793,zacklittell,Littell,Right,Zack Littell,TBR,3.63,4.34,156.1,104.0,81.0,99.0,0.785,8.12,1.78,9.44,1.27,0.8,0.218,0.414,0.14,0.293,0.453,,,,54.0,110.0,91.0,102.0,99.0,98.0,0.221,0.399,,,0.58,0.45,,,92.4,,85.7,,0.245,0.358,0.191,,,,0.257,0.427,0.227,,,,,,,67.0,103.0,91.0,0.148,-0.6,91.6,0.406,0.594,0.115,0.265,0.439,0.141,104.0,106.0,112.0,0.232,-0.84,83.0,0.258,0.423,0.344,,,,,,,,,,,,,,,,,,,,,,,,,,,
2024/05/15,7:12 PM.,TB,BOS,home,Overcast.,67,671737,DH,4,0,1,0,0,0,0,0,0,2,0,.167,.211,.222,.433,671737,tajbradley,"Bradley, T",Right,Taj Bradley,TBR,4.11,4.17,138.0,98.0,116.0,103.0,0.748,10.04,3.07,7.96,1.43,1.06,0.247,0.394,0.102,0.394,0.426,,,,129.0,97.0,102.0,,,,0.417,,0.089,,-0.04,,-1.5,,96.4,,,79.1,0.269,0.5,0.21,,,,,,,100.0,91.0,93.0,0.241,0.483,0.346,,,,,,,,,,,,,123.0,102.0,114.0,0.269,0.47,90.9,0.213,0.32,0.33,91.0,100.0,98.0,0.225,,1.02,,90.9,,0.205,0.357,0.324,,,,,,,,,,,,,,,
2024/05/14,7:11 PM.,TB,BOS,home,Clear.,69,650644,1B,3,0,1,1,0,0,2,0,0,1,1,.156,.206,.219,.425,650644,aaroncivale,Civale,Right,Aaron Civale,- - -,4.36,4.0,161.0,100.0,96.0,100.0,0.801,8.33,2.91,8.83,1.62,0.83,0.253,0.411,0.145,0.315,0.399,,,,68.0,102.0,96.0,152.0,101.0,112.0,0.099,0.163,0.156,,-1.7,-1.03,-1.36,,92.0,,80.5,77.1,0.294,0.49,0.095,,,,0.25,0.375,0.438,104.0,104.0,109.0,0.25,0.479,0.275,71.0,93.0,83.0,0.24,0.06,92.6,0.267,0.467,0.272,0.241,0.421,0.158,57.0,96.0,102.0,0.02,-4.86,85.6,0.375,0.625,0.261,91.0,100.0,101.0,0.322,,1.08,,88.1,,0.232,0.394,0.233,,,,,,,,,,,,,,,
2024/05/13,7:12 PM.,TB,BOS,home,Partly Cloudy.,64,621107,1B,4,0,0,0,0,0,0,0,0,1,1,.138,.167,.172,.339,621107,zacheflin,Eflin,Right,Zach Eflin,- - -,3.59,3.67,165.1,107.0,92.0,103.0,0.808,7.29,1.31,9.04,1.2,1.14,0.235,0.446,0.174,0.323,0.45,87.0,101.0,103.0,61.0,105.0,94.0,122.0,107.0,113.0,0.09,0.097,0.188,0.061,-0.64,0.46,-1.27,0.21,92.4,85.6,79.7,78.8,0.236,0.418,0.248,0.188,0.354,0.105,,,,108.0,112.0,108.0,0.291,0.472,0.333,91.0,109.0,105.0,0.282,0.0,91.7,0.236,0.473,0.203,0.293,0.404,0.133,,,,,,,,,,85.0,105.0,98.0,0.282,,1.54,,88.2,,0.214,0.345,0.223,,,,,,,,,,,,,,,
2024/05/12,1:37 PM.,WSH,BOS,home,Partly Cloudy.,61,669022,1B,1,0,0,0,0,0,0,0,0,0,1,.160,.192,.200,.392,669022,mackenziegore,Gore,Left,MacKenzie Gore,WSN,3.9,4.2,166.1,98.0,110.0,101.0,0.752,9.79,3.52,9.25,0.81,1.11,0.26,0.376,0.156,0.3,0.433,92.0,91.0,94.0,124.0,98.0,103.0,89.0,92.0,92.0,0.553,0.158,0.196,0.093,-0.02,-0.77,0.62,-1.35,96.0,85.9,90.6,82.8,0.281,0.418,0.226,0.28,0.48,0.512,0.255,0.422,0.323,104.0,104.0,102.0,0.218,0.296,0.34,,,,,,,0.333,0.5,0.417,,,,,,,,,,,,,,,,,,,,,,,,,,,,,,,,,,,,,,,
2024/05/11,4:10 PM.,WSH,BOS,home,Sunny.,54,663623,1B,3,0,0,0,0,0,0,0,0,2,0,.167,.200,.208,.408,663623,jakeirvin,"Irvin, J",Right,Jake Irvin,WSN,4.41,4.31,187.2,103.0,94.0,101.0,0.803,7.48,2.49,8.3,1.39,1.2,0.241,0.424,0.181,0.334,0.462,99.0,91.0,93.0,82.0,104.0,97.0,110.0,115.0,117.0,0.379,0.003,0.313,0.035,0.44,-14.34,0.24,1.34,93.9,88.4,85.9,81.1,0.204,0.381,0.235,0.125,0.125,0.349,,,,110.0,104.0,106.0,0.226,0.42,0.251,97.0,102.0,102.0,0.205,-0.64,93.3,,,,0.325,0.497,0.149,,,,,,,,,,78.0,102.0,93.0,0.065,,0.06,,89.9,,0.283,0.522,0.204,,,,,,,,,,,,,,,
2024/05/10,7:12 PM.,WSH,BOS,home,Clear.,51,571578,1B,1,0,0,0,0,0,0,0,0,0,0,.190,.227,.238,.465,571578,patrickcorbin,Corbin,Left,Patrick Corbin,WSN,5.62,5.53,174.2,101.0,76.0,94.0,0.788,7.16,2.78,10.72,1.29,1.42,0.218,0.384,0.141,0.333,0.396,87.0,96.0,96.0,55.0,97.0,84.0,88.0,97.0,97.0,0.076,0.343,0.016,0.034,-1.46,0.41,-2.3,-5.53,91.3,81.0,80.0,70.0,0.311,0.578,0.133,0.409,0.773,0.279,0.216,0.335,0.354,73.0,100.0,97.0,0.5,1.25,0.526,71.0,103.0,92.0,0.338,-1.9,91.5,,,,0.339,0.567,0.091,,,,,,,,,,76.0,107.0,98.0,0.192,0.001,-0.37,4.71,85.7,63.2,0.301,0.434,0.223,,,,,,,,,,,,,,,
2024/05/07,7:21 PM.,ATL,BOS,away,Partly Cloudy.,81,625643,DH,4,0,0,0,0,0,0,0,1,1,3,.200,.238,.250,.488,625643,reynaldolopez,"López, R",Right,Reynaldo López,ATL,1.99,3.94,135.2,102.0,96.0,101.0,0.75,9.82,2.79,7.16,0.66,1.03,0.279,0.365,0.142,0.305,0.439,75.0,110.0,105.0,91.0,103.0,99.0,113.0,100.0,105.0,0.552,0.294,0.116,0.038,1.19,1.45,1.61,-3.58,95.5,86.1,85.0,77.0,0.266,0.369,0.165,0.263,0.737,0.349,0.168,0.257,0.443,84.0,99.0,104.0,0.151,0.264,0.364,,,,,,,,,,,,,,,,,,,,,,,,,,,,,,,,,,,,,,,,,,,,,,,,
2024/05/05,1:11 PM.,MIN,BOS,away,Partly Cloudy.,68,657746,1B,4,0,1,1,0,0,2,0,0,1,0,.250,.250,.313,.563,657746,joeryan,Ryan,Right,Joe Ryan,MIN,3.6,2.87,135.0,107.0,99.0,104.0,0.752,9.8,1.53,7.33,1.27,0.79,0.242,0.427,0.198,0.281,0.481,,,,94.0,110.0,105.0,108.0,103.0,112.0,0.485,0.234,,,1.38,-0.09,,,94.0,,83.1,,0.194,0.379,0.275,,,,0.343,0.6,0.216,,,,,,,110.0,108.0,105.0,0.06,-0.77,92.9,0.207,0.37,0.337,0.345,0.483,0.094,101.0,103.0,94.0,0.221,0.2,88.6,0.202,0.387,0.258,,,,,,,,,,,,,,,,,,,,,,,,,,,
2024/05/04,1:11 PM.,MIN,BOS,away,Overcast.,52,641154,DH,4,0,2,0,0,0,0,0,0,0,3,.250,.250,.250,.500,641154,pablolopez,"López, P",Right,Pablo López,MIN,4.08,3.67,185.1,104.0,98.0,105.0,0.749,9.62,1.99,8.74,1.26,1.19,0.245,0.438,0.134,0.298,0.432,95.0,104.0,105.0,97.0,105.0,101.0,106.0,103.0,110.0,0.407,0.219,0.1,0.201,1.65,-0.84,-1.28,-0.14,95.0,88.5,84.5,82.4,0.208,0.352,0.259,0.281,0.359,0.249,,,,92.0,103.0,108.0,0.23,0.446,0.341,97.0,107.0,107.0,0.073,-2.77,94.5,0.239,0.436,0.331,0.426,0.639,0.142,,,,,,,,,,,,,,,,,,,,,,,,,,,,,,,,,,,,
2024/05/03,7:11 PM.,MIN,BOS,away,Cloudy.,69,663978,DH,4,0,0,0,0,0,0,0,0,2,0,.125,.125,.125,.250,663978,chrispaddack,Paddack,Right,Chris Paddack,MIN,4.99,4.84,88.1,106.0,89.0,104.0,0.781,8.05,2.14,10.39,1.43,0.9,0.233,0.35,0.141,0.311,0.425,108.0,107.0,112.0,79.0,111.0,103.0,71.0,97.0,96.0,0.429,0.177,0.136,0.259,0.63,-0.21,-1.69,-1.51,93.3,82.9,85.9,78.2,0.277,0.4,0.243,0.283,0.519,0.248,0.264,0.434,0.254,106.0,102.0,103.0,0.326,0.435,0.19,,,,,,,,,,,,,,,,,,,,,,,,,,,,,,,,,,,,,,,,,,,,,,,,
2024/05/01,7:14 PM.,SF,BOS,home,Clear.,51,669062,1B,4,0,1,0,0,0,1,0,0,0,3,.250,.250,.250,.500,669062,erikmiller,"Miller, E",Left,Erik Miller,SFG,3.88,3.14,67.1,96.0,110.0,99.0,0.712,11.63,5.08,6.68,0.94,1.46,0.165,0.475,0.177,0.348,0.386,118.0,97.0,105.0,95.0,94.0,91.0,137.0,101.0,110.0,0.497,0.164,0.001,0.338,0.99,-1.06,3.94,0.1,96.9,85.5,83.3,81.1,0.184,0.311,0.291,0.21,0.35,0.302,0.244,0.415,0.375,,,,,,,,,,,,,,,,,,,,,,,,,,,,,,,,,,,,,,,,,,,,,,,,,,,,,,
