date,time,opponent,team,location,weather,temp,opposingPitcherId,position,ab,r,h,doubles,triples,hr,rbi,sb,bb,k,lob,avg,obp,slg,ops,id,fullName,boxscoreName,PitchingHand,PlayerName,Team,ERA,xERA,IP,Location+,Stuff+,Pitching+,Contact%,K/9,BB/9,H/9,HR/9,GB/FB,Oppo%,Pull%,Soft%,Hard%,Zone%,Stf+ CH,Loc+ CH,Pit+ CH,Stf+ CU,Loc+ CU,Pit+ CU,Stf+ FA,Loc+ FA,Pit+ FA,Stf+ SI,Loc+ SI,Pit+ SI,Stf+ SL,Loc+ SL,Pit+ SL,SI%,FA%,SL%,CU%,CH%,wFA/C,wSI/C,wSL/C,wCU/C,wCH/C,vFA,vCH,vSI,vSL,vCU,FF_ba,FF_slg,FF_whiff,SL_ba,SL_slg,SL_whiff,SI_ba,SI_slg,SI_whiff,CH_ba,CH_slg,CH_whiff,CU_ba,CU_slg,CU_whiff,Stf+ FC,Loc+ FC,Pit+ FC,FC%,wFC/C,vFC,FC_ba,FC_slg,FC_whiff,ST_ba,ST_slg,ST_whiff,Stf+ FS,Loc+ FS,Pit+ FS,FS%,wFS/C,vFS,FS_ba,FS_slg,FS_whiff,Stf+ KC,Loc+ KC,Pit+ KC,KC%,wKC/C,vKC,vKN (sc),KN%,wKN/C,SV_ba,SV_slg,SV_whiff
2024/09/29,12:09 PM.,LAA,TEX,away,Sunny.,75,686799,LF,5,1,1,0,0,0,0,1,0,0,2,.253,.325,.415,.740,686799,jackkochanowicz,Kochanowicz,Right,Jack Kochanowicz,LAA,3.99,4.97,65.1,101.0,100.0,102.0,0.867,3.44,1.38,9.37,0.96,2.33,0.202,0.39,0.152,0.35,0.513,74.0,103.0,98.0,111.0,95.0,106.0,87.0,95.0,90.0,99.0,103.0,102.0,,,,0.724,0.062,,0.184,0.03,-1.87,0.89,,-1.06,-3.35,96.3,88.3,95.8,,85.0,0.167,0.5,0.364,,,,0.286,0.411,0.121,0.333,0.444,0.067,0.235,0.412,0.25,,,,,,,,,,,,,,,,,,,,,,,,,,,,,,,,,
2024/09/28,6:41 PM.,LAA,TEX,away,Clear.,71,656288,LF,4,2,1,0,0,1,1,0,1,1,3,.253,.326,.417,.743,656288,griffincanning,Canning,Right,Griffin Canning,LAA,5.19,4.74,171.2,98.0,88.0,97.0,0.772,6.82,3.46,9.12,1.63,1.04,0.225,0.434,0.128,0.367,0.401,96.0,102.0,102.0,75.0,96.0,96.0,73.0,94.0,86.0,76.0,89.0,78.0,107.0,100.0,110.0,0.01,0.376,0.24,0.107,0.267,-0.85,-6.83,-0.91,-0.86,0.48,93.4,88.6,93.0,87.7,80.6,0.251,0.529,0.147,0.284,0.444,0.331,0.429,0.857,0.0,0.259,0.387,0.288,0.271,0.438,0.241,,,,,,,,,,,,,,,,,,,,,,,,,,,,,,,,,
2024/09/27,6:40 PM.,LAA,TEX,away,Partly Cloudy.,69,672282,LF,4,1,1,0,0,1,2,0,0,1,1,.253,.325,.412,.737,672282,reiddetmers,Detmers,Left,Reid Detmers,LAA,6.7,4.14,87.1,99.0,95.0,99.0,0.735,11.23,3.92,10.1,1.85,0.88,0.252,0.479,0.132,0.364,0.439,92.0,96.0,97.0,89.0,100.0,103.0,86.0,96.0,92.0,,,,117.0,106.0,114.0,,0.468,0.244,0.146,0.142,-0.56,,-0.44,-3.5,-1.18,93.8,84.7,,86.2,75.0,0.278,0.508,0.253,0.22,0.39,0.368,,,,0.351,0.544,0.319,0.37,0.804,0.216,,,,,,,,,,,,,,,,,,,,,,,,,,,,,,,,,
2024/09/26,12:37 PM.,OAK,TEX,away,Sunny.,67,669372,LF,2,1,1,0,0,0,0,1,2,0,1,.253,.326,.407,.733,669372,jtginn,Ginn,Right,J.T. Ginn,OAK,4.24,4.59,34.0,100.0,100.0,99.0,0.738,7.68,2.38,9.53,1.06,1.45,0.245,0.431,0.137,0.284,0.429,93.0,96.0,97.0,,,,72.0,76.0,78.0,100.0,102.0,99.0,107.0,102.0,103.0,0.511,0.035,0.309,,0.146,1.23,-0.98,2.3,,-0.36,92.2,87.0,92.9,85.3,,0.0,0.0,0.333,0.158,0.237,0.355,0.319,0.472,0.205,0.389,0.556,0.375,,,,,,,,,,,,,,,,,,,,,,,,,,,,,,,,,,,,
2024/09/25,6:40 PM.,OAK,TEX,away,Partly Cloudy.,64,669620,LF,5,1,2,0,0,1,2,1,0,1,2,.252,.323,.407,.730,669620,bradybasso,Basso,Left,Brady Basso,OAK,4.03,3.46,22.1,104.0,82.0,98.0,0.765,7.66,2.01,9.27,1.21,1.07,0.275,0.406,0.145,0.333,0.443,77.0,96.0,84.0,79.0,112.0,110.0,77.0,100.0,95.0,43.0,110.0,99.0,,,,0.023,0.469,,0.206,0.123,2.37,-1.21,,1.0,-3.63,92.2,86.4,92.0,,76.4,0.225,0.325,0.165,,,,,,,0.357,0.571,0.227,0.2,0.2,0.385,102.0,107.0,103.0,0.18,-2.37,88.1,0.385,0.615,0.308,,,,,,,,,,,,,,,,,,,,,,,,
2024/09/24,6:40 PM.,OAK,TEX,away,Partly Cloudy.,69,687765,LF,4,1,0,0,0,0,0,0,1,2,4,.251,.322,.401,.723,687765,mitchspence,Spence,Right,Mitch Spence,OAK,4.58,4.14,151.1,103.0,100.0,101.0,0.792,7.49,2.62,9.81,1.19,1.4,0.179,0.472,0.137,0.309,0.406,74.0,86.0,83.0,118.0,117.0,117.0,,,,40.0,97.0,84.0,121.0,105.0,109.0,0.146,,0.326,0.121,0.011,,-1.41,0.01,-0.82,-7.88,,88.4,91.9,84.3,80.4,,,,0.278,0.493,0.276,0.338,0.403,0.16,0.571,0.857,0.0,0.196,0.351,0.31,99.0,100.0,96.0,0.396,-0.41,90.7,0.278,0.472,0.176,,,,,,,,,,,,,,,,,,,,,,,,
2024/09/22,1:37 PM.,SEA,TEX,home,Roof Closed.,74,693433,LF,4,1,1,0,0,1,3,0,0,1,1,.253,.323,.404,.727,693433,bryanwoo,Woo,Right,Bryan Woo,SEA,2.89,2.72,121.1,107.0,104.0,107.0,0.785,7.49,0.96,7.12,1.04,0.96,0.285,0.344,0.144,0.256,0.499,91.0,104.0,100.0,,,,97.0,109.0,107.0,116.0,109.0,109.0,113.0,101.0,107.0,0.23,0.489,0.187,,0.094,1.44,1.85,1.23,,0.0,94.8,89.6,94.7,84.2,,0.218,0.355,0.273,0.265,0.529,0.241,0.234,0.315,0.097,0.186,0.373,0.207,,,,,,,,,,,,,0.1,0.1,0.417,,,,,,,,,,,,,,,,,,,,,
2024/09/21,6:07 PM.,SEA,TEX,home,Roof Closed.,74,676106,LF,4,1,2,0,0,0,0,1,1,0,1,.253,.324,.399,.723,676106,emersonhancock,Hancock,Right,Emerson Hancock,SEA,4.75,5.94,60.2,102.0,86.0,98.0,0.809,5.79,2.82,9.2,1.78,0.82,0.272,0.411,0.198,0.317,0.436,86.0,108.0,105.0,,,,76.0,103.0,94.0,90.0,100.0,94.0,97.0,94.0,95.0,0.298,0.326,0.165,,0.211,0.6,-1.17,-3.11,,0.03,93.4,86.5,93.2,84.1,,0.253,0.443,0.226,0.3,0.6,0.317,0.323,0.538,0.149,0.185,0.323,0.239,,,,,,,,,,,,,,,,,,,,,,,,,,,,,,,,,,,,
2024/09/20,7:07 PM.,SEA,TEX,home,Roof Closed.,74,669923,LF,4,0,0,0,0,0,0,0,0,1,1,.251,.321,.398,.719,669923,georgekirby,Kirby,Right,George Kirby,SEA,3.53,3.44,191.0,106.0,106.0,106.0,0.786,8.43,1.08,8.53,1.04,1.01,0.298,0.342,0.178,0.294,0.446,,,,,,,102.0,107.0,101.0,106.0,108.0,108.0,110.0,104.0,110.0,0.236,0.339,0.237,,,0.46,1.5,1.28,,,96.0,,96.0,87.2,,0.221,0.458,0.291,0.226,0.316,0.271,0.263,0.354,0.105,,,,0.333,0.439,0.286,97.0,99.0,93.0,0.004,0.79,92.3,,,,,,,109.0,100.0,108.0,0.102,-2.05,86.0,0.253,0.413,0.295,114.0,110.0,113.0,0.082,-1.95,83.4,73.9,0.0,-3.5,,,
2024/09/19,1:37 PM.,TOR,TEX,home,Roof Closed.,74,592332,LF,3,0,0,0,0,0,0,0,0,1,0,.253,.324,.402,.726,592332,kevingausman,Gausman,Right,Kevin Gausman,TOR,3.83,4.71,181.0,105.0,94.0,104.0,0.791,8.06,2.78,8.2,0.99,0.91,0.262,0.417,0.136,0.363,0.417,,,,,,,99.0,105.0,105.0,90.0,102.0,94.0,88.0,90.0,95.0,0.054,0.528,0.084,,,0.43,-3.21,-1.21,,,93.9,,93.3,82.7,,0.277,0.466,0.175,0.268,0.439,0.266,0.316,0.579,0.117,,,,,,,,,,,,,,,,,,,88.0,108.0,106.0,0.334,0.51,86.0,0.169,0.262,0.335,,,,,,,,,,,,
2024/09/18,7:08 PM.,TOR,TEX,home,Roof Closed.,74,670102,LF,3,1,1,0,0,0,0,0,0,2,1,.254,.326,.404,.730,670102,bowdenfrancis,Francis,Right,Bowden Francis,TOR,3.3,3.39,103.2,102.0,97.0,104.0,0.8,7.99,1.91,6.42,1.48,0.74,0.247,0.498,0.171,0.341,0.465,,,,99.0,94.0,100.0,94.0,106.0,107.0,79.0,96.0,85.0,96.0,92.0,92.0,0.029,0.513,0.092,0.182,,2.21,1.45,-1.47,-1.71,,92.9,,90.3,81.7,73.5,0.174,0.371,0.185,0.25,0.583,0.436,0.182,0.455,0.067,,,,0.308,0.558,0.243,,,,,,,,,,,,,109.0,105.0,110.0,0.184,1.44,83.8,0.169,0.169,0.225,,,,,,,,,,,,
2024/09/17,7:09 PM.,TOR,TEX,home,Roof Closed.,74,605135,LF,4,3,3,2,0,1,2,0,2,0,3,.254,.324,.405,.729,605135,chrisbassitt,Bassitt,Right,Chris Bassitt,TOR,4.16,4.52,171.0,98.0,94.0,96.0,0.805,8.84,3.68,9.47,0.95,1.14,0.27,0.365,0.177,0.331,0.437,75.0,87.0,84.0,101.0,91.0,102.0,64.0,103.0,94.0,96.0,101.0,97.0,120.0,96.0,106.0,0.407,0.045,0.118,0.137,0.053,-1.6,-0.08,-0.88,-0.09,-2.29,92.6,84.5,92.5,77.2,71.0,0.242,0.394,0.25,0.375,0.781,0.096,0.327,0.423,0.128,0.321,0.607,0.158,0.221,0.351,0.292,79.0,101.0,91.0,0.197,0.44,89.6,0.188,0.316,0.268,0.154,0.231,0.458,87.0,90.0,86.0,0.043,-2.64,84.1,0.303,0.364,0.167,,,,,,,,,,,,
2024/09/15,1:12 PM.,SEA,TEX,away,Cloudy.,58,669923,LF,3,0,0,0,0,0,0,0,0,1,0,.249,.318,.391,.709,669923,georgekirby,Kirby,Right,George Kirby,SEA,3.53,3.44,191.0,106.0,106.0,106.0,0.786,8.43,1.08,8.53,1.04,1.01,0.298,0.342,0.178,0.294,0.446,,,,,,,102.0,107.0,101.0,106.0,108.0,108.0,110.0,104.0,110.0,0.236,0.339,0.237,,,0.46,1.5,1.28,,,96.0,,96.0,87.2,,0.221,0.458,0.291,0.226,0.316,0.271,0.263,0.354,0.105,,,,0.333,0.439,0.286,97.0,99.0,93.0,0.004,0.79,92.3,,,,,,,109.0,100.0,108.0,0.102,-2.05,86.0,0.253,0.413,0.295,114.0,110.0,113.0,0.082,-1.95,83.4,73.9,0.0,-3.5,,,
2024/09/14,6:40 PM.,SEA,TEX,away,Roof Closed.,57,669302,LF,3,0,1,1,0,0,0,1,1,0,0,.251,.320,.393,.713,669302,logangilbert,"Gilbert, L",Right,Logan Gilbert,SEA,3.23,3.14,208.2,101.0,121.0,106.0,0.705,9.49,1.6,6.38,1.12,1.2,0.236,0.45,0.135,0.325,0.429,,,,124.0,99.0,107.0,106.0,101.0,97.0,91.0,102.0,97.0,146.0,102.0,115.0,0.015,0.308,0.32,0.118,,1.41,0.32,1.72,0.81,,96.6,,95.5,88.4,83.2,0.204,0.383,0.193,0.21,0.375,0.368,0.286,0.286,0.05,,,,0.181,0.301,0.354,116.0,104.0,103.0,0.106,0.14,92.3,0.247,0.483,0.272,,,,99.0,96.0,104.0,0.134,1.18,84.5,0.101,0.162,0.506,,,,,,,,,,,,
2024/09/13,7:11 PM.,SEA,TEX,away,Roof Closed.,61,676106,LF,3,2,1,0,0,1,1,0,2,1,2,.251,.319,.391,.710,676106,emersonhancock,Hancock,Right,Emerson Hancock,SEA,4.75,5.94,60.2,102.0,86.0,98.0,0.809,5.79,2.82,9.2,1.78,0.82,0.272,0.411,0.198,0.317,0.436,86.0,108.0,105.0,,,,76.0,103.0,94.0,90.0,100.0,94.0,97.0,94.0,95.0,0.298,0.326,0.165,,0.211,0.6,-1.17,-3.11,,0.03,93.4,86.5,93.2,84.1,,0.253,0.443,0.226,0.3,0.6,0.317,0.323,0.538,0.149,0.185,0.323,0.239,,,,,,,,,,,,,,,,,,,,,,,,,,,,,,,,,,,,
2024/09/12,6:42 PM.,SEA,TEX,away,Partly Cloudy.,69,682243,LF,4,1,1,1,0,0,0,0,0,1,0,.250,.316,.385,.701,682243,brycemiller,"Miller, B",Right,Bryce Miller,SEA,2.94,3.72,180.1,101.0,112.0,105.0,0.774,8.53,2.25,6.54,1.05,0.86,0.249,0.404,0.14,0.318,0.442,,,,,,,124.0,102.0,106.0,100.0,102.0,99.0,122.0,96.0,101.0,0.171,0.423,0.168,,,1.53,1.55,-0.21,,,95.2,,94.7,84.5,,0.184,0.348,0.266,0.243,0.568,0.261,0.248,0.358,0.092,,,,0.231,0.308,0.378,93.0,80.0,85.0,0.023,0.14,92.1,0.25,0.333,0.207,0.24,0.4,0.188,95.0,107.0,111.0,0.171,1.51,84.4,0.148,0.225,0.29,92.0,104.0,111.0,0.044,-0.4,85.0,,,,,,
2024/09/11,12:41 PM.,AZ,TEX,away,Roof Closed.,78,518876,LF,5,1,2,0,0,0,0,0,0,1,1,.250,.316,.384,.700,518876,merrillkelly,"Kelly, M",Right,Merrill Kelly,ARI,4.03,4.94,73.2,105.0,98.0,101.0,0.806,7.7,2.32,8.19,1.34,1.17,0.209,0.456,0.13,0.335,0.381,122.0,108.0,106.0,116.0,108.0,107.0,73.0,106.0,97.0,84.0,98.0,90.0,114.0,111.0,111.0,0.147,0.197,0.118,0.077,0.21,-0.76,-3.28,-0.18,-1.78,4.47,91.9,88.4,92.3,85.6,82.2,0.26,0.54,0.204,0.273,0.455,0.394,0.378,0.644,0.086,0.099,0.099,0.315,0.25,0.55,0.205,95.0,103.0,98.0,0.252,0.01,90.3,0.276,0.5,0.109,,,,,,,,,,,,,,,,,,,,,,,,
2024/09/10,6:41 PM.,AZ,TEX,away,Roof Closed.,78,668678,LF,4,0,2,0,0,0,0,2,0,1,1,.248,.315,.384,.699,668678,zacgallen,Gallen,Right,Zac Gallen,ARI,3.65,3.97,148.0,101.0,101.0,101.0,0.761,9.49,3.28,8.09,0.79,1.38,0.231,0.396,0.133,0.351,0.348,88.0,107.0,98.0,,,,101.0,95.0,96.0,132.0,80.0,80.0,107.0,102.0,102.0,0.001,0.463,0.087,,0.14,-0.55,-1.02,-0.56,,0.43,93.7,86.6,94.7,87.0,,0.28,0.46,0.133,0.31,0.476,0.337,,,,0.27,0.382,0.265,0.148,0.23,0.392,89.0,87.0,79.0,0.031,-0.78,90.3,0.25,0.625,0.36,,,,,,,,,,,,,107.0,108.0,112.0,0.277,2.29,81.0,,,,,,
2024/09/08,1:37 PM.,LAA,TEX,home,Sunny.,81,702674,LF,4,0,0,0,0,0,0,0,0,1,4,.246,.314,.383,.697,702674,cadendana,Dana,Right,Caden Dana,LAA,9.58,7.27,10.1,89.0,90.0,86.0,0.753,6.97,6.1,12.19,4.35,1.54,0.222,0.556,0.056,0.528,0.422,106.0,95.0,97.0,99.0,68.0,81.0,83.0,91.0,84.0,,,,99.0,87.0,89.0,,0.524,0.267,0.073,0.092,-7.53,,2.73,-4.76,0.38,93.7,85.0,,85.4,74.9,0.462,1.038,0.167,0.077,0.308,0.375,,,,,,,,,,76.0,95.0,79.0,0.044,0.23,86.3,,,,,,,,,,,,,,,,,,,,,,,,,,,
2024/09/07,6:08 PM.,LAA,TEX,home,Clear.,85,542881,LF,4,1,1,1,0,0,1,0,0,1,1,.248,.316,.386,.702,542881,tyleranderson,Anderson,Left,Tyler Anderson,LAA,3.81,4.37,179.1,99.0,96.0,99.0,0.741,7.13,3.66,7.93,1.2,0.88,0.193,0.51,0.157,0.267,0.396,105.0,100.0,105.0,,,,89.0,99.0,96.0,66.0,95.0,83.0,80.0,141.0,142.0,0.033,0.396,0.013,0.001,0.371,-0.73,-3.87,-0.06,-3.14,1.32,89.4,78.9,88.1,81.3,71.6,0.272,0.494,0.183,0.0,0.0,0.357,0.261,0.696,0.152,0.185,0.259,0.396,,,,99.0,100.0,96.0,0.185,-0.41,84.3,0.264,0.455,0.247,,,,,,,,,,,,,,,,,,,,,,,,
2024/09/06,7:07 PM.,LAA,TEX,home,Roof Closed.,74,691951,LF,4,1,1,0,0,0,0,0,0,2,2,.248,.317,.385,.702,691951,samuelaldegheri,Aldegheri,Left,Sam Aldegheri,,,,,,,,,,,,,,,,,,,,,,,,,,,,,,,,,,,,,,,,,,,,,,,,,0.313,0.531,0.194,0.273,0.455,0.385,,,,0.222,0.222,0.214,,,,,,,,,,,,,,,,,,,,,,,,,,,,,,,,,,,,
2024/09/05,7:08 PM.,LAA,TEX,home,Roof Closed.,74,686799,LF,4,0,1,0,0,0,0,0,0,0,1,.248,.318,.387,.705,686799,jackkochanowicz,Kochanowicz,Right,Jack Kochanowicz,LAA,3.99,4.97,65.1,101.0,100.0,102.0,0.867,3.44,1.38,9.37,0.96,2.33,0.202,0.39,0.152,0.35,0.513,74.0,103.0,98.0,111.0,95.0,106.0,87.0,95.0,90.0,99.0,103.0,102.0,,,,0.724,0.062,,0.184,0.03,-1.87,0.89,,-1.06,-3.35,96.3,88.3,95.8,,85.0,0.167,0.5,0.364,,,,0.286,0.411,0.121,0.333,0.444,0.067,0.235,0.412,0.25,,,,,,,,,,,,,,,,,,,,,,,,,,,,,,,,,
2024/09/04,7:09 PM.,NYY,TEX,home,Roof Closed.,74,573186,LF,4,3,3,1,0,0,2,0,1,1,2,.248,.318,.388,.706,573186,marcusstroman,Stroman,Right,Marcus Stroman,NYY,4.31,4.94,154.2,96.0,92.0,94.0,0.82,6.58,3.49,9.72,1.11,1.6,0.207,0.4,0.148,0.325,0.359,,,,94.0,89.0,94.0,48.0,88.0,79.0,90.0,94.0,90.0,93.0,102.0,102.0,0.351,0.032,0.16,0.165,,-4.01,-0.03,-2.37,-0.03,,89.9,,90.0,85.3,81.3,0.455,0.636,0.259,0.258,0.386,0.272,0.306,0.466,0.12,,,,0.0,0.0,0.265,106.0,101.0,99.0,0.182,-0.26,88.1,0.296,0.519,0.187,,,,82.0,99.0,93.0,0.111,-0.31,83.3,0.235,0.309,0.241,,,,,,,,,,0.309,0.515,0.313
2024/09/03,7:07 PM.,NYY,TEX,home,Roof Closed.,74,607074,CF,5,1,1,0,0,1,4,0,0,2,3,.243,.313,.382,.695,607074,carlosrodon,Rodón,Left,Carlos Rodón,NYY,3.96,4.14,175.0,97.0,122.0,103.0,0.716,10.03,2.93,8.07,1.59,0.69,0.257,0.399,0.143,0.329,0.396,129.0,92.0,106.0,103.0,86.0,93.0,114.0,98.0,101.0,,,,144.0,104.0,113.0,,0.494,0.26,0.083,0.129,0.05,,-0.4,-1.32,1.44,95.4,85.5,,86.8,81.0,0.262,0.514,0.214,0.199,0.361,0.393,,,,0.188,0.247,0.495,0.281,0.531,0.276,100.0,83.0,82.0,0.035,-3.11,91.8,0.353,0.647,0.255,,,,,,,,,,,,,,,,,,,,,,,,
2024/09/02,7:08 PM.,NYY,TEX,home,Roof Closed.,74,543037,LF,4,1,2,1,0,1,2,0,0,0,1,.244,.314,.377,.691,543037,gerritcole,Cole,Right,Gerrit Cole,NYY,3.41,3.64,95.0,101.0,111.0,105.0,0.777,9.38,2.75,7.39,1.04,0.88,0.289,0.371,0.18,0.332,0.435,73.0,94.0,90.0,,,,116.0,100.0,104.0,,,,128.0,106.0,112.0,0.002,0.462,0.146,,0.04,0.7,17.25,1.25,,-3.6,95.9,88.2,93.7,88.2,,0.189,0.365,0.234,0.222,0.27,0.264,0.0,0.0,0.143,0.333,0.667,0.28,0.209,0.239,0.301,99.0,102.0,102.0,0.163,-0.7,91.4,0.32,0.56,0.22,,,,,,,,,,,,,102.0,99.0,106.0,0.187,2.35,82.5,,,,,,
2024/09/01,1:36 PM.,OAK,TEX,home,Roof Closed.,74,687765,LF,3,1,1,0,0,0,0,0,2,2,0,.241,.313,.366,.679,687765,mitchspence,Spence,Right,Mitch Spence,OAK,4.58,4.14,151.1,103.0,100.0,101.0,0.792,7.49,2.62,9.81,1.19,1.4,0.179,0.472,0.137,0.309,0.406,74.0,86.0,83.0,118.0,117.0,117.0,,,,40.0,97.0,84.0,121.0,105.0,109.0,0.146,,0.326,0.121,0.011,,-1.41,0.01,-0.82,-7.88,,88.4,91.9,84.3,80.4,,,,0.278,0.493,0.276,0.338,0.403,0.16,0.571,0.857,0.0,0.196,0.351,0.31,99.0,100.0,96.0,0.396,-0.41,90.7,0.278,0.472,0.176,,,,,,,,,,,,,,,,,,,,,,,,
2024/08/30,7:07 PM.,OAK,TEX,home,Roof Closed.,74,676664,LF,4,0,0,0,0,0,0,0,0,1,2,.241,.309,.366,.675,676664,jpsears,Sears,Left,JP Sears,OAK,4.38,4.43,180.2,99.0,90.0,94.0,0.8,6.82,2.44,8.57,1.39,0.79,0.244,0.413,0.171,0.325,0.443,84.0,94.0,83.0,,,,70.0,102.0,92.0,84.0,100.0,87.0,118.0,100.0,105.0,0.106,0.363,0.339,,0.192,-0.8,1.37,-0.1,,-0.21,91.9,84.0,90.0,78.9,,0.23,0.476,0.256,0.23,0.525,0.259,0.276,0.395,0.104,0.297,0.428,0.188,,,,,,,,,,,,,0.239,0.381,0.213,,,,,,,,,,,,,,,,,,,,,
2024/08/29,1:09 PM.,CWS,TEX,away,Sunny.,81,680897,LF,3,0,0,0,0,0,1,0,0,0,2,.243,.312,.370,.682,680897,nicknastrini,Nastrini,Right,Nick Nastrini,CHW,7.07,6.45,35.2,84.0,100.0,86.0,0.736,6.56,9.08,8.07,1.77,0.58,0.216,0.477,0.234,0.297,0.361,86.0,75.0,75.0,90.0,81.0,88.0,101.0,78.0,78.0,,,,105.0,94.0,99.0,,0.454,0.362,0.086,0.098,-1.37,,0.09,-1.7,-4.58,93.7,85.8,,84.5,79.2,0.189,0.415,0.204,0.222,0.444,0.346,,,,0.4,0.6,0.32,0.364,0.455,0.333,,,,,,,,,,,,,,,,,,,,,,,,,,,,,,,,,
2024/08/28,7:22 PM.,CWS,TEX,away,Partly Cloudy.,78,641582,LF,4,1,1,0,0,1,3,0,0,0,0,.245,.313,.372,.685,641582,mattfoster,Foster,Right,Matt Foster,CHW,2.7,7.69,6.2,96.0,93.0,95.0,0.857,5.4,6.75,6.75,1.35,0.5,0.286,0.238,0.048,0.476,0.389,112.0,108.0,123.0,99.0,95.0,85.0,77.0,85.0,79.0,,,,103.0,106.0,104.0,,0.444,0.315,0.083,0.157,1.69,,-1.01,-6.31,0.42,91.9,82.1,,83.7,78.7,0.2,0.2,0.143,0.125,0.5,0.133,,,,0.2,0.4,0.1,,,,,,,,,,,,,,,,,,,,,,,,,,,,,,,,,,,,
2024/08/27,7:10 PM.,CWS,TEX,away,Cloudy.,77,676979,LF,4,1,1,0,0,0,0,0,0,1,1,.245,.313,.366,.679,676979,garrettcrochet,Crochet,Left,Garrett Crochet,CHW,3.58,2.85,146.0,103.0,102.0,103.0,0.694,12.88,2.03,7.58,1.11,1.25,0.259,0.394,0.175,0.33,0.458,66.0,101.0,102.0,,,,104.0,103.0,103.0,123.0,98.0,97.0,138.0,102.0,107.0,0.021,0.537,0.098,,0.059,1.66,4.04,-2.29,,-0.36,97.2,91.0,97.9,84.3,,0.198,0.295,0.314,,,,0.154,0.154,0.321,0.184,0.289,0.339,,,,94.0,105.0,103.0,0.284,-0.14,91.6,0.268,0.458,0.334,0.228,0.561,0.422,,,,,,,,,,,,,,,,,,,,,
2024/08/25,1:40 PM.,CLE,TEX,away,Cloudy.,80,571510,LF,2,0,0,0,0,0,0,0,1,0,1,.245,.314,.367,.681,571510,matthewboyd,Boyd,Left,Matthew Boyd,CLE,2.72,3.1,39.2,102.0,75.0,95.0,0.715,10.44,2.95,7.26,0.91,0.66,0.286,0.324,0.21,0.295,0.411,83.0,105.0,100.0,85.0,100.0,98.0,66.0,100.0,91.0,78.0,101.0,90.0,74.0,101.0,98.0,0.102,0.383,0.173,0.081,0.262,1.47,-2.47,1.14,1.41,0.04,92.0,80.9,91.8,79.5,74.1,0.15,0.25,0.246,0.148,0.222,0.449,0.32,0.64,0.071,0.261,0.37,0.352,0.167,0.25,0.474,,,,,,,,,,,,,,,,,,,,,,,,,,,,,,,,,
2024/08/24,7:10 PM.,CLE,TEX,away,Partly Cloudy.,77,594902,LF,4,2,3,1,0,0,0,0,0,0,3,.246,.314,.369,.683,594902,benlively,Lively,Right,Ben Lively,CLE,3.81,4.0,151.0,102.0,67.0,92.0,0.83,7.03,2.92,8.28,1.37,1.02,0.228,0.407,0.128,0.309,0.433,75.0,108.0,95.0,43.0,106.0,93.0,57.0,94.0,83.0,57.0,108.0,94.0,105.0,102.0,101.0,0.29,0.314,0.218,0.088,0.091,-0.21,0.56,-0.01,-0.11,-0.79,89.9,83.9,90.4,79.4,76.9,0.268,0.504,0.166,0.238,0.476,0.419,0.227,0.392,0.133,0.279,0.382,0.185,0.206,0.365,0.18,,,,,,,,,,0.231,0.413,0.241,,,,,,,,,,,,,,,,,,,,,
2024/08/23,7:11 PM.,CLE,TEX,away,Partly Cloudy.,76,676440,LF,4,0,0,0,0,0,0,0,0,3,5,.241,.310,.362,.672,676440,tannerbibee,Bibee,Right,Tanner Bibee,CLE,3.47,3.78,173.2,103.0,99.0,104.0,0.76,9.69,2.28,7.77,1.14,0.78,0.285,0.408,0.153,0.297,0.445,82.0,100.0,108.0,119.0,109.0,112.0,92.0,103.0,98.0,89.0,64.0,93.0,113.0,102.0,109.0,0.003,0.434,0.278,0.105,0.18,-0.69,-1.41,1.74,-0.9,0.13,94.6,82.5,93.9,86.2,81.3,0.282,0.476,0.213,0.196,0.411,0.299,,,,0.238,0.431,0.291,0.208,0.458,0.184,,,,,,,0.141,0.225,0.368,,,,,,,,,,,,,,,,,,,,,,,,
2024/08/21,1:38 PM.,PIT,TEX,home,Roof Closed.,74,593334,LF,3,0,2,0,0,0,1,1,1,1,0,.243,.313,.366,.679,593334,domingogerman,Germán,Right,Domingo Germán,PIT,7.84,5.56,20.2,96.0,93.0,95.0,0.804,7.84,5.66,10.89,1.74,0.73,0.152,0.561,0.182,0.273,0.389,115.0,108.0,111.0,107.0,97.0,100.0,70.0,89.0,86.0,61.0,95.0,78.0,,,,0.043,0.399,,0.332,0.225,-3.04,7.54,,-0.83,-0.94,90.7,84.4,90.7,,81.8,0.344,0.531,0.107,,,,0.167,0.167,0.2,0.333,0.389,0.24,0.25,0.5,0.258,,,,,,,,,,,,,,,,,,,,,,,,,,,,,,,,,
2024/08/19,7:07 PM.,PIT,TEX,home,Roof Closed.,74,682847,LF,3,0,0,0,0,0,0,0,0,2,0,.240,.308,.364,.672,682847,luislortiz,"Ortiz, L.L.",Right,Luis L. Ortiz,PIT,3.32,4.31,135.2,100.0,104.0,99.0,0.816,7.1,2.79,7.23,1.06,0.94,0.246,0.425,0.166,0.286,0.443,66.0,87.0,88.0,,,,97.0,104.0,97.0,105.0,97.0,95.0,121.0,102.0,109.0,0.258,0.268,0.268,,0.009,1.02,1.13,-0.41,,0.21,95.9,90.6,94.9,85.8,,0.187,0.331,0.208,0.203,0.392,0.31,0.237,0.374,0.129,,,,,,,90.0,100.0,94.0,0.197,0.71,91.0,0.273,0.416,0.168,,,,,,,,,,,,,,,,,,,,,,,,
2024/08/18,1:38 PM.,MIN,TEX,home,Roof Closed.,74,641154,LF,3,0,1,0,0,0,0,0,1,0,2,.242,.311,.367,.678,641154,pablolopez,"López, P",Right,Pablo López,MIN,4.08,3.67,185.1,104.0,98.0,105.0,0.749,9.62,1.99,8.74,1.26,1.19,0.245,0.438,0.134,0.298,0.432,95.0,104.0,105.0,92.0,103.0,108.0,97.0,105.0,101.0,97.0,107.0,107.0,106.0,103.0,110.0,0.073,0.407,0.219,0.1,0.201,1.65,-2.77,-0.84,-1.28,-0.14,95.0,88.5,94.5,84.5,82.4,0.208,0.352,0.259,,,,0.426,0.639,0.142,0.281,0.359,0.249,0.23,0.446,0.341,,,,,,,,,,0.239,0.436,0.331,,,,,,,,,,,,,,,,,,,,,
2024/08/17,6:07 PM.,MIN,TEX,home,Roof Closed.,74,701581,LF,4,1,1,0,0,0,0,0,0,0,0,.241,.309,.367,.676,701581,davidfesta,"Festa, D",Right,David Festa,MIN,4.9,4.14,64.1,101.0,100.0,103.0,0.735,10.77,3.22,8.67,1.26,0.9,0.229,0.451,0.166,0.331,0.405,72.0,105.0,105.0,,,,107.0,96.0,99.0,,,,118.0,103.0,105.0,,0.402,0.318,,0.28,-0.79,,1.48,,-1.14,94.7,88.4,,86.1,,0.304,0.544,0.194,0.207,0.315,0.291,,,,0.237,0.463,0.394,,,,,,,,,,,,,,,,,,,,,,,,,,,,,,,,,,,,
2024/08/16,7:07 PM.,MIN,TEX,home,Roof Closed.,74,680573,LF,3,0,1,0,0,0,2,0,0,1,0,.241,.309,.368,.677,680573,simeonwoodsrichardson,Woods Richardson,Right,Simeon Woods Richardson,MIN,4.17,4.05,133.2,104.0,87.0,100.0,0.807,7.88,3.23,8.42,1.08,0.8,0.289,0.421,0.155,0.282,0.436,103.0,106.0,113.0,106.0,103.0,102.0,71.0,100.0,88.0,,,,92.0,108.0,106.0,,0.403,0.312,0.093,0.193,0.82,,0.76,1.68,-3.33,93.1,82.8,,86.4,76.1,0.258,0.356,0.219,0.214,0.313,0.239,,,,0.311,0.622,0.205,0.186,0.326,0.221,,,,,,,,,,,,,,,,,,,,,,,,,,,,,,,,,
2024/08/15,7:07 PM.,MIN,TEX,home,Roof Closed.,74,641927,DH,3,0,0,0,0,0,0,0,1,2,3,.240,.310,.369,.679,641927,baileyober,Ober,Right,Bailey Ober,MIN,3.98,3.22,178.2,105.0,91.0,102.0,0.728,9.62,2.17,6.85,1.36,0.67,0.22,0.439,0.183,0.303,0.416,116.0,111.0,111.0,94.0,99.0,103.0,81.0,104.0,96.0,,,,74.0,100.0,101.0,,0.381,0.118,0.011,0.294,-0.01,,2.03,4.57,1.98,91.7,83.4,,80.3,76.0,0.258,0.506,0.222,0.095,0.162,0.307,,,,0.154,0.285,0.395,0.0,0.0,0.375,84.0,104.0,100.0,0.195,-0.86,86.2,0.279,0.504,0.229,,,,,,,,,,,,,,,,,,,,,,,,
2024/08/14,6:11 PM.,BOS,TEX,away,Cloudy.,77,656557,LF,5,3,3,0,0,1,3,0,0,1,2,.242,.310,.372,.682,656557,tannerhouck,Houck,Right,Tanner Houck,BOS,3.12,4.11,178.2,100.0,108.0,104.0,0.789,7.76,2.42,7.86,0.55,2.34,0.193,0.45,0.126,0.305,0.425,,,,,,,,,,93.0,102.0,97.0,116.0,98.0,108.0,0.324,,0.414,,,,0.67,0.54,,,,,93.5,83.2,,,,,,,,0.27,0.325,0.142,,,,,,,95.0,93.0,93.0,0.015,-0.95,87.1,0.2,0.4,0.235,0.23,0.357,0.302,116.0,103.0,109.0,0.248,1.74,88.4,0.195,0.265,0.208,,,,,,,,,,,,
2024/08/13,7:12 PM.,BOS,TEX,away,Partly Cloudy.,81,676710,LF,4,0,0,0,0,0,0,0,0,1,3,.237,.307,.360,.667,676710,kuttercrawford,"Crawford, K",Right,Kutter Crawford,BOS,4.36,3.86,183.2,105.0,108.0,107.0,0.766,8.58,2.5,7.6,1.67,0.67,0.244,0.424,0.164,0.288,0.446,,,,,,,109.0,109.0,112.0,,,,100.0,99.0,102.0,,0.337,0.185,,,-0.43,,-0.56,,,92.6,,,80.8,,0.255,0.5,0.198,,,,,,,,,,0.143,0.171,0.219,114.0,104.0,104.0,0.32,0.55,87.5,0.216,0.418,0.265,0.222,0.437,0.263,87.0,102.0,106.0,0.086,0.47,82.4,0.192,0.26,0.404,98.0,97.0,99.0,0.072,1.14,77.3,,,,,,
2024/08/12,7:12 PM.,BOS,TEX,away,Cloudy.,71,678394,LF,4,0,0,0,0,0,0,0,0,1,2,.240,.310,.364,.674,678394,brayanbello,Bello,Right,Brayan Bello,BOS,4.49,4.56,162.1,99.0,101.0,102.0,0.753,8.48,3.55,8.7,1.05,1.86,0.219,0.384,0.152,0.312,0.405,88.0,99.0,97.0,,,,74.0,108.0,101.0,103.0,100.0,101.0,114.0,98.0,110.0,0.403,0.048,0.28,,0.269,0.25,-0.24,-0.58,,0.15,95.6,87.6,95.7,86.8,,0.12,0.16,0.218,0.268,0.401,0.343,0.309,0.44,0.111,0.177,0.354,0.369,,,,,,,,,,,,,,,,,,,,,,,,,,,,,,,,,,,,
2024/08/11,1:38 PM.,NYY,TEX,away,Partly Cloudy.,77,573186,LF,4,1,1,0,0,0,0,0,1,2,2,.243,.313,.368,.681,573186,marcusstroman,Stroman,Right,Marcus Stroman,NYY,4.31,4.94,154.2,96.0,92.0,94.0,0.82,6.58,3.49,9.72,1.11,1.6,0.207,0.4,0.148,0.325,0.359,,,,94.0,89.0,94.0,48.0,88.0,79.0,90.0,94.0,90.0,93.0,102.0,102.0,0.351,0.032,0.16,0.165,,-4.01,-0.03,-2.37,-0.03,,89.9,,90.0,85.3,81.3,0.455,0.636,0.259,0.258,0.386,0.272,0.306,0.466,0.12,,,,0.0,0.0,0.265,106.0,101.0,99.0,0.182,-0.26,88.1,0.296,0.519,0.187,,,,82.0,99.0,93.0,0.111,-0.31,83.3,0.235,0.309,0.241,,,,,,,,,,0.309,0.515,0.313
2024/08/10,1:09 PM.,NYY,TEX,away,Sunny.,84,607074,CF,2,0,0,0,0,0,0,0,1,1,2,.240,.311,.369,.680,607074,carlosrodon,Rodón,Left,Carlos Rodón,NYY,3.96,4.14,175.0,97.0,122.0,103.0,0.716,10.03,2.93,8.07,1.59,0.69,0.257,0.399,0.143,0.329,0.396,129.0,92.0,106.0,103.0,86.0,93.0,114.0,98.0,101.0,,,,144.0,104.0,113.0,,0.494,0.26,0.083,0.129,0.05,,-0.4,-1.32,1.44,95.4,85.5,,86.8,81.0,0.262,0.514,0.214,0.199,0.361,0.393,,,,0.188,0.247,0.495,0.281,0.531,0.276,100.0,83.0,82.0,0.035,-3.11,91.8,0.353,0.647,0.255,,,,,,,,,,,,,,,,,,,,,,,,
2024/08/10,4:42 PM.,NYY,TEX,away,Sunny.,85,543037,LF,5,1,2,0,0,0,0,1,0,0,1,.243,.312,.370,.682,543037,gerritcole,Cole,Right,Gerrit Cole,NYY,3.41,3.64,95.0,101.0,111.0,105.0,0.777,9.38,2.75,7.39,1.04,0.88,0.289,0.371,0.18,0.332,0.435,73.0,94.0,90.0,,,,116.0,100.0,104.0,,,,128.0,106.0,112.0,0.002,0.462,0.146,,0.04,0.7,17.25,1.25,,-3.6,95.9,88.2,93.7,88.2,,0.189,0.365,0.234,0.222,0.27,0.264,0.0,0.0,0.143,0.333,0.667,0.28,0.209,0.239,0.301,99.0,102.0,102.0,0.163,-0.7,91.4,0.32,0.56,0.22,,,,,,,,,,,,,102.0,99.0,106.0,0.187,2.35,82.5,,,,,,
2024/08/07,1:38 PM.,HOU,TEX,home,Roof Closed.,74,579328,CF,2,2,1,1,0,0,0,1,2,0,1,.242,.311,.372,.683,579328,yuseikikuchi,Kikuchi,Left,Yusei Kikuchi,- - -,4.05,3.7,175.2,101.0,109.0,105.0,0.734,10.55,2.25,8.56,1.28,1.1,0.273,0.405,0.136,0.36,0.443,99.0,93.0,91.0,99.0,105.0,105.0,114.0,103.0,107.0,,,,111.0,100.0,106.0,,0.471,0.235,0.183,0.111,-0.08,,1.31,0.02,-0.15,95.5,86.7,,88.3,82.4,0.274,0.505,0.28,0.21,0.28,0.297,,,,0.194,0.25,0.358,0.264,0.395,0.274,,,,,,,,,,,,,,,,,,,,,,,,,,,,,,,,,
2024/08/06,7:07 PM.,HOU,TEX,home,Roof Closed.,74,664285,CF,3,0,0,0,0,0,0,0,0,0,0,.240,.306,.368,.674,664285,frambervaldez,"Valdez, F",Left,Framber Valdez,HOU,2.91,3.41,176.1,97.0,114.0,102.0,0.744,8.63,2.81,7.15,0.66,3.02,0.205,0.416,0.129,0.321,0.425,130.0,96.0,104.0,129.0,96.0,108.0,60.0,102.0,94.0,98.0,99.0,97.0,107.0,102.0,110.0,0.458,0.012,0.043,0.313,0.175,-4.64,1.46,-0.2,1.59,0.62,94.5,89.9,94.1,85.1,79.7,0.4,1.0,0.273,0.233,0.467,0.383,0.276,0.399,0.116,0.226,0.278,0.354,0.121,0.187,0.398,,,,,,,,,,,,,,,,,,,,,,,,,,,,,,,,,
2024/08/05,7:07 PM.,HOU,TEX,home,Roof Closed.,74,686613,DH,3,0,0,0,0,0,0,0,1,1,2,.242,.308,.371,.679,686613,hunterbrown,"Brown, H",Right,Hunter Brown,HOU,3.49,3.31,170.0,101.0,103.0,101.0,0.778,9.48,3.18,8.26,0.95,1.61,0.271,0.35,0.192,0.218,0.421,84.0,101.0,102.0,,,,110.0,101.0,102.0,93.0,102.0,98.0,110.0,103.0,107.0,0.182,0.347,0.051,,0.126,0.16,0.92,1.7,,0.95,96.0,88.4,95.6,89.1,,0.244,0.413,0.288,0.2,0.2,0.236,0.275,0.321,0.161,0.221,0.26,0.296,0.237,0.421,0.305,90.0,103.0,101.0,0.17,0.14,92.4,0.23,0.363,0.216,,,,,,,,,,,,,127.0,100.0,106.0,0.125,-0.79,82.9,,,,,,
2024/08/02,7:07 PM.,BOS,TEX,home,Roof Closed.,74,676710,CF,3,0,0,0,0,0,0,0,1,1,0,.245,.309,.375,.684,676710,kuttercrawford,"Crawford, K",Right,Kutter Crawford,BOS,4.36,3.86,183.2,105.0,108.0,107.0,0.766,8.58,2.5,7.6,1.67,0.67,0.244,0.424,0.164,0.288,0.446,,,,,,,109.0,109.0,112.0,,,,100.0,99.0,102.0,,0.337,0.185,,,-0.43,,-0.56,,,92.6,,,80.8,,0.255,0.5,0.198,,,,,,,,,,0.143,0.171,0.219,114.0,104.0,104.0,0.32,0.55,87.5,0.216,0.418,0.265,0.222,0.437,0.263,87.0,102.0,106.0,0.086,0.47,82.4,0.192,0.26,0.404,98.0,97.0,99.0,0.072,1.14,77.3,,,,,,
2024/07/31,1:16 PM.,STL,TEX,away,Sunny.,94,700241,LF,4,0,0,0,0,0,0,0,0,0,3,.247,.310,.378,.688,700241,michaelmcgreevy,McGreevy,Right,Michael McGreevy,STL,1.96,3.59,23.0,107.0,82.0,101.0,0.783,7.04,0.78,6.26,0.39,3.64,0.138,0.523,0.2,0.262,0.447,46.0,110.0,100.0,88.0,96.0,98.0,67.0,117.0,105.0,87.0,105.0,99.0,117.0,107.0,113.0,0.35,0.196,0.19,0.061,0.093,2.76,3.74,0.41,-0.51,-0.49,93.0,87.3,91.9,84.3,79.8,0.083,0.25,0.31,0.222,0.444,0.345,0.184,0.211,0.06,0.333,0.333,0.182,0.25,0.25,0.5,63.0,97.0,84.0,0.109,2.29,88.9,0.2,0.4,0.294,,,,,,,,,,,,,,,,,,,,,,,,
2024/07/30,7:15 PM.,STL,TEX,away,Cloudy.,82,458681,LF,4,1,1,0,0,1,1,0,0,2,0,.250,.313,.383,.696,458681,lancelynn,Lynn,Right,Lance Lynn,STL,3.84,4.94,117.1,100.0,83.0,94.0,0.795,8.36,3.38,8.67,1.23,0.88,0.243,0.384,0.161,0.308,0.401,61.0,88.0,82.0,112.0,96.0,99.0,85.0,102.0,97.0,66.0,93.0,84.0,102.0,101.0,109.0,0.167,0.472,0.013,0.062,0.063,0.87,-0.46,-1.62,-1.98,-2.47,92.3,84.8,91.2,82.0,80.4,0.199,0.393,0.287,,,,0.284,0.469,0.11,0.292,0.292,0.225,0.211,0.342,0.203,91.0,101.0,94.0,0.223,-1.03,88.1,0.317,0.426,0.262,0.25,0.25,0.0,,,,,,,,,,,,,,,,,,,,,
2024/07/29,6:46 PM.,STL,TEX,away,Partly Cloudy.,91,669467,LF,5,1,3,0,0,0,0,0,0,1,1,.250,.314,.375,.689,669467,andrepallante,Pallante,Right,Andre Pallante,STL,3.78,3.46,121.1,96.0,91.0,97.0,0.82,6.97,3.56,8.16,0.59,2.71,0.23,0.416,0.184,0.266,0.434,,,,,,,87.0,91.0,92.0,85.0,98.0,89.0,111.0,105.0,110.0,0.19,0.512,0.172,,,1.34,-0.25,-0.64,,,94.5,,94.8,87.5,,0.23,0.297,0.162,0.294,0.435,0.282,0.265,0.373,0.132,,,,0.157,0.257,0.345,,,,,,,,,,,,,,,,,,,,,,88.0,102.0,109.0,0.126,0.42,79.5,,,,,,
2024/07/28,1:39 PM.,TOR,TEX,away,Sunny.,81,621244,LF,4,1,1,1,0,0,0,0,0,1,4,.244,.310,.371,.681,621244,joseberrios,Berríos,Right,José Berríos,TOR,3.6,4.74,192.1,103.0,92.0,99.0,0.808,7.16,2.53,7.86,1.45,1.17,0.257,0.421,0.15,0.352,0.414,86.0,104.0,101.0,111.0,102.0,106.0,82.0,99.0,92.0,85.0,103.0,95.0,,,,0.337,0.183,,0.286,0.16,-1.26,1.02,,0.28,0.88,94.1,84.8,93.4,,83.2,0.305,0.558,0.189,,,,0.268,0.366,0.125,0.171,0.364,0.269,,,,84.0,108.0,99.0,0.035,-1.83,91.4,0.36,0.48,0.123,,,,,,,,,,,,,,,,,,,,,,0.188,0.404,0.31
2024/07/27,3:09 PM.,TOR,TEX,away,Sunny.,76,592332,LF,4,1,1,1,0,0,1,0,0,1,1,.244,.310,.370,.680,592332,kevingausman,Gausman,Right,Kevin Gausman,TOR,3.83,4.71,181.0,105.0,94.0,104.0,0.791,8.06,2.78,8.2,0.99,0.91,0.262,0.417,0.136,0.363,0.417,,,,,,,99.0,105.0,105.0,90.0,102.0,94.0,88.0,90.0,95.0,0.054,0.528,0.084,,,0.43,-3.21,-1.21,,,93.9,,93.3,82.7,,0.277,0.466,0.175,0.268,0.439,0.266,0.316,0.579,0.117,,,,,,,,,,,,,,,,,,,88.0,108.0,106.0,0.334,0.51,86.0,0.169,0.262,0.335,,,,,,,,,,,,
2024/07/26,7:07 PM.,TOR,TEX,away,Clear.,75,579328,LF,5,1,1,0,0,0,0,0,0,1,4,.244,.311,.368,.679,579328,yuseikikuchi,Kikuchi,Left,Yusei Kikuchi,- - -,4.05,3.7,175.2,101.0,109.0,105.0,0.734,10.55,2.25,8.56,1.28,1.1,0.273,0.405,0.136,0.36,0.443,99.0,93.0,91.0,99.0,105.0,105.0,114.0,103.0,107.0,,,,111.0,100.0,106.0,,0.471,0.235,0.183,0.111,-0.08,,1.31,0.02,-0.15,95.5,86.7,,88.3,82.4,0.274,0.505,0.28,0.21,0.28,0.297,,,,0.194,0.25,0.358,0.264,0.395,0.274,,,,,,,,,,,,,,,,,,,,,,,,,,,,,,,,,
2024/07/25,1:37 PM.,CWS,TEX,home,Roof Closed.,74,686563,LF,3,0,0,0,0,0,0,0,1,1,3,.245,.313,.371,.684,686563,jonathancannon,Cannon,Right,Jonathan Cannon,CHW,4.49,4.37,124.1,101.0,92.0,99.0,0.806,6.59,2.9,9.05,1.3,0.96,0.223,0.389,0.171,0.29,0.394,95.0,105.0,106.0,,,,73.0,104.0,97.0,86.0,100.0,93.0,117.0,100.0,107.0,0.28,0.123,0.218,,0.187,-1.13,0.44,-1.39,,-0.22,94.3,85.7,93.3,81.9,,0.25,0.411,0.252,,,,0.287,0.449,0.132,0.248,0.394,0.269,,,,79.0,101.0,93.0,0.192,0.39,90.2,0.263,0.45,0.191,0.255,0.489,0.282,,,,,,,,,,,,,,,,,,,,,
2024/07/24,7:09 PM.,CWS,TEX,home,Roof Closed.,74,623167,LF,4,0,0,0,0,0,0,0,1,0,4,.247,.314,.375,.689,623167,chrisflexen,Flexen,Right,Chris Flexen,CHW,4.95,4.71,160.0,97.0,56.0,92.0,0.789,6.92,3.54,10.13,1.35,0.79,0.249,0.41,0.154,0.308,0.373,126.0,99.0,104.0,83.0,98.0,101.0,2.0,93.0,82.0,74.0,108.0,87.0,148.0,102.0,103.0,0.002,0.37,0.087,0.122,0.157,-0.64,2.01,-2.65,0.43,-1.32,91.3,81.3,91.4,80.0,72.0,0.261,0.473,0.132,0.361,0.475,0.271,,,,0.257,0.436,0.379,0.246,0.393,0.308,47.0,101.0,90.0,0.261,-0.75,87.4,0.319,0.536,0.218,,,,,,,,,,,,,,,,,,,,,,,,
2024/07/23,7:07 PM.,CWS,TEX,home,Roof Closed.,74,676979,LF,3,0,0,0,0,0,0,0,1,1,3,.251,.315,.380,.695,676979,garrettcrochet,Crochet,Left,Garrett Crochet,CHW,3.58,2.85,146.0,103.0,102.0,103.0,0.694,12.88,2.03,7.58,1.11,1.25,0.259,0.394,0.175,0.33,0.458,66.0,101.0,102.0,,,,104.0,103.0,103.0,123.0,98.0,97.0,138.0,102.0,107.0,0.021,0.537,0.098,,0.059,1.66,4.04,-2.29,,-0.36,97.2,91.0,97.9,84.3,,0.198,0.295,0.314,,,,0.154,0.154,0.321,0.184,0.289,0.339,,,,94.0,105.0,103.0,0.284,-0.14,91.6,0.268,0.458,0.334,0.228,0.561,0.422,,,,,,,,,,,,,,,,,,,,,
2024/07/22,7:08 PM.,CWS,TEX,home,Roof Closed.,74,607200,LF,5,1,2,1,0,0,1,1,0,1,1,.254,.316,.384,.700,607200,erickfedde,Fedde,Right,Erick Fedde,- - -,3.3,3.91,177.1,104.0,90.0,99.0,0.807,7.82,2.64,7.82,1.02,1.07,0.264,0.367,0.181,0.309,0.399,86.0,108.0,106.0,,,,17.0,112.0,76.0,76.0,105.0,93.0,126.0,101.0,106.0,0.308,0.003,0.202,,0.164,-6.18,0.59,1.28,,-0.54,92.9,87.7,93.0,83.5,,0.5,0.5,0.0,,,,0.25,0.358,0.202,0.228,0.351,0.165,,,,78.0,104.0,97.0,0.323,0.43,89.9,0.262,0.47,0.232,0.165,0.309,0.251,,,,,,,,,,,,,,,,,,,,,
2024/07/21,1:39 PM.,BAL,TEX,home,Roof Closed.,74,665152,LF,3,1,1,0,0,0,0,0,1,0,1,.251,.315,.380,.695,665152,deankremer,Kremer,Right,Dean Kremer,BAL,4.1,4.49,129.2,100.0,88.0,98.0,0.798,8.54,3.54,7.63,1.25,0.99,0.25,0.394,0.231,0.285,0.423,,,,92.0,98.0,96.0,91.0,100.0,99.0,79.0,105.0,97.0,,,,0.151,0.32,,0.114,,-0.18,0.67,,0.29,,93.4,,92.3,,77.0,0.245,0.503,0.232,,,,0.247,0.353,0.072,,,,0.225,0.3,0.198,99.0,102.0,98.0,0.23,0.33,86.9,0.25,0.355,0.237,,,,72.0,99.0,99.0,0.184,0.73,84.1,0.139,0.248,0.36,,,,,,,,,,,,
2024/07/20,6:07 PM.,BAL,TEX,home,Roof Closed.,74,680570,LF,4,0,1,1,0,0,1,0,0,1,1,.250,.313,.380,.693,680570,graysonrodriguez,"Rodriguez, G",Right,Grayson Rodriguez,BAL,3.86,3.72,116.2,102.0,119.0,107.0,0.728,10.03,2.78,8.41,1.16,1.07,0.219,0.419,0.147,0.325,0.452,140.0,101.0,108.0,114.0,103.0,107.0,113.0,102.0,106.0,133.0,102.0,111.0,118.0,101.0,108.0,0.012,0.465,0.158,0.155,0.21,-0.38,5.3,-0.96,0.29,1.63,96.1,83.1,96.1,86.5,81.3,0.291,0.413,0.269,0.25,0.563,0.361,0.167,0.333,0.294,0.161,0.306,0.348,0.26,0.38,0.241,,,,,,,,,,,,,,,,,,,,,,,,,,,,,,,,,
2024/07/19,7:09 PM.,BAL,TEX,home,Roof Closed.,74,669203,LF,4,0,0,0,0,0,0,0,0,2,2,.250,.313,.379,.692,669203,corbinburnes,Burnes,Right,Corbin Burnes,BAL,2.92,3.34,194.1,103.0,120.0,107.0,0.735,8.38,2.22,7.64,1.02,1.4,0.21,0.425,0.19,0.289,0.399,110.0,98.0,103.0,109.0,101.0,106.0,,,,104.0,95.0,89.0,133.0,105.0,120.0,0.078,,0.146,0.215,0.11,,-0.5,0.7,0.44,0.2,,89.2,97.0,87.2,80.3,,,,0.196,0.268,0.463,0.235,0.412,0.157,0.194,0.339,0.377,0.2,0.326,0.378,125.0,105.0,108.0,0.45,1.37,95.3,0.251,0.362,0.19,0.125,0.5,0.457,,,,,,,,,,,,,,,,,,,,,
2024/07/14,1:10 PM.,HOU,TEX,away,Roof Closed.,73,669854,LF,4,0,0,0,0,0,0,0,0,2,1,.254,.318,.384,.702,669854,ronelblanco,Blanco,Right,Ronel Blanco,HOU,2.8,4.0,167.1,100.0,94.0,98.0,0.733,8.93,3.66,6.13,1.18,0.95,0.21,0.453,0.178,0.317,0.405,119.0,104.0,108.0,75.0,96.0,100.0,85.0,95.0,90.0,,,,89.0,103.0,101.0,,0.383,0.302,0.094,0.221,-0.42,,2.24,2.55,-0.16,93.4,85.2,,86.4,80.1,0.232,0.497,0.192,0.18,0.284,0.333,,,,0.188,0.356,0.343,0.071,0.071,0.376,,,,,,,,,,,,,,,,,,,,,,,,,,,,,,,,,
2024/07/13,3:10 PM.,HOU,TEX,away,Roof Closed.,73,681293,LF,4,0,0,0,0,0,0,1,1,2,5,.258,.322,.390,.712,681293,spencerarrighetti,Arrighetti,Right,Spencer Arrighetti,HOU,4.53,4.05,145.0,99.0,95.0,99.0,0.739,10.61,4.03,8.63,1.3,0.85,0.247,0.437,0.147,0.314,0.444,89.0,97.0,90.0,118.0,98.0,104.0,91.0,100.0,99.0,,,,117.0,93.0,101.0,,0.41,0.108,0.2,0.086,-1.33,,0.99,0.8,-2.52,94.1,85.5,,80.8,78.4,0.303,0.528,0.198,,,,,,,0.395,0.512,0.378,0.171,0.282,0.424,66.0,98.0,96.0,0.196,0.57,88.2,0.248,0.444,0.228,0.113,0.226,0.386,,,,,,,,,,,,,,,,,,,,,
2024/07/12,7:10 PM.,HOU,TEX,away,Roof Closed.,73,686613,LF,4,0,0,0,0,0,0,0,0,0,2,.262,.324,.396,.720,686613,hunterbrown,"Brown, H",Right,Hunter Brown,HOU,3.49,3.31,170.0,101.0,103.0,101.0,0.778,9.48,3.18,8.26,0.95,1.61,0.271,0.35,0.192,0.218,0.421,84.0,101.0,102.0,,,,110.0,101.0,102.0,93.0,102.0,98.0,110.0,103.0,107.0,0.182,0.347,0.051,,0.126,0.16,0.92,1.7,,0.95,96.0,88.4,95.6,89.1,,0.244,0.413,0.288,0.2,0.2,0.236,0.275,0.321,0.161,0.221,0.26,0.296,0.237,0.421,0.305,90.0,103.0,101.0,0.17,0.14,92.4,0.23,0.363,0.216,,,,,,,,,,,,,127.0,100.0,106.0,0.125,-0.79,82.9,,,,,,
2024/07/10,6:38 PM.,LAA,TEX,away,Clear.,81,656288,LF,4,0,0,0,0,0,0,0,0,3,7,.266,.329,.402,.731,656288,griffincanning,Canning,Right,Griffin Canning,LAA,5.19,4.74,171.2,98.0,88.0,97.0,0.772,6.82,3.46,9.12,1.63,1.04,0.225,0.434,0.128,0.367,0.401,96.0,102.0,102.0,75.0,96.0,96.0,73.0,94.0,86.0,76.0,89.0,78.0,107.0,100.0,110.0,0.01,0.376,0.24,0.107,0.267,-0.85,-6.83,-0.91,-0.86,0.48,93.4,88.6,93.0,87.7,80.6,0.251,0.529,0.147,0.284,0.444,0.331,0.429,0.857,0.0,0.259,0.387,0.288,0.271,0.438,0.241,,,,,,,,,,,,,,,,,,,,,,,,,,,,,,,,,
2024/07/09,6:38 PM.,LAA,TEX,away,Clear.,81,672710,LF,3,0,0,0,0,0,1,0,0,0,1,.270,.333,.409,.742,672710,roansycontreras,Contreras,Right,Roansy Contreras,- - -,4.35,4.94,68.1,98.0,100.0,98.0,0.807,7.38,4.08,8.3,1.45,1.1,0.232,0.42,0.164,0.353,0.452,78.0,92.0,93.0,88.0,97.0,101.0,93.0,100.0,96.0,95.0,93.0,81.0,118.0,102.0,107.0,0.101,0.376,0.324,0.094,0.105,1.22,-1.42,-1.41,1.14,-1.83,94.7,89.0,94.5,84.5,77.9,0.231,0.346,0.16,0.274,0.645,0.258,0.37,0.407,0.08,0.235,0.441,0.231,0.167,0.25,0.393,,,,,,,,,,0.1,0.25,0.302,,,,,,,,,,,,,,,,,,,,,
2024/07/08,6:38 PM.,LAA,TEX,away,Clear.,78,669721,LF,5,2,2,1,0,1,2,0,0,0,1,.273,.338,.414,.752,669721,davisdaniel,Daniel,Right,Davis Daniel,LAA,6.23,4.34,30.1,105.0,81.0,101.0,0.808,8.31,1.78,11.57,1.48,0.84,0.293,0.424,0.162,0.313,0.435,74.0,112.0,104.0,94.0,89.0,85.0,61.0,107.0,98.0,,,,125.0,101.0,108.0,,0.48,0.238,0.077,0.205,-1.06,,-0.4,2.13,-2.86,91.5,84.6,,81.8,74.3,0.328,0.586,0.147,0.226,0.419,0.239,,,,0.4,0.533,0.226,0.125,0.25,0.333,,,,,,,,,,,,,,,,,,,,,,,,,,,,,,,,,
2024/07/07,1:37 PM.,TB,TEX,home,Roof Closed.,74,641793,LF,5,2,4,1,0,0,1,0,0,0,0,.270,.337,.398,.735,641793,zacklittell,Littell,Right,Zack Littell,TBR,3.63,4.34,156.1,104.0,81.0,99.0,0.785,8.12,1.78,9.44,1.27,0.8,0.218,0.414,0.14,0.293,0.453,,,,,,,54.0,110.0,91.0,67.0,103.0,91.0,102.0,99.0,98.0,0.148,0.221,0.399,,,0.58,-0.6,0.45,,,92.4,,91.6,85.7,,0.245,0.358,0.191,0.257,0.427,0.227,0.265,0.439,0.141,,,,,,,,,,,,,,,,0.406,0.594,0.115,104.0,106.0,112.0,0.232,-0.84,83.0,0.258,0.423,0.344,,,,,,,,,,,,
2024/07/06,3:07 PM.,TB,TEX,home,Roof Closed.,74,671737,LF,3,0,0,0,0,0,0,0,1,0,2,.259,.328,.385,.713,671737,tajbradley,"Bradley, T",Right,Taj Bradley,TBR,4.11,4.17,138.0,98.0,116.0,103.0,0.748,10.04,3.07,7.96,1.43,1.06,0.247,0.394,0.102,0.394,0.426,,,,100.0,91.0,93.0,129.0,97.0,102.0,,,,,,,,0.417,,0.089,,-0.04,,,-1.5,,96.4,,,,79.1,0.269,0.5,0.21,,,,,,,,,,0.241,0.483,0.346,91.0,100.0,98.0,0.225,1.02,90.9,0.205,0.357,0.324,,,,123.0,102.0,114.0,0.269,0.47,90.9,0.213,0.32,0.33,,,,,,,,,,,,
2024/07/05,7:07 PM.,TB,TEX,home,Roof Closed.,74,669358,LF,4,0,1,0,0,0,0,0,0,0,0,.263,.330,.390,.720,669358,shanebaz,Baz,Right,Shane Baz,TBR,3.06,3.62,79.1,100.0,115.0,103.0,0.779,7.83,3.06,6.47,1.02,0.91,0.269,0.402,0.142,0.342,0.456,85.0,97.0,94.0,119.0,104.0,109.0,121.0,101.0,104.0,,,,111.0,96.0,100.0,,0.479,0.213,0.205,0.103,0.81,,-0.08,1.71,2.88,95.6,88.1,,87.3,83.6,0.252,0.37,0.221,0.164,0.4,0.222,,,,0.115,0.115,0.276,0.169,0.247,0.311,,,,,,,,,,,,,,,,,,,,,,,,,,,,,,,,,
2024/07/04,1:37 PM.,SD,TEX,home,Roof Closed.,74,650633,LF,3,0,1,0,0,0,1,0,1,2,1,.263,.331,.392,.723,650633,michaelking,"King, M",Right,Michael King,SDP,2.95,3.59,173.2,102.0,95.0,100.0,0.735,10.42,3.26,7.46,0.88,1.1,0.233,0.426,0.202,0.264,0.415,88.0,103.0,97.0,,,,86.0,103.0,101.0,88.0,105.0,98.0,115.0,97.0,102.0,0.279,0.241,0.234,,0.246,-0.15,0.68,-0.19,,1.61,93.7,86.7,92.9,82.9,,0.265,0.402,0.261,0.281,0.5,0.284,0.2,0.376,0.189,0.207,0.286,0.362,,,,,,,,,,,,,0.206,0.304,0.345,,,,,,,,,,,,,,,,,,,,,
2024/07/03,7:07 PM.,SD,TEX,home,Roof Closed.,74,800049,LF,3,1,1,0,0,0,0,0,1,2,0,.262,.328,.393,.721,800049,adammazur,Mazur,Right,Adam Mazur,SDP,7.49,5.64,33.2,95.0,98.0,96.0,0.839,5.88,5.61,10.69,1.6,0.75,0.23,0.398,0.133,0.345,0.416,79.0,84.0,84.0,112.0,103.0,109.0,78.0,95.0,88.0,90.0,83.0,77.0,123.0,98.0,108.0,0.041,0.392,0.337,0.127,0.103,-3.03,-4.79,1.16,-2.5,-2.61,94.6,89.9,93.9,86.8,80.7,0.333,0.667,0.134,0.216,0.333,0.25,0.429,0.429,0.083,0.429,0.571,0.35,0.364,0.818,0.083,,,,,,,,,,,,,,,,,,,,,,,,,,,,,,,,,
2024/07/02,7:08 PM.,SD,TEX,home,Roof Closed.,74,656302,LF,3,0,1,1,0,0,0,0,1,2,0,.261,.325,.394,.719,656302,dylancease,Cease,Right,Dylan Cease,SDP,3.47,3.31,189.1,100.0,121.0,107.0,0.693,10.65,3.09,6.51,0.86,0.94,0.203,0.433,0.147,0.307,0.389,54.0,72.0,68.0,,,,123.0,95.0,102.0,,,,112.0,100.0,105.0,,0.435,0.471,,0.009,0.22,,1.98,,-4.13,96.9,69.7,,87.2,,0.235,0.39,0.203,0.159,0.257,0.447,,,,0.25,1.0,0.2,0.28,0.44,0.286,113.0,89.0,90.0,0.006,-5.11,91.8,0.25,1.0,0.0,0.2,0.267,0.385,,,,,,,,,,105.0,95.0,102.0,0.079,-0.95,82.3,,,,,,
2024/06/30,7:10 PM.,BAL,TEX,away,Partly Cloudy.,93,608344,LF,5,3,4,1,1,1,4,0,0,0,1,.260,.322,.390,.712,608344,coleirvin,"Irvin, C",Left,Cole Irvin,- - -,5.11,5.78,111.0,101.0,79.0,94.0,0.849,6.32,2.35,10.7,1.46,0.96,0.251,0.414,0.121,0.34,0.478,65.0,108.0,100.0,102.0,98.0,102.0,62.0,99.0,85.0,75.0,101.0,89.0,85.0,121.0,119.0,0.2,0.264,0.041,0.252,0.134,-1.16,-0.49,-3.18,-0.38,-1.52,91.9,84.9,91.5,78.1,77.3,0.296,0.592,0.163,0.25,0.438,0.196,0.307,0.485,0.088,0.282,0.474,0.243,0.283,0.424,0.189,86.0,102.0,91.0,0.109,-0.64,85.9,0.327,0.551,0.181,,,,,,,,,,,,,,,,,,,,,,,,
2024/06/29,7:16 PM.,BAL,TEX,away,Partly Cloudy.,90,700249,LF,4,0,1,0,0,0,0,0,0,1,1,.248,.313,.353,.666,700249,cadepovich,Povich,Left,Cade Povich,BAL,5.2,4.11,79.2,99.0,87.0,97.0,0.788,7.79,3.84,9.04,1.36,0.75,0.22,0.447,0.179,0.289,0.454,63.0,101.0,95.0,93.0,101.0,104.0,81.0,97.0,93.0,80.0,98.0,90.0,113.0,107.0,108.0,0.084,0.407,0.13,0.196,0.109,0.56,0.86,-0.43,-2.26,-2.05,92.4,86.1,91.5,82.6,76.3,0.223,0.379,0.185,,,,0.2,0.24,0.103,0.25,0.542,0.235,0.333,0.517,0.269,97.0,94.0,94.0,0.075,-3.12,88.3,0.333,0.81,0.288,0.232,0.411,0.276,,,,,,,,,,,,,,,,,,,,,
2024/06/28,7:06 PM.,BAL,TEX,away,Partly Cloudy.,81,544150,LF,2,0,1,0,0,0,0,0,2,0,0,.248,.314,.355,.669,544150,albertsuarez,"Suárez, A",Right,Albert Suárez,BAL,3.7,4.05,133.2,100.0,89.0,97.0,0.786,7.27,2.9,8.75,1.14,0.8,0.241,0.426,0.136,0.304,0.391,99.0,100.0,106.0,94.0,99.0,98.0,90.0,101.0,96.0,,,,,,,,0.5,,0.132,0.172,-0.36,,,0.41,-0.5,94.8,86.1,,,79.0,0.276,0.469,0.228,,,,,,,0.274,0.434,0.228,0.174,0.348,0.252,74.0,99.0,92.0,0.195,0.73,86.3,0.24,0.365,0.308,,,,,,,,,,,,,,,,,,,,,,,,
2024/06/27,6:35 PM.,BAL,TEX,away,Partly Cloudy.,88,669203,DH,4,0,0,0,0,0,0,0,0,1,3,.245,.306,.354,.660,669203,corbinburnes,Burnes,Right,Corbin Burnes,BAL,2.92,3.34,194.1,103.0,120.0,107.0,0.735,8.38,2.22,7.64,1.02,1.4,0.21,0.425,0.19,0.289,0.399,110.0,98.0,103.0,109.0,101.0,106.0,,,,104.0,95.0,89.0,133.0,105.0,120.0,0.078,,0.146,0.215,0.11,,-0.5,0.7,0.44,0.2,,89.2,97.0,87.2,80.3,,,,0.196,0.268,0.463,0.235,0.412,0.157,0.194,0.339,0.377,0.2,0.326,0.378,125.0,105.0,108.0,0.45,1.37,95.3,0.251,0.362,0.19,0.125,0.5,0.457,,,,,,,,,,,,,,,,,,,,,
2024/06/26,1:10 PM.,MIL,TEX,away,Partly Cloudy.,83,572971,LF,3,1,1,0,0,0,0,0,2,0,0,.250,.311,.361,.672,572971,dallaskeuchel,Keuchel,Left,Dallas Keuchel,MIL,5.4,5.11,16.2,94.0,79.0,92.0,0.814,5.94,4.32,12.42,1.62,1.82,0.186,0.424,0.153,0.254,0.331,90.0,93.0,89.0,,,,,,,71.0,97.0,96.0,116.0,91.0,97.0,0.568,,0.01,,0.276,,-2.99,1.97,,2.23,,81.1,88.1,78.6,,,,,,,,0.422,0.667,0.152,0.059,0.059,0.353,,,,89.0,88.0,86.0,0.146,-4.71,84.6,0.375,0.875,0.083,,,,,,,,,,,,,,,,,,,,,,,,
2024/06/25,7:11 PM.,MIL,TEX,away,Partly Cloudy.,87,571948,LF,4,0,0,0,0,0,0,0,0,1,2,.249,.305,.361,.666,571948,hobymilner,Milner,Left,Hoby Milner,MIL,4.73,3.24,64.2,107.0,103.0,104.0,0.832,8.91,1.95,8.77,0.84,1.81,0.271,0.41,0.218,0.255,0.425,84.0,107.0,93.0,,,,101.0,115.0,109.0,88.0,106.0,101.0,126.0,101.0,107.0,0.32,0.214,0.329,,0.137,3.15,-1.35,0.28,,0.11,88.8,81.1,88.5,79.5,,0.059,0.137,0.266,,,,0.382,0.551,0.065,0.29,0.419,0.254,,,,,,,,,,,,,0.233,0.37,0.258,,,,,,,,,,,,,,,,,,,,,
2024/06/24,7:10 PM.,MIL,TEX,away,Clear.,77,642547,LF,4,0,1,0,0,0,0,0,0,1,0,.254,.311,.368,.679,642547,freddyperalta,"Peralta, F",Right,Freddy Peralta,MIL,3.68,3.88,173.2,98.0,103.0,100.0,0.719,10.36,3.52,7.41,1.35,0.82,0.262,0.376,0.197,0.318,0.373,84.0,92.0,88.0,104.0,106.0,110.0,112.0,99.0,101.0,,,,98.0,99.0,105.0,,0.539,0.217,0.07,0.175,0.05,,-0.09,0.36,0.84,94.3,87.7,,81.4,78.1,0.239,0.424,0.252,0.203,0.384,0.41,,,,0.218,0.291,0.369,0.182,0.341,0.372,,,,,,,,,,,,,,,,,,,,,,,,,,,,,,,,,
2024/06/23,1:37 PM.,KC,TEX,home,Roof Closed.,74,679525,LF,4,1,1,1,0,0,1,0,0,0,3,.254,.312,.371,.683,679525,alecmarsh,Marsh,Right,Alec Marsh,KCR,4.53,4.97,129.0,99.0,100.0,99.0,0.789,8.58,2.72,8.58,1.33,0.92,0.249,0.42,0.182,0.329,0.429,88.0,95.0,94.0,103.0,105.0,103.0,93.0,98.0,95.0,98.0,99.0,97.0,117.0,99.0,107.0,0.138,0.37,0.228,0.164,0.1,0.34,-1.16,-0.57,-1.2,0.84,94.2,86.3,93.6,86.5,82.8,0.208,0.383,0.223,0.29,0.462,0.294,0.317,0.524,0.099,0.204,0.296,0.177,0.263,0.5,0.274,,,,,,,,,,0.2,0.433,0.464,,,,,,,,,,,,,,,,,,,,,
2024/06/22,3:07 PM.,KC,TEX,home,Roof Closed.,74,608379,LF,4,1,2,0,0,1,4,0,0,0,2,.254,.313,.368,.681,608379,michaelwacha,Wacha,Right,Michael Wacha,KCR,3.35,4.05,166.2,102.0,91.0,99.0,0.784,7.83,2.43,8.32,0.92,0.93,0.258,0.429,0.213,0.282,0.436,111.0,109.0,112.0,72.0,89.0,92.0,83.0,103.0,99.0,78.0,103.0,89.0,97.0,89.0,90.0,0.153,0.238,0.092,0.081,0.322,0.39,0.29,-2.39,-1.64,2.26,93.6,81.2,93.6,84.1,75.2,0.279,0.449,0.169,0.371,0.6,0.373,0.252,0.301,0.099,0.169,0.312,0.341,0.357,0.643,0.174,78.0,100.0,92.0,0.114,-0.94,88.8,0.319,0.458,0.148,,,,,,,,,,,,,,,,,,,,,,,,
2024/06/21,7:08 PM.,KC,TEX,home,Roof Closed.,74,663903,LF,4,0,2,1,0,0,2,0,0,1,1,.249,.309,.349,.658,663903,bradysinger,Singer,Right,Brady Singer,KCR,3.71,4.65,179.2,99.0,84.0,94.0,0.769,8.52,2.71,8.77,1.1,1.62,0.191,0.419,0.159,0.326,0.414,80.0,77.0,69.0,,,,63.0,96.0,86.0,70.0,101.0,91.0,106.0,99.0,102.0,0.413,0.113,0.455,,0.019,-2.09,0.77,0.0,,-5.71,91.6,88.1,92.2,82.9,,0.326,0.609,0.197,0.207,0.361,0.354,0.267,0.389,0.127,0.429,0.5,0.111,,,,,,,,,,,,,0.327,0.571,0.35,,,,,,,,,,,,,,,,,,,,,
2024/06/19,7:08 PM.,NYM,TEX,home,Roof Closed.,74,640455,LF,3,0,2,1,0,0,2,1,0,0,0,.243,.305,.341,.646,640455,seanmanaea,Manaea,Left,Sean Manaea,NYM,3.47,3.75,181.2,97.0,90.0,96.0,0.76,9.12,3.12,6.64,1.04,0.87,0.266,0.376,0.156,0.32,0.436,83.0,98.0,95.0,,,,88.0,103.0,99.0,95.0,100.0,97.0,88.0,88.0,93.0,0.447,0.113,0.251,,0.118,1.13,1.36,0.37,,-1.19,92.3,85.3,92.3,79.5,,0.167,0.295,0.311,0.174,0.435,0.32,0.201,0.333,0.21,0.25,0.438,0.254,,,,84.0,88.0,85.0,0.071,0.97,88.4,0.222,0.25,0.179,0.193,0.311,0.388,,,,,,,,,,,,,,,,,,,,,
2024/06/18,7:08 PM.,NYM,TEX,home,Roof Closed.,74,622663,LF,4,1,1,0,0,1,1,0,0,1,1,.236,.296,.330,.626,622663,luisseverino,"Severino, L",Right,Luis Severino,NYM,3.91,3.88,182.0,101.0,107.0,101.0,0.812,7.96,2.97,8.21,1.14,1.28,0.273,0.372,0.203,0.288,0.434,87.0,95.0,95.0,,,,101.0,104.0,102.0,90.0,98.0,94.0,143.0,100.0,111.0,0.248,0.355,0.242,,0.075,0.15,1.24,0.26,,-3.63,96.2,86.1,95.6,85.6,,0.243,0.392,0.218,0.263,0.342,0.284,0.278,0.414,0.122,0.358,0.66,0.186,,,,92.0,91.0,89.0,0.081,1.05,92.6,0.2,0.3,0.26,0.139,0.238,0.386,,,,,,,,,,,,,,,,,,,,,
2024/06/17,7:08 PM.,NYM,TEX,home,Roof Closed.,74,656849,LF,3,0,0,0,0,0,0,0,1,1,0,.236,.297,.315,.612,656849,davidpeterson,"Peterson, D",Left,David Peterson,NYM,2.9,4.59,121.0,98.0,94.0,96.0,0.77,7.51,3.42,8.18,0.6,1.72,0.247,0.362,0.138,0.306,0.412,97.0,90.0,93.0,83.0,102.0,100.0,70.0,103.0,94.0,102.0,98.0,95.0,115.0,99.0,104.0,0.31,0.265,0.184,0.076,0.164,0.39,1.83,-1.81,0.11,0.03,93.1,84.7,91.9,85.1,79.1,0.22,0.266,0.287,0.287,0.447,0.339,0.253,0.36,0.16,0.211,0.324,0.271,0.207,0.345,0.259,,,,,,,,,,,,,,,,,,,,,,,,,,,,,,,,,
2024/06/16,1:10 PM.,SEA,TEX,away,Partly Cloudy.,54,669302,LF,3,0,0,0,0,0,0,0,0,0,1,.240,.298,.320,.618,669302,logangilbert,"Gilbert, L",Right,Logan Gilbert,SEA,3.23,3.14,208.2,101.0,121.0,106.0,0.705,9.49,1.6,6.38,1.12,1.2,0.236,0.45,0.135,0.325,0.429,,,,124.0,99.0,107.0,106.0,101.0,97.0,91.0,102.0,97.0,146.0,102.0,115.0,0.015,0.308,0.32,0.118,,1.41,0.32,1.72,0.81,,96.6,,95.5,88.4,83.2,0.204,0.383,0.193,0.21,0.375,0.368,0.286,0.286,0.05,,,,0.181,0.301,0.354,116.0,104.0,103.0,0.106,0.14,92.3,0.247,0.483,0.272,,,,99.0,96.0,104.0,0.134,1.18,84.5,0.101,0.162,0.506,,,,,,,,,,,,
2024/06/15,4:16 PM.,SEA,TEX,away,Partly Cloudy.,59,669923,LF,4,1,1,0,0,0,1,1,0,2,1,.244,.303,.326,.629,669923,georgekirby,Kirby,Right,George Kirby,SEA,3.53,3.44,191.0,106.0,106.0,106.0,0.786,8.43,1.08,8.53,1.04,1.01,0.298,0.342,0.178,0.294,0.446,,,,,,,102.0,107.0,101.0,106.0,108.0,108.0,110.0,104.0,110.0,0.236,0.339,0.237,,,0.46,1.5,1.28,,,96.0,,96.0,87.2,,0.221,0.458,0.291,0.226,0.316,0.271,0.263,0.354,0.105,,,,0.333,0.439,0.286,97.0,99.0,93.0,0.004,0.79,92.3,,,,,,,109.0,100.0,108.0,0.102,-2.05,86.0,0.253,0.413,0.295,114.0,110.0,113.0,0.082,-1.95,83.4,73.9,0.0,-3.5,,,
2024/06/14,7:10 PM.,SEA,TEX,away,Roof Closed.,58,622491,LF,4,0,2,1,0,0,1,1,0,0,1,.244,.304,.327,.631,622491,luiscastillo,"Castillo, L",Right,Luis Castillo,SEA,3.64,3.91,175.1,105.0,101.0,102.0,0.768,8.98,2.41,8.11,1.28,0.94,0.26,0.409,0.159,0.319,0.406,89.0,104.0,97.0,,,,120.0,105.0,103.0,100.0,102.0,98.0,72.0,106.0,108.0,0.179,0.454,0.224,,0.143,0.97,-0.41,0.65,,-1.63,95.6,88.1,95.6,85.7,,0.203,0.365,0.273,0.207,0.357,0.358,0.298,0.457,0.105,0.287,0.545,0.265,,,,,,,,,,,,,,,,,,,,,,,,,,,,,,,,,,,,
2024/06/13,7:10 PM.,LAD,TEX,away,Clear.,68,675627,LF,4,0,2,0,0,0,2,2,0,0,1,.238,.300,.317,.617,675627,michaelgrove,Grove,Right,Michael Grove,LAD,5.12,3.64,51.0,102.0,106.0,108.0,0.754,9.53,2.82,8.12,1.06,1.31,0.187,0.489,0.216,0.252,0.41,,,,,,,83.0,106.0,102.0,82.0,107.0,100.0,117.0,104.0,116.0,0.221,0.018,0.531,,,-0.74,-0.24,1.26,,,94.1,,96.0,86.9,,,,,0.204,0.292,0.321,0.233,0.442,0.185,,,,0.429,0.429,0.35,103.0,99.0,97.0,0.16,-3.06,92.9,0.37,0.667,0.145,,,,,,,,,,,,,106.0,98.0,108.0,0.07,-1.23,79.9,,,,,,
2024/06/12,7:10 PM.,LAD,TEX,away,Clear.,69,621111,LF,3,0,1,0,0,0,0,0,1,1,2,.231,.295,.313,.608,621111,walkerbuehler,Buehler,Right,Walker Buehler,LAD,5.38,4.78,75.1,101.0,93.0,100.0,0.819,7.65,3.35,10.63,1.91,1.29,0.208,0.429,0.143,0.335,0.435,70.0,100.0,89.0,,,,85.0,102.0,99.0,82.0,99.0,92.0,119.0,99.0,108.0,0.163,0.29,0.095,,0.052,-2.43,-0.74,-0.87,,-5.9,95.0,90.0,94.8,82.9,,0.342,0.696,0.169,1.0,2.5,0.25,0.291,0.327,0.115,0.455,0.773,0.088,0.278,0.481,0.267,103.0,103.0,100.0,0.208,1.62,91.2,0.238,0.397,0.215,0.121,0.303,0.294,,,,,,,,,,100.0,98.0,105.0,0.192,-1.56,78.0,,,,,,
2024/06/11,7:10 PM.,LAD,TEX,away,Partly Cloudy.,69,572020,LF,3,1,0,0,0,0,0,0,1,0,0,.229,.291,.312,.603,572020,jamespaxton,Paxton,Left,James Paxton,- - -,4.4,4.74,100.1,98.0,74.0,91.0,0.812,6.55,4.49,8.52,1.08,0.88,0.272,0.329,0.144,0.355,0.424,72.0,95.0,95.0,,,,69.0,98.0,86.0,64.0,107.0,97.0,,,,0.05,0.551,,,0.066,-0.21,-1.01,,,-2.12,93.2,82.6,92.8,,,0.264,0.431,0.144,,,,0.308,0.423,0.091,0.25,0.375,0.326,0.2,0.3,0.362,82.0,95.0,83.0,0.031,-3.38,84.0,0.308,0.769,0.13,,,,,,,,,,,,,82.0,98.0,97.0,0.303,0.57,80.8,,,,,,
2024/06/09,12:09 PM.,SF,TEX,home,Roof Closed.,74,676775,DH,4,0,2,0,1,0,2,1,0,0,1,.234,.292,.318,.610,676775,keatonwinn,"Winn, K",Right,Keaton Winn,SFG,7.16,5.56,55.1,98.0,112.0,103.0,0.772,7.81,3.25,9.11,1.46,1.67,0.176,0.485,0.079,0.436,0.455,,,,,,,89.0,101.0,95.0,91.0,97.0,93.0,127.0,98.0,106.0,0.192,0.263,0.139,,,-0.92,-2.92,-1.39,,,95.7,,94.8,87.9,,0.214,0.5,0.272,0.321,0.607,0.356,0.41,0.692,0.066,,,,,,,,,,,,,,,,,,,131.0,97.0,113.0,0.405,0.24,88.9,0.215,0.355,0.282,,,,,,,,,,,,
2024/06/07,7:08 PM.,SF,TEX,home,Roof Closed.,74,657277,LF,3,1,1,1,0,0,0,0,0,1,0,.227,.287,.300,.587,657277,loganwebb,Webb,Right,Logan Webb,SFG,3.47,4.31,204.2,104.0,111.0,106.0,0.814,7.56,2.2,8.88,0.48,2.5,0.23,0.36,0.17,0.292,0.403,137.0,105.0,112.0,,,,57.0,106.0,88.0,95.0,104.0,102.0,126.0,104.0,114.0,0.399,0.053,0.212,,0.309,0.2,1.32,0.16,,-0.13,92.6,87.4,92.6,83.8,,0.179,0.231,0.329,,,,0.268,0.338,0.144,0.275,0.411,0.216,,,,52.0,95.0,88.0,0.026,4.3,91.0,0.077,0.077,0.265,0.239,0.331,0.268,,,,,,,,,,,,,,,,,,,,,
2024/06/05,7:07 PM.,DET,TEX,home,Roof Closed.,74,628317,DH,5,0,1,0,0,0,0,0,0,1,7,.224,.286,.293,.579,628317,kentamaeda,Maeda,Right,Kenta Maeda,DET,6.09,4.43,112.1,101.0,93.0,100.0,0.776,7.69,2.48,9.93,1.76,0.83,0.19,0.466,0.185,0.27,0.388,,,,80.0,75.0,78.0,67.0,99.0,91.0,59.0,104.0,93.0,101.0,95.0,98.0,0.072,0.225,0.359,0.016,,-2.6,-0.02,-0.34,-4.36,,90.8,,90.4,81.4,76.4,0.359,0.667,0.13,0.31,0.569,0.268,0.294,0.324,0.133,,,,0.5,0.75,0.0,65.0,94.0,79.0,0.016,1.08,84.8,0.333,0.333,0.391,0.241,0.379,0.207,110.0,105.0,110.0,0.312,-0.22,83.9,0.217,0.42,0.303,,,,,,,,,,,,
2024/06/04,7:07 PM.,DET,TEX,home,Roof Closed.,74,656427,LF,3,0,0,0,0,0,0,0,1,0,2,.225,.288,.296,.584,656427,jackflaherty,Flaherty,Right,Jack Flaherty,- - -,3.17,3.54,162.0,102.0,94.0,102.0,0.712,10.78,2.11,7.5,1.33,1.05,0.223,0.436,0.157,0.3,0.38,87.0,83.0,81.0,,,,92.0,104.0,101.0,75.0,85.0,72.0,95.0,102.0,102.0,0.023,0.441,0.29,,0.027,0.5,-5.05,0.02,,-0.55,93.3,85.7,90.6,84.7,,0.245,0.401,0.238,0.222,0.455,0.363,0.6,1.2,0.4,0.111,0.333,0.111,0.164,0.219,0.436,,,,,,,,,,,,,,,,,,,,,,101.0,103.0,107.0,0.218,2.19,77.4,,,,,,
2024/06/03,7:09 PM.,DET,TEX,home,Roof Closed.,74,669373,LF,4,0,2,0,1,0,0,0,0,1,2,.230,.289,.302,.591,669373,tarikskubal,Skubal,Left,Tarik Skubal,DET,2.39,2.72,192.0,103.0,103.0,106.0,0.717,10.69,1.64,6.66,0.7,1.27,0.256,0.387,0.181,0.254,0.475,97.0,104.0,114.0,,,,112.0,104.0,103.0,95.0,105.0,104.0,111.0,99.0,103.0,0.205,0.332,0.149,,0.271,1.84,1.25,0.78,,1.13,96.8,86.3,96.6,88.7,,0.197,0.286,0.277,0.169,0.364,0.346,0.207,0.305,0.16,0.216,0.322,0.461,0.158,0.316,0.175,,,,,,,,,,,,,,,,,,,,,,95.0,91.0,101.0,0.042,1.26,78.5,,,,,,
2024/06/02,1:40 PM.,MIA,TEX,away,Roof Closed.,72,669432,LF,4,0,0,0,0,0,0,0,0,1,1,.222,.284,.281,.565,669432,trevorrogers,"Rogers, Tr",Left,Trevor Rogers,- - -,4.92,5.18,124.1,100.0,83.0,98.0,0.811,7.02,4.05,10.13,1.01,1.38,0.215,0.422,0.131,0.358,0.392,111.0,108.0,115.0,,,,66.0,101.0,93.0,86.0,97.0,92.0,74.0,93.0,91.0,0.24,0.317,0.206,,0.238,-0.26,-0.36,-1.99,,-1.32,91.9,85.6,91.5,82.4,,0.252,0.467,0.234,0.312,0.506,0.259,0.292,0.492,0.1,0.295,0.396,0.238,,,,,,,,,,,,,,,,,,,,,,,,,,,,,,,,,,,,
2024/06/01,4:11 PM.,MIA,TEX,away,Roof Closed.,72,677960,LF,5,1,2,0,0,0,2,0,0,3,0,.229,.292,.290,.582,677960,ryanweathers,Weathers,Left,Ryan Weathers,MIA,3.63,4.2,86.2,96.0,94.0,97.0,0.761,8.31,2.49,8.1,1.14,1.3,0.264,0.413,0.193,0.295,0.41,84.0,102.0,103.0,,,,96.0,97.0,96.0,82.0,98.0,95.0,120.0,87.0,98.0,0.121,0.397,0.222,,0.26,-0.81,0.13,0.49,,1.39,95.9,86.4,94.5,82.9,,0.319,0.451,0.141,0.25,0.5,0.5,0.259,0.5,0.063,0.193,0.367,0.379,,,,,,,,,,,,,0.118,0.176,0.51,,,,,,,,,,,,,,,,,,,,,
2024/05/31,7:10 PM.,MIA,TEX,away,Roof Closed.,72,664350,LF,3,0,0,0,0,0,1,0,0,0,1,.222,.288,.286,.574,664350,sixtosanchez,"Sánchez, S",Right,Sixto Sánchez,MIA,6.06,5.11,35.2,101.0,82.0,96.0,0.878,4.29,3.53,10.85,0.76,1.56,0.305,0.414,0.109,0.305,0.464,93.0,100.0,100.0,,,,77.0,98.0,88.0,84.0,110.0,106.0,,,,0.048,0.298,,,0.314,-1.21,-4.7,,,1.58,93.8,85.4,92.7,,,0.267,0.433,0.104,,,,0.5,1.333,0.167,0.22,0.22,0.17,,,,58.0,108.0,100.0,0.34,-1.57,83.6,0.375,0.518,0.114,,,,,,,,,,,,,,,,,,,,,,,,
2024/05/29,1:37 PM.,AZ,TEX,home,Roof Closed.,74,669194,LF,4,1,2,0,0,0,1,0,0,0,1,.228,.294,.293,.587,669194,rynenelson,"Nelson, R",Right,Ryne Nelson,ARI,4.24,4.17,150.2,106.0,100.0,104.0,0.838,7.53,2.03,9.26,1.02,1.14,0.274,0.39,0.14,0.338,0.463,108.0,99.0,107.0,91.0,94.0,94.0,105.0,107.0,106.0,,,,111.0,112.0,110.0,,0.557,0.103,0.057,0.099,0.64,,-0.66,1.81,-2.35,95.2,83.0,,83.8,77.8,0.249,0.418,0.195,0.226,0.34,0.156,,,,0.302,0.587,0.203,0.138,0.207,0.148,78.0,107.0,96.0,0.184,-0.85,91.2,0.317,0.508,0.154,0.4,0.733,0.167,,,,,,,,,,,,,,,,,,,,,
2024/05/28,7:09 PM.,AZ,TEX,home,Roof Closed.,74,694297,DH,3,0,0,0,0,0,0,0,0,1,1,.218,.288,.286,.574,694297,brandonpfaadt,Pfaadt,Right,Brandon Pfaadt,ARI,4.71,3.78,181.2,106.0,107.0,107.0,0.768,9.17,2.08,9.07,1.19,1.07,0.25,0.427,0.131,0.306,0.449,92.0,102.0,96.0,106.0,102.0,104.0,95.0,106.0,103.0,89.0,106.0,104.0,143.0,109.0,119.0,0.222,0.334,0.273,0.053,0.112,0.37,-0.09,-0.12,-1.37,0.84,93.8,87.5,93.7,84.8,80.8,0.265,0.466,0.224,,,,0.286,0.365,0.119,0.25,0.289,0.312,0.429,0.571,0.295,,,,,,,,,,0.215,0.455,0.362,,,,0.006,0.45,89.6,0.2,0.8,0.0,,,,,,,,,,,,
2024/05/04,6:10 PM.,KC,TEX,away,Cloudy.,65,608379,LF,3,0,0,0,0,0,0,0,0,0,0,.224,.295,.293,.588,608379,michaelwacha,Wacha,Right,Michael Wacha,KCR,3.35,4.05,166.2,102.0,91.0,99.0,0.784,7.83,2.43,8.32,0.92,0.93,0.258,0.429,0.213,0.282,0.436,111.0,109.0,112.0,72.0,89.0,92.0,83.0,103.0,99.0,78.0,103.0,89.0,97.0,89.0,90.0,0.153,0.238,0.092,0.081,0.322,0.39,0.29,-2.39,-1.64,2.26,93.6,81.2,93.6,84.1,75.2,0.279,0.449,0.169,0.371,0.6,0.373,0.252,0.301,0.099,0.169,0.312,0.341,0.357,0.643,0.174,78.0,100.0,92.0,0.114,-0.94,88.8,0.319,0.458,0.148,,,,,,,,,,,,,,,,,,,,,,,,
2024/05/02,1:37 PM.,WSH,TEX,home,Roof Closed.,74,680730,LF,4,0,0,0,0,0,0,0,0,3,6,.230,.302,.301,.603,680730,mitchellparker,Parker,Left,Mitchell Parker,WSN,4.29,4.37,151.0,99.0,87.0,97.0,0.801,7.93,2.56,9.18,1.07,0.94,0.248,0.444,0.132,0.321,0.441,,,,97.0,96.0,96.0,78.0,101.0,96.0,,,,106.0,107.0,110.0,,0.486,0.098,0.225,,0.07,,-0.73,0.47,,92.5,,,84.5,80.5,0.276,0.425,0.12,0.238,0.429,0.364,,,,,,,0.252,0.36,0.263,,,,,,,,,,,,,89.0,94.0,94.0,0.191,-0.6,85.6,0.233,0.4,0.372,,,,,,,,,,,,
2024/05/01,7:07 PM.,WSH,TEX,home,Roof Closed.,74,592866,DH,4,0,1,0,0,0,0,0,0,0,4,.239,.311,.312,.623,592866,trevorwilliams,Williams,Right,Trevor Williams,WSN,2.03,3.17,66.2,104.0,81.0,94.0,0.796,7.97,2.43,6.89,0.41,1.17,0.279,0.41,0.148,0.311,0.382,70.0,102.0,91.0,,,,63.0,110.0,96.0,90.0,101.0,94.0,100.0,99.0,93.0,0.121,0.364,0.347,,0.168,2.46,1.1,0.78,,-0.36,88.9,82.8,87.7,78.7,,0.196,0.271,0.178,0.296,0.407,0.059,0.261,0.391,0.214,0.25,0.341,0.225,,,,,,,,,,,,,0.135,0.162,0.459,,,,,,,,,,,,,,,,,,,,,
2024/04/30,7:07 PM.,WSH,TEX,home,Roof Closed.,74,669022,LF,4,0,0,0,0,0,0,0,0,2,2,.238,.314,.314,.628,669022,mackenziegore,Gore,Left,MacKenzie Gore,WSN,3.9,4.2,166.1,98.0,110.0,101.0,0.752,9.79,3.52,9.25,0.81,1.11,0.26,0.376,0.156,0.3,0.433,92.0,91.0,94.0,104.0,104.0,102.0,124.0,98.0,103.0,,,,89.0,92.0,92.0,,0.553,0.158,0.196,0.093,-0.02,,-0.77,0.62,-1.35,96.0,85.9,,90.6,82.8,0.281,0.418,0.226,0.255,0.422,0.323,,,,0.28,0.48,0.512,0.218,0.296,0.34,,,,,,,,,,0.333,0.5,0.417,,,,,,,,,,,,,,,,,,,,,
2024/04/28,1:37 PM.,CIN,TEX,home,Roof Closed.,74,671096,LF,3,1,1,0,0,1,2,0,0,1,0,.248,.325,.327,.652,671096,andrewabbott,"Abbott, A",Left,Andrew Abbott,CIN,3.72,4.02,138.0,98.0,92.0,97.0,0.805,7.43,3.39,8.28,1.63,0.68,0.256,0.364,0.16,0.287,0.428,96.0,94.0,97.0,101.0,98.0,99.0,78.0,96.0,89.0,,,,125.0,106.0,112.0,,0.535,0.186,0.116,0.163,-0.26,,0.49,-1.56,0.23,92.8,84.8,,82.9,80.8,0.254,0.451,0.194,,,,,,,0.214,0.429,0.273,0.327,0.653,0.179,,,,,,,,,,0.189,0.307,0.287,,,,,,,,,,,,,,,,,,,,,
2024/04/27,3:08 PM.,CIN,TEX,home,Roof Closed.,74,668881,DH,4,0,1,0,0,0,0,0,0,1,1,.245,.324,.296,.620,668881,huntergreene,"Greene, H",Right,Hunter Greene,CIN,2.75,3.03,150.1,99.0,124.0,104.0,0.741,10.12,3.41,5.75,0.72,0.7,0.284,0.388,0.199,0.265,0.429,,,,118.0,96.0,101.0,123.0,102.0,104.0,,,,125.0,96.0,103.0,,0.552,0.346,0.018,,1.56,,0.62,-2.87,,97.6,,,86.8,80.9,0.184,0.273,0.248,0.161,0.3,0.39,,,,,,,0.4,1.0,0.2,,,,,,,,,,,,,120.0,89.0,103.0,0.083,-0.79,87.0,0.243,0.405,0.284,,,,,,,,,,,,
2024/04/26,7:08 PM.,CIN,TEX,home,Roof Closed.,74,668933,DH,3,0,0,0,0,0,0,0,0,1,1,.245,.327,.298,.625,668933,grahamashcraft,Ashcraft,Right,Graham Ashcraft,CIN,5.24,5.18,77.1,98.0,113.0,96.0,0.795,6.63,3.14,10.36,1.28,1.54,0.273,0.369,0.154,0.285,0.43,87.0,78.0,79.0,,,,,,,71.0,100.0,83.0,119.0,98.0,109.0,0.172,,0.319,,0.03,,-2.72,1.37,,-3.78,,90.5,94.8,88.4,,,,,0.145,0.217,0.372,0.333,0.5,0.119,0.333,0.333,0.2,,,,125.0,99.0,92.0,0.479,-1.57,95.6,0.329,0.52,0.161,,,,,,,,,,,,,,,,,,,,,,,,
2024/04/25,1:38 PM.,SEA,TEX,home,Roof Closed.,74,622491,LF,3,1,0,0,0,0,0,1,1,0,0,.253,.337,.308,.645,622491,luiscastillo,"Castillo, L",Right,Luis Castillo,SEA,3.64,3.91,175.1,105.0,101.0,102.0,0.768,8.98,2.41,8.11,1.28,0.94,0.26,0.409,0.159,0.319,0.406,89.0,104.0,97.0,,,,120.0,105.0,103.0,100.0,102.0,98.0,72.0,106.0,108.0,0.179,0.454,0.224,,0.143,0.97,-0.41,0.65,,-1.63,95.6,88.1,95.6,85.7,,0.203,0.365,0.273,0.207,0.357,0.358,0.298,0.457,0.105,0.287,0.545,0.265,,,,,,,,,,,,,,,,,,,,,,,,,,,,,,,,,,,,
2024/04/24,7:07 PM.,SEA,TEX,home,Roof Closed.,74,682243,DH,3,1,3,1,0,0,0,0,1,0,0,.261,.340,.318,.658,682243,brycemiller,"Miller, B",Right,Bryce Miller,SEA,2.94,3.72,180.1,101.0,112.0,105.0,0.774,8.53,2.25,6.54,1.05,0.86,0.249,0.404,0.14,0.318,0.442,,,,,,,124.0,102.0,106.0,100.0,102.0,99.0,122.0,96.0,101.0,0.171,0.423,0.168,,,1.53,1.55,-0.21,,,95.2,,94.7,84.5,,0.184,0.348,0.266,0.243,0.568,0.261,0.248,0.358,0.092,,,,0.231,0.308,0.378,93.0,80.0,85.0,0.023,0.14,92.1,0.25,0.333,0.207,0.24,0.4,0.188,95.0,107.0,111.0,0.171,1.51,84.4,0.148,0.225,0.29,92.0,104.0,111.0,0.044,-0.4,85.0,,,,,,
2024/04/23,7:07 PM.,SEA,TEX,home,Cloudy.,75,669302,DH,2,0,0,0,0,0,0,0,1,2,2,.235,.313,.282,.595,669302,logangilbert,"Gilbert, L",Right,Logan Gilbert,SEA,3.23,3.14,208.2,101.0,121.0,106.0,0.705,9.49,1.6,6.38,1.12,1.2,0.236,0.45,0.135,0.325,0.429,,,,124.0,99.0,107.0,106.0,101.0,97.0,91.0,102.0,97.0,146.0,102.0,115.0,0.015,0.308,0.32,0.118,,1.41,0.32,1.72,0.81,,96.6,,95.5,88.4,83.2,0.204,0.383,0.193,0.21,0.375,0.368,0.286,0.286,0.05,,,,0.181,0.301,0.354,116.0,104.0,103.0,0.106,0.14,92.3,0.247,0.483,0.272,,,,99.0,96.0,104.0,0.134,1.18,84.5,0.101,0.162,0.506,,,,,,,,,,,,
2024/04/21,7:10 PM.,ATL,TEX,away,Clear.,58,670241,DH,4,0,1,0,0,0,0,0,0,0,3,.241,.312,.289,.601,670241,dariusvines,Vines,Right,Darius Vines,ATL,8.56,6.74,13.2,104.0,80.0,97.0,0.785,5.93,2.63,13.83,2.63,0.91,0.308,0.385,0.192,0.365,0.451,89.0,109.0,102.0,56.0,94.0,91.0,67.0,105.0,94.0,,,,106.0,103.0,105.0,,0.377,0.132,0.054,0.311,-4.09,,1.83,2.08,-3.61,90.8,81.5,,82.4,78.4,0.435,0.696,0.022,0.2,0.2,0.611,,,,0.273,0.727,0.159,0.333,0.333,0.2,84.0,90.0,82.0,0.125,-3.16,83.7,0.5,0.5,0.529,,,,,,,,,,,,,,,,,,,,,,,,
2024/04/20,7:20 PM.,ATL,TEX,away,Partly Cloudy.,69,450203,DH,4,0,0,0,0,0,0,0,0,3,2,.241,.315,.291,.606,450203,charliemorton,"Morton, C",Right,Charlie Morton,ATL,4.19,4.49,165.1,98.0,95.0,97.0,0.753,9.09,3.54,8.38,1.25,1.42,0.235,0.437,0.144,0.327,0.408,86.0,97.0,93.0,122.0,98.0,108.0,72.0,99.0,90.0,79.0,96.0,88.0,,,,0.099,0.289,,0.424,0.11,-1.4,0.39,,0.78,-1.38,94.1,85.0,93.5,,81.5,0.281,0.517,0.193,,,,0.333,0.433,0.07,0.292,0.6,0.333,0.2,0.309,0.342,73.0,92.0,86.0,0.078,-0.75,88.5,0.286,0.571,0.149,,,,,,,,,,,,,,,,,,,,,,,,
2024/04/19,7:21 PM.,ATL,TEX,away,Cloudy.,80,519242,LF,4,1,1,0,0,0,0,0,0,1,2,.253,.329,.307,.636,519242,chrissale,Sale,Left,Chris Sale,ATL,2.38,2.8,177.2,103.0,96.0,102.0,0.711,11.4,1.98,7.14,0.46,1.34,0.247,0.435,0.167,0.249,0.435,64.0,107.0,98.0,,,,96.0,105.0,101.0,113.0,100.0,96.0,105.0,100.0,104.0,0.072,0.378,0.403,,0.147,-0.12,-1.99,2.16,,2.97,94.8,87.1,94.2,78.6,,0.281,0.443,0.241,0.171,0.236,0.427,0.327,0.551,0.133,0.159,0.195,0.236,,,,,,,,,,,,,,,,,,,,,,,,,,,,,,,,,,,,
2024/04/18,1:10 PM.,DET,TEX,away,Sunny.,62,628317,DH,4,2,1,1,0,0,1,0,1,1,4,.254,.333,.310,.643,628317,kentamaeda,Maeda,Right,Kenta Maeda,DET,6.09,4.43,112.1,101.0,93.0,100.0,0.776,7.69,2.48,9.93,1.76,0.83,0.19,0.466,0.185,0.27,0.388,,,,80.0,75.0,78.0,67.0,99.0,91.0,59.0,104.0,93.0,101.0,95.0,98.0,0.072,0.225,0.359,0.016,,-2.6,-0.02,-0.34,-4.36,,90.8,,90.4,81.4,76.4,0.359,0.667,0.13,0.31,0.569,0.268,0.294,0.324,0.133,,,,0.5,0.75,0.0,65.0,94.0,79.0,0.016,1.08,84.8,0.333,0.333,0.391,0.241,0.379,0.207,110.0,105.0,110.0,0.312,-0.22,83.9,0.217,0.42,0.303,,,,,,,,,,,,
2024/04/17,1:10 PM.,DET,TEX,away,Cloudy.,69,669373,DH,3,0,0,0,0,0,0,0,1,1,2,.254,.329,.299,.628,669373,tarikskubal,Skubal,Left,Tarik Skubal,DET,2.39,2.72,192.0,103.0,103.0,106.0,0.717,10.69,1.64,6.66,0.7,1.27,0.256,0.387,0.181,0.254,0.475,97.0,104.0,114.0,,,,112.0,104.0,103.0,95.0,105.0,104.0,111.0,99.0,103.0,0.205,0.332,0.149,,0.271,1.84,1.25,0.78,,1.13,96.8,86.3,96.6,88.7,,0.197,0.286,0.277,0.169,0.364,0.346,0.207,0.305,0.16,0.216,0.322,0.461,0.158,0.316,0.175,,,,,,,,,,,,,,,,,,,,,,95.0,91.0,101.0,0.042,1.26,78.5,,,,,,
2024/04/16,1:10 PM.,DET,TEX,away,Sunny.,64,663554,LF,4,0,1,0,0,0,0,0,0,2,0,.266,.333,.313,.646,663554,caseymize,Mize,Right,Casey Mize,DET,4.49,4.74,102.1,102.0,107.0,101.0,0.803,6.86,2.55,10.64,0.97,1.65,0.227,0.405,0.149,0.335,0.435,,,,,,,106.0,105.0,102.0,92.0,108.0,105.0,107.0,101.0,102.0,0.08,0.386,0.277,,,-0.47,1.3,-0.46,,,95.5,,95.5,85.7,,0.306,0.428,0.205,0.271,0.5,0.218,0.293,0.341,0.08,,,,0.261,0.522,0.216,,,,,,,,,,,,,112.0,99.0,102.0,0.181,-1.06,86.2,0.286,0.405,0.322,102.0,90.0,94.0,0.075,-2.21,79.6,,,,,,
2024/04/14,1:11 PM.,HOU,TEX,away,Roof Closed.,73,664299,DH,3,1,1,0,0,0,0,0,1,0,0,.267,.338,.317,.655,664299,cristianjavier,Javier,Right,Cristian Javier,HOU,3.89,4.56,34.2,92.0,113.0,96.0,0.765,7.01,4.93,7.79,1.04,0.49,0.221,0.433,0.115,0.288,0.391,137.0,96.0,104.0,,,,101.0,88.0,89.0,,,,113.0,93.0,99.0,,0.393,0.295,,0.268,-1.3,,0.38,,1.39,91.7,81.2,,77.5,,0.256,0.535,0.27,0.205,0.341,0.25,,,,0.194,0.306,0.276,0.5,0.667,0.143,,,,,,,,,,,,,,,,,,,,,,81.0,95.0,97.0,0.044,-5.23,75.2,,,,,,
2024/04/13,3:05 PM.,HOU,TEX,away,Roof Closed.,73,669854,DH,4,0,2,0,0,0,1,0,0,0,2,.263,.328,.316,.644,669854,ronelblanco,Blanco,Right,Ronel Blanco,HOU,2.8,4.0,167.1,100.0,94.0,98.0,0.733,8.93,3.66,6.13,1.18,0.95,0.21,0.453,0.178,0.317,0.405,119.0,104.0,108.0,75.0,96.0,100.0,85.0,95.0,90.0,,,,89.0,103.0,101.0,,0.383,0.302,0.094,0.221,-0.42,,2.24,2.55,-0.16,93.4,85.2,,86.4,80.1,0.232,0.497,0.192,0.18,0.284,0.333,,,,0.188,0.356,0.343,0.071,0.071,0.376,,,,,,,,,,,,,,,,,,,,,,,,,,,,,,,,,
2024/04/12,7:10 PM.,HOU,TEX,away,Roof Closed.,73,641585,DH,3,2,1,0,0,0,1,0,1,1,5,.245,.317,.302,.619,641585,jpfrance,"France, J",Right,J.P. France,HOU,7.46,5.71,25.1,90.0,84.0,90.0,0.77,7.82,4.26,11.01,1.78,0.57,0.256,0.419,0.186,0.291,0.38,95.0,85.0,90.0,79.0,94.0,88.0,90.0,84.0,84.0,76.0,104.0,103.0,101.0,116.0,109.0,0.017,0.294,0.03,0.193,0.227,-2.28,2.39,-21.4,0.32,0.6,92.2,82.3,91.2,78.5,74.2,0.375,0.563,0.151,,,,,,,0.095,0.238,0.297,0.2,0.2,0.381,69.0,95.0,95.0,0.238,-1.85,86.8,0.346,0.615,0.224,0.5,1.375,0.3,,,,,,,,,,,,,,,,,,,,,
2024/04/11,1:38 PM.,OAK,TEX,home,Roof Closed.,74,676664,LF,4,0,0,0,0,0,0,0,0,0,1,.240,.291,.300,.591,676664,jpsears,Sears,Left,JP Sears,OAK,4.38,4.43,180.2,99.0,90.0,94.0,0.8,6.82,2.44,8.57,1.39,0.79,0.244,0.413,0.171,0.325,0.443,84.0,94.0,83.0,,,,70.0,102.0,92.0,84.0,100.0,87.0,118.0,100.0,105.0,0.106,0.363,0.339,,0.192,-0.8,1.37,-0.1,,-0.21,91.9,84.0,90.0,78.9,,0.23,0.476,0.256,0.23,0.525,0.259,0.276,0.395,0.104,0.297,0.428,0.188,,,,,,,,,,,,,0.239,0.381,0.213,,,,,,,,,,,,,,,,,,,,,
2024/04/09,7:09 PM.,OAK,TEX,home,Roof Closed.,74,622072,LF,3,0,1,0,0,0,0,0,1,0,0,.261,.314,.326,.640,622072,alexwood,Wood,Left,Alex Wood,OAK,5.26,6.66,39.1,98.0,71.0,93.0,0.814,7.55,4.35,11.67,1.37,0.98,0.287,0.318,0.109,0.357,0.44,42.0,103.0,97.0,,,,,,,82.0,99.0,93.0,74.0,94.0,90.0,0.462,,0.315,,0.224,,-1.92,-0.4,,-2.67,,84.5,90.5,81.4,,,,,0.205,0.25,0.288,0.351,0.635,0.199,0.4,0.6,0.161,,,,,,,,,,,,,,,,,,,,,,,,,,,,,,,,,,,,
2024/04/08,7:07 PM.,HOU,TEX,home,Roof Closed.,74,668874,DH,5,1,2,0,0,0,1,0,0,1,2,.256,.298,.326,.624,668874,blairhenley,Henley,Right,Blair Henley,,,,,,,,,,,,,,,,,,,,,,,,,,,,,,,,,,,,,,,,,,,,,,,,,1.0,1.0,0.0,,,,,,,,,,0.5,0.5,0.0,,,,,,,,,,,,,,,,,,,,,,,,,,,,,,,,,
2024/04/07,6:10 PM.,HOU,TEX,home,Clear.,79,669854,DH,4,0,0,0,0,0,0,0,0,1,0,.237,.286,.316,.602,669854,ronelblanco,Blanco,Right,Ronel Blanco,HOU,2.8,4.0,167.1,100.0,94.0,98.0,0.733,8.93,3.66,6.13,1.18,0.95,0.21,0.453,0.178,0.317,0.405,119.0,104.0,108.0,75.0,96.0,100.0,85.0,95.0,90.0,,,,89.0,103.0,101.0,,0.383,0.302,0.094,0.221,-0.42,,2.24,2.55,-0.16,93.4,85.2,,86.4,80.1,0.232,0.497,0.192,0.18,0.284,0.333,,,,0.188,0.356,0.343,0.071,0.071,0.376,,,,,,,,,,,,,,,,,,,,,,,,,,,,,,,,,
2024/04/06,6:08 PM.,HOU,TEX,home,Roof Closed.,74,641585,DH,5,1,2,1,0,0,1,0,0,1,4,.265,.316,.353,.669,641585,jpfrance,"France, J",Right,J.P. France,HOU,7.46,5.71,25.1,90.0,84.0,90.0,0.77,7.82,4.26,11.01,1.78,0.57,0.256,0.419,0.186,0.291,0.38,95.0,85.0,90.0,79.0,94.0,88.0,90.0,84.0,84.0,76.0,104.0,103.0,101.0,116.0,109.0,0.017,0.294,0.03,0.193,0.227,-2.28,2.39,-21.4,0.32,0.6,92.2,82.3,91.2,78.5,74.2,0.375,0.563,0.151,,,,,,,0.095,0.238,0.297,0.2,0.2,0.381,69.0,95.0,95.0,0.238,-1.85,86.8,0.346,0.615,0.224,0.5,1.375,0.3,,,,,,,,,,,,,,,,,,,,,
2024/04/05,7:07 PM.,HOU,TEX,home,Cloudy.,83,686613,DH,4,1,1,0,0,0,1,0,1,1,4,.241,.303,.310,.613,686613,hunterbrown,"Brown, H",Right,Hunter Brown,HOU,3.49,3.31,170.0,101.0,103.0,101.0,0.778,9.48,3.18,8.26,0.95,1.61,0.271,0.35,0.192,0.218,0.421,84.0,101.0,102.0,,,,110.0,101.0,102.0,93.0,102.0,98.0,110.0,103.0,107.0,0.182,0.347,0.051,,0.126,0.16,0.92,1.7,,0.95,96.0,88.4,95.6,89.1,,0.244,0.413,0.288,0.2,0.2,0.236,0.275,0.321,0.161,0.221,0.26,0.296,0.237,0.421,0.305,90.0,103.0,101.0,0.17,0.14,92.4,0.23,0.363,0.216,,,,,,,,,,,,,127.0,100.0,106.0,0.125,-0.79,82.9,,,,,,
2024/04/03,1:10 PM.,TB,TEX,away,Dome.,72,650644,LF,4,0,0,0,0,0,0,0,0,2,2,.240,.286,.320,.606,650644,aaroncivale,Civale,Right,Aaron Civale,- - -,4.36,4.0,161.0,100.0,96.0,100.0,0.801,8.33,2.91,8.83,1.62,0.83,0.253,0.411,0.145,0.315,0.399,,,,104.0,104.0,109.0,68.0,102.0,96.0,71.0,93.0,83.0,152.0,101.0,112.0,0.24,0.099,0.163,0.156,,-1.7,0.06,-1.03,-1.36,,92.0,,92.6,80.5,77.1,0.294,0.49,0.095,0.25,0.375,0.438,0.241,0.421,0.158,,,,0.25,0.479,0.275,91.0,100.0,101.0,0.322,1.08,88.1,0.232,0.394,0.233,0.267,0.467,0.272,57.0,96.0,102.0,0.02,-4.86,85.6,0.375,0.625,0.261,,,,,,,,,,,,
2024/04/02,6:50 PM.,TB,TEX,away,Dome.,72,621107,DH,4,0,1,0,0,0,0,0,0,0,1,.286,.333,.381,.714,621107,zacheflin,Eflin,Right,Zach Eflin,- - -,3.59,3.67,165.1,107.0,92.0,103.0,0.808,7.29,1.31,9.04,1.2,1.14,0.235,0.446,0.174,0.323,0.45,87.0,101.0,103.0,108.0,112.0,108.0,61.0,105.0,94.0,91.0,109.0,105.0,122.0,107.0,113.0,0.282,0.09,0.097,0.188,0.061,-0.64,0.0,0.46,-1.27,0.21,92.4,85.6,91.7,79.7,78.8,0.236,0.418,0.248,,,,0.293,0.404,0.133,0.188,0.354,0.105,0.291,0.472,0.333,85.0,105.0,98.0,0.282,1.54,88.2,0.214,0.345,0.223,0.236,0.473,0.203,,,,,,,,,,,,,,,,,,,,,
2024/04/01,6:50 PM.,TB,TEX,away,Dome.,72,686752,LF,5,0,1,0,0,0,0,0,0,1,6,.294,.350,.412,.762,686752,ryanpepiot,Pepiot,Right,Ryan Pepiot,TBR,3.6,3.64,130.0,99.0,116.0,106.0,0.73,9.83,3.32,7.06,1.18,0.77,0.276,0.405,0.17,0.308,0.422,118.0,105.0,117.0,140.0,75.0,84.0,115.0,98.0,102.0,,,,119.0,95.0,106.0,,0.506,0.173,0.027,0.235,1.07,,0.51,-1.47,-0.47,94.9,85.8,,89.0,80.6,0.181,0.33,0.316,0.267,0.407,0.317,,,,0.216,0.353,0.286,0.167,0.167,0.5,100.0,103.0,100.0,0.06,-0.88,91.6,0.276,0.586,0.141,,,,,,,,,,,,,,,,,,,,,,,,
2024/03/31,1:37 PM.,CHC,TEX,home,Roof Closed.,74,696136,LF,4,0,1,0,1,0,2,0,1,2,3,.333,.400,.500,.900,696136,jordanwicks,Wicks,Left,Jordan Wicks,CHC,5.48,5.18,46.0,102.0,92.0,100.0,0.779,8.22,3.91,10.76,1.76,1.0,0.223,0.426,0.115,0.284,0.378,100.0,100.0,102.0,93.0,92.0,90.0,90.0,105.0,104.0,71.0,101.0,90.0,117.0,96.0,98.0,0.131,0.448,0.087,0.061,0.258,-0.12,-3.86,-4.44,-5.0,1.18,92.6,82.2,91.7,84.2,78.4,0.264,0.425,0.163,0.444,0.889,0.217,0.419,0.677,0.161,0.17,0.358,0.419,0.667,1.167,0.154,78.0,103.0,88.0,0.014,-9.26,87.5,0.667,0.667,0.0,,,,,,,,,,,,,,,,,,,,,,,,
2024/03/30,6:06 PM.,CHC,TEX,home,Roof Closed.,74,543294,DH,5,1,2,0,0,0,0,0,0,0,2,.375,.400,.375,.775,543294,kylehendricks,Hendricks,Right,Kyle Hendricks,CHC,5.92,4.81,130.2,105.0,95.0,100.0,0.828,5.99,2.96,10.13,1.45,1.31,0.233,0.412,0.194,0.288,0.402,108.0,106.0,106.0,87.0,109.0,108.0,59.0,94.0,86.0,97.0,106.0,96.0,,,,0.355,0.127,,0.131,0.387,-1.51,-0.77,,0.52,-0.72,87.7,80.9,87.6,,74.3,0.237,0.553,0.209,,,,0.333,0.493,0.106,0.267,0.409,0.239,0.22,0.3,0.244,,,,,,,,,,,,,,,,,,,,,,,,,,,,,,,,,
2024/03/28,6:41 PM.,CHC,TEX,home,Roof Closed.,74,657006,DH,3,0,1,0,0,0,1,0,1,1,3,.333,.400,.333,.733,657006,justinsteele,Steele,Left,Justin Steele,CHC,3.07,2.74,134.2,103.0,99.0,102.0,0.792,9.02,2.47,7.42,0.8,1.2,0.288,0.38,0.174,0.264,0.513,70.0,92.0,94.0,92.0,120.0,108.0,89.0,102.0,100.0,64.0,104.0,95.0,130.0,105.0,109.0,0.053,0.595,0.297,0.022,0.033,0.38,0.43,1.81,2.76,0.32,91.6,86.2,91.6,83.3,79.9,0.253,0.396,0.223,0.16,0.243,0.282,0.292,0.458,0.182,0.222,0.222,0.172,0.0,0.0,0.2,,,,,,,,,,,,,,,,,,,,,,,,,,,,,,,,,
