date,time,opponent,team,location,weather,temp,opposingPitcherId,position,ab,r,h,doubles,triples,hr,rbi,sb,bb,k,lob,avg,obp,slg,ops,id,fullName,boxscoreName,PitchingHand,PlayerName,Team,ERA,xERA,IP,Location+,Stuff+,Pitching+,Contact%,K/9,BB/9,H/9,HR/9,GB/FB,Oppo%,Pull%,Soft%,Hard%,Zone%,Stf+ CH,Loc+ CH,Pit+ CH,Stf+ FA,Loc+ FA,Pit+ FA,Stf+ SI,Loc+ SI,Pit+ SI,Stf+ SL,Loc+ SL,Pit+ SL,Stf+ FC,Loc+ FC,Pit+ FC,SI%,FA%,FC%,SL%,CH%,wFA/C,wFC/C,wSI/C,wSL/C,wCH/C,vFA,vFC,vCH,vSI,vSL,FF_ba,FF_slg,FF_whiff,FC_ba,FC_slg,FC_whiff,ST_ba,ST_slg,ST_whiff,CH_ba,CH_slg,CH_whiff,SI_ba,SI_slg,SI_whiff,SL_ba,SL_slg,SL_whiff,Stf+ CU,Loc+ CU,Pit+ CU,CU%,wCU/C,vCU,CU_ba,CU_slg,CU_whiff,Stf+ FS,Loc+ FS,Pit+ FS,FS%,wFS/C,vFS,FS_ba,FS_slg,FS_whiff,SV_ba,SV_slg,SV_whiff,Stf+ KC,Loc+ KC,Pit+ KC,KC%,wKC/C,vKC,FO%,wFO/C,vFO,vKN (sc),KN%,wKN/C
2024/10/02,1:33 PM.,DET,HOU,home,Roof Closed.,73,663947,DH,3,0,0,0,0,0,0,0,1,0,1,.286,.375,.429,.804,663947,tylerholton,Holton,Left,Tyler Holton,DET,2.19,2.78,94.1,103.0,83.0,99.0,0.767,7.35,1.62,5.44,0.67,1.3,0.207,0.371,0.172,0.262,0.417,59.0,104.0,101.0,79.0,100.0,91.0,77.0,105.0,97.0,113.0,97.0,105.0,85.0,105.0,101.0,0.216,0.152,0.273,0.155,0.189,4.5,1.85,2.61,1.73,0.4,92.1,87.6,83.6,91.5,80.6,0.105,0.14,0.257,0.194,0.292,0.253,0.13,0.174,0.379,0.25,0.382,0.289,0.156,0.338,0.094,,,,109.0,94.0,100.0,0.015,1.83,79.2,,,,,,,,,,,,,,,,,,,,,,,,,,,
2024/10/01,1:34 PM.,DET,HOU,home,Roof Closed.,73,669373,DH,4,0,2,1,0,0,0,0,0,1,0,.500,.500,.750,1.250,669373,tarikskubal,Skubal,Left,Tarik Skubal,DET,2.39,2.72,192.0,103.0,103.0,106.0,0.717,10.69,1.64,6.66,0.7,1.27,0.256,0.387,0.181,0.254,0.475,97.0,104.0,114.0,112.0,104.0,103.0,95.0,105.0,104.0,111.0,99.0,103.0,,,,0.205,0.332,,0.149,0.271,1.84,,1.25,0.78,1.13,96.8,,86.3,96.6,88.7,0.197,0.286,0.277,,,,,,,0.216,0.322,0.461,0.207,0.305,0.16,0.169,0.364,0.346,,,,,,,0.158,0.316,0.175,,,,,,,,,,,,,95.0,91.0,101.0,0.042,1.26,78.5,,,,,,
2024/09/22,1:10 PM.,LAA,HOU,home,Roof Closed.,73,656288,LF,2,0,2,1,0,0,0,0,0,0,0,.308,.392,.567,.959,656288,griffincanning,Canning,Right,Griffin Canning,LAA,5.19,4.74,171.2,98.0,88.0,97.0,0.772,6.82,3.46,9.12,1.63,1.04,0.225,0.434,0.128,0.367,0.401,96.0,102.0,102.0,73.0,94.0,86.0,76.0,89.0,78.0,107.0,100.0,110.0,,,,0.01,0.376,,0.24,0.267,-0.85,,-6.83,-0.91,0.48,93.4,,88.6,93.0,87.7,0.251,0.529,0.147,,,,,,,0.259,0.387,0.288,0.429,0.857,0.0,0.284,0.444,0.331,75.0,96.0,96.0,0.107,-0.86,80.6,0.271,0.438,0.241,,,,,,,,,,,,,,,,,,,,,,,,
2024/09/21,6:10 PM.,LAA,HOU,home,Roof Closed.,73,672282,DH,5,2,4,1,0,1,1,0,0,0,2,.305,.390,.564,.954,672282,reiddetmers,Detmers,Left,Reid Detmers,LAA,6.7,4.14,87.1,99.0,95.0,99.0,0.735,11.23,3.92,10.1,1.85,0.88,0.252,0.479,0.132,0.364,0.439,92.0,96.0,97.0,86.0,96.0,92.0,,,,117.0,106.0,114.0,,,,,0.468,,0.244,0.142,-0.56,,,-0.44,-1.18,93.8,,84.7,,86.2,0.278,0.508,0.253,,,,,,,0.351,0.544,0.319,,,,0.22,0.39,0.368,89.0,100.0,103.0,0.146,-3.5,75.0,0.37,0.804,0.216,,,,,,,,,,,,,,,,,,,,,,,,
2024/09/20,7:10 PM.,LAA,HOU,home,Roof Closed.,73,542881,DH,4,1,0,0,0,0,0,0,1,3,1,.301,.387,.554,.941,542881,tyleranderson,Anderson,Left,Tyler Anderson,LAA,3.81,4.37,179.1,99.0,96.0,99.0,0.741,7.13,3.66,7.93,1.2,0.88,0.193,0.51,0.157,0.267,0.396,105.0,100.0,105.0,89.0,99.0,96.0,66.0,95.0,83.0,80.0,141.0,142.0,99.0,100.0,96.0,0.033,0.396,0.185,0.013,0.371,-0.73,-0.41,-3.87,-0.06,1.32,89.4,84.3,78.9,88.1,81.3,0.272,0.494,0.183,0.264,0.455,0.247,,,,0.185,0.259,0.396,0.261,0.696,0.152,0.0,0.0,0.357,,,,0.001,-3.14,71.6,,,,,,,,,,,,,,,,,,,,,,,,,,,
2024/09/19,7:10 PM.,LAA,HOU,home,Roof Closed.,73,660761,LF,3,1,0,0,0,0,0,0,1,0,1,.303,.388,.558,.946,660761,josesuarez,"Suarez, J",Left,José Suarez,LAA,6.02,4.84,52.1,94.0,100.0,95.0,0.742,9.63,4.64,9.8,1.2,1.11,0.229,0.451,0.196,0.34,0.381,96.0,90.0,96.0,104.0,95.0,95.0,73.0,100.0,88.0,103.0,95.0,94.0,107.0,94.0,86.0,0.088,0.399,0.015,0.249,0.247,-0.93,-5.92,-7.11,0.92,-1.17,93.0,88.7,82.9,91.8,81.9,0.286,0.49,0.226,0.4,0.8,0.125,0.167,0.233,0.386,0.243,0.459,0.333,0.5,1.045,0.136,0.25,0.393,0.299,77.0,123.0,123.0,0.001,-2.42,74.1,,,,,,,,,,,,,,,,,,,,,,,,,,,
2024/09/18,3:40 PM.,SD,HOU,away,Partly Cloudy.,71,656302,LF,4,0,0,0,0,0,0,0,0,1,2,.305,.389,.561,.950,656302,dylancease,Cease,Right,Dylan Cease,SDP,3.47,3.31,189.1,100.0,121.0,107.0,0.693,10.65,3.09,6.51,0.86,0.94,0.203,0.433,0.147,0.307,0.389,54.0,72.0,68.0,123.0,95.0,102.0,,,,112.0,100.0,105.0,113.0,89.0,90.0,,0.435,0.006,0.471,0.009,0.22,-5.11,,1.98,-4.13,96.9,91.8,69.7,,87.2,0.235,0.39,0.203,0.25,1.0,0.0,0.2,0.267,0.385,0.25,1.0,0.2,,,,0.159,0.257,0.447,,,,,,,0.28,0.44,0.286,,,,,,,,,,,,,105.0,95.0,102.0,0.079,-0.95,82.3,,,,,,
2024/09/17,6:41 PM.,SD,HOU,away,Clear.,70,650633,DH,4,1,1,1,0,0,0,0,1,1,1,.307,.392,.566,.958,650633,michaelking,"King, M",Right,Michael King,SDP,2.95,3.59,173.2,102.0,95.0,100.0,0.735,10.42,3.26,7.46,0.88,1.1,0.233,0.426,0.202,0.264,0.415,88.0,103.0,97.0,86.0,103.0,101.0,88.0,105.0,98.0,115.0,97.0,102.0,,,,0.279,0.241,,0.234,0.246,-0.15,,0.68,-0.19,1.61,93.7,,86.7,92.9,82.9,0.265,0.402,0.261,,,,0.206,0.304,0.345,0.207,0.286,0.362,0.2,0.376,0.189,0.281,0.5,0.284,,,,,,,,,,,,,,,,,,,,,,,,,,,,,,,,,
2024/09/16,6:43 PM.,SD,HOU,away,Partly Cloudy.,67,506433,DH,4,0,1,0,0,0,1,0,0,0,1,.308,.392,.566,.958,506433,yudarvish,Darvish,Right,Yu Darvish,SDP,3.31,3.62,81.2,102.0,101.0,102.0,0.755,8.6,2.42,7.16,1.32,0.89,0.171,0.504,0.154,0.325,0.467,,,,97.0,104.0,102.0,88.0,104.0,98.0,118.0,100.0,106.0,80.0,103.0,97.0,0.168,0.19,0.044,0.371,,-0.19,2.98,-0.28,0.6,,94.0,90.6,,93.6,84.4,0.21,0.403,0.151,0.0,0.0,0.346,0.214,0.333,0.261,,,,0.255,0.473,0.176,0.269,0.478,0.286,85.0,94.0,102.0,0.086,0.49,73.8,0.162,0.243,0.364,110.0,99.0,99.0,0.09,0.68,87.9,0.167,0.333,0.328,,,,89.0,114.0,112.0,0.051,2.13,78.7,,,,,,
2024/09/15,1:10 PM.,LAA,HOU,away,Cloudy.,76,702674,DH,3,0,0,0,0,0,0,0,2,1,2,.308,.393,.568,.961,702674,cadendana,Dana,Right,Caden Dana,LAA,9.58,7.27,10.1,89.0,90.0,86.0,0.753,6.97,6.1,12.19,4.35,1.54,0.222,0.556,0.056,0.528,0.422,106.0,95.0,97.0,83.0,91.0,84.0,,,,99.0,87.0,89.0,76.0,95.0,79.0,,0.524,0.044,0.267,0.092,-7.53,0.23,,2.73,0.38,93.7,86.3,85.0,,85.4,0.462,1.038,0.167,,,,,,,,,,,,,0.077,0.308,0.375,99.0,68.0,81.0,0.073,-4.76,74.9,,,,,,,,,,,,,,,,,,,,,,,,,,,
2024/09/14,6:37 PM.,LAA,HOU,away,Clear.,72,542881,DH,4,1,1,0,0,1,2,0,1,1,1,.310,.393,.572,.965,542881,tyleranderson,Anderson,Left,Tyler Anderson,LAA,3.81,4.37,179.1,99.0,96.0,99.0,0.741,7.13,3.66,7.93,1.2,0.88,0.193,0.51,0.157,0.267,0.396,105.0,100.0,105.0,89.0,99.0,96.0,66.0,95.0,83.0,80.0,141.0,142.0,99.0,100.0,96.0,0.033,0.396,0.185,0.013,0.371,-0.73,-0.41,-3.87,-0.06,1.32,89.4,84.3,78.9,88.1,81.3,0.272,0.494,0.183,0.264,0.455,0.247,,,,0.185,0.259,0.396,0.261,0.696,0.152,0.0,0.0,0.357,,,,0.001,-3.14,71.6,,,,,,,,,,,,,,,,,,,,,,,,,,,
2024/09/13,6:37 PM.,LAA,HOU,away,Clear.,73,691951,DH,4,1,1,0,0,1,2,0,0,1,0,.310,.393,.568,.961,691951,samuelaldegheri,Aldegheri,Left,Sam Aldegheri,,,,,,,,,,,,,,,,,,,,,,,,,,,,,,,,,,,,,,,,,,,,,,,,,0.313,0.531,0.194,,,,,,,0.222,0.222,0.214,,,,0.273,0.455,0.385,,,,,,,,,,,,,,,,,,,,,,,,,,,,,,,,,
2024/09/12,1:11 PM.,OAK,HOU,home,Roof Closed.,73,687765,LF,4,0,0,0,0,0,0,0,0,0,0,.311,.394,.565,.959,687765,mitchspence,Spence,Right,Mitch Spence,OAK,4.58,4.14,151.1,103.0,100.0,101.0,0.792,7.49,2.62,9.81,1.19,1.4,0.179,0.472,0.137,0.309,0.406,74.0,86.0,83.0,,,,40.0,97.0,84.0,121.0,105.0,109.0,99.0,100.0,96.0,0.146,,0.396,0.326,0.011,,-0.41,-1.41,0.01,-7.88,,90.7,88.4,91.9,84.3,,,,0.278,0.472,0.176,,,,0.571,0.857,0.0,0.338,0.403,0.16,0.278,0.493,0.276,118.0,117.0,117.0,0.121,-0.82,80.4,0.196,0.351,0.31,,,,,,,,,,,,,,,,,,,,,,,,
2024/09/11,7:10 PM.,OAK,HOU,home,Roof Closed.,73,683155,DH,4,1,2,0,0,0,0,0,0,1,0,.313,.397,.569,.966,683155,joeyestes,Estes,Right,Joey Estes,OAK,5.01,4.43,127.2,106.0,91.0,104.0,0.833,6.49,1.9,9.16,1.62,0.44,0.258,0.413,0.171,0.302,0.479,78.0,93.0,94.0,80.0,106.0,99.0,61.0,93.0,83.0,114.0,113.0,117.0,111.0,89.0,91.0,0.034,0.517,0.007,0.332,0.111,0.08,-13.81,-1.55,-0.2,-2.46,92.4,86.4,84.8,90.8,79.6,0.257,0.469,0.175,,,,0.217,0.367,0.216,0.357,0.738,0.204,0.263,0.579,0.147,0.261,0.435,0.223,,,,,,,,,,,,,,,,,,,,,,,,,,,,,,,,,
2024/09/10,7:10 PM.,OAK,HOU,home,Roof Closed.,73,676664,LF,6,0,2,0,0,0,0,0,0,0,3,.312,.396,.570,.966,676664,jpsears,Sears,Left,JP Sears,OAK,4.38,4.43,180.2,99.0,90.0,94.0,0.8,6.82,2.44,8.57,1.39,0.79,0.244,0.413,0.171,0.325,0.443,84.0,94.0,83.0,70.0,102.0,92.0,84.0,100.0,87.0,118.0,100.0,105.0,,,,0.106,0.363,,0.339,0.192,-0.8,,1.37,-0.1,-0.21,91.9,,84.0,90.0,78.9,0.23,0.476,0.256,,,,0.239,0.381,0.213,0.297,0.428,0.188,0.276,0.395,0.104,0.23,0.525,0.259,,,,,,,,,,,,,,,,,,,,,,,,,,,,,,,,,
2024/09/08,6:11 PM.,AZ,HOU,home,Roof Closed.,0,669194,LF,3,0,0,0,0,0,0,0,1,0,2,.311,.397,.573,.970,669194,rynenelson,"Nelson, R",Right,Ryne Nelson,ARI,4.24,4.17,150.2,106.0,100.0,104.0,0.838,7.53,2.03,9.26,1.02,1.14,0.274,0.39,0.14,0.338,0.463,108.0,99.0,107.0,105.0,107.0,106.0,,,,111.0,112.0,110.0,78.0,107.0,96.0,,0.557,0.184,0.103,0.099,0.64,-0.85,,-0.66,-2.35,95.2,91.2,83.0,,83.8,0.249,0.418,0.195,0.317,0.508,0.154,0.4,0.733,0.167,0.302,0.587,0.203,,,,0.226,0.34,0.156,91.0,94.0,94.0,0.057,1.81,77.8,0.138,0.207,0.148,,,,,,,,,,,,,,,,,,,,,,,,
2024/09/07,3:10 PM.,AZ,HOU,home,Roof Closed.,73,593958,DH,5,0,3,1,0,0,1,0,0,1,2,.313,.398,.576,.974,593958,eduardorodriguez,"Rodriguez, Ed",Left,Eduardo Rodriguez,ARI,5.04,5.53,50.0,104.0,76.0,96.0,0.808,8.46,3.42,10.08,1.44,0.98,0.204,0.439,0.14,0.338,0.405,97.0,103.0,101.0,60.0,101.0,90.0,84.0,111.0,99.0,105.0,109.0,105.0,77.0,105.0,97.0,0.076,0.44,0.193,0.066,0.225,-0.04,-1.76,-3.84,-0.19,-0.27,92.0,88.8,86.7,91.6,83.9,0.257,0.486,0.268,0.333,0.595,0.133,,,,0.269,0.385,0.256,0.318,0.455,0.182,0.167,0.417,0.095,,,,,,,,,,,,,,,,,,,,,,,,,,,,,,,,,
2024/09/06,7:12 PM.,AZ,HOU,home,Roof Closed.,73,694297,LF,4,2,2,0,0,2,6,0,0,1,1,.310,.396,.574,.970,694297,brandonpfaadt,Pfaadt,Right,Brandon Pfaadt,ARI,4.71,3.78,181.2,106.0,107.0,107.0,0.768,9.17,2.08,9.07,1.19,1.07,0.25,0.427,0.131,0.306,0.449,92.0,102.0,96.0,95.0,106.0,103.0,89.0,106.0,104.0,143.0,109.0,119.0,,,,0.222,0.334,,0.273,0.112,0.37,,-0.09,-0.12,0.84,93.8,,87.5,93.7,84.8,0.265,0.466,0.224,,,,0.215,0.455,0.362,0.25,0.289,0.312,0.286,0.365,0.119,,,,106.0,102.0,104.0,0.053,-1.37,80.8,0.429,0.571,0.295,,,,0.006,0.45,89.6,0.2,0.8,0.0,,,,,,,,,,,,,,,
2024/09/05,1:10 PM.,CIN,HOU,away,Sunny.,85,695076,DH,4,0,0,0,0,0,0,0,0,1,2,.309,.395,.562,.957,695076,rhettlowder,Lowder,Right,Rhett Lowder,CIN,1.17,4.34,30.2,101.0,92.0,99.0,0.815,6.46,4.11,7.34,0.0,1.06,0.228,0.446,0.141,0.315,0.43,108.0,112.0,111.0,80.0,90.0,84.0,80.0,105.0,100.0,104.0,100.0,104.0,,,,0.259,0.273,,0.273,0.195,-0.25,,3.18,0.48,1.33,93.5,,86.2,92.3,85.0,0.222,0.222,0.278,,,,,,,0.095,0.095,0.19,0.263,0.263,0.063,0.243,0.297,0.267,,,,,,,,,,,,,,,,,,,,,,,,,,,,,,,,,
2024/09/04,6:42 PM.,CIN,HOU,away,Partly Cloudy.,84,607259,LF,3,0,0,0,0,0,0,0,0,1,2,.311,.398,.567,.965,607259,nickmartinez,"Martinez, N",Right,Nick Martinez,CIN,3.1,3.19,142.1,109.0,99.0,107.0,0.786,7.33,1.14,8.09,0.82,0.89,0.265,0.393,0.198,0.23,0.441,118.0,113.0,116.0,91.0,110.0,109.0,80.0,106.0,97.0,105.0,110.0,110.0,96.0,108.0,104.0,0.176,0.224,0.203,0.061,0.216,0.73,1.32,0.88,-0.55,1.79,92.6,89.1,80.1,92.0,84.9,0.219,0.351,0.212,0.281,0.43,0.12,,,,0.186,0.286,0.416,0.24,0.375,0.09,0.233,0.4,0.364,107.0,102.0,105.0,0.119,-1.69,80.8,0.342,0.605,0.247,,,,,,,,,,,,,,,,,,,,,,,,
2024/09/02,4:12 PM.,CIN,HOU,away,Sunny.,79,687924,DH,4,0,1,1,0,0,0,0,1,1,1,.313,.400,.571,.971,687924,julianaguiar,Aguiar,Right,Julian Aguiar,CIN,6.25,4.94,31.2,97.0,86.0,97.0,0.836,5.4,3.41,8.53,2.27,0.79,0.24,0.413,0.183,0.231,0.449,97.0,84.0,89.0,,,,79.0,102.0,98.0,94.0,99.0,105.0,,,,0.54,,,0.179,0.189,,,-0.41,0.21,-1.59,,,84.0,94.3,80.3,,,,,,,,,,0.2,0.36,0.25,0.282,0.563,0.151,0.176,0.353,0.25,93.0,87.0,96.0,0.092,-2.92,78.0,0.2,0.5,0.158,,,,,,,,,,,,,,,,,,,,,,,,
2024/09/01,1:10 PM.,KC,HOU,home,Roof Closed.,73,679525,LF,4,2,2,0,0,2,2,0,0,0,2,.314,.400,.571,.971,679525,alecmarsh,Marsh,Right,Alec Marsh,KCR,4.53,4.97,129.0,99.0,100.0,99.0,0.789,8.58,2.72,8.58,1.33,0.92,0.249,0.42,0.182,0.329,0.429,88.0,95.0,94.0,93.0,98.0,95.0,98.0,99.0,97.0,117.0,99.0,107.0,,,,0.138,0.37,,0.228,0.1,0.34,,-1.16,-0.57,0.84,94.2,,86.3,93.6,86.5,0.208,0.383,0.223,,,,0.2,0.433,0.464,0.204,0.296,0.177,0.317,0.524,0.099,0.29,0.462,0.294,103.0,105.0,103.0,0.164,-1.2,82.8,0.263,0.5,0.274,,,,,,,,,,,,,,,,,,,,,,,,
2024/08/31,6:10 PM.,KC,HOU,home,Roof Closed.,73,666142,LF,3,1,1,0,0,0,0,1,1,1,0,.312,.400,.559,.959,666142,coleragans,Ragans,Left,Cole Ragans,KCR,3.14,3.31,186.1,100.0,108.0,104.0,0.705,10.77,3.24,7.05,0.72,1.01,0.281,0.395,0.176,0.3,0.409,114.0,98.0,103.0,105.0,101.0,106.0,,,,132.0,106.0,114.0,88.0,94.0,91.0,,0.418,0.113,0.128,0.237,0.85,0.26,,-0.34,1.43,95.4,90.7,84.8,,86.0,0.213,0.361,0.231,0.348,0.455,0.228,,,,0.183,0.28,0.478,,,,0.21,0.305,0.337,,,,,,,0.14,0.256,0.352,,,,,,,,,,,,,101.0,97.0,101.0,0.104,0.9,80.8,,,,,,
2024/08/30,7:11 PM.,KC,HOU,home,Roof Closed.,73,607625,DH,4,0,1,0,0,0,0,0,0,1,2,.312,.399,.561,.960,607625,sethlugo,"Lugo, S",Right,Seth Lugo,KCR,3.0,3.75,206.2,101.0,97.0,100.0,0.795,7.88,2.09,7.71,0.7,1.2,0.212,0.386,0.156,0.303,0.43,93.0,100.0,98.0,75.0,103.0,95.0,68.0,101.0,92.0,125.0,97.0,105.0,97.0,103.0,103.0,0.185,0.24,0.082,0.135,0.069,0.7,2.86,0.65,-0.67,0.08,92.2,90.1,87.4,92.1,85.2,0.234,0.392,0.176,0.228,0.228,0.23,0.375,0.75,0.109,0.208,0.333,0.291,0.274,0.381,0.129,0.213,0.387,0.2,126.0,100.0,110.0,0.262,1.44,79.4,0.178,0.271,0.339,93.0,107.0,106.0,0.026,0.07,85.7,0.105,0.421,0.351,0.215,0.28,0.285,,,,,,,,,,,,
2024/08/29,7:10 PM.,KC,HOU,home,Roof Closed.,73,663903,DH,4,0,2,0,0,0,0,0,0,0,1,.313,.400,.563,.963,663903,bradysinger,Singer,Right,Brady Singer,KCR,3.71,4.65,179.2,99.0,84.0,94.0,0.769,8.52,2.71,8.77,1.1,1.62,0.191,0.419,0.159,0.326,0.414,80.0,77.0,69.0,63.0,96.0,86.0,70.0,101.0,91.0,106.0,99.0,102.0,,,,0.413,0.113,,0.455,0.019,-2.09,,0.77,0.0,-5.71,91.6,,88.1,92.2,82.9,0.326,0.609,0.197,,,,0.327,0.571,0.35,0.429,0.5,0.111,0.267,0.389,0.127,0.207,0.361,0.354,,,,,,,,,,,,,,,,,,,,,,,,,,,,,,,,,
2024/08/28,4:07 PM.,PHI,HOU,away,Sunny.,96,592836,DH,4,3,4,0,0,3,4,0,1,0,0,.311,.399,.564,.963,592836,taijuanwalker,"Walker, T",Right,Taijuan Walker,PHI,7.1,7.09,83.2,98.0,88.0,95.0,0.847,6.24,3.98,11.51,2.58,0.93,0.184,0.442,0.131,0.389,0.429,,,,61.0,93.0,83.0,78.0,98.0,91.0,56.0,108.0,104.0,95.0,91.0,87.0,0.275,0.126,0.094,0.178,,-2.65,-4.99,-2.96,2.03,,91.5,87.3,,91.1,85.1,0.346,0.615,0.232,0.435,1.087,0.093,0.157,0.314,0.28,,,,0.378,0.684,0.082,,,,87.0,96.0,97.0,0.108,1.99,74.7,0.172,0.31,0.149,108.0,101.0,106.0,0.219,-4.16,86.7,0.38,0.652,0.163,,,,,,,,,,,,,,,
2024/08/27,6:42 PM.,PHI,HOU,away,Partly Cloudy.,86,605400,DH,4,0,1,0,0,0,0,0,0,0,1,.305,.394,.540,.934,605400,aaronnola,"Nola, Aa",Right,Aaron Nola,PHI,3.57,3.72,199.1,105.0,104.0,103.0,0.772,8.89,2.26,8.53,1.35,1.31,0.209,0.477,0.16,0.305,0.399,78.0,102.0,91.0,90.0,103.0,99.0,100.0,109.0,106.0,,,,69.0,99.0,92.0,0.204,0.278,0.092,,0.096,0.81,-2.57,-0.34,,-1.67,92.5,87.5,85.7,91.5,,0.168,0.318,0.224,0.389,0.796,0.178,,,,0.279,0.426,0.135,0.313,0.475,0.136,,,,,,,,,,0.221,0.381,0.37,,,,,,,,,,,,,135.0,106.0,113.0,0.329,0.94,79.1,,,,,,
2024/08/26,6:41 PM.,PHI,HOU,away,Partly Cloudy.,84,554430,LF,4,0,1,0,0,0,0,0,1,1,2,.305,.395,.543,.938,554430,zackwheeler,Wheeler,Right,Zack Wheeler,PHI,2.57,2.8,200.0,104.0,106.0,108.0,0.747,10.08,2.34,6.26,0.9,1.09,0.245,0.35,0.209,0.29,0.42,,,,101.0,106.0,109.0,111.0,103.0,107.0,128.0,106.0,115.0,92.0,97.0,94.0,0.192,0.416,0.093,0.125,,0.88,-0.23,2.68,1.04,,95.3,91.1,,94.6,84.9,0.209,0.395,0.296,0.226,0.371,0.183,0.152,0.273,0.335,,,,0.189,0.259,0.142,,,,110.0,101.0,107.0,0.1,-0.98,81.8,0.205,0.397,0.387,94.0,110.0,110.0,0.074,1.47,86.1,0.137,0.196,0.402,,,,,,,,,,,,,,,
2024/08/22,7:09 PM.,BAL,HOU,away,Clear.,75,669203,LF,5,1,1,0,0,0,1,0,0,1,2,.306,.395,.545,.940,669203,corbinburnes,Burnes,Right,Corbin Burnes,BAL,2.92,3.34,194.1,103.0,120.0,107.0,0.735,8.38,2.22,7.64,1.02,1.4,0.21,0.425,0.19,0.289,0.399,110.0,98.0,103.0,,,,104.0,95.0,89.0,133.0,105.0,120.0,125.0,105.0,108.0,0.078,,0.45,0.146,0.11,,1.37,-0.5,0.7,0.2,,95.3,89.2,97.0,87.2,,,,0.251,0.362,0.19,0.125,0.5,0.457,0.194,0.339,0.377,0.235,0.412,0.157,0.196,0.268,0.463,109.0,101.0,106.0,0.215,0.44,80.3,0.2,0.326,0.378,,,,,,,,,,,,,,,,,,,,,,,,
2024/08/21,1:10 PM.,BOS,HOU,home,Roof Closed.,73,681867,LF,4,0,1,0,0,0,0,0,0,1,3,.307,.397,.549,.946,681867,coopercriswell,Criswell,Right,Cooper Criswell,BOS,4.08,4.31,99.1,102.0,100.0,99.0,0.848,6.61,2.81,9.33,0.91,1.51,0.208,0.486,0.153,0.358,0.41,99.0,103.0,102.0,,,,102.0,108.0,100.0,110.0,95.0,99.0,79.0,103.0,93.0,0.297,,0.154,0.288,0.261,,0.64,0.48,-1.92,0.55,,86.4,84.4,89.1,77.1,,,,0.163,0.306,0.294,0.287,0.479,0.207,0.256,0.338,0.171,0.33,0.511,0.073,0.429,0.857,0.154,,,,,,,,,,,,,,,,,,,,,,,,,,,,,,,,,
2024/08/20,7:10 PM.,BOS,HOU,home,Roof Closed.,73,601713,DH,3,1,0,0,0,0,0,0,1,0,1,.308,.398,.552,.950,601713,nickpivetta,Pivetta,Right,Nick Pivetta,BOS,4.14,3.51,145.2,104.0,133.0,108.0,0.775,10.63,2.22,7.91,1.73,0.69,0.238,0.42,0.142,0.378,0.449,,,,122.0,105.0,108.0,,,,155.0,103.0,111.0,104.0,96.0,82.0,,0.486,0.059,0.291,,0.73,-4.63,,-0.1,,93.9,88.3,,,82.6,0.239,0.399,0.218,0.394,0.879,0.211,0.224,0.436,0.35,,,,,,,0.143,0.393,0.326,118.0,104.0,104.0,0.163,0.61,80.0,0.167,0.4,0.206,,,,,,,,,,,,,,,,,,,,,,,,
2024/08/19,7:10 PM.,BOS,HOU,home,Roof Closed.,73,656557,DH,4,0,3,1,0,0,0,0,0,1,0,.310,.399,.556,.955,656557,tannerhouck,Houck,Right,Tanner Houck,BOS,3.12,4.11,178.2,100.0,108.0,104.0,0.789,7.76,2.42,7.86,0.55,2.34,0.193,0.45,0.126,0.305,0.425,,,,,,,93.0,102.0,97.0,116.0,98.0,108.0,95.0,93.0,93.0,0.324,,0.015,0.414,,,-0.95,0.67,0.54,,,87.1,,93.5,83.2,,,,0.2,0.4,0.235,0.23,0.357,0.302,,,,0.27,0.325,0.142,,,,,,,,,,,,,116.0,103.0,109.0,0.248,1.74,88.4,0.195,0.265,0.208,,,,,,,,,,,,,,,
2024/08/17,6:10 PM.,CWS,HOU,home,Roof Closed.,73,623167,LF,4,0,2,0,0,0,1,0,0,0,0,.306,.395,.552,.947,623167,chrisflexen,Flexen,Right,Chris Flexen,CHW,4.95,4.71,160.0,97.0,56.0,92.0,0.789,6.92,3.54,10.13,1.35,0.79,0.249,0.41,0.154,0.308,0.373,126.0,99.0,104.0,2.0,93.0,82.0,74.0,108.0,87.0,148.0,102.0,103.0,47.0,101.0,90.0,0.002,0.37,0.261,0.087,0.157,-0.64,-0.75,2.01,-2.65,-1.32,91.3,87.4,81.3,91.4,80.0,0.261,0.473,0.132,0.319,0.536,0.218,,,,0.257,0.436,0.379,,,,0.361,0.475,0.271,83.0,98.0,101.0,0.122,0.43,72.0,0.246,0.393,0.308,,,,,,,,,,,,,,,,,,,,,,,,
2024/08/16,7:10 PM.,CWS,HOU,home,Roof Closed.,73,676979,LF,4,0,1,0,0,0,1,0,0,0,2,.304,.394,.552,.946,676979,garrettcrochet,Crochet,Left,Garrett Crochet,CHW,3.58,2.85,146.0,103.0,102.0,103.0,0.694,12.88,2.03,7.58,1.11,1.25,0.259,0.394,0.175,0.33,0.458,66.0,101.0,102.0,104.0,103.0,103.0,123.0,98.0,97.0,138.0,102.0,107.0,94.0,105.0,103.0,0.021,0.537,0.284,0.098,0.059,1.66,-0.14,4.04,-2.29,-0.36,97.2,91.6,91.0,97.9,84.3,0.198,0.295,0.314,0.268,0.458,0.334,0.228,0.561,0.422,0.184,0.289,0.339,0.154,0.154,0.321,,,,,,,,,,,,,,,,,,,,,,,,,,,,,,,,,,,,
2024/08/14,6:50 PM.,TB,HOU,away,Dome.,72,641793,DH,2,0,0,0,0,0,0,0,2,0,0,.304,.395,.555,.950,641793,zacklittell,Littell,Right,Zack Littell,TBR,3.63,4.34,156.1,104.0,81.0,99.0,0.785,8.12,1.78,9.44,1.27,0.8,0.218,0.414,0.14,0.293,0.453,,,,54.0,110.0,91.0,67.0,103.0,91.0,102.0,99.0,98.0,,,,0.148,0.221,,0.399,,0.58,,-0.6,0.45,,92.4,,,91.6,85.7,0.245,0.358,0.191,,,,0.406,0.594,0.115,,,,0.265,0.439,0.141,0.257,0.427,0.227,,,,,,,,,,104.0,106.0,112.0,0.232,-0.84,83.0,0.258,0.423,0.344,,,,,,,,,,,,,,,
2024/08/13,6:51 PM.,TB,HOU,away,Dome.,72,669358,DH,3,0,0,0,0,0,0,0,1,2,1,.306,.394,.558,.952,669358,shanebaz,Baz,Right,Shane Baz,TBR,3.06,3.62,79.1,100.0,115.0,103.0,0.779,7.83,3.06,6.47,1.02,0.91,0.269,0.402,0.142,0.342,0.456,85.0,97.0,94.0,121.0,101.0,104.0,,,,111.0,96.0,100.0,,,,,0.479,,0.213,0.103,0.81,,,-0.08,2.88,95.6,,88.1,,87.3,0.252,0.37,0.221,,,,,,,0.115,0.115,0.276,,,,0.164,0.4,0.222,119.0,104.0,109.0,0.205,1.71,83.6,0.169,0.247,0.311,,,,,,,,,,,,,,,,,,,,,,,,
2024/08/12,6:50 PM.,TB,HOU,away,Dome.,72,671737,DH,5,2,2,1,0,0,1,0,0,3,0,.308,.395,.562,.957,671737,tajbradley,"Bradley, T",Right,Taj Bradley,TBR,4.11,4.17,138.0,98.0,116.0,103.0,0.748,10.04,3.07,7.96,1.43,1.06,0.247,0.394,0.102,0.394,0.426,,,,129.0,97.0,102.0,,,,,,,91.0,100.0,98.0,,0.417,0.225,,,-0.04,1.02,,,,96.4,90.9,,,,0.269,0.5,0.21,0.205,0.357,0.324,,,,,,,,,,,,,100.0,91.0,93.0,0.089,-1.5,79.1,0.241,0.483,0.346,123.0,102.0,114.0,0.269,0.47,90.9,0.213,0.32,0.33,,,,,,,,,,,,,,,
2024/08/11,1:37 PM.,BOS,HOU,away,Partly Cloudy.,81,572020,LF,2,2,2,0,0,1,1,0,1,0,0,.307,.395,.561,.956,572020,jamespaxton,Paxton,Left,James Paxton,- - -,4.4,4.74,100.1,98.0,74.0,91.0,0.812,6.55,4.49,8.52,1.08,0.88,0.272,0.329,0.144,0.355,0.424,72.0,95.0,95.0,69.0,98.0,86.0,64.0,107.0,97.0,,,,82.0,95.0,83.0,0.05,0.551,0.031,,0.066,-0.21,-3.38,-1.01,,-2.12,93.2,84.0,82.6,92.8,,0.264,0.431,0.144,0.308,0.769,0.13,,,,0.25,0.375,0.326,0.308,0.423,0.091,,,,,,,,,,0.2,0.3,0.362,,,,,,,,,,,,,82.0,98.0,97.0,0.303,0.57,80.8,,,,,,
2024/08/10,4:10 PM.,BOS,HOU,away,Partly Cloudy.,87,670174,LF,4,2,2,0,0,2,3,0,1,0,1,.304,.390,.552,.942,670174,joshwinckowski,Winckowski,Right,Josh Winckowski,BOS,4.14,4.37,76.0,102.0,101.0,100.0,0.809,7.11,3.08,9.59,1.18,1.8,0.228,0.402,0.159,0.321,0.436,101.0,96.0,99.0,72.0,117.0,106.0,105.0,102.0,101.0,124.0,107.0,112.0,94.0,101.0,95.0,0.336,0.051,0.352,0.133,0.128,0.47,-0.21,-0.16,0.49,-2.35,95.1,90.4,91.5,95.1,85.2,0.167,0.167,0.29,0.253,0.495,0.233,,,,0.356,0.467,0.094,0.306,0.454,0.177,0.167,0.222,0.316,,,,,,,,,,,,,,,,,,,,,,,,,,,,,,,,,
2024/08/09,7:12 PM.,BOS,HOU,away,Cloudy.,82,656557,LF,4,1,2,1,0,0,1,0,1,0,2,.302,.388,.538,.926,656557,tannerhouck,Houck,Right,Tanner Houck,BOS,3.12,4.11,178.2,100.0,108.0,104.0,0.789,7.76,2.42,7.86,0.55,2.34,0.193,0.45,0.126,0.305,0.425,,,,,,,93.0,102.0,97.0,116.0,98.0,108.0,95.0,93.0,93.0,0.324,,0.015,0.414,,,-0.95,0.67,0.54,,,87.1,,93.5,83.2,,,,0.2,0.4,0.235,0.23,0.357,0.302,,,,0.27,0.325,0.142,,,,,,,,,,,,,116.0,103.0,109.0,0.248,1.74,88.4,0.195,0.265,0.208,,,,,,,,,,,,,,,
2024/08/07,1:38 PM.,TEX,HOU,away,Roof Closed.,74,570632,LF,3,1,1,0,0,1,1,0,2,0,2,.300,.386,.536,.922,570632,joseurena,Ureña,Right,José Ureña,TEX,3.8,4.43,109.0,98.0,83.0,95.0,0.797,5.78,3.22,8.67,1.07,1.57,0.24,0.411,0.146,0.297,0.397,76.0,94.0,88.0,88.0,97.0,93.0,91.0,99.0,96.0,76.0,99.0,98.0,,,,0.409,0.063,,0.341,0.187,-2.67,,0.74,-0.19,-0.66,96.4,,88.7,96.0,87.0,0.385,0.769,0.167,,,,,,,0.2,0.471,0.321,0.271,0.372,0.121,0.242,0.363,0.331,,,,,,,,,,,,,,,,,,,,,,,,,,,,,,,,,
2024/08/06,7:07 PM.,TEX,HOU,away,Roof Closed.,74,641816,LF,5,1,2,0,0,1,2,0,0,0,3,.300,.384,.530,.914,641816,tylermahle,Mahle,Right,Tyler Mahle,TEX,4.97,3.75,12.2,105.0,88.0,100.0,0.766,7.11,2.84,9.95,0.71,1.2,0.22,0.439,0.098,0.463,0.384,,,,89.0,110.0,104.0,,,,101.0,81.0,93.0,83.0,94.0,91.0,,0.528,0.035,0.135,,-0.15,-1.09,,0.12,,91.4,85.3,,,83.7,0.25,0.469,0.262,,,,,,,,,,,,,0.0,0.0,0.111,,,,,,,,,,80.0,110.0,97.0,0.301,-0.49,85.5,0.4,0.4,0.278,,,,,,,,,,,,,,,
2024/08/05,7:07 PM.,TEX,HOU,away,Roof Closed.,74,571760,DH,3,0,0,0,0,0,0,0,2,1,1,.298,.383,.524,.907,571760,andrewheaney,Heaney,Left,Andrew Heaney,TEX,4.28,4.46,160.0,102.0,80.0,99.0,0.76,8.94,2.31,8.94,1.29,0.75,0.247,0.407,0.148,0.306,0.428,83.0,102.0,94.0,77.0,102.0,98.0,34.0,82.0,74.0,79.0,100.0,103.0,20.0,51.0,51.0,0.014,0.501,0.001,0.278,0.17,0.15,-19.13,-4.52,-0.26,0.46,91.5,86.6,83.7,92.2,82.5,0.23,0.412,0.213,,,,,,,0.239,0.384,0.243,0.455,0.455,0.125,0.26,0.385,0.365,126.0,105.0,103.0,0.036,-3.31,75.6,0.5,1.1,0.188,,,,,,,,,,,,,,,,,,,,,,,,
2024/08/04,1:11 PM.,TB,HOU,home,Roof Closed.,73,685801,DH,3,0,2,0,0,0,0,0,1,1,0,.301,.383,.528,.911,685801,hunterbigge,Bigge,Right,Hunter Bigge,- - -,2.6,3.94,17.1,101.0,122.0,110.0,0.667,12.46,2.6,8.83,1.04,0.72,0.25,0.364,0.205,0.318,0.407,,,,128.0,102.0,112.0,,,,111.0,101.0,111.0,,,,,0.59,,0.34,,0.8,,,-0.68,,97.5,,,,89.0,0.257,0.371,0.267,,,,0.4,0.4,0.0,,,,,,,0.208,0.417,0.519,70.0,121.0,110.0,0.07,0.08,82.2,0.25,0.25,0.167,,,,,,,,,,,,,,,,,,,,,,,,
2024/08/03,6:15 PM.,TB,HOU,home,Roof Closed.,73,641793,DH,4,0,2,1,0,0,0,0,0,0,1,.298,.380,.527,.907,641793,zacklittell,Littell,Right,Zack Littell,TBR,3.63,4.34,156.1,104.0,81.0,99.0,0.785,8.12,1.78,9.44,1.27,0.8,0.218,0.414,0.14,0.293,0.453,,,,54.0,110.0,91.0,67.0,103.0,91.0,102.0,99.0,98.0,,,,0.148,0.221,,0.399,,0.58,,-0.6,0.45,,92.4,,,91.6,85.7,0.245,0.358,0.191,,,,0.406,0.594,0.115,,,,0.265,0.439,0.141,0.257,0.427,0.227,,,,,,,,,,104.0,106.0,112.0,0.232,-0.84,83.0,0.258,0.423,0.344,,,,,,,,,,,,,,,
2024/08/02,7:10 PM.,TB,HOU,home,Roof Closed.,73,669358,LF,4,1,1,0,0,0,0,0,0,0,2,.296,.379,.524,.903,669358,shanebaz,Baz,Right,Shane Baz,TBR,3.06,3.62,79.1,100.0,115.0,103.0,0.779,7.83,3.06,6.47,1.02,0.91,0.269,0.402,0.142,0.342,0.456,85.0,97.0,94.0,121.0,101.0,104.0,,,,111.0,96.0,100.0,,,,,0.479,,0.213,0.103,0.81,,,-0.08,2.88,95.6,,88.1,,87.3,0.252,0.37,0.221,,,,,,,0.115,0.115,0.276,,,,0.164,0.4,0.222,119.0,104.0,109.0,0.205,1.71,83.6,0.169,0.247,0.311,,,,,,,,,,,,,,,,,,,,,,,,
2024/07/31,7:12 PM.,PIT,HOU,home,Roof Closed.,73,663765,LF,4,1,0,0,0,0,0,0,0,0,1,.296,.380,.527,.907,663765,jakewoodford,Woodford,Right,Jake Woodford,- - -,7.97,5.67,35.0,99.0,90.0,95.0,0.874,6.69,2.31,12.34,1.54,0.94,0.233,0.45,0.132,0.333,0.424,58.0,104.0,95.0,66.0,106.0,93.0,92.0,99.0,91.0,99.0,102.0,106.0,85.0,92.0,88.0,0.448,0.029,0.191,0.282,0.05,-0.64,-0.82,-2.26,-2.09,-0.65,91.3,88.6,85.6,91.5,80.7,,,,0.308,0.5,0.13,0.26,0.5,0.272,0.2,0.2,0.091,0.366,0.592,0.046,,,,,,,,,,,,,,,,,,,,,,,,,,,,,,,,,,,,
2024/07/30,7:10 PM.,PIT,HOU,home,Roof Closed.,73,663559,DH,3,1,1,0,0,0,0,0,1,0,1,.299,.384,.533,.917,663559,baileyfalter,Falter,Left,Bailey Falter,PIT,4.43,4.81,142.1,99.0,90.0,97.0,0.824,6.13,2.85,8.73,1.07,0.86,0.292,0.369,0.144,0.324,0.477,,,,85.0,100.0,97.0,99.0,101.0,99.0,91.0,96.0,96.0,,,,0.142,0.484,,0.216,,0.38,,1.23,0.27,,91.8,,,92.0,86.1,0.255,0.41,0.166,,,,,,,,,,0.26,0.448,0.157,0.245,0.304,0.287,100.0,99.0,98.0,0.152,-1.24,77.7,0.305,0.61,0.207,43.0,95.0,70.0,0.006,-7.04,86.9,0.333,1.333,0.125,,,,,,,,,,,,,,,
2024/07/29,7:10 PM.,PIT,HOU,home,Roof Closed.,73,694973,LF,4,0,2,0,0,0,1,0,1,0,2,.299,.382,.534,.916,694973,paulskenes,Skenes,Right,Paul Skenes,PIT,1.96,2.53,133.0,103.0,102.0,103.0,0.736,11.5,2.17,6.36,0.68,1.66,0.216,0.464,0.193,0.235,0.427,82.0,108.0,107.0,98.0,107.0,103.0,80.0,95.0,86.0,131.0,101.0,113.0,,,,0.284,0.392,,0.162,0.054,0.64,,3.52,0.8,2.34,98.8,,87.3,94.0,85.4,0.23,0.351,0.242,,,,0.104,0.188,0.226,0.088,0.118,0.548,0.184,0.234,0.293,0.286,0.571,0.328,105.0,100.0,104.0,0.108,-0.18,83.0,0.25,0.375,0.337,,,,,,,,,,,,,,,,,,,,,,,,
2024/07/28,1:10 PM.,LAD,HOU,home,Roof Closed.,73,689981,LF,4,0,0,0,0,0,0,0,0,1,4,.297,.380,.535,.915,689981,riverryan,Ryan,Right,River Ryan,LAD,1.33,4.0,20.1,95.0,115.0,96.0,0.768,7.97,3.98,6.64,0.44,1.29,0.296,0.389,0.241,0.259,0.427,96.0,86.0,84.0,110.0,89.0,86.0,92.0,106.0,100.0,139.0,98.0,107.0,105.0,109.0,113.0,0.103,0.395,0.031,0.227,0.086,-0.21,5.73,6.76,0.96,0.36,96.3,94.0,89.6,94.7,89.9,0.227,0.409,0.118,,,,,,,0.25,0.25,0.3,0.125,0.125,0.2,0.208,0.25,0.306,123.0,98.0,104.0,0.158,0.89,83.2,0.25,0.25,0.375,,,,,,,,,,,,,,,,,,,,,,,,
2024/07/27,6:10 PM.,LAD,HOU,home,Roof Closed.,73,680736,DH,4,0,1,0,0,0,0,0,0,0,3,.300,.384,.541,.925,680736,justinwrobleski,Wrobleski,Left,Justin Wrobleski,LAD,5.7,6.45,36.1,97.0,95.0,96.0,0.802,6.44,3.96,8.42,2.23,0.69,0.324,0.216,0.162,0.378,0.463,48.0,88.0,90.0,104.0,97.0,97.0,45.0,88.0,78.0,106.0,104.0,103.0,88.0,104.0,103.0,0.044,0.591,0.13,0.083,0.032,0.61,-0.17,-1.16,-6.42,-3.53,95.1,87.7,83.9,91.4,84.4,0.205,0.386,0.23,0.286,0.643,0.25,,,,,,,0.333,0.5,0.0,0.267,0.8,0.3,85.0,88.0,88.0,0.12,-4.97,82.5,0.385,0.846,0.174,,,,,,,,,,,,,,,,,,,,,,,,
2024/07/26,7:11 PM.,LAD,HOU,home,Roof Closed.,73,694813,DH,3,0,0,0,0,0,0,0,1,1,0,.301,.385,.544,.929,694813,gavinstone,Stone,Right,Gavin Stone,LAD,3.53,3.94,140.1,103.0,99.0,101.0,0.768,7.44,2.37,8.53,1.15,1.21,0.247,0.409,0.169,0.292,0.409,81.0,102.0,98.0,101.0,100.0,97.0,97.0,103.0,98.0,136.0,111.0,117.0,80.0,101.0,94.0,0.226,0.247,0.053,0.165,0.266,0.1,0.49,-0.69,0.96,0.82,94.9,92.3,87.5,95.3,88.7,0.246,0.41,0.162,0.32,0.48,0.183,0.182,0.182,0.133,0.178,0.356,0.372,0.314,0.504,0.136,0.239,0.326,0.355,93.0,102.0,102.0,0.042,1.45,83.3,0.267,0.333,0.167,,,,,,,,,,,,,,,,,,,,,,,,
2024/07/24,12:37 PM.,OAK,HOU,away,Partly Cloudy.,80,676664,DH,5,0,1,1,0,0,0,0,0,1,4,.303,.386,.548,.934,676664,jpsears,Sears,Left,JP Sears,OAK,4.38,4.43,180.2,99.0,90.0,94.0,0.8,6.82,2.44,8.57,1.39,0.79,0.244,0.413,0.171,0.325,0.443,84.0,94.0,83.0,70.0,102.0,92.0,84.0,100.0,87.0,118.0,100.0,105.0,,,,0.106,0.363,,0.339,0.192,-0.8,,1.37,-0.1,-0.21,91.9,,84.0,90.0,78.9,0.23,0.476,0.256,,,,0.239,0.381,0.213,0.297,0.428,0.188,0.276,0.395,0.104,0.23,0.525,0.259,,,,,,,,,,,,,,,,,,,,,,,,,,,,,,,,,
2024/07/23,6:40 PM.,OAK,HOU,away,Partly Cloudy.,82,674370,LF,3,0,2,1,0,0,0,0,0,0,0,.304,.388,.550,.938,674370,osvaldobido,Bido,Right,Osvaldo Bido,OAK,3.41,2.72,63.1,97.0,103.0,97.0,0.761,8.95,3.69,6.11,0.43,0.61,0.245,0.405,0.252,0.258,0.425,78.0,103.0,102.0,102.0,95.0,92.0,102.0,89.0,87.0,131.0,103.0,111.0,93.0,99.0,96.0,0.099,0.394,0.143,0.211,0.152,0.18,2.25,-0.7,1.83,1.82,94.8,86.9,88.9,94.9,85.8,0.203,0.297,0.287,0.152,0.212,0.197,,,,0.121,0.152,0.343,0.304,0.478,0.146,0.197,0.311,0.27,,,,,,,,,,,,,,,,,,,,,,,,,,,,,,,,,
2024/07/22,6:40 PM.,OAK,HOU,away,Clear.,75,663687,DH,3,0,1,1,0,0,0,0,1,2,1,.301,.386,.546,.932,663687,hoganharris,"Harris, H",Left,Hogan Harris,OAK,2.86,5.04,72.1,98.0,85.0,95.0,0.813,7.59,4.11,8.09,0.87,0.93,0.226,0.38,0.125,0.317,0.468,118.0,95.0,101.0,81.0,97.0,89.0,,,,87.0,100.0,102.0,,,,,0.563,,0.115,0.165,0.33,,,-3.23,1.22,92.9,,81.1,,78.8,0.261,0.408,0.169,,,,,,,0.15,0.175,0.247,,,,0.282,0.641,0.211,59.0,102.0,106.0,0.157,-0.41,72.4,0.244,0.311,0.338,,,,,,,,,,,,,,,,,,,,,,,,
2024/07/21,1:11 PM.,SEA,HOU,away,Overcast.,64,693433,DH,4,2,4,1,1,1,2,0,0,0,0,.301,.385,.545,.930,693433,bryanwoo,Woo,Right,Bryan Woo,SEA,2.89,2.72,121.1,107.0,104.0,107.0,0.785,7.49,0.96,7.12,1.04,0.96,0.285,0.344,0.144,0.256,0.499,91.0,104.0,100.0,97.0,109.0,107.0,116.0,109.0,109.0,113.0,101.0,107.0,,,,0.23,0.489,,0.187,0.094,1.44,,1.85,1.23,0.0,94.8,,89.6,94.7,84.2,0.218,0.355,0.273,,,,0.1,0.1,0.417,0.186,0.373,0.207,0.234,0.315,0.097,0.265,0.529,0.241,,,,,,,,,,,,,,,,,,,,,,,,,,,,,,,,,
2024/07/20,6:42 PM.,SEA,HOU,away,Clear.,81,669923,DH,4,0,0,0,0,0,0,0,0,2,2,.293,.379,.523,.902,669923,georgekirby,Kirby,Right,George Kirby,SEA,3.53,3.44,191.0,106.0,106.0,106.0,0.786,8.43,1.08,8.53,1.04,1.01,0.298,0.342,0.178,0.294,0.446,,,,102.0,107.0,101.0,106.0,108.0,108.0,110.0,104.0,110.0,97.0,99.0,93.0,0.236,0.339,0.004,0.237,,0.46,0.79,1.5,1.28,,96.0,92.3,,96.0,87.2,0.221,0.458,0.291,,,,,,,,,,0.263,0.354,0.105,0.226,0.316,0.271,,,,,,,0.333,0.439,0.286,109.0,100.0,108.0,0.102,-2.05,86.0,0.253,0.413,0.295,,,,114.0,110.0,113.0,0.082,-1.95,83.4,,,,73.9,0.0,-3.5
2024/07/19,7:10 PM.,SEA,HOU,away,Clear.,78,622491,DH,3,0,1,0,0,0,0,0,1,1,1,.297,.383,.529,.912,622491,luiscastillo,"Castillo, L",Right,Luis Castillo,SEA,3.64,3.91,175.1,105.0,101.0,102.0,0.768,8.98,2.41,8.11,1.28,0.94,0.26,0.409,0.159,0.319,0.406,89.0,104.0,97.0,120.0,105.0,103.0,100.0,102.0,98.0,72.0,106.0,108.0,,,,0.179,0.454,,0.224,0.143,0.97,,-0.41,0.65,-1.63,95.6,,88.1,95.6,85.7,0.203,0.365,0.273,,,,,,,0.287,0.545,0.265,0.298,0.457,0.105,0.207,0.357,0.358,,,,,,,,,,,,,,,,,,,,,,,,,,,,,,,,,
2024/07/16,7:19 PM.,NL,AL,home,Roof Closed.,74,694973,DH,0,0,0,0,0,0,0,0,1,0,0,.000,1.000,.000,1.000,694973,paulskenes,Skenes,Right,Paul Skenes,PIT,1.96,2.53,133.0,103.0,102.0,103.0,0.736,11.5,2.17,6.36,0.68,1.66,0.216,0.464,0.193,0.235,0.427,82.0,108.0,107.0,98.0,107.0,103.0,80.0,95.0,86.0,131.0,101.0,113.0,,,,0.284,0.392,,0.162,0.054,0.64,,3.52,0.8,2.34,98.8,,87.3,94.0,85.4,0.23,0.351,0.242,,,,0.104,0.188,0.226,0.088,0.118,0.548,0.184,0.234,0.293,0.286,0.571,0.328,105.0,100.0,104.0,0.108,-0.18,83.0,0.25,0.375,0.337,,,,,,,,,,,,,,,,,,,,,,,,
2024/07/14,1:10 PM.,TEX,HOU,home,Roof Closed.,73,453286,DH,4,0,0,0,0,0,0,0,0,1,2,.296,.382,.531,.913,453286,maxscherzer,Scherzer,Right,Max Scherzer,TEX,3.95,3.86,43.1,106.0,84.0,103.0,0.732,8.31,2.08,8.31,1.45,0.7,0.278,0.437,0.175,0.286,0.422,59.0,110.0,106.0,78.0,105.0,100.0,,,,100.0,106.0,105.0,121.0,119.0,105.0,,0.439,0.061,0.221,0.139,0.05,2.89,,1.2,-1.96,92.5,86.6,82.8,,85.0,0.262,0.492,0.222,0.222,0.278,0.143,,,,0.192,0.462,0.255,,,,0.214,0.333,0.438,84.0,101.0,103.0,0.139,-2.13,74.7,0.333,0.611,0.4,,,,,,,,,,,,,,,,,,,,,,,,
2024/07/13,3:10 PM.,TEX,HOU,home,Roof Closed.,73,543135,DH,4,0,1,0,0,0,0,0,1,1,0,.300,.386,.537,.923,543135,nathaneovaldi,Eovaldi,Right,Nathan Eovaldi,TEX,3.8,3.91,170.2,104.0,98.0,103.0,0.751,8.75,2.21,7.75,1.21,1.47,0.227,0.399,0.119,0.341,0.458,,,,75.0,105.0,98.0,,,,114.0,102.0,102.0,91.0,108.0,99.0,,0.374,0.148,0.033,,0.83,-1.41,,-0.69,,95.4,91.4,,,86.3,0.212,0.335,0.178,0.327,0.624,0.2,,,,,,,,,,0.269,0.462,0.25,99.0,104.0,104.0,0.137,-0.79,76.7,0.214,0.471,0.355,127.0,101.0,110.0,0.308,1.55,88.4,0.2,0.286,0.368,,,,,,,,,,,,,,,
2024/07/12,7:10 PM.,TEX,HOU,home,Roof Closed.,73,571760,DH,3,0,2,0,0,0,1,0,1,0,1,.300,.385,.541,.926,571760,andrewheaney,Heaney,Left,Andrew Heaney,TEX,4.28,4.46,160.0,102.0,80.0,99.0,0.76,8.94,2.31,8.94,1.29,0.75,0.247,0.407,0.148,0.306,0.428,83.0,102.0,94.0,77.0,102.0,98.0,34.0,82.0,74.0,79.0,100.0,103.0,20.0,51.0,51.0,0.014,0.501,0.001,0.278,0.17,0.15,-19.13,-4.52,-0.26,0.46,91.5,86.6,83.7,92.2,82.5,0.23,0.412,0.213,,,,,,,0.239,0.384,0.243,0.455,0.455,0.125,0.26,0.385,0.365,126.0,105.0,103.0,0.036,-3.31,75.6,0.5,1.1,0.188,,,,,,,,,,,,,,,,,,,,,,,,
2024/07/10,7:12 PM.,MIA,HOU,home,Roof Closed.,73,663773,DH,1,0,1,0,0,0,1,1,1,0,0,.297,.382,.539,.921,663773,bryanhoeing,Hoeing,Right,Bryan Hoeing,- - -,2.18,5.07,53.2,102.0,107.0,100.0,0.794,7.21,2.35,7.21,0.67,1.78,0.222,0.444,0.137,0.32,0.445,,,,69.0,105.0,90.0,100.0,103.0,101.0,112.0,100.0,101.0,,,,0.505,0.06,,0.229,,-0.35,,1.05,0.09,,94.3,,,93.9,83.0,0.2,0.4,0.2,,,,,,,,,,0.27,0.38,0.103,0.258,0.323,0.333,,,,,,,,,,130.0,103.0,103.0,0.206,3.43,86.8,0.1,0.16,0.385,,,,,,,,,,,,,,,
2024/07/09,7:10 PM.,MIA,HOU,home,Roof Closed.,73,669432,DH,4,0,0,0,0,0,0,0,0,3,2,.295,.378,.538,.916,669432,trevorrogers,"Rogers, Tr",Left,Trevor Rogers,- - -,4.92,5.18,124.1,100.0,83.0,98.0,0.811,7.02,4.05,10.13,1.01,1.38,0.215,0.422,0.131,0.358,0.392,111.0,108.0,115.0,66.0,101.0,93.0,86.0,97.0,92.0,74.0,93.0,91.0,,,,0.24,0.317,,0.206,0.238,-0.26,,-0.36,-1.99,-1.32,91.9,,85.6,91.5,82.4,0.252,0.467,0.234,,,,,,,0.295,0.396,0.238,0.292,0.492,0.1,0.312,0.506,0.259,,,,,,,,,,,,,,,,,,,,,,,,,,,,,,,,,
2024/07/06,1:11 PM.,MIN,HOU,away,Partly Cloudy.,78,657746,DH,2,0,0,0,0,0,0,0,0,2,0,.298,.382,.545,.927,657746,joeryan,Ryan,Right,Joe Ryan,MIN,3.6,2.87,135.0,107.0,99.0,104.0,0.752,9.8,1.53,7.33,1.27,0.79,0.242,0.427,0.198,0.281,0.481,,,,94.0,110.0,105.0,110.0,108.0,105.0,108.0,103.0,112.0,,,,0.06,0.485,,0.234,,1.38,,-0.77,-0.09,,94.0,,,92.9,83.1,0.194,0.379,0.275,,,,0.207,0.37,0.337,,,,0.345,0.483,0.094,0.343,0.6,0.216,,,,,,,,,,101.0,103.0,94.0,0.221,0.2,88.6,0.202,0.387,0.258,,,,,,,,,,,,,,,
2024/07/05,7:11 PM.,MIN,HOU,away,Clear.,75,641154,LF,5,1,1,0,0,0,1,0,0,0,4,.300,.383,.548,.931,641154,pablolopez,"López, P",Right,Pablo López,MIN,4.08,3.67,185.1,104.0,98.0,105.0,0.749,9.62,1.99,8.74,1.26,1.19,0.245,0.438,0.134,0.298,0.432,95.0,104.0,105.0,97.0,105.0,101.0,97.0,107.0,107.0,106.0,103.0,110.0,,,,0.073,0.407,,0.219,0.201,1.65,,-2.77,-0.84,-0.14,95.0,,88.5,94.5,84.5,0.208,0.352,0.259,,,,0.239,0.436,0.331,0.281,0.359,0.249,0.426,0.639,0.142,,,,92.0,103.0,108.0,0.1,-1.28,82.4,0.23,0.446,0.341,,,,,,,,,,,,,,,,,,,,,,,,
2024/07/04,1:09 PM.,TOR,HOU,away,Sunny.,79,605135,DH,1,1,0,0,0,0,0,0,2,0,2,.302,.385,.553,.938,605135,chrisbassitt,Bassitt,Right,Chris Bassitt,TOR,4.16,4.52,171.0,98.0,94.0,96.0,0.805,8.84,3.68,9.47,0.95,1.14,0.27,0.365,0.177,0.331,0.437,75.0,87.0,84.0,64.0,103.0,94.0,96.0,101.0,97.0,120.0,96.0,106.0,79.0,101.0,91.0,0.407,0.045,0.197,0.118,0.053,-1.6,0.44,-0.08,-0.88,-2.29,92.6,89.6,84.5,92.5,77.2,0.242,0.394,0.25,0.188,0.316,0.268,0.154,0.231,0.458,0.321,0.607,0.158,0.327,0.423,0.128,0.375,0.781,0.096,101.0,91.0,102.0,0.137,-0.09,71.0,0.221,0.351,0.292,87.0,90.0,86.0,0.043,-2.64,84.1,0.303,0.364,0.167,,,,,,,,,,,,,,,
2024/07/03,7:08 PM.,TOR,HOU,away,Cloudy.,79,579328,DH,4,3,3,2,0,1,3,0,1,0,0,.303,.380,.555,.935,579328,yuseikikuchi,Kikuchi,Left,Yusei Kikuchi,- - -,4.05,3.7,175.2,101.0,109.0,105.0,0.734,10.55,2.25,8.56,1.28,1.1,0.273,0.405,0.136,0.36,0.443,99.0,93.0,91.0,114.0,103.0,107.0,,,,111.0,100.0,106.0,,,,,0.471,,0.235,0.111,-0.08,,,1.31,-0.15,95.5,,86.7,,88.3,0.274,0.505,0.28,,,,,,,0.194,0.25,0.358,,,,0.21,0.28,0.297,99.0,105.0,105.0,0.183,0.02,82.4,0.264,0.395,0.274,,,,,,,,,,,,,,,,,,,,,,,,
2024/07/02,7:08 PM.,TOR,HOU,away,Cloudy.,68,621244,LF,4,2,2,0,0,1,3,0,0,0,1,.297,.374,.537,.911,621244,joseberrios,Berríos,Right,José Berríos,TOR,3.6,4.74,192.1,103.0,92.0,99.0,0.808,7.16,2.53,7.86,1.45,1.17,0.257,0.421,0.15,0.352,0.414,86.0,104.0,101.0,82.0,99.0,92.0,85.0,103.0,95.0,,,,84.0,108.0,99.0,0.337,0.183,0.035,,0.16,-1.26,-1.83,1.02,,0.88,94.1,91.4,84.8,93.4,,0.305,0.558,0.189,0.36,0.48,0.123,,,,0.171,0.364,0.269,0.268,0.366,0.125,,,,111.0,102.0,106.0,0.286,0.28,83.2,,,,,,,,,,,,,0.188,0.404,0.31,,,,,,,,,,,,
2024/07/01,3:28 PM.,TOR,HOU,away,Sunny.,69,684320,DH,3,1,1,0,0,1,2,0,1,0,0,.294,.372,.528,.900,684320,yarielrodriguez,Rodríguez,Right,Yariel Rodríguez,TOR,4.47,4.0,86.2,97.0,97.0,97.0,0.765,8.83,4.15,7.68,1.14,0.9,0.268,0.393,0.184,0.272,0.392,,,,86.0,93.0,87.0,84.0,94.0,92.0,120.0,104.0,111.0,,,,0.108,0.409,,0.282,,-0.12,,2.98,0.67,,93.9,,,93.4,84.6,0.255,0.439,0.22,,,,,,,,,,0.167,0.167,0.149,0.213,0.36,0.335,97.0,95.0,100.0,0.105,-2.85,78.3,0.348,0.739,0.25,85.0,102.0,102.0,0.096,-1.17,88.9,0.194,0.306,0.215,,,,,,,,,,,,,,,
2024/06/30,1:40 PM.,NYM,HOU,away,Cloudy.,82,622663,DH,3,2,0,0,0,0,0,0,2,0,0,.294,.371,.520,.891,622663,luisseverino,"Severino, L",Right,Luis Severino,NYM,3.91,3.88,182.0,101.0,107.0,101.0,0.812,7.96,2.97,8.21,1.14,1.28,0.273,0.372,0.203,0.288,0.434,87.0,95.0,95.0,101.0,104.0,102.0,90.0,98.0,94.0,143.0,100.0,111.0,92.0,91.0,89.0,0.248,0.355,0.081,0.242,0.075,0.15,1.05,1.24,0.26,-3.63,96.2,92.6,86.1,95.6,85.6,0.243,0.392,0.218,0.2,0.3,0.26,0.139,0.238,0.386,0.358,0.66,0.186,0.278,0.414,0.122,0.263,0.342,0.284,,,,,,,,,,,,,,,,,,,,,,,,,,,,,,,,,
2024/06/29,4:13 PM.,NYM,HOU,away,Partly Cloudy.,80,656731,LF,4,1,2,0,0,0,0,0,1,1,2,.297,.370,.525,.895,656731,tylormegill,Megill,Right,Tylor Megill,NYM,4.04,4.2,78.0,97.0,108.0,100.0,0.734,10.5,3.69,8.08,0.92,1.04,0.263,0.368,0.191,0.33,0.421,130.0,94.0,112.0,112.0,99.0,101.0,108.0,104.0,110.0,103.0,103.0,106.0,101.0,96.0,93.0,0.098,0.467,0.136,0.132,0.015,0.29,-1.19,3.24,-0.85,-4.39,95.7,90.1,87.2,94.6,85.1,0.228,0.35,0.292,0.326,0.565,0.27,0.25,1.0,0.167,0.5,0.5,0.111,0.206,0.206,0.184,0.233,0.302,0.291,91.0,77.0,82.0,0.078,-0.37,78.0,0.188,0.313,0.333,105.0,93.0,107.0,0.073,-1.25,84.7,0.143,0.393,0.429,,,,,,,,,,,,,,,
2024/06/28,7:11 PM.,NYM,HOU,away,Clear.,71,500779,DH,4,1,3,2,0,0,0,1,1,0,0,.294,.367,.525,.892,500779,josequintana,Quintana,Left,Jose Quintana,NYM,3.75,4.52,170.1,97.0,83.0,93.0,0.801,7.13,3.33,7.93,1.16,1.35,0.224,0.407,0.173,0.344,0.337,70.0,100.0,97.0,70.0,92.0,85.0,76.0,97.0,91.0,,,,,,,0.304,0.225,,,0.193,-0.32,,0.82,,0.5,90.7,,85.7,90.8,,0.227,0.427,0.169,,,,,,,0.203,0.26,0.367,0.249,0.431,0.131,,,,110.0,100.0,99.0,0.278,-0.04,77.7,0.265,0.444,0.264,,,,,,,,,,0.195,0.366,0.284,,,,,,,,,,,,
2024/06/26,1:10 PM.,COL,HOU,home,Roof Closed.,73,663372,LF,3,0,1,1,0,0,0,0,0,0,0,.288,.360,.515,.875,663372,ryanfeltner,Feltner,Right,Ryan Feltner,COL,4.49,4.31,162.1,100.0,97.0,99.0,0.781,7.65,2.88,9.15,1.11,1.28,0.226,0.394,0.158,0.327,0.452,117.0,95.0,102.0,81.0,102.0,96.0,93.0,93.0,89.0,109.0,99.0,104.0,,,,0.128,0.37,,0.254,0.147,0.63,,-0.45,-0.87,-1.02,94.6,,85.2,94.2,87.4,0.24,0.376,0.177,,,,0.156,0.375,0.35,0.299,0.485,0.394,0.299,0.403,0.159,0.355,0.523,0.226,108.0,107.0,113.0,0.101,1.28,79.2,0.164,0.26,0.248,,,,,,,,,,,,,,,,,,,,,,,,
2024/06/25,7:10 PM.,COL,HOU,home,Roof Closed.,73,596295,DH,4,1,1,0,0,0,0,0,0,0,2,.288,.359,.514,.873,596295,austingomber,Gomber,Left,Austin Gomber,COL,4.75,5.07,165.0,102.0,82.0,98.0,0.821,6.33,2.07,9.71,1.64,0.92,0.213,0.423,0.122,0.394,0.446,82.0,103.0,99.0,71.0,98.0,91.0,51.0,110.0,96.0,91.0,103.0,102.0,,,,0.001,0.404,,0.167,0.205,-1.23,,-42.96,-0.17,-0.15,90.4,,81.1,90.1,83.8,0.305,0.6,0.096,,,,,,,0.28,0.409,0.273,,,,0.274,0.513,0.22,,,,,,,0.22,0.368,0.269,,,,,,,,,,,,,93.0,109.0,107.0,0.224,-0.08,77.6,,,,,,
2024/06/23,1:12 PM.,BAL,HOU,home,Roof Closed.,73,544150,LF,4,0,0,0,0,0,0,0,1,1,5,.288,.360,.517,.877,544150,albertsuarez,"Suárez, A",Right,Albert Suárez,BAL,3.7,4.05,133.2,100.0,89.0,97.0,0.786,7.27,2.9,8.75,1.14,0.8,0.241,0.426,0.136,0.304,0.391,99.0,100.0,106.0,90.0,101.0,96.0,,,,,,,74.0,99.0,92.0,,0.5,0.195,,0.172,-0.36,0.73,,,-0.5,94.8,86.3,86.1,,,0.276,0.469,0.228,0.24,0.365,0.308,,,,0.274,0.434,0.228,,,,,,,94.0,99.0,98.0,0.132,0.41,79.0,0.174,0.348,0.252,,,,,,,,,,,,,,,,,,,,,,,,
2024/06/22,3:10 PM.,BAL,HOU,home,Roof Closed.,73,669203,DH,4,1,1,0,0,1,2,0,0,0,0,.292,.363,.525,.888,669203,corbinburnes,Burnes,Right,Corbin Burnes,BAL,2.92,3.34,194.1,103.0,120.0,107.0,0.735,8.38,2.22,7.64,1.02,1.4,0.21,0.425,0.19,0.289,0.399,110.0,98.0,103.0,,,,104.0,95.0,89.0,133.0,105.0,120.0,125.0,105.0,108.0,0.078,,0.45,0.146,0.11,,1.37,-0.5,0.7,0.2,,95.3,89.2,97.0,87.2,,,,0.251,0.362,0.19,0.125,0.5,0.457,0.194,0.339,0.377,0.235,0.412,0.157,0.196,0.268,0.463,109.0,101.0,106.0,0.215,0.44,80.3,0.2,0.326,0.378,,,,,,,,,,,,,,,,,,,,,,,,
2024/06/21,7:10 PM.,BAL,HOU,home,Roof Closed.,73,680570,DH,3,1,0,0,0,0,0,0,1,2,2,.293,.364,.518,.882,680570,graysonrodriguez,"Rodriguez, G",Right,Grayson Rodriguez,BAL,3.86,3.72,116.2,102.0,119.0,107.0,0.728,10.03,2.78,8.41,1.16,1.07,0.219,0.419,0.147,0.325,0.452,140.0,101.0,108.0,113.0,102.0,106.0,133.0,102.0,111.0,118.0,101.0,108.0,,,,0.012,0.465,,0.158,0.21,-0.38,,5.3,-0.96,1.63,96.1,,83.1,96.1,86.5,0.291,0.413,0.269,,,,,,,0.161,0.306,0.348,0.167,0.333,0.294,0.25,0.563,0.361,114.0,103.0,107.0,0.155,0.29,81.3,0.26,0.38,0.241,,,,,,,,,,,,,,,,,,,,,,,,
2024/06/20,1:11 PM.,CWS,HOU,away,Sunny.,77,623167,DH,5,1,3,0,0,1,2,0,0,2,3,.296,.365,.523,.888,623167,chrisflexen,Flexen,Right,Chris Flexen,CHW,4.95,4.71,160.0,97.0,56.0,92.0,0.789,6.92,3.54,10.13,1.35,0.79,0.249,0.41,0.154,0.308,0.373,126.0,99.0,104.0,2.0,93.0,82.0,74.0,108.0,87.0,148.0,102.0,103.0,47.0,101.0,90.0,0.002,0.37,0.261,0.087,0.157,-0.64,-0.75,2.01,-2.65,-1.32,91.3,87.4,81.3,91.4,80.0,0.261,0.473,0.132,0.319,0.536,0.218,,,,0.257,0.436,0.379,,,,0.361,0.475,0.271,83.0,98.0,101.0,0.122,0.43,72.0,0.246,0.393,0.308,,,,,,,,,,,,,,,,,,,,,,,,
2024/06/16,1:10 PM.,DET,HOU,home,Roof Closed.,73,628317,DH,4,0,2,0,0,0,1,0,0,0,1,.290,.362,.511,.873,628317,kentamaeda,Maeda,Right,Kenta Maeda,DET,6.09,4.43,112.1,101.0,93.0,100.0,0.776,7.69,2.48,9.93,1.76,0.83,0.19,0.466,0.185,0.27,0.388,,,,67.0,99.0,91.0,59.0,104.0,93.0,101.0,95.0,98.0,65.0,94.0,79.0,0.072,0.225,0.016,0.359,,-2.6,1.08,-0.02,-0.34,,90.8,84.8,,90.4,81.4,0.359,0.667,0.13,0.333,0.333,0.391,0.241,0.379,0.207,,,,0.294,0.324,0.133,0.31,0.569,0.268,80.0,75.0,78.0,0.016,-4.36,76.4,0.5,0.75,0.0,110.0,105.0,110.0,0.312,-0.22,83.9,0.217,0.42,0.303,,,,,,,,,,,,,,,
2024/06/15,3:10 PM.,DET,HOU,home,Roof Closed.,73,656427,LF,2,0,0,0,0,0,0,0,0,0,0,.287,.360,.511,.871,656427,jackflaherty,Flaherty,Right,Jack Flaherty,- - -,3.17,3.54,162.0,102.0,94.0,102.0,0.712,10.78,2.11,7.5,1.33,1.05,0.223,0.436,0.157,0.3,0.38,87.0,83.0,81.0,92.0,104.0,101.0,75.0,85.0,72.0,95.0,102.0,102.0,,,,0.023,0.441,,0.29,0.027,0.5,,-5.05,0.02,-0.55,93.3,,85.7,90.6,84.7,0.245,0.401,0.238,,,,,,,0.111,0.333,0.111,0.6,1.2,0.4,0.222,0.455,0.363,,,,,,,0.164,0.219,0.436,,,,,,,,,,,,,101.0,103.0,107.0,0.218,2.19,77.4,,,,,,
2024/06/14,7:10 PM.,DET,HOU,home,Roof Closed.,73,669373,LF,3,0,0,0,0,0,1,0,0,2,2,.289,.362,.515,.877,669373,tarikskubal,Skubal,Left,Tarik Skubal,DET,2.39,2.72,192.0,103.0,103.0,106.0,0.717,10.69,1.64,6.66,0.7,1.27,0.256,0.387,0.181,0.254,0.475,97.0,104.0,114.0,112.0,104.0,103.0,95.0,105.0,104.0,111.0,99.0,103.0,,,,0.205,0.332,,0.149,0.271,1.84,,1.25,0.78,1.13,96.8,,86.3,96.6,88.7,0.197,0.286,0.277,,,,,,,0.216,0.322,0.461,0.207,0.305,0.16,0.169,0.364,0.346,,,,,,,0.158,0.316,0.175,,,,,,,,,,,,,95.0,91.0,101.0,0.042,1.26,78.5,,,,,,
2024/06/12,12:45 PM.,SF,HOU,away,Sunny.,63,657277,LF,4,2,2,1,0,1,2,0,0,0,2,.293,.367,.521,.888,657277,loganwebb,Webb,Right,Logan Webb,SFG,3.47,4.31,204.2,104.0,111.0,106.0,0.814,7.56,2.2,8.88,0.48,2.5,0.23,0.36,0.17,0.292,0.403,137.0,105.0,112.0,57.0,106.0,88.0,95.0,104.0,102.0,126.0,104.0,114.0,52.0,95.0,88.0,0.399,0.053,0.026,0.212,0.309,0.2,4.3,1.32,0.16,-0.13,92.6,91.0,87.4,92.6,83.8,0.179,0.231,0.329,0.077,0.077,0.265,0.239,0.331,0.268,0.275,0.411,0.216,0.268,0.338,0.144,,,,,,,,,,,,,,,,,,,,,,,,,,,,,,,,,,,,
2024/06/11,6:45 PM.,SF,HOU,away,Clear.,70,663855,DH,4,0,1,0,0,0,0,0,0,0,0,.290,.365,.506,.871,663855,jordanhicks,"Hicks, J",Right,Jordan Hicks,SFG,4.1,4.91,109.2,94.0,107.0,97.0,0.765,7.88,3.86,9.19,0.98,1.64,0.219,0.422,0.125,0.337,0.403,,,,79.0,85.0,79.0,95.0,95.0,94.0,125.0,93.0,101.0,,,,0.515,0.054,,0.241,,-3.85,,-0.02,-0.1,,95.4,,,94.5,81.1,0.238,0.381,0.31,,,,0.152,0.329,0.376,,,,0.341,0.498,0.111,,,,,,,,,,,,,121.0,92.0,106.0,0.191,-0.41,84.3,0.181,0.287,0.408,,,,,,,,,,,,,,,
2024/06/10,6:45 PM.,SF,HOU,away,Clear.,58,690986,DH,5,1,1,0,1,0,0,0,0,1,3,.290,.367,.510,.877,690986,kyleharrison,Harrison,Left,Kyle Harrison,SFG,4.56,4.87,124.1,98.0,89.0,92.0,0.793,8.54,3.04,9.05,1.3,1.01,0.282,0.329,0.142,0.345,0.431,70.0,96.0,88.0,98.0,100.0,92.0,,,,93.0,107.0,97.0,,,,,0.577,,0.003,0.197,0.2,,,-11.71,-1.64,92.5,,84.8,,88.2,0.249,0.425,0.23,,,,,,,0.287,0.435,0.215,,,,0.333,0.667,0.5,84.0,95.0,95.0,0.223,-0.22,80.6,,,,,,,,,,,,,0.274,0.452,0.277,,,,,,,,,,,,
2024/06/09,1:08 PM.,LAA,HOU,away,Overcast.,72,663776,DH,3,0,0,0,0,0,0,0,2,0,3,.292,.370,.508,.878,663776,patricksandoval,Sandoval,Left,Patrick Sandoval,LAA,5.08,4.25,79.2,98.0,98.0,99.0,0.748,9.15,3.95,9.6,0.9,1.33,0.192,0.415,0.132,0.312,0.421,95.0,101.0,104.0,56.0,95.0,83.0,63.0,96.0,88.0,150.0,98.0,105.0,,,,0.174,0.16,,0.293,0.283,-2.18,,-1.81,0.27,0.73,93.7,,82.9,93.7,86.8,0.381,0.524,0.16,,,,0.235,0.471,0.281,0.208,0.292,0.39,0.413,0.565,0.142,0.265,0.434,0.243,96.0,94.0,100.0,0.09,2.03,76.3,0.118,0.118,0.279,,,,,,,,,,,,,,,,,,,,,,,,
2024/06/08,7:08 PM.,LAA,HOU,away,Partly Cloudy.,69,542881,DH,4,2,3,2,0,1,2,0,0,0,0,.296,.369,.514,.883,542881,tyleranderson,Anderson,Left,Tyler Anderson,LAA,3.81,4.37,179.1,99.0,96.0,99.0,0.741,7.13,3.66,7.93,1.2,0.88,0.193,0.51,0.157,0.267,0.396,105.0,100.0,105.0,89.0,99.0,96.0,66.0,95.0,83.0,80.0,141.0,142.0,99.0,100.0,96.0,0.033,0.396,0.185,0.013,0.371,-0.73,-0.41,-3.87,-0.06,1.32,89.4,84.3,78.9,88.1,81.3,0.272,0.494,0.183,0.264,0.455,0.247,,,,0.185,0.259,0.396,0.261,0.696,0.152,0.0,0.0,0.357,,,,0.001,-3.14,71.6,,,,,,,,,,,,,,,,,,,,,,,,,,,
2024/06/07,6:38 PM.,LAA,HOU,away,Clear.,68,656288,LF,4,2,2,1,0,0,3,0,1,0,2,.288,.361,.490,.851,656288,griffincanning,Canning,Right,Griffin Canning,LAA,5.19,4.74,171.2,98.0,88.0,97.0,0.772,6.82,3.46,9.12,1.63,1.04,0.225,0.434,0.128,0.367,0.401,96.0,102.0,102.0,73.0,94.0,86.0,76.0,89.0,78.0,107.0,100.0,110.0,,,,0.01,0.376,,0.24,0.267,-0.85,,-6.83,-0.91,0.48,93.4,,88.6,93.0,87.7,0.251,0.529,0.147,,,,,,,0.259,0.387,0.288,0.429,0.857,0.0,0.284,0.444,0.331,75.0,96.0,96.0,0.107,-0.86,80.6,0.271,0.438,0.241,,,,,,,,,,,,,,,,,,,,,,,,
2024/06/05,1:10 PM.,STL,HOU,home,Roof Closed.,73,571945,LF,4,0,0,0,0,0,0,0,0,0,2,.285,.357,.485,.842,571945,milesmikolas,Mikolas,Right,Miles Mikolas,STL,5.35,4.65,171.2,109.0,87.0,103.0,0.859,6.4,1.31,10.17,1.36,1.15,0.243,0.406,0.152,0.33,0.495,85.0,103.0,98.0,65.0,107.0,98.0,80.0,111.0,99.0,116.0,112.0,114.0,,,,0.231,0.279,,0.283,0.085,0.23,,1.42,-1.19,-4.2,93.2,,85.6,92.4,85.7,0.287,0.446,0.178,,,,0.273,0.545,0.275,0.394,0.742,0.159,0.237,0.382,0.108,0.301,0.506,0.164,94.0,109.0,106.0,0.116,-1.97,76.6,0.267,0.52,0.231,,,,,,,,,,,,,,,,0.005,4.24,69.6,,,,,,
2024/06/04,7:10 PM.,STL,HOU,home,Roof Closed.,73,669467,LF,5,1,2,0,0,0,1,0,0,0,2,.289,.362,.494,.856,669467,andrepallante,Pallante,Right,Andre Pallante,STL,3.78,3.46,121.1,96.0,91.0,97.0,0.82,6.97,3.56,8.16,0.59,2.71,0.23,0.416,0.184,0.266,0.434,,,,87.0,91.0,92.0,85.0,98.0,89.0,111.0,105.0,110.0,,,,0.19,0.512,,0.172,,1.34,,-0.25,-0.64,,94.5,,,94.8,87.5,0.23,0.297,0.162,,,,,,,,,,0.265,0.373,0.132,0.294,0.435,0.282,,,,,,,0.157,0.257,0.345,,,,,,,,,,,,,88.0,102.0,109.0,0.126,0.42,79.5,,,,,,
2024/06/03,7:11 PM.,STL,HOU,home,Roof Closed.,73,502043,DH,3,2,2,1,0,1,2,0,1,1,1,.287,.362,.496,.858,502043,kylegibson,Gibson,Right,Kyle Gibson,STL,4.24,4.87,169.2,98.0,93.0,95.0,0.756,8.01,3.61,8.54,1.22,1.29,0.218,0.431,0.166,0.351,0.359,99.0,92.0,89.0,80.0,88.0,83.0,84.0,101.0,96.0,104.0,102.0,105.0,96.0,95.0,91.0,0.264,0.132,0.211,0.207,0.099,-1.39,0.21,0.22,0.92,1.2,91.4,88.6,84.9,90.7,80.7,0.268,0.563,0.065,0.299,0.479,0.181,0.2,0.312,0.412,0.19,0.254,0.39,0.267,0.422,0.092,,,,102.0,103.0,104.0,0.086,-2.21,78.3,0.325,0.675,0.462,,,,,,,,,,,,,,,,,,,,,,,,
2024/06/02,12:05 PM.,MIN,HOU,home,Roof Closed.,73,680573,LF,4,0,1,0,0,0,0,0,0,0,4,.282,.355,.476,.831,680573,simeonwoodsrichardson,Woods Richardson,Right,Simeon Woods Richardson,MIN,4.17,4.05,133.2,104.0,87.0,100.0,0.807,7.88,3.23,8.42,1.08,0.8,0.289,0.421,0.155,0.282,0.436,103.0,106.0,113.0,71.0,100.0,88.0,,,,92.0,108.0,106.0,,,,,0.403,,0.312,0.193,0.82,,,0.76,-3.33,93.1,,82.8,,86.4,0.258,0.356,0.219,,,,,,,0.311,0.622,0.205,,,,0.214,0.313,0.239,106.0,103.0,102.0,0.093,1.68,76.1,0.186,0.326,0.221,,,,,,,,,,,,,,,,,,,,,,,,
2024/06/01,3:11 PM.,MIN,HOU,home,Roof Closed.,73,657746,DH,3,2,3,0,0,2,3,0,1,0,0,.283,.357,.480,.837,657746,joeryan,Ryan,Right,Joe Ryan,MIN,3.6,2.87,135.0,107.0,99.0,104.0,0.752,9.8,1.53,7.33,1.27,0.79,0.242,0.427,0.198,0.281,0.481,,,,94.0,110.0,105.0,110.0,108.0,105.0,108.0,103.0,112.0,,,,0.06,0.485,,0.234,,1.38,,-0.77,-0.09,,94.0,,,92.9,83.1,0.194,0.379,0.275,,,,0.207,0.37,0.337,,,,0.345,0.483,0.094,0.343,0.6,0.216,,,,,,,,,,101.0,103.0,94.0,0.221,0.2,88.6,0.202,0.387,0.258,,,,,,,,,,,,,,,
2024/05/31,7:10 PM.,MIN,HOU,home,Roof Closed.,73,641154,DH,4,0,1,0,0,0,0,0,0,0,1,.273,.347,.445,.792,641154,pablolopez,"López, P",Right,Pablo López,MIN,4.08,3.67,185.1,104.0,98.0,105.0,0.749,9.62,1.99,8.74,1.26,1.19,0.245,0.438,0.134,0.298,0.432,95.0,104.0,105.0,97.0,105.0,101.0,97.0,107.0,107.0,106.0,103.0,110.0,,,,0.073,0.407,,0.219,0.201,1.65,,-2.77,-0.84,-0.14,95.0,,88.5,94.5,84.5,0.208,0.352,0.259,,,,0.239,0.436,0.331,0.281,0.359,0.249,0.426,0.639,0.142,,,,92.0,103.0,108.0,0.1,-1.28,82.4,0.23,0.446,0.341,,,,,,,,,,,,,,,,,,,,,,,,
2024/05/30,1:10 PM.,SEA,HOU,away,Partly Cloudy.,54,669302,LF,4,0,1,1,0,0,0,0,0,0,3,.273,.348,.449,.797,669302,logangilbert,"Gilbert, L",Right,Logan Gilbert,SEA,3.23,3.14,208.2,101.0,121.0,106.0,0.705,9.49,1.6,6.38,1.12,1.2,0.236,0.45,0.135,0.325,0.429,,,,106.0,101.0,97.0,91.0,102.0,97.0,146.0,102.0,115.0,116.0,104.0,103.0,0.015,0.308,0.106,0.32,,1.41,0.14,0.32,1.72,,96.6,92.3,,95.5,88.4,0.204,0.383,0.193,0.247,0.483,0.272,,,,,,,0.286,0.286,0.05,0.21,0.375,0.368,124.0,99.0,107.0,0.118,0.81,83.2,0.181,0.301,0.354,99.0,96.0,104.0,0.134,1.18,84.5,0.101,0.162,0.506,,,,,,,,,,,,,,,
2024/05/29,6:41 PM.,SEA,HOU,away,Roof Closed.,54,669923,DH,4,1,2,0,0,0,0,1,0,2,1,.274,.350,.448,.798,669923,georgekirby,Kirby,Right,George Kirby,SEA,3.53,3.44,191.0,106.0,106.0,106.0,0.786,8.43,1.08,8.53,1.04,1.01,0.298,0.342,0.178,0.294,0.446,,,,102.0,107.0,101.0,106.0,108.0,108.0,110.0,104.0,110.0,97.0,99.0,93.0,0.236,0.339,0.004,0.237,,0.46,0.79,1.5,1.28,,96.0,92.3,,96.0,87.2,0.221,0.458,0.291,,,,,,,,,,0.263,0.354,0.105,0.226,0.316,0.271,,,,,,,0.333,0.439,0.286,109.0,100.0,108.0,0.102,-2.05,86.0,0.253,0.413,0.295,,,,114.0,110.0,113.0,0.082,-1.95,83.4,,,,73.9,0.0,-3.5
2024/05/28,6:41 PM.,SEA,HOU,away,Cloudy.,56,622491,LF,4,0,2,0,0,0,0,1,0,0,1,.269,.347,.447,.794,622491,luiscastillo,"Castillo, L",Right,Luis Castillo,SEA,3.64,3.91,175.1,105.0,101.0,102.0,0.768,8.98,2.41,8.11,1.28,0.94,0.26,0.409,0.159,0.319,0.406,89.0,104.0,97.0,120.0,105.0,103.0,100.0,102.0,98.0,72.0,106.0,108.0,,,,0.179,0.454,,0.224,0.143,0.97,,-0.41,0.65,-1.63,95.6,,88.1,95.6,85.7,0.203,0.365,0.273,,,,,,,0.287,0.545,0.265,0.298,0.457,0.105,0.207,0.357,0.358,,,,,,,,,,,,,,,,,,,,,,,,,,,,,,,,,
2024/05/27,6:42 PM.,SEA,HOU,away,Partly Cloudy.,62,682243,LF,3,0,0,0,0,0,0,0,1,0,1,.265,.345,.446,.791,682243,brycemiller,"Miller, B",Right,Bryce Miller,SEA,2.94,3.72,180.1,101.0,112.0,105.0,0.774,8.53,2.25,6.54,1.05,0.86,0.249,0.404,0.14,0.318,0.442,,,,124.0,102.0,106.0,100.0,102.0,99.0,122.0,96.0,101.0,93.0,80.0,85.0,0.171,0.423,0.023,0.168,,1.53,0.14,1.55,-0.21,,95.2,92.1,,94.7,84.5,0.184,0.348,0.266,0.25,0.333,0.207,0.24,0.4,0.188,,,,0.248,0.358,0.092,0.243,0.568,0.261,,,,,,,0.231,0.308,0.378,95.0,107.0,111.0,0.171,1.51,84.4,0.148,0.225,0.29,,,,92.0,104.0,111.0,0.044,-0.4,85.0,,,,,,
2024/05/26,1:07 PM.,OAK,HOU,away,Sunny.,67,605156,DH,5,0,1,0,0,0,0,0,0,1,0,.269,.346,.453,.799,605156,aaronbrooks,Brooks,Right,Aaron Brooks,OAK,5.06,6.7,26.2,101.0,88.0,95.0,0.81,4.05,2.7,11.14,1.35,1.39,0.224,0.429,0.071,0.357,0.4,98.0,100.0,104.0,61.0,90.0,75.0,87.0,107.0,99.0,106.0,104.0,107.0,,,,0.243,0.28,,0.325,0.134,-3.07,,0.96,-0.22,-1.72,92.1,,85.0,91.9,85.2,0.5,0.611,0.208,,,,,,,0.231,0.538,0.308,0.293,0.39,0.068,0.265,0.529,0.281,,,,,,,,,,,,,,,,,,,,,,107.0,98.0,96.0,0.017,5.08,79.5,,,,,,
2024/05/25,1:08 PM.,OAK,HOU,away,Cloudy.,57,676664,DH,3,0,1,0,0,0,0,0,1,0,1,.270,.350,.459,.809,676664,jpsears,Sears,Left,JP Sears,OAK,4.38,4.43,180.2,99.0,90.0,94.0,0.8,6.82,2.44,8.57,1.39,0.79,0.244,0.413,0.171,0.325,0.443,84.0,94.0,83.0,70.0,102.0,92.0,84.0,100.0,87.0,118.0,100.0,105.0,,,,0.106,0.363,,0.339,0.192,-0.8,,1.37,-0.1,-0.21,91.9,,84.0,90.0,78.9,0.23,0.476,0.256,,,,0.239,0.381,0.213,0.297,0.428,0.188,0.276,0.395,0.104,0.23,0.525,0.259,,,,,,,,,,,,,,,,,,,,,,,,,,,,,,,,,
2024/05/24,6:40 PM.,OAK,HOU,away,Cloudy.,56,548389,DH,4,1,2,1,0,0,1,0,1,1,0,.269,.347,.461,.808,548389,rossstripling,Stripling,Right,Ross Stripling,OAK,6.01,4.74,85.1,105.0,86.0,98.0,0.849,5.17,2.32,11.5,0.74,1.11,0.304,0.359,0.175,0.301,0.443,90.0,111.0,105.0,62.0,100.0,87.0,90.0,102.0,90.0,121.0,108.0,112.0,80.0,107.0,92.0,0.142,0.303,0.159,0.134,0.176,-0.05,0.67,-0.67,-1.89,-1.87,91.7,87.5,82.7,90.2,84.7,0.244,0.422,0.175,0.245,0.367,0.156,,,,0.333,0.52,0.241,0.39,0.441,0.078,0.328,0.5,0.157,,,,,,,0.364,0.455,0.179,,,,,,,,,,,,,89.0,105.0,106.0,0.086,-1.1,76.3,,,,,,
2024/05/22,1:10 PM.,LAA,HOU,home,Roof Closed.,73,542881,DH,4,0,1,1,0,0,0,0,0,2,1,.265,.341,.455,.796,542881,tyleranderson,Anderson,Left,Tyler Anderson,LAA,3.81,4.37,179.1,99.0,96.0,99.0,0.741,7.13,3.66,7.93,1.2,0.88,0.193,0.51,0.157,0.267,0.396,105.0,100.0,105.0,89.0,99.0,96.0,66.0,95.0,83.0,80.0,141.0,142.0,99.0,100.0,96.0,0.033,0.396,0.185,0.013,0.371,-0.73,-0.41,-3.87,-0.06,1.32,89.4,84.3,78.9,88.1,81.3,0.272,0.494,0.183,0.264,0.455,0.247,,,,0.185,0.259,0.396,0.261,0.696,0.152,0.0,0.0,0.357,,,,0.001,-3.14,71.6,,,,,,,,,,,,,,,,,,,,,,,,,,,
2024/05/21,7:11 PM.,LAA,HOU,home,Roof Closed.,73,656288,DH,4,1,2,0,0,1,1,0,1,1,1,.265,.343,.454,.797,656288,griffincanning,Canning,Right,Griffin Canning,LAA,5.19,4.74,171.2,98.0,88.0,97.0,0.772,6.82,3.46,9.12,1.63,1.04,0.225,0.434,0.128,0.367,0.401,96.0,102.0,102.0,73.0,94.0,86.0,76.0,89.0,78.0,107.0,100.0,110.0,,,,0.01,0.376,,0.24,0.267,-0.85,,-6.83,-0.91,0.48,93.4,,88.6,93.0,87.7,0.251,0.529,0.147,,,,,,,0.259,0.387,0.288,0.429,0.857,0.0,0.284,0.444,0.331,75.0,96.0,96.0,0.107,-0.86,80.6,0.271,0.438,0.241,,,,,,,,,,,,,,,,,,,,,,,,
2024/05/20,7:12 PM.,LAA,HOU,home,Roof Closed.,73,672282,DH,4,0,2,1,0,0,0,0,1,0,2,.260,.337,.436,.773,672282,reiddetmers,Detmers,Left,Reid Detmers,LAA,6.7,4.14,87.1,99.0,95.0,99.0,0.735,11.23,3.92,10.1,1.85,0.88,0.252,0.479,0.132,0.364,0.439,92.0,96.0,97.0,86.0,96.0,92.0,,,,117.0,106.0,114.0,,,,,0.468,,0.244,0.142,-0.56,,,-0.44,-1.18,93.8,,84.7,,86.2,0.278,0.508,0.253,,,,,,,0.351,0.544,0.319,,,,0.22,0.39,0.368,89.0,100.0,103.0,0.146,-3.5,75.0,0.37,0.804,0.216,,,,,,,,,,,,,,,,,,,,,,,,
2024/05/19,1:09 PM.,MIL,HOU,home,Roof Closed.,73,607067,DH,3,2,1,1,0,0,0,1,2,1,1,.254,.330,.429,.759,607067,colinrea,Rea,Right,Colin Rea,MIL,4.29,4.91,167.2,102.0,84.0,97.0,0.827,7.25,2.31,9.07,1.56,0.95,0.24,0.456,0.137,0.329,0.443,,,,70.0,109.0,95.0,82.0,103.0,96.0,109.0,106.0,108.0,76.0,94.0,88.0,0.311,0.193,0.194,0.172,,0.49,-1.34,-0.28,1.41,,92.9,87.6,,92.3,82.0,0.207,0.314,0.248,0.287,0.656,0.168,0.159,0.234,0.227,,,,0.298,0.482,0.115,,,,100.0,109.0,104.0,0.042,-3.64,78.7,0.394,0.636,0.18,78.0,98.0,96.0,0.088,-2.02,86.5,0.286,0.492,0.277,,,,,,,,,,,,,,,
2024/05/18,6:11 PM.,MIL,HOU,home,Roof Closed.,73,669060,DH,4,0,1,0,0,0,0,0,0,1,2,.253,.323,.425,.748,669060,brysewilson,"Wilson, B",Right,Bryse Wilson,MIL,4.04,5.35,104.2,105.0,93.0,98.0,0.818,7.05,2.67,8.77,1.72,0.88,0.252,0.369,0.157,0.375,0.453,54.0,96.0,85.0,85.0,113.0,105.0,92.0,106.0,96.0,,,,98.0,101.0,95.0,0.32,0.15,0.349,,0.042,-3.09,1.16,1.31,,-0.91,93.6,88.8,88.0,93.1,,0.288,0.493,0.229,0.23,0.361,0.263,,,,0.182,0.273,0.174,0.236,0.368,0.134,,,,106.0,107.0,106.0,0.139,-3.29,80.4,0.309,0.709,0.229,,,,,,,,,,,,,,,,,,,,,,,,
2024/05/16,7:11 PM.,OAK,HOU,home,Roof Closed.,73,683155,DH,3,0,0,0,0,0,0,0,0,2,4,.253,.325,.429,.754,683155,joeyestes,Estes,Right,Joey Estes,OAK,5.01,4.43,127.2,106.0,91.0,104.0,0.833,6.49,1.9,9.16,1.62,0.44,0.258,0.413,0.171,0.302,0.479,78.0,93.0,94.0,80.0,106.0,99.0,61.0,93.0,83.0,114.0,113.0,117.0,111.0,89.0,91.0,0.034,0.517,0.007,0.332,0.111,0.08,-13.81,-1.55,-0.2,-2.46,92.4,86.4,84.8,90.8,79.6,0.257,0.469,0.175,,,,0.217,0.367,0.216,0.357,0.738,0.204,0.263,0.579,0.147,0.261,0.435,0.223,,,,,,,,,,,,,,,,,,,,,,,,,,,,,,,,,
2024/05/15,7:12 PM.,OAK,HOU,home,Roof Closed.,73,605156,DH,4,0,1,0,0,0,0,0,0,0,2,.257,.330,.437,.767,605156,aaronbrooks,Brooks,Right,Aaron Brooks,OAK,5.06,6.7,26.2,101.0,88.0,95.0,0.81,4.05,2.7,11.14,1.35,1.39,0.224,0.429,0.071,0.357,0.4,98.0,100.0,104.0,61.0,90.0,75.0,87.0,107.0,99.0,106.0,104.0,107.0,,,,0.243,0.28,,0.325,0.134,-3.07,,0.96,-0.22,-1.72,92.1,,85.0,91.9,85.2,0.5,0.611,0.208,,,,,,,0.231,0.538,0.308,0.293,0.39,0.068,0.265,0.529,0.281,,,,,,,,,,,,,,,,,,,,,,107.0,98.0,96.0,0.017,5.08,79.5,,,,,,
2024/05/14,7:10 PM.,OAK,HOU,home,Roof Closed.,73,676664,DH,4,0,0,0,0,0,0,0,0,3,3,.258,.332,.442,.774,676664,jpsears,Sears,Left,JP Sears,OAK,4.38,4.43,180.2,99.0,90.0,94.0,0.8,6.82,2.44,8.57,1.39,0.79,0.244,0.413,0.171,0.325,0.443,84.0,94.0,83.0,70.0,102.0,92.0,84.0,100.0,87.0,118.0,100.0,105.0,,,,0.106,0.363,,0.339,0.192,-0.8,,1.37,-0.1,-0.21,91.9,,84.0,90.0,78.9,0.23,0.476,0.256,,,,0.239,0.381,0.213,0.297,0.428,0.188,0.276,0.395,0.104,0.23,0.525,0.259,,,,,,,,,,,,,,,,,,,,,,,,,,,,,,,,,
2024/05/13,7:10 PM.,OAK,HOU,home,Roof Closed.,73,548389,LF,3,0,2,0,0,0,0,0,1,0,1,.264,.339,.453,.792,548389,rossstripling,Stripling,Right,Ross Stripling,OAK,6.01,4.74,85.1,105.0,86.0,98.0,0.849,5.17,2.32,11.5,0.74,1.11,0.304,0.359,0.175,0.301,0.443,90.0,111.0,105.0,62.0,100.0,87.0,90.0,102.0,90.0,121.0,108.0,112.0,80.0,107.0,92.0,0.142,0.303,0.159,0.134,0.176,-0.05,0.67,-0.67,-1.89,-1.87,91.7,87.5,82.7,90.2,84.7,0.244,0.422,0.175,0.245,0.367,0.156,,,,0.333,0.52,0.241,0.39,0.441,0.078,0.328,0.5,0.157,,,,,,,0.364,0.455,0.179,,,,,,,,,,,,,89.0,105.0,106.0,0.086,-1.1,76.3,,,,,,
2024/05/12,1:41 PM.,DET,HOU,away,Sunny.,66,656427,DH,5,1,2,1,0,0,0,0,0,1,4,.256,.330,.449,.779,656427,jackflaherty,Flaherty,Right,Jack Flaherty,- - -,3.17,3.54,162.0,102.0,94.0,102.0,0.712,10.78,2.11,7.5,1.33,1.05,0.223,0.436,0.157,0.3,0.38,87.0,83.0,81.0,92.0,104.0,101.0,75.0,85.0,72.0,95.0,102.0,102.0,,,,0.023,0.441,,0.29,0.027,0.5,,-5.05,0.02,-0.55,93.3,,85.7,90.6,84.7,0.245,0.401,0.238,,,,,,,0.111,0.333,0.111,0.6,1.2,0.4,0.222,0.455,0.363,,,,,,,0.164,0.219,0.436,,,,,,,,,,,,,101.0,103.0,107.0,0.218,2.19,77.4,,,,,,
2024/05/11,6:10 PM.,DET,HOU,away,Overcast.,57,669373,DH,4,0,1,0,0,0,0,0,0,0,4,.252,.327,.444,.771,669373,tarikskubal,Skubal,Left,Tarik Skubal,DET,2.39,2.72,192.0,103.0,103.0,106.0,0.717,10.69,1.64,6.66,0.7,1.27,0.256,0.387,0.181,0.254,0.475,97.0,104.0,114.0,112.0,104.0,103.0,95.0,105.0,104.0,111.0,99.0,103.0,,,,0.205,0.332,,0.149,0.271,1.84,,1.25,0.78,1.13,96.8,,86.3,96.6,88.7,0.197,0.286,0.277,,,,,,,0.216,0.322,0.461,0.207,0.305,0.16,0.169,0.364,0.346,,,,,,,0.158,0.316,0.175,,,,,,,,,,,,,95.0,91.0,101.0,0.042,1.26,78.5,,,,,,
2024/05/10,6:40 PM.,DET,HOU,away,Partly Cloudy.,66,663554,LF,4,1,2,0,0,0,1,0,0,0,2,.252,.329,.449,.778,663554,caseymize,Mize,Right,Casey Mize,DET,4.49,4.74,102.1,102.0,107.0,101.0,0.803,6.86,2.55,10.64,0.97,1.65,0.227,0.405,0.149,0.335,0.435,,,,106.0,105.0,102.0,92.0,108.0,105.0,107.0,101.0,102.0,,,,0.08,0.386,,0.277,,-0.47,,1.3,-0.46,,95.5,,,95.5,85.7,0.306,0.428,0.205,,,,,,,,,,0.293,0.341,0.08,0.271,0.5,0.218,,,,,,,0.261,0.522,0.216,112.0,99.0,102.0,0.181,-1.06,86.2,0.286,0.405,0.322,,,,102.0,90.0,94.0,0.075,-2.21,79.6,,,,,,
2024/05/09,5:07 PM.,NYY,HOU,away,Overcast.,66,573186,DH,5,2,2,1,0,1,1,0,0,2,5,.245,.325,.448,.773,573186,marcusstroman,Stroman,Right,Marcus Stroman,NYY,4.31,4.94,154.2,96.0,92.0,94.0,0.82,6.58,3.49,9.72,1.11,1.6,0.207,0.4,0.148,0.325,0.359,,,,48.0,88.0,79.0,90.0,94.0,90.0,93.0,102.0,102.0,106.0,101.0,99.0,0.351,0.032,0.182,0.16,,-4.01,-0.26,-0.03,-2.37,,89.9,88.1,,90.0,85.3,0.455,0.636,0.259,0.296,0.519,0.187,,,,,,,0.306,0.466,0.12,0.258,0.386,0.272,94.0,89.0,94.0,0.165,-0.03,81.3,0.0,0.0,0.265,82.0,99.0,93.0,0.111,-0.31,83.3,0.235,0.309,0.241,0.309,0.515,0.313,,,,,,,,,,,,
2024/05/08,7:08 PM.,NYY,HOU,away,Partly Cloudy.,83,607074,DH,5,0,0,0,0,0,0,0,0,2,2,.239,.323,.420,.743,607074,carlosrodon,Rodón,Left,Carlos Rodón,NYY,3.96,4.14,175.0,97.0,122.0,103.0,0.716,10.03,2.93,8.07,1.59,0.69,0.257,0.399,0.143,0.329,0.396,129.0,92.0,106.0,114.0,98.0,101.0,,,,144.0,104.0,113.0,100.0,83.0,82.0,,0.494,0.035,0.26,0.129,0.05,-3.11,,-0.4,1.44,95.4,91.8,85.5,,86.8,0.262,0.514,0.214,0.353,0.647,0.255,,,,0.188,0.247,0.495,,,,0.199,0.361,0.393,103.0,86.0,93.0,0.083,-1.32,81.0,0.281,0.531,0.276,,,,,,,,,,,,,,,,,,,,,,,,
2024/05/07,7:07 PM.,NYY,HOU,away,Partly Cloudy.,73,661563,DH,1,0,0,0,0,0,0,0,2,0,0,.248,.333,.436,.769,661563,luisgil,Gil,Right,Luis Gil,NYY,3.5,3.8,151.2,95.0,110.0,100.0,0.742,10.15,4.57,6.17,1.07,0.76,0.266,0.429,0.168,0.321,0.398,80.0,93.0,93.0,128.0,96.0,102.0,,,,108.0,94.0,105.0,,,,,0.488,,0.259,0.253,0.06,,,1.37,0.37,96.6,,91.6,,87.5,0.205,0.395,0.285,,,,,,,0.179,0.282,0.269,,,,0.171,0.312,0.315,,,,,,,,,,,,,,,,,,,,,,,,,,,,,,,,,
2024/05/05,1:11 PM.,SEA,HOU,home,Roof Closed.,73,682243,DH,3,0,0,0,0,0,0,0,0,0,2,.250,.327,.439,.766,682243,brycemiller,"Miller, B",Right,Bryce Miller,SEA,2.94,3.72,180.1,101.0,112.0,105.0,0.774,8.53,2.25,6.54,1.05,0.86,0.249,0.404,0.14,0.318,0.442,,,,124.0,102.0,106.0,100.0,102.0,99.0,122.0,96.0,101.0,93.0,80.0,85.0,0.171,0.423,0.023,0.168,,1.53,0.14,1.55,-0.21,,95.2,92.1,,94.7,84.5,0.184,0.348,0.266,0.25,0.333,0.207,0.24,0.4,0.188,,,,0.248,0.358,0.092,0.243,0.568,0.261,,,,,,,0.231,0.308,0.378,95.0,107.0,111.0,0.171,1.51,84.4,0.148,0.225,0.29,,,,92.0,104.0,111.0,0.044,-0.4,85.0,,,,,,
2024/05/04,6:15 PM.,SEA,HOU,home,Roof Closed.,73,669302,LF,3,0,2,0,0,0,0,0,1,1,0,.256,.329,.450,.779,669302,logangilbert,"Gilbert, L",Right,Logan Gilbert,SEA,3.23,3.14,208.2,101.0,121.0,106.0,0.705,9.49,1.6,6.38,1.12,1.2,0.236,0.45,0.135,0.325,0.429,,,,106.0,101.0,97.0,91.0,102.0,97.0,146.0,102.0,115.0,116.0,104.0,103.0,0.015,0.308,0.106,0.32,,1.41,0.14,0.32,1.72,,96.6,92.3,,95.5,88.4,0.204,0.383,0.193,0.247,0.483,0.272,,,,,,,0.286,0.286,0.05,0.21,0.375,0.368,124.0,99.0,107.0,0.118,0.81,83.2,0.181,0.301,0.354,99.0,96.0,104.0,0.134,1.18,84.5,0.101,0.162,0.506,,,,,,,,,,,,,,,
2024/05/03,7:10 PM.,SEA,HOU,home,Roof Closed.,73,669923,DH,3,1,1,1,0,0,0,0,1,1,0,.246,.317,.444,.761,669923,georgekirby,Kirby,Right,George Kirby,SEA,3.53,3.44,191.0,106.0,106.0,106.0,0.786,8.43,1.08,8.53,1.04,1.01,0.298,0.342,0.178,0.294,0.446,,,,102.0,107.0,101.0,106.0,108.0,108.0,110.0,104.0,110.0,97.0,99.0,93.0,0.236,0.339,0.004,0.237,,0.46,0.79,1.5,1.28,,96.0,92.3,,96.0,87.2,0.221,0.458,0.291,,,,,,,,,,0.263,0.354,0.105,0.226,0.316,0.271,,,,,,,0.333,0.439,0.286,109.0,100.0,108.0,0.102,-2.05,86.0,0.253,0.413,0.295,,,,114.0,110.0,113.0,0.082,-1.95,83.4,,,,73.9,0.0,-3.5
2024/05/02,7:10 PM.,CLE,HOU,home,Roof Closed.,73,671106,DH,5,0,0,0,0,0,0,0,0,3,6,.244,.312,.439,.751,671106,loganallen,"Allen, L.T.",Left,Logan Allen,CLE,5.73,5.9,97.1,96.0,77.0,91.0,0.803,7.3,3.79,10.45,2.03,1.13,0.234,0.396,0.136,0.328,0.405,99.0,92.0,94.0,60.0,98.0,88.0,,,,89.0,98.0,86.0,91.0,97.0,96.0,,0.484,0.146,0.187,0.183,-1.54,-0.03,,-2.55,-0.92,91.2,85.3,81.7,,78.6,0.342,0.609,0.147,0.245,0.491,0.202,0.273,0.576,0.333,0.237,0.438,0.269,,,,,,,,,,,,,,,,,,,,,,,,,,,,,,,,,,,,,,,
2024/05/01,7:11 PM.,CLE,HOU,home,Roof Closed.,73,663474,DH,4,0,0,0,0,0,0,0,0,0,2,.254,.323,.458,.781,663474,tristonmckenzie,McKenzie,Right,Triston McKenzie,CLE,5.11,5.67,75.2,90.0,99.0,90.0,0.784,8.8,5.83,8.21,2.26,0.68,0.251,0.386,0.149,0.321,0.406,,,,98.0,86.0,87.0,,,,106.0,87.0,90.0,,,,,0.524,,0.21,,-2.18,,,1.48,,91.1,,,,85.4,0.303,0.652,0.103,,,,,,,,,,,,,0.143,0.143,0.376,97.0,102.0,100.0,0.266,-0.16,77.7,0.176,0.341,0.373,,,,,,,,,,,,,,,,,,,,,,,,
2024/04/30,7:10 PM.,CLE,HOU,home,Roof Closed.,73,471911,DH,5,0,0,0,0,0,0,0,0,3,1,.263,.333,.474,.807,471911,carloscarrasco,Carrasco,Right,Carlos Carrasco,CLE,5.64,4.71,103.2,100.0,88.0,97.0,0.79,7.73,2.86,9.72,1.65,1.32,0.184,0.431,0.141,0.322,0.392,101.0,108.0,105.0,62.0,95.0,86.0,90.0,95.0,89.0,96.0,104.0,108.0,,,,0.165,0.26,,0.278,0.23,-0.84,,-1.96,-0.96,-1.09,91.6,,86.8,91.1,83.5,0.337,0.554,0.146,,,,0.25,0.313,0.357,0.241,0.472,0.282,0.304,0.609,0.13,0.284,0.52,0.288,103.0,103.0,105.0,0.067,1.49,80.4,0.053,0.158,0.213,,,,,,,,,,,,,,,,,,,,,,,,
2024/04/28,2:07 PM.,COL,HOU,away,Sunny.,82,596295,LF,3,0,0,0,0,0,1,0,0,1,3,.275,.347,.495,.842,596295,austingomber,Gomber,Left,Austin Gomber,COL,4.75,5.07,165.0,102.0,82.0,98.0,0.821,6.33,2.07,9.71,1.64,0.92,0.213,0.423,0.122,0.394,0.446,82.0,103.0,99.0,71.0,98.0,91.0,51.0,110.0,96.0,91.0,103.0,102.0,,,,0.001,0.404,,0.167,0.205,-1.23,,-42.96,-0.17,-0.15,90.4,,81.1,90.1,83.8,0.305,0.6,0.096,,,,,,,0.28,0.409,0.273,,,,0.274,0.513,0.22,,,,,,,0.22,0.368,0.269,,,,,,,,,,,,,93.0,109.0,107.0,0.224,-0.08,77.6,,,,,,
2024/04/27,4:08 PM.,COL,HOU,away,Cloudy.,79,615698,DH,5,2,3,0,0,2,3,0,0,0,1,.283,.358,.509,.867,615698,calquantrill,Quantrill,Right,Cal Quantrill,COL,4.98,5.31,148.1,96.0,90.0,94.0,0.81,6.67,4.19,9.47,1.4,1.33,0.219,0.425,0.133,0.367,0.407,88.0,97.0,103.0,,,,79.0,95.0,89.0,,,,76.0,96.0,93.0,0.402,,0.135,,0.018,,-0.41,-2.0,,1.81,,87.8,84.9,93.8,,,,,0.296,0.507,0.203,,,,0.222,0.222,0.167,0.35,0.596,0.184,,,,98.0,101.0,104.0,0.126,-0.77,79.6,0.25,0.531,0.282,109.0,94.0,97.0,0.32,0.4,86.5,0.206,0.314,0.234,,,,,,,,,,,,,,,
2024/04/25,1:20 PM.,CHC,HOU,away,Sunny.,53,665871,DH,2,0,0,0,0,0,1,0,1,0,1,.267,.348,.446,.794,665871,javierassad,Assad,Right,Javier Assad,CHC,3.73,4.97,147.0,99.0,85.0,94.0,0.843,7.59,3.86,8.76,1.22,1.13,0.263,0.373,0.146,0.301,0.422,69.0,91.0,88.0,68.0,102.0,92.0,75.0,101.0,92.0,114.0,94.0,100.0,96.0,97.0,92.0,0.357,0.158,0.216,0.107,0.046,-0.91,-0.73,0.51,-1.54,-1.65,91.5,87.9,83.7,91.4,80.1,0.319,0.472,0.201,0.315,0.583,0.142,0.174,0.37,0.341,0.296,0.296,0.125,0.236,0.373,0.111,0.364,0.636,0.368,98.0,101.0,97.0,0.116,-0.4,76.8,0.178,0.329,0.3,,,,,,,,,,,,,,,,,,,,,,,,
2024/04/24,6:40 PM.,CHC,HOU,away,Clear.,40,592791,LF,5,0,1,0,0,0,0,0,0,2,2,.273,.351,.455,.806,592791,jamesontaillon,Taillon,Right,Jameson Taillon,CHC,3.27,4.05,165.1,107.0,85.0,102.0,0.823,6.8,1.8,8.38,1.14,0.99,0.223,0.445,0.136,0.328,0.468,78.0,102.0,95.0,66.0,106.0,96.0,74.0,104.0,92.0,104.0,116.0,120.0,92.0,103.0,98.0,0.109,0.296,0.251,0.155,0.043,-0.27,2.12,1.47,0.65,-2.45,92.3,86.5,86.0,92.5,80.4,0.287,0.497,0.147,0.252,0.31,0.191,0.183,0.296,0.317,0.273,0.576,0.148,0.219,0.297,0.085,,,,104.0,111.0,113.0,0.147,-1.04,79.5,0.232,0.424,0.23,,,,,,,,,,,,,,,,,,,,,,,,
2024/04/23,6:40 PM.,CHC,HOU,away,Overcast.,61,696136,DH,4,0,0,0,0,0,0,0,0,1,2,.277,.358,.468,.826,696136,jordanwicks,Wicks,Left,Jordan Wicks,CHC,5.48,5.18,46.0,102.0,92.0,100.0,0.779,8.22,3.91,10.76,1.76,1.0,0.223,0.426,0.115,0.284,0.378,100.0,100.0,102.0,90.0,105.0,104.0,71.0,101.0,90.0,117.0,96.0,98.0,78.0,103.0,88.0,0.131,0.448,0.014,0.087,0.258,-0.12,-9.26,-3.86,-4.44,1.18,92.6,87.5,82.2,91.7,84.2,0.264,0.425,0.163,0.667,0.667,0.0,,,,0.17,0.358,0.419,0.419,0.677,0.161,0.444,0.889,0.217,93.0,92.0,90.0,0.061,-5.0,78.4,0.667,1.167,0.154,,,,,,,,,,,,,,,,,,,,,,,,
2024/04/21,1:35 PM.,WSH,HOU,away,Cloudy.,53,680730,DH,4,0,1,0,0,0,0,0,0,1,1,.289,.373,.489,.862,680730,mitchellparker,Parker,Left,Mitchell Parker,WSN,4.29,4.37,151.0,99.0,87.0,97.0,0.801,7.93,2.56,9.18,1.07,0.94,0.248,0.444,0.132,0.321,0.441,,,,78.0,101.0,96.0,,,,106.0,107.0,110.0,,,,,0.486,,0.098,,0.07,,,-0.73,,92.5,,,,84.5,0.276,0.425,0.12,,,,,,,,,,,,,0.238,0.429,0.364,97.0,96.0,96.0,0.225,0.47,80.5,0.252,0.36,0.263,89.0,94.0,94.0,0.191,-0.6,85.6,0.233,0.4,0.372,,,,,,,,,,,,,,,
2024/04/20,4:05 PM.,WSH,HOU,away,Sunny.,71,592866,DH,5,2,3,0,0,0,0,0,0,0,1,.291,.378,.500,.878,592866,trevorwilliams,Williams,Right,Trevor Williams,WSN,2.03,3.17,66.2,104.0,81.0,94.0,0.796,7.97,2.43,6.89,0.41,1.17,0.279,0.41,0.148,0.311,0.382,70.0,102.0,91.0,63.0,110.0,96.0,90.0,101.0,94.0,100.0,99.0,93.0,,,,0.121,0.364,,0.347,0.168,2.46,,1.1,0.78,-0.36,88.9,,82.8,87.7,78.7,0.196,0.271,0.178,,,,0.135,0.162,0.459,0.25,0.341,0.225,0.261,0.391,0.214,0.296,0.407,0.059,,,,,,,,,,,,,,,,,,,,,,,,,,,,,,,,,
2024/04/19,6:45 PM.,WSH,HOU,away,Overcast.,56,669022,DH,5,0,0,0,0,0,0,0,0,1,3,.272,.366,.494,.860,669022,mackenziegore,Gore,Left,MacKenzie Gore,WSN,3.9,4.2,166.1,98.0,110.0,101.0,0.752,9.79,3.52,9.25,0.81,1.11,0.26,0.376,0.156,0.3,0.433,92.0,91.0,94.0,124.0,98.0,103.0,,,,89.0,92.0,92.0,,,,,0.553,,0.158,0.093,-0.02,,,-0.77,-1.35,96.0,,85.9,,90.6,0.281,0.418,0.226,,,,0.333,0.5,0.417,0.28,0.48,0.512,,,,0.255,0.422,0.323,104.0,104.0,102.0,0.196,0.62,82.8,0.218,0.296,0.34,,,,,,,,,,,,,,,,,,,,,,,,
2024/04/17,1:11 PM.,ATL,HOU,home,Roof Closed.,73,608331,LF,5,2,2,0,0,1,1,0,0,1,2,.289,.386,.526,.912,608331,maxfried,Fried,Left,Max Fried,ATL,3.25,3.72,174.1,98.0,94.0,99.0,0.776,8.57,2.94,7.54,0.67,2.53,0.255,0.435,0.151,0.261,0.413,91.0,101.0,103.0,78.0,93.0,93.0,90.0,98.0,94.0,102.0,97.0,98.0,93.0,96.0,94.0,0.158,0.327,0.054,0.115,0.136,0.63,-1.33,1.47,0.5,1.7,93.9,88.5,85.7,93.6,82.1,0.266,0.36,0.182,0.286,0.476,0.286,0.167,0.2,0.358,0.196,0.283,0.251,0.265,0.299,0.137,0.22,0.293,0.297,116.0,103.0,108.0,0.21,1.39,74.6,0.154,0.285,0.371,,,,,,,,,,,,,,,,,,,,,,,,
2024/04/16,7:11 PM.,ATL,HOU,home,Roof Closed.,73,625643,DH,4,0,0,0,0,0,0,0,0,1,1,.282,.386,.493,.879,625643,reynaldolopez,"López, R",Right,Reynaldo López,ATL,1.99,3.94,135.2,102.0,96.0,101.0,0.75,9.82,2.79,7.16,0.66,1.03,0.279,0.365,0.142,0.305,0.439,75.0,110.0,105.0,91.0,103.0,99.0,,,,113.0,100.0,105.0,,,,,0.552,,0.294,0.038,1.19,,,1.45,-3.58,95.5,,86.1,,85.0,0.266,0.369,0.165,,,,,,,0.263,0.737,0.349,,,,0.168,0.257,0.443,84.0,99.0,104.0,0.116,1.61,77.0,0.151,0.264,0.364,,,,,,,,,,,,,,,,,,,,,,,,
2024/04/15,7:10 PM.,ATL,HOU,home,Roof Closed.,73,670241,DH,4,0,0,0,0,0,0,0,0,0,4,.299,.405,.522,.927,670241,dariusvines,Vines,Right,Darius Vines,ATL,8.56,6.74,13.2,104.0,80.0,97.0,0.785,5.93,2.63,13.83,2.63,0.91,0.308,0.385,0.192,0.365,0.451,89.0,109.0,102.0,67.0,105.0,94.0,,,,106.0,103.0,105.0,84.0,90.0,82.0,,0.377,0.125,0.132,0.311,-4.09,-3.16,,1.83,-3.61,90.8,83.7,81.5,,82.4,0.435,0.696,0.022,0.5,0.5,0.529,,,,0.273,0.727,0.159,,,,0.2,0.2,0.611,56.0,94.0,91.0,0.054,2.08,78.4,0.333,0.333,0.2,,,,,,,,,,,,,,,,,,,,,,,,
2024/04/14,1:11 PM.,TEX,HOU,home,Roof Closed.,73,543135,LF,2,1,0,0,0,0,0,0,2,0,1,.317,.427,.556,.983,543135,nathaneovaldi,Eovaldi,Right,Nathan Eovaldi,TEX,3.8,3.91,170.2,104.0,98.0,103.0,0.751,8.75,2.21,7.75,1.21,1.47,0.227,0.399,0.119,0.341,0.458,,,,75.0,105.0,98.0,,,,114.0,102.0,102.0,91.0,108.0,99.0,,0.374,0.148,0.033,,0.83,-1.41,,-0.69,,95.4,91.4,,,86.3,0.212,0.335,0.178,0.327,0.624,0.2,,,,,,,,,,0.269,0.462,0.25,99.0,104.0,104.0,0.137,-0.79,76.7,0.214,0.471,0.355,127.0,101.0,110.0,0.308,1.55,88.4,0.2,0.286,0.368,,,,,,,,,,,,,,,
2024/04/13,3:05 PM.,TEX,HOU,home,Roof Closed.,73,571760,LF,3,1,2,0,0,0,0,0,2,0,1,.328,.423,.574,.997,571760,andrewheaney,Heaney,Left,Andrew Heaney,TEX,4.28,4.46,160.0,102.0,80.0,99.0,0.76,8.94,2.31,8.94,1.29,0.75,0.247,0.407,0.148,0.306,0.428,83.0,102.0,94.0,77.0,102.0,98.0,34.0,82.0,74.0,79.0,100.0,103.0,20.0,51.0,51.0,0.014,0.501,0.001,0.278,0.17,0.15,-19.13,-4.52,-0.26,0.46,91.5,86.6,83.7,92.2,82.5,0.23,0.412,0.213,,,,,,,0.239,0.384,0.243,0.455,0.455,0.125,0.26,0.385,0.365,126.0,105.0,103.0,0.036,-3.31,75.6,0.5,1.1,0.188,,,,,,,,,,,,,,,,,,,,,,,,
2024/04/12,7:10 PM.,TEX,HOU,home,Roof Closed.,73,641540,DH,3,1,0,0,0,0,0,0,0,0,0,.310,.394,.569,.963,641540,danedunning,Dunning,Right,Dane Dunning,TEX,5.31,5.28,95.0,98.0,82.0,94.0,0.785,8.62,3.79,9.19,1.71,1.15,0.158,0.5,0.127,0.345,0.425,83.0,94.0,86.0,40.0,103.0,91.0,79.0,102.0,97.0,102.0,100.0,97.0,74.0,99.0,94.0,0.377,0.028,0.188,0.234,0.125,-2.6,-0.73,0.0,-1.44,-1.22,89.2,88.1,85.0,89.7,80.6,0.25,0.583,0.259,0.254,0.46,0.242,,,,0.233,0.488,0.327,0.276,0.442,0.133,0.274,0.512,0.304,,,,,,,0.0,0.0,0.429,,,,,,,,,,,,,58.0,89.0,98.0,0.047,0.09,75.6,0.001,-6.34,76.4,,,
2024/04/11,1:10 PM.,KC,HOU,away,Sunny.,61,663903,LF,3,0,0,0,0,0,1,0,1,1,2,.327,.393,.600,.993,663903,bradysinger,Singer,Right,Brady Singer,KCR,3.71,4.65,179.2,99.0,84.0,94.0,0.769,8.52,2.71,8.77,1.1,1.62,0.191,0.419,0.159,0.326,0.414,80.0,77.0,69.0,63.0,96.0,86.0,70.0,101.0,91.0,106.0,99.0,102.0,,,,0.413,0.113,,0.455,0.019,-2.09,,0.77,0.0,-5.71,91.6,,88.1,92.2,82.9,0.326,0.609,0.197,,,,0.327,0.571,0.35,0.429,0.5,0.111,0.267,0.389,0.127,0.207,0.361,0.354,,,,,,,,,,,,,,,,,,,,,,,,,,,,,,,,,
2024/04/10,6:40 PM.,KC,HOU,away,Cloudy.,63,607625,DH,3,0,1,0,0,0,0,0,0,0,2,.346,.404,.635,1.039,607625,sethlugo,"Lugo, S",Right,Seth Lugo,KCR,3.0,3.75,206.2,101.0,97.0,100.0,0.795,7.88,2.09,7.71,0.7,1.2,0.212,0.386,0.156,0.303,0.43,93.0,100.0,98.0,75.0,103.0,95.0,68.0,101.0,92.0,125.0,97.0,105.0,97.0,103.0,103.0,0.185,0.24,0.082,0.135,0.069,0.7,2.86,0.65,-0.67,0.08,92.2,90.1,87.4,92.1,85.2,0.234,0.392,0.176,0.228,0.228,0.23,0.375,0.75,0.109,0.208,0.333,0.291,0.274,0.381,0.129,0.213,0.387,0.2,126.0,100.0,110.0,0.262,1.44,79.4,0.178,0.271,0.339,93.0,107.0,106.0,0.026,0.07,85.7,0.105,0.421,0.351,0.215,0.28,0.285,,,,,,,,,,,,
2024/04/09,6:41 PM.,KC,HOU,away,Clear.,66,666142,LF,5,0,4,1,0,0,2,0,0,0,0,.347,.407,.653,1.060,666142,coleragans,Ragans,Left,Cole Ragans,KCR,3.14,3.31,186.1,100.0,108.0,104.0,0.705,10.77,3.24,7.05,0.72,1.01,0.281,0.395,0.176,0.3,0.409,114.0,98.0,103.0,105.0,101.0,106.0,,,,132.0,106.0,114.0,88.0,94.0,91.0,,0.418,0.113,0.128,0.237,0.85,0.26,,-0.34,1.43,95.4,90.7,84.8,,86.0,0.213,0.361,0.231,0.348,0.455,0.228,,,,0.183,0.28,0.478,,,,0.21,0.305,0.337,,,,,,,0.14,0.256,0.352,,,,,,,,,,,,,101.0,97.0,101.0,0.104,0.9,80.8,,,,,,
2024/04/08,7:07 PM.,TEX,HOU,away,Roof Closed.,74,571760,LF,5,3,3,1,0,1,3,0,0,1,0,.295,.367,.614,.981,571760,andrewheaney,Heaney,Left,Andrew Heaney,TEX,4.28,4.46,160.0,102.0,80.0,99.0,0.76,8.94,2.31,8.94,1.29,0.75,0.247,0.407,0.148,0.306,0.428,83.0,102.0,94.0,77.0,102.0,98.0,34.0,82.0,74.0,79.0,100.0,103.0,20.0,51.0,51.0,0.014,0.501,0.001,0.278,0.17,0.15,-19.13,-4.52,-0.26,0.46,91.5,86.6,83.7,92.2,82.5,0.23,0.412,0.213,,,,,,,0.239,0.384,0.243,0.455,0.455,0.125,0.26,0.385,0.365,126.0,105.0,103.0,0.036,-3.31,75.6,0.5,1.1,0.188,,,,,,,,,,,,,,,,,,,,,,,,
2024/04/07,6:10 PM.,TEX,HOU,away,Clear.,79,641540,DH,3,1,1,0,0,1,3,0,1,1,2,.256,.341,.513,.854,641540,danedunning,Dunning,Right,Dane Dunning,TEX,5.31,5.28,95.0,98.0,82.0,94.0,0.785,8.62,3.79,9.19,1.71,1.15,0.158,0.5,0.127,0.345,0.425,83.0,94.0,86.0,40.0,103.0,91.0,79.0,102.0,97.0,102.0,100.0,97.0,74.0,99.0,94.0,0.377,0.028,0.188,0.234,0.125,-2.6,-0.73,0.0,-1.44,-1.22,89.2,88.1,85.0,89.7,80.6,0.25,0.583,0.259,0.254,0.46,0.242,,,,0.233,0.488,0.327,0.276,0.442,0.133,0.274,0.512,0.304,,,,,,,0.0,0.0,0.429,,,,,,,,,,,,,58.0,89.0,98.0,0.047,0.09,75.6,0.001,-6.34,76.4,,,
2024/04/06,6:08 PM.,TEX,HOU,away,Roof Closed.,74,592351,DH,4,1,2,0,0,0,0,0,1,1,0,.250,.325,.444,.769,592351,jongray,"Gray, Jn",Right,Jon Gray,TEX,4.47,4.65,102.2,103.0,85.0,98.0,0.777,7.54,2.45,9.38,0.96,0.98,0.228,0.412,0.145,0.366,0.457,72.0,100.0,94.0,73.0,103.0,91.0,,,,97.0,105.0,105.0,,,,,0.444,,0.439,0.071,-0.71,,,0.77,-1.39,94.9,,88.7,,88.6,0.311,0.443,0.15,,,,,,,0.257,0.543,0.19,,,,0.213,0.344,0.334,97.0,97.0,102.0,0.046,-0.7,78.9,0.333,0.333,0.267,,,,,,,,,,,,,,,,,,,,,,,,
2024/04/05,7:07 PM.,TEX,HOU,away,Cloudy.,83,674003,DH,3,0,0,0,0,0,0,0,0,1,1,.219,.286,.438,.724,674003,codybradford,Bradford,Left,Cody Bradford,TEX,3.54,3.54,76.1,105.0,94.0,100.0,0.793,8.25,1.53,7.55,1.18,0.82,0.263,0.357,0.138,0.304,0.427,105.0,104.0,109.0,94.0,105.0,93.0,,,,49.0,114.0,107.0,70.0,112.0,85.0,,0.523,0.007,0.07,0.273,1.75,-3.68,,-0.79,0.86,89.8,86.4,80.9,,82.7,0.185,0.344,0.213,,,,,,,0.21,0.333,0.338,,,,0.32,0.48,0.182,96.0,103.0,104.0,0.128,-2.32,74.9,0.306,0.556,0.129,,,,,,,,,,,,,,,,,,,,,,,,
2024/04/03,7:12 PM.,TOR,HOU,home,Roof Closed.,73,605135,DH,5,2,4,1,0,2,3,0,0,0,0,.241,.313,.483,.796,605135,chrisbassitt,Bassitt,Right,Chris Bassitt,TOR,4.16,4.52,171.0,98.0,94.0,96.0,0.805,8.84,3.68,9.47,0.95,1.14,0.27,0.365,0.177,0.331,0.437,75.0,87.0,84.0,64.0,103.0,94.0,96.0,101.0,97.0,120.0,96.0,106.0,79.0,101.0,91.0,0.407,0.045,0.197,0.118,0.053,-1.6,0.44,-0.08,-0.88,-2.29,92.6,89.6,84.5,92.5,77.2,0.242,0.394,0.25,0.188,0.316,0.268,0.154,0.231,0.458,0.321,0.607,0.158,0.327,0.423,0.128,0.375,0.781,0.096,101.0,91.0,102.0,0.137,-0.09,71.0,0.221,0.351,0.292,87.0,90.0,86.0,0.043,-2.64,84.1,0.303,0.364,0.167,,,,,,,,,,,,,,,
2024/04/02,7:13 PM.,TOR,HOU,home,Roof Closed.,73,621244,LF,4,0,1,0,0,0,0,0,0,0,2,.125,.222,.125,.347,621244,joseberrios,Berríos,Right,José Berríos,TOR,3.6,4.74,192.1,103.0,92.0,99.0,0.808,7.16,2.53,7.86,1.45,1.17,0.257,0.421,0.15,0.352,0.414,86.0,104.0,101.0,82.0,99.0,92.0,85.0,103.0,95.0,,,,84.0,108.0,99.0,0.337,0.183,0.035,,0.16,-1.26,-1.83,1.02,,0.88,94.1,91.4,84.8,93.4,,0.305,0.558,0.189,0.36,0.48,0.123,,,,0.171,0.364,0.269,0.268,0.366,0.125,,,,111.0,102.0,106.0,0.286,0.28,83.2,,,,,,,,,,,,,0.188,0.404,0.31,,,,,,,,,,,,
2024/04/01,7:11 PM.,TOR,HOU,home,Roof Closed.,73,670102,DH,3,1,0,0,0,0,0,0,1,1,1,.100,.217,.100,.317,670102,bowdenfrancis,Francis,Right,Bowden Francis,TOR,3.3,3.39,103.2,102.0,97.0,104.0,0.8,7.99,1.91,6.42,1.48,0.74,0.247,0.498,0.171,0.341,0.465,,,,94.0,106.0,107.0,79.0,96.0,85.0,96.0,92.0,92.0,,,,0.029,0.513,,0.092,,2.21,,1.45,-1.47,,92.9,,,90.3,81.7,0.174,0.371,0.185,,,,,,,,,,0.182,0.455,0.067,0.25,0.583,0.436,99.0,94.0,100.0,0.182,-1.71,73.5,0.308,0.558,0.243,109.0,105.0,110.0,0.184,1.44,83.8,0.169,0.169,0.225,,,,,,,,,,,,,,,
2024/03/31,1:10 PM.,NYY,HOU,home,Roof Closed.,73,657376,DH,5,0,0,0,0,0,0,0,0,1,4,.118,.211,.118,.329,657376,clarkeschmidt,Schmidt,Right,Clarke Schmidt,NYY,2.85,3.78,85.1,98.0,116.0,100.0,0.724,9.81,3.16,7.49,0.84,1.01,0.271,0.407,0.208,0.281,0.401,36.0,89.0,96.0,,,,83.0,94.0,85.0,136.0,94.0,102.0,106.0,102.0,100.0,0.21,,0.35,0.252,0.006,,0.53,-0.75,1.21,-13.05,,92.4,87.1,94.3,85.2,,,,0.256,0.38,0.322,0.21,0.323,0.297,0.667,1.0,0.0,0.267,0.483,0.203,,,,,,,,,,0.143,0.19,0.33,,,,,,,,,,,,,150.0,102.0,113.0,0.182,0.89,83.8,,,,,,
2024/03/30,6:16 PM.,NYY,HOU,home,Roof Closed.,73,573186,LF,3,0,0,0,0,0,0,0,1,0,1,.167,.286,.167,.453,573186,marcusstroman,Stroman,Right,Marcus Stroman,NYY,4.31,4.94,154.2,96.0,92.0,94.0,0.82,6.58,3.49,9.72,1.11,1.6,0.207,0.4,0.148,0.325,0.359,,,,48.0,88.0,79.0,90.0,94.0,90.0,93.0,102.0,102.0,106.0,101.0,99.0,0.351,0.032,0.182,0.16,,-4.01,-0.26,-0.03,-2.37,,89.9,88.1,,90.0,85.3,0.455,0.636,0.259,0.296,0.519,0.187,,,,,,,0.306,0.466,0.12,0.258,0.386,0.272,94.0,89.0,94.0,0.165,-0.03,81.3,0.0,0.0,0.265,82.0,99.0,93.0,0.111,-0.31,83.3,0.235,0.309,0.241,0.309,0.515,0.313,,,,,,,,,,,,
2024/03/29,7:11 PM.,NYY,HOU,home,Roof Closed.,73,607074,DH,4,0,0,0,0,0,0,0,1,1,4,.222,.300,.222,.522,607074,carlosrodon,Rodón,Left,Carlos Rodón,NYY,3.96,4.14,175.0,97.0,122.0,103.0,0.716,10.03,2.93,8.07,1.59,0.69,0.257,0.399,0.143,0.329,0.396,129.0,92.0,106.0,114.0,98.0,101.0,,,,144.0,104.0,113.0,100.0,83.0,82.0,,0.494,0.035,0.26,0.129,0.05,-3.11,,-0.4,1.44,95.4,91.8,85.5,,86.8,0.262,0.514,0.214,0.353,0.647,0.255,,,,0.188,0.247,0.495,,,,0.199,0.361,0.393,103.0,86.0,93.0,0.083,-1.32,81.0,0.281,0.531,0.276,,,,,,,,,,,,,,,,,,,,,,,,
2024/03/28,3:13 PM.,NYY,HOU,home,Roof Closed.,73,641482,DH,5,1,2,0,0,0,0,0,0,0,1,.400,.400,.400,.800,641482,nestorcortes,Cortes,Left,Nestor Cortes,NYY,3.77,3.62,174.1,101.0,101.0,101.0,0.79,8.36,2.01,8.36,1.24,0.64,0.253,0.37,0.164,0.317,0.432,86.0,102.0,94.0,99.0,103.0,100.0,86.0,116.0,113.0,99.0,98.0,101.0,109.0,100.0,102.0,0.014,0.442,0.28,0.168,0.097,0.25,1.32,1.37,-1.27,-0.89,92.1,87.5,83.6,90.3,78.2,0.235,0.443,0.215,0.249,0.378,0.251,0.284,0.511,0.25,0.226,0.369,0.326,0.143,0.143,0.316,0.364,0.727,0.167,,,,,,,,,,,,,,,,,,,,,,,,,,,,,,,,,
