date,time,opponent,team,location,weather,temp,opposingPitcherId,position,ab,r,h,doubles,triples,hr,rbi,sb,bb,k,lob,avg,obp,slg,ops,id,fullName,boxscoreName,PitchingHand,PlayerName,Team,ERA,xERA,IP,Location+,Stuff+,Pitching+,Contact%,K/9,BB/9,H/9,HR/9,GB/FB,Oppo%,Pull%,Soft%,Hard%,Zone%,Stf+ CH,Loc+ CH,Pit+ CH,Stf+ FA,Loc+ FA,Pit+ FA,Stf+ SI,Loc+ SI,Pit+ SI,Stf+ SL,Loc+ SL,Pit+ SL,SI%,FA%,SL%,CH%,wFA/C,wSI/C,wSL/C,wCH/C,vFA,vCH,vSI,vSL,SL_ba,SL_slg,SL_whiff,FF_ba,FF_slg,FF_whiff,SI_ba,SI_slg,SI_whiff,CH_ba,CH_slg,CH_whiff,Stf+ FC,Loc+ FC,Pit+ FC,FC%,wFC/C,vFC,FC_ba,FC_slg,FC_whiff,ST_ba,ST_slg,ST_whiff,Stf+ CU,Loc+ CU,Pit+ CU,CU%,wCU/C,vCU,CU_ba,CU_slg,CU_whiff,Stf+ FS,Loc+ FS,Pit+ FS,FS%,wFS/C,vFS,FS_ba,FS_slg,FS_whiff,Stf+ KC,Loc+ KC,Pit+ KC,FO%,KC%,wFO/C,wKC/C,vFO,vKC,SV_ba,SV_slg,SV_whiff,vSC (sc),SC%,wSC/C,SC_ba,SC_slg,SC_whiff,vKN (sc),KN%,wKN/C
2024/10/10,6:08 PM.,CLE,DET,home,Clear.,61,676440,3B,2,1,1,0,0,1,1,0,1,0,2,.429,.556,1.143,1.699,676440,tannerbibee,Bibee,Right,Tanner Bibee,CLE,3.47,3.78,173.2,103.0,99.0,104.0,0.76,9.69,2.28,7.77,1.14,0.78,0.285,0.408,0.153,0.297,0.445,82.0,100.0,108.0,92.0,103.0,98.0,89.0,64.0,93.0,113.0,102.0,109.0,0.003,0.434,0.278,0.18,-0.69,-1.41,1.74,0.13,94.6,82.5,93.9,86.2,0.196,0.411,0.299,0.282,0.476,0.213,,,,0.238,0.431,0.291,,,,,,,0.141,0.225,0.368,,,,119.0,109.0,112.0,0.105,-0.9,81.3,0.208,0.458,0.184,,,,,,,,,,,,,,,,,,,,,,,,,,,,,,
2024/10/07,4:09 PM.,CLE,DET,away,Partly Cloudy.,61,571510,2B,0,0,0,0,0,0,0,0,0,0,0,.400,.400,.800,1.200,571510,matthewboyd,Boyd,Left,Matthew Boyd,CLE,2.72,3.1,39.2,102.0,75.0,95.0,0.715,10.44,2.95,7.26,0.91,0.66,0.286,0.324,0.21,0.295,0.411,83.0,105.0,100.0,66.0,100.0,91.0,78.0,101.0,90.0,74.0,101.0,98.0,0.102,0.383,0.173,0.262,1.47,-2.47,1.14,0.04,92.0,80.9,91.8,79.5,0.148,0.222,0.449,0.15,0.25,0.246,0.32,0.64,0.071,0.261,0.37,0.352,,,,,,,,,,,,,85.0,100.0,98.0,0.081,1.41,74.1,0.167,0.25,0.474,,,,,,,,,,,,,,,,,,,,,,,,,,,,,,
2024/10/05,1:09 PM.,CLE,DET,away,Sunny.,68,676440,3B,2,0,1,1,0,0,0,0,0,0,1,.400,.400,.800,1.200,676440,tannerbibee,Bibee,Right,Tanner Bibee,CLE,3.47,3.78,173.2,103.0,99.0,104.0,0.76,9.69,2.28,7.77,1.14,0.78,0.285,0.408,0.153,0.297,0.445,82.0,100.0,108.0,92.0,103.0,98.0,89.0,64.0,93.0,113.0,102.0,109.0,0.003,0.434,0.278,0.18,-0.69,-1.41,1.74,0.13,94.6,82.5,93.9,86.2,0.196,0.411,0.299,0.282,0.476,0.213,,,,0.238,0.431,0.291,,,,,,,0.141,0.225,0.368,,,,119.0,109.0,112.0,0.105,-0.9,81.3,0.208,0.458,0.184,,,,,,,,,,,,,,,,,,,,,,,,,,,,,,
2024/10/02,1:33 PM.,HOU,DET,away,Roof Closed.,73,686613,3B,3,0,1,1,0,0,0,0,0,0,0,.333,.333,.667,1.000,686613,hunterbrown,"Brown, H",Right,Hunter Brown,HOU,3.49,3.31,170.0,101.0,103.0,101.0,0.778,9.48,3.18,8.26,0.95,1.61,0.271,0.35,0.192,0.218,0.421,84.0,101.0,102.0,110.0,101.0,102.0,93.0,102.0,98.0,110.0,103.0,107.0,0.182,0.347,0.051,0.126,0.16,0.92,1.7,0.95,96.0,88.4,95.6,89.1,0.2,0.2,0.236,0.244,0.413,0.288,0.275,0.321,0.161,0.221,0.26,0.296,90.0,103.0,101.0,0.17,0.14,92.4,0.23,0.363,0.216,,,,,,,,,,0.237,0.421,0.305,,,,,,,,,,127.0,100.0,106.0,,0.125,,-0.79,,82.9,,,,,,,,,,,,
2024/10/01,1:34 PM.,HOU,DET,away,Roof Closed.,73,664285,2B,0,0,0,0,0,0,0,0,0,0,0,.000,.000,.000,.000,664285,frambervaldez,"Valdez, F",Left,Framber Valdez,HOU,2.91,3.41,176.1,97.0,114.0,102.0,0.744,8.63,2.81,7.15,0.66,3.02,0.205,0.416,0.129,0.321,0.425,130.0,96.0,104.0,60.0,102.0,94.0,98.0,99.0,97.0,107.0,102.0,110.0,0.458,0.012,0.043,0.175,-4.64,1.46,-0.2,0.62,94.5,89.9,94.1,85.1,0.233,0.467,0.383,0.4,1.0,0.273,0.276,0.399,0.116,0.226,0.278,0.354,,,,,,,,,,,,,129.0,96.0,108.0,0.313,1.59,79.7,0.121,0.187,0.398,,,,,,,,,,,,,,,,,,,,,,,,,,,,,,
2024/09/29,3:12 PM.,CWS,DET,home,Overcast.,72,686563,PH,1,0,0,0,0,0,0,0,0,0,0,.215,.277,.337,.614,686563,jonathancannon,Cannon,Right,Jonathan Cannon,CHW,4.49,4.37,124.1,101.0,92.0,99.0,0.806,6.59,2.9,9.05,1.3,0.96,0.223,0.389,0.171,0.29,0.394,95.0,105.0,106.0,73.0,104.0,97.0,86.0,100.0,93.0,117.0,100.0,107.0,0.28,0.123,0.218,0.187,-1.13,0.44,-1.39,-0.22,94.3,85.7,93.3,81.9,,,,0.25,0.411,0.252,0.287,0.449,0.132,0.248,0.394,0.269,79.0,101.0,93.0,0.192,0.39,90.2,0.263,0.45,0.191,0.255,0.489,0.282,,,,,,,,,,,,,,,,,,,,,,,,,,,,,,,,,,,,,,,
2024/09/28,3:30 PM.,CWS,DET,home,Drizzle.,70,680732,RF,3,0,0,0,0,0,0,0,0,0,2,.216,.278,.338,.616,680732,seanburke,"Burke, S",Right,Sean Burke,CHW,1.42,3.83,19.0,100.0,106.0,105.0,0.739,10.42,3.32,5.68,0.95,0.79,0.34,0.404,0.17,0.34,0.414,125.0,79.0,88.0,111.0,101.0,109.0,,,,96.0,92.0,101.0,,0.405,0.285,0.061,1.08,,-0.72,2.3,95.3,84.6,,86.9,0.25,0.375,0.432,0.172,0.448,0.236,,,,0.0,0.0,0.4,,,,,,,,,,,,,105.0,113.0,110.0,0.249,1.87,79.7,0.077,0.077,0.188,,,,,,,,,,,,,,,,,,,,,,,,,,,,,,
2024/09/26,1:10 PM.,TB,DET,home,Cloudy.,72,641302,3B,1,0,0,0,0,0,0,0,0,0,0,.218,.280,.341,.621,641302,tyleralexander,"Alexander, T",Left,Tyler Alexander,TBR,5.1,4.68,107.2,106.0,94.0,104.0,0.815,7.52,2.01,9.2,1.92,0.62,0.28,0.372,0.155,0.351,0.441,102.0,103.0,103.0,85.0,110.0,103.0,61.0,113.0,105.0,114.0,107.0,109.0,0.131,0.223,0.191,0.137,-0.2,-1.02,1.43,-2.94,89.6,81.3,89.7,77.8,,,,0.232,0.495,0.244,0.288,0.492,0.109,0.339,0.5,0.181,98.0,101.0,99.0,0.318,-0.5,85.0,0.265,0.549,0.216,0.227,0.364,0.188,,,,,,,,,,,,,,,,,,,,,,,,,,,,,,,,,,,,,,,
2024/09/25,6:40 PM.,TB,DET,home,Cloudy.,75,641793,2B,1,1,1,0,0,0,0,0,0,0,0,.219,.281,.342,.623,641793,zacklittell,Littell,Right,Zack Littell,TBR,3.63,4.34,156.1,104.0,81.0,99.0,0.785,8.12,1.78,9.44,1.27,0.8,0.218,0.414,0.14,0.293,0.453,,,,54.0,110.0,91.0,67.0,103.0,91.0,102.0,99.0,98.0,0.148,0.221,0.399,,0.58,-0.6,0.45,,92.4,,91.6,85.7,0.257,0.427,0.227,0.245,0.358,0.191,0.265,0.439,0.141,,,,,,,,,,,,,0.406,0.594,0.115,,,,,,,,,,104.0,106.0,112.0,0.232,-0.84,83.0,0.258,0.423,0.344,,,,,,,,,,,,,,,,,,,,,
2024/09/24,1:59 PM.,TB,DET,home,Overcast.,68,686752,3B,3,0,0,0,0,0,0,0,0,0,0,.216,.279,.340,.619,686752,ryanpepiot,Pepiot,Right,Ryan Pepiot,TBR,3.6,3.64,130.0,99.0,116.0,106.0,0.73,9.83,3.32,7.06,1.18,0.77,0.276,0.405,0.17,0.308,0.422,118.0,105.0,117.0,115.0,98.0,102.0,,,,119.0,95.0,106.0,,0.506,0.173,0.235,1.07,,0.51,-0.47,94.9,85.8,,89.0,0.267,0.407,0.317,0.181,0.33,0.316,,,,0.216,0.353,0.286,100.0,103.0,100.0,0.06,-0.88,91.6,0.276,0.586,0.141,,,,140.0,75.0,84.0,0.027,-1.47,80.6,0.167,0.167,0.5,,,,,,,,,,,,,,,,,,,,,,,,,,,,,,
2024/09/22,1:37 PM.,BAL,DET,away,Cloudy.,75,544150,3B,0,0,0,0,0,0,0,0,1,0,0,.219,.282,.344,.626,544150,albertsuarez,"Suárez, A",Right,Albert Suárez,BAL,3.7,4.05,133.2,100.0,89.0,97.0,0.786,7.27,2.9,8.75,1.14,0.8,0.241,0.426,0.136,0.304,0.391,99.0,100.0,106.0,90.0,101.0,96.0,,,,,,,,0.5,,0.172,-0.36,,,-0.5,94.8,86.1,,,,,,0.276,0.469,0.228,,,,0.274,0.434,0.228,74.0,99.0,92.0,0.195,0.73,86.3,0.24,0.365,0.308,,,,94.0,99.0,98.0,0.132,0.41,79.0,0.174,0.348,0.252,,,,,,,,,,,,,,,,,,,,,,,,,,,,,,
2024/09/21,4:06 PM.,BAL,DET,away,Partly Cloudy.,79,700249,2B,0,0,0,0,0,0,1,0,0,0,0,.219,.279,.344,.623,700249,cadepovich,Povich,Left,Cade Povich,BAL,5.2,4.11,79.2,99.0,87.0,97.0,0.788,7.79,3.84,9.04,1.36,0.75,0.22,0.447,0.179,0.289,0.454,63.0,101.0,95.0,81.0,97.0,93.0,80.0,98.0,90.0,113.0,107.0,108.0,0.084,0.407,0.13,0.109,0.56,0.86,-0.43,-2.05,92.4,86.1,91.5,82.6,,,,0.223,0.379,0.185,0.2,0.24,0.103,0.25,0.542,0.235,97.0,94.0,94.0,0.075,-3.12,88.3,0.333,0.81,0.288,0.232,0.411,0.276,93.0,101.0,104.0,0.196,-2.26,76.3,0.333,0.517,0.269,,,,,,,,,,,,,,,,,,,,,,,,,,,,,,
2024/09/20,7:07 PM.,BAL,DET,away,Clear.,81,669203,3B,4,0,0,0,0,0,0,0,0,1,2,.219,.280,.344,.624,669203,corbinburnes,Burnes,Right,Corbin Burnes,BAL,2.92,3.34,194.1,103.0,120.0,107.0,0.735,8.38,2.22,7.64,1.02,1.4,0.21,0.425,0.19,0.289,0.399,110.0,98.0,103.0,,,,104.0,95.0,89.0,133.0,105.0,120.0,0.078,,0.146,0.11,,-0.5,0.7,0.2,,89.2,97.0,87.2,0.196,0.268,0.463,,,,0.235,0.412,0.157,0.194,0.339,0.377,125.0,105.0,108.0,0.45,1.37,95.3,0.251,0.362,0.19,0.125,0.5,0.457,109.0,101.0,106.0,0.215,0.44,80.3,0.2,0.326,0.378,,,,,,,,,,,,,,,,,,,,,,,,,,,,,,
2024/09/18,6:40 PM.,KC,DET,away,Clear.,86,679525,3B,3,1,0,0,0,0,0,0,1,1,3,.222,.284,.349,.633,679525,alecmarsh,Marsh,Right,Alec Marsh,KCR,4.53,4.97,129.0,99.0,100.0,99.0,0.789,8.58,2.72,8.58,1.33,0.92,0.249,0.42,0.182,0.329,0.429,88.0,95.0,94.0,93.0,98.0,95.0,98.0,99.0,97.0,117.0,99.0,107.0,0.138,0.37,0.228,0.1,0.34,-1.16,-0.57,0.84,94.2,86.3,93.6,86.5,0.29,0.462,0.294,0.208,0.383,0.223,0.317,0.524,0.099,0.204,0.296,0.177,,,,,,,,,,0.2,0.433,0.464,103.0,105.0,103.0,0.164,-1.2,82.8,0.263,0.5,0.274,,,,,,,,,,,,,,,,,,,,,,,,,,,,,,
2024/09/17,6:40 PM.,KC,DET,away,Clear.,86,666142,2B,1,0,0,0,0,0,0,0,0,0,1,.224,.284,.352,.636,666142,coleragans,Ragans,Left,Cole Ragans,KCR,3.14,3.31,186.1,100.0,108.0,104.0,0.705,10.77,3.24,7.05,0.72,1.01,0.281,0.395,0.176,0.3,0.409,114.0,98.0,103.0,105.0,101.0,106.0,,,,132.0,106.0,114.0,,0.418,0.128,0.237,0.85,,-0.34,1.43,95.4,84.8,,86.0,0.21,0.305,0.337,0.213,0.361,0.231,,,,0.183,0.28,0.478,88.0,94.0,91.0,0.113,0.26,90.7,0.348,0.455,0.228,,,,,,,,,,0.14,0.256,0.352,,,,,,,,,,101.0,97.0,101.0,,0.104,,0.9,,80.8,,,,,,,,,,,,
2024/09/16,6:40 PM.,KC,DET,away,Partly Cloudy.,86,607625,SS,5,1,2,1,1,0,0,1,0,0,1,.225,.285,.354,.639,607625,sethlugo,"Lugo, S",Right,Seth Lugo,KCR,3.0,3.75,206.2,101.0,97.0,100.0,0.795,7.88,2.09,7.71,0.7,1.2,0.212,0.386,0.156,0.303,0.43,93.0,100.0,98.0,75.0,103.0,95.0,68.0,101.0,92.0,125.0,97.0,105.0,0.185,0.24,0.135,0.069,0.7,0.65,-0.67,0.08,92.2,87.4,92.1,85.2,0.213,0.387,0.2,0.234,0.392,0.176,0.274,0.381,0.129,0.208,0.333,0.291,97.0,103.0,103.0,0.082,2.86,90.1,0.228,0.228,0.23,0.375,0.75,0.109,126.0,100.0,110.0,0.262,1.44,79.4,0.178,0.271,0.339,93.0,107.0,106.0,0.026,0.07,85.7,0.105,0.421,0.351,,,,,,,,,,0.215,0.28,0.285,,,,,,,,,
2024/09/15,12:10 PM.,BAL,DET,home,Sunny.,81,700249,3B,0,0,0,0,0,0,0,0,0,0,0,.222,.283,.342,.625,700249,cadepovich,Povich,Left,Cade Povich,BAL,5.2,4.11,79.2,99.0,87.0,97.0,0.788,7.79,3.84,9.04,1.36,0.75,0.22,0.447,0.179,0.289,0.454,63.0,101.0,95.0,81.0,97.0,93.0,80.0,98.0,90.0,113.0,107.0,108.0,0.084,0.407,0.13,0.109,0.56,0.86,-0.43,-2.05,92.4,86.1,91.5,82.6,,,,0.223,0.379,0.185,0.2,0.24,0.103,0.25,0.542,0.235,97.0,94.0,94.0,0.075,-3.12,88.3,0.333,0.81,0.288,0.232,0.411,0.276,93.0,101.0,104.0,0.196,-2.26,76.3,0.333,0.517,0.269,,,,,,,,,,,,,,,,,,,,,,,,,,,,,,
2024/09/14,6:10 PM.,BAL,DET,home,Clear.,81,669203,PH,1,0,0,0,0,0,0,0,0,0,2,.222,.283,.342,.625,669203,corbinburnes,Burnes,Right,Corbin Burnes,BAL,2.92,3.34,194.1,103.0,120.0,107.0,0.735,8.38,2.22,7.64,1.02,1.4,0.21,0.425,0.19,0.289,0.399,110.0,98.0,103.0,,,,104.0,95.0,89.0,133.0,105.0,120.0,0.078,,0.146,0.11,,-0.5,0.7,0.2,,89.2,97.0,87.2,0.196,0.268,0.463,,,,0.235,0.412,0.157,0.194,0.339,0.377,125.0,105.0,108.0,0.45,1.37,95.3,0.251,0.362,0.19,0.125,0.5,0.457,109.0,101.0,106.0,0.215,0.44,80.3,0.2,0.326,0.378,,,,,,,,,,,,,,,,,,,,,,,,,,,,,,
2024/09/13,6:41 PM.,BAL,DET,home,Clear.,81,621107,DH,0,0,0,0,0,0,0,1,1,0,0,.223,.284,.343,.627,621107,zacheflin,Eflin,Right,Zach Eflin,- - -,3.59,3.67,165.1,107.0,92.0,103.0,0.808,7.29,1.31,9.04,1.2,1.14,0.235,0.446,0.174,0.323,0.45,87.0,101.0,103.0,61.0,105.0,94.0,91.0,109.0,105.0,122.0,107.0,113.0,0.282,0.09,0.097,0.061,-0.64,0.0,0.46,0.21,92.4,85.6,91.7,79.7,,,,0.236,0.418,0.248,0.293,0.404,0.133,0.188,0.354,0.105,85.0,105.0,98.0,0.282,1.54,88.2,0.214,0.345,0.223,0.236,0.473,0.203,108.0,112.0,108.0,0.188,-1.27,78.8,0.291,0.472,0.333,,,,,,,,,,,,,,,,,,,,,,,,,,,,,,
2024/09/12,1:10 PM.,COL,DET,home,Sunny.,82,663372,3B,4,0,0,0,0,0,0,0,0,2,4,.223,.282,.343,.625,663372,ryanfeltner,Feltner,Right,Ryan Feltner,COL,4.49,4.31,162.1,100.0,97.0,99.0,0.781,7.65,2.88,9.15,1.11,1.28,0.226,0.394,0.158,0.327,0.452,117.0,95.0,102.0,81.0,102.0,96.0,93.0,93.0,89.0,109.0,99.0,104.0,0.128,0.37,0.254,0.147,0.63,-0.45,-0.87,-1.02,94.6,85.2,94.2,87.4,0.355,0.523,0.226,0.24,0.376,0.177,0.299,0.403,0.159,0.299,0.485,0.394,,,,,,,,,,0.156,0.375,0.35,108.0,107.0,113.0,0.101,1.28,79.2,0.164,0.26,0.248,,,,,,,,,,,,,,,,,,,,,,,,,,,,,,
2024/09/11,6:40 PM.,COL,DET,home,Clear.,82,685299,3B,1,0,0,0,0,0,0,0,0,0,2,.226,.286,.348,.634,685299,tannergordon,Gordon,Right,Tanner Gordon,COL,8.65,5.94,34.1,108.0,86.0,100.0,0.834,6.82,1.57,13.89,2.62,0.94,0.232,0.448,0.12,0.328,0.479,83.0,107.0,103.0,74.0,108.0,100.0,101.0,114.0,106.0,100.0,111.0,102.0,0.01,0.488,0.267,0.191,-1.03,6.83,-2.41,-4.31,92.0,83.9,93.3,85.2,0.324,0.618,0.284,0.338,0.574,0.119,,,,0.371,0.743,0.234,,,,,,,,,,,,,83.0,118.0,93.0,0.044,-15.33,80.4,0.545,1.091,0.2,,,,,,,,,,,,,,,,,,,,,,,,,,,,,,
2024/09/10,6:40 PM.,COL,DET,home,Clear.,77,687134,RF,1,0,0,0,0,0,0,0,0,0,0,.227,.287,.349,.636,687134,bradleyblalock,Blalock,Right,Bradley Blalock,- - -,5.87,6.58,30.2,95.0,90.0,93.0,0.821,5.87,5.87,10.27,1.17,0.89,0.179,0.387,0.142,0.434,0.426,,,,78.0,91.0,86.0,,,,123.0,100.0,103.0,,0.474,0.204,,-1.33,,1.78,,93.5,,,85.3,0.156,0.219,0.283,0.321,0.5,0.153,,,,,,,85.0,93.0,94.0,0.038,-4.12,88.8,,,,,,,103.0,110.0,109.0,0.115,-0.99,79.4,0.188,0.5,0.167,75.0,84.0,87.0,0.168,-2.77,85.2,0.4,0.7,0.314,,,,,,,,,,,,,,,,,,,,,
2024/09/08,1:08 PM.,OAK,DET,away,Sunny.,76,669372,LF,5,0,1,0,0,0,0,0,0,1,1,.228,.288,.351,.639,669372,jtginn,Ginn,Right,J.T. Ginn,OAK,4.24,4.59,34.0,100.0,100.0,99.0,0.738,7.68,2.38,9.53,1.06,1.45,0.245,0.431,0.137,0.284,0.429,93.0,96.0,97.0,72.0,76.0,78.0,100.0,102.0,99.0,107.0,102.0,103.0,0.511,0.035,0.309,0.146,1.23,-0.98,2.3,-0.36,92.2,87.0,92.9,85.3,0.158,0.237,0.355,0.0,0.0,0.333,0.319,0.472,0.205,0.389,0.556,0.375,,,,,,,,,,,,,,,,,,,,,,,,,,,,,,,,,,,,,,,,,,,,,,,,,,,
2024/09/07,1:07 PM.,OAK,DET,away,Sunny.,74,669620,SS,2,0,0,0,0,0,0,0,0,0,0,.228,.289,.354,.643,669620,bradybasso,Basso,Left,Brady Basso,OAK,4.03,3.46,22.1,104.0,82.0,98.0,0.765,7.66,2.01,9.27,1.21,1.07,0.275,0.406,0.145,0.333,0.443,77.0,96.0,84.0,77.0,100.0,95.0,43.0,110.0,99.0,,,,0.023,0.469,,0.123,2.37,-1.21,,-3.63,92.2,86.4,92.0,,,,,0.225,0.325,0.165,,,,0.357,0.571,0.227,102.0,107.0,103.0,0.18,-2.37,88.1,0.385,0.615,0.308,,,,79.0,112.0,110.0,0.206,1.0,76.4,0.2,0.2,0.385,,,,,,,,,,,,,,,,,,,,,,,,,,,,,,
2024/09/06,6:41 PM.,OAK,DET,away,Clear.,73,687765,3B,4,0,2,0,0,0,0,0,2,0,1,.230,.291,.356,.647,687765,mitchspence,Spence,Right,Mitch Spence,OAK,4.58,4.14,151.1,103.0,100.0,101.0,0.792,7.49,2.62,9.81,1.19,1.4,0.179,0.472,0.137,0.309,0.406,74.0,86.0,83.0,,,,40.0,97.0,84.0,121.0,105.0,109.0,0.146,,0.326,0.011,,-1.41,0.01,-7.88,,88.4,91.9,84.3,0.278,0.493,0.276,,,,0.338,0.403,0.16,0.571,0.857,0.0,99.0,100.0,96.0,0.396,-0.41,90.7,0.278,0.472,0.176,,,,118.0,117.0,117.0,0.121,-0.82,80.4,0.196,0.351,0.31,,,,,,,,,,,,,,,,,,,,,,,,,,,,,,
2024/09/04,6:42 PM.,SD,DET,away,Clear.,80,506433,PH,1,0,0,0,0,0,0,0,0,0,0,.226,.283,.354,.637,506433,yudarvish,Darvish,Right,Yu Darvish,SDP,3.31,3.62,81.2,102.0,101.0,102.0,0.755,8.6,2.42,7.16,1.32,0.89,0.171,0.504,0.154,0.325,0.467,,,,97.0,104.0,102.0,88.0,104.0,98.0,118.0,100.0,106.0,0.168,0.19,0.371,,-0.19,-0.28,0.6,,94.0,,93.6,84.4,0.269,0.478,0.286,0.21,0.403,0.151,0.255,0.473,0.176,,,,80.0,103.0,97.0,0.044,2.98,90.6,0.0,0.0,0.346,0.214,0.333,0.261,85.0,94.0,102.0,0.086,0.49,73.8,0.162,0.243,0.364,110.0,99.0,99.0,0.09,0.68,87.9,0.167,0.333,0.328,89.0,114.0,112.0,,0.051,,2.13,,78.7,,,,,,,,,,,,
2024/09/01,1:41 PM.,BOS,DET,home,Partly Cloudy.,80,681867,2B,2,0,0,0,0,0,0,0,0,0,0,.227,.284,.355,.639,681867,coopercriswell,Criswell,Right,Cooper Criswell,BOS,4.08,4.31,99.1,102.0,100.0,99.0,0.848,6.61,2.81,9.33,0.91,1.51,0.208,0.486,0.153,0.358,0.41,99.0,103.0,102.0,,,,102.0,108.0,100.0,110.0,95.0,99.0,0.297,,0.288,0.261,,0.48,-1.92,0.55,,84.4,89.1,77.1,0.429,0.857,0.154,,,,0.33,0.511,0.073,0.256,0.338,0.171,79.0,103.0,93.0,0.154,0.64,86.4,0.163,0.306,0.294,0.287,0.479,0.207,,,,,,,,,,,,,,,,,,,,,,,,,,,,,,,,,,,,,,,
2024/08/31,6:10 PM.,BOS,DET,home,Partly Cloudy.,85,601713,2B,3,1,1,1,0,0,0,0,0,0,1,.228,.284,.358,.642,601713,nickpivetta,Pivetta,Right,Nick Pivetta,BOS,4.14,3.51,145.2,104.0,133.0,108.0,0.775,10.63,2.22,7.91,1.73,0.69,0.238,0.42,0.142,0.378,0.449,,,,122.0,105.0,108.0,,,,155.0,103.0,111.0,,0.486,0.291,,0.73,,-0.1,,93.9,,,82.6,0.143,0.393,0.326,0.239,0.399,0.218,,,,,,,104.0,96.0,82.0,0.059,-4.63,88.3,0.394,0.879,0.211,0.224,0.436,0.35,118.0,104.0,104.0,0.163,0.61,80.0,0.167,0.4,0.206,,,,,,,,,,,,,,,,,,,,,,,,,,,,,,
2024/08/30,6:40 PM.,BOS,DET,home,Clear.,91,656557,SS,4,1,2,0,0,0,0,1,0,2,0,.227,.283,.355,.638,656557,tannerhouck,Houck,Right,Tanner Houck,BOS,3.12,4.11,178.2,100.0,108.0,104.0,0.789,7.76,2.42,7.86,0.55,2.34,0.193,0.45,0.126,0.305,0.425,,,,,,,93.0,102.0,97.0,116.0,98.0,108.0,0.324,,0.414,,,0.67,0.54,,,,93.5,83.2,,,,,,,0.27,0.325,0.142,,,,95.0,93.0,93.0,0.015,-0.95,87.1,0.2,0.4,0.235,0.23,0.357,0.302,,,,,,,,,,116.0,103.0,109.0,0.248,1.74,88.4,0.195,0.265,0.208,,,,,,,,,,,,,,,,,,,,,
2024/08/29,1:10 PM.,LAA,DET,home,Overcast.,72,686799,LF,4,0,3,1,0,0,0,0,0,1,1,.223,.280,.352,.632,686799,jackkochanowicz,Kochanowicz,Right,Jack Kochanowicz,LAA,3.99,4.97,65.1,101.0,100.0,102.0,0.867,3.44,1.38,9.37,0.96,2.33,0.202,0.39,0.152,0.35,0.513,74.0,103.0,98.0,87.0,95.0,90.0,99.0,103.0,102.0,,,,0.724,0.062,,0.03,-1.87,0.89,,-3.35,96.3,88.3,95.8,,,,,0.167,0.5,0.364,0.286,0.411,0.121,0.333,0.444,0.067,,,,,,,,,,,,,111.0,95.0,106.0,0.184,-1.06,85.0,0.235,0.412,0.25,,,,,,,,,,,,,,,,,,,,,,,,,,,,,,
2024/08/28,8:30 PM.,LAA,DET,home,Cloudy.,79,656288,RF,3,0,1,0,0,0,0,0,0,0,1,.214,.273,.342,.615,656288,griffincanning,Canning,Right,Griffin Canning,LAA,5.19,4.74,171.2,98.0,88.0,97.0,0.772,6.82,3.46,9.12,1.63,1.04,0.225,0.434,0.128,0.367,0.401,96.0,102.0,102.0,73.0,94.0,86.0,76.0,89.0,78.0,107.0,100.0,110.0,0.01,0.376,0.24,0.267,-0.85,-6.83,-0.91,0.48,93.4,88.6,93.0,87.7,0.284,0.444,0.331,0.251,0.529,0.147,0.429,0.857,0.0,0.259,0.387,0.288,,,,,,,,,,,,,75.0,96.0,96.0,0.107,-0.86,80.6,0.271,0.438,0.241,,,,,,,,,,,,,,,,,,,,,,,,,,,,,,
2024/08/26,7:10 PM.,CWS,DET,away,Clear.,91,663436,LF,2,0,1,0,0,0,0,0,0,0,1,.213,.272,.342,.614,663436,davismartin,Martin,Right,Davis Martin,CHW,4.32,4.02,50.0,99.0,104.0,98.0,0.748,8.46,4.14,9.0,0.9,1.25,0.207,0.455,0.221,0.29,0.406,143.0,103.0,107.0,92.0,95.0,91.0,,,,114.0,108.0,111.0,,0.285,0.268,0.196,-2.03,,1.22,-0.16,93.6,89.3,,83.6,0.121,0.293,0.378,0.389,0.472,0.202,,,,0.34,0.4,0.204,76.0,93.0,84.0,0.175,1.59,89.0,0.206,0.294,0.231,,,,95.0,91.0,93.0,0.076,-2.54,78.4,0.357,0.429,0.348,,,,,,,,,,,,,,,,,,,,,,,,,,,,,,
2024/08/25,1:10 PM.,CWS,DET,away,Sunny.,90,686563,LF,1,1,1,0,0,0,0,2,1,0,0,.210,.270,.340,.610,686563,jonathancannon,Cannon,Right,Jonathan Cannon,CHW,4.49,4.37,124.1,101.0,92.0,99.0,0.806,6.59,2.9,9.05,1.3,0.96,0.223,0.389,0.171,0.29,0.394,95.0,105.0,106.0,73.0,104.0,97.0,86.0,100.0,93.0,117.0,100.0,107.0,0.28,0.123,0.218,0.187,-1.13,0.44,-1.39,-0.22,94.3,85.7,93.3,81.9,,,,0.25,0.411,0.252,0.287,0.449,0.132,0.248,0.394,0.269,79.0,101.0,93.0,0.192,0.39,90.2,0.263,0.45,0.191,0.255,0.489,0.282,,,,,,,,,,,,,,,,,,,,,,,,,,,,,,,,,,,,,,,
2024/08/24,6:10 PM.,CWS,DET,away,Cloudy.,86,681066,2B,5,1,2,0,0,1,2,0,0,0,1,.207,.265,.338,.603,681066,kybush,Bush,Left,Ky Bush,CHW,5.6,5.35,17.2,91.0,81.0,89.0,0.793,5.6,8.15,10.19,1.02,0.81,0.322,0.39,0.119,0.356,0.388,69.0,91.0,89.0,75.0,92.0,87.0,,,,103.0,83.0,88.0,,0.509,0.244,0.098,-3.27,,-0.25,4.54,91.7,85.9,,82.5,0.118,0.294,0.257,0.412,0.647,0.188,,,,0.0,0.0,0.308,,,,,,,,,,,,,76.0,101.0,94.0,0.149,-1.98,73.4,0.364,0.364,0.263,,,,,,,,,,,,,,,,,,,,,,,,,,,,,,
2024/08/23,7:11 PM.,CWS,DET,away,Clear.,80,623167,DH,1,0,1,0,0,0,1,0,0,0,0,.203,.262,.323,.585,623167,chrisflexen,Flexen,Right,Chris Flexen,CHW,4.95,4.71,160.0,97.0,56.0,92.0,0.789,6.92,3.54,10.13,1.35,0.79,0.249,0.41,0.154,0.308,0.373,126.0,99.0,104.0,2.0,93.0,82.0,74.0,108.0,87.0,148.0,102.0,103.0,0.002,0.37,0.087,0.157,-0.64,2.01,-2.65,-1.32,91.3,81.3,91.4,80.0,0.361,0.475,0.271,0.261,0.473,0.132,,,,0.257,0.436,0.379,47.0,101.0,90.0,0.261,-0.75,87.4,0.319,0.536,0.218,,,,83.0,98.0,101.0,0.122,0.43,72.0,0.246,0.393,0.308,,,,,,,,,,,,,,,,,,,,,,,,,,,,,,
2024/08/21,7:05 PM.,CHC,DET,away,Clear.,69,592791,LF,3,1,1,0,0,0,0,1,1,0,1,.199,.259,.320,.579,592791,jamesontaillon,Taillon,Right,Jameson Taillon,CHC,3.27,4.05,165.1,107.0,85.0,102.0,0.823,6.8,1.8,8.38,1.14,0.99,0.223,0.445,0.136,0.328,0.468,78.0,102.0,95.0,66.0,106.0,96.0,74.0,104.0,92.0,104.0,116.0,120.0,0.109,0.296,0.155,0.043,-0.27,1.47,0.65,-2.45,92.3,86.0,92.5,80.4,,,,0.287,0.497,0.147,0.219,0.297,0.085,0.273,0.576,0.148,92.0,103.0,98.0,0.251,2.12,86.5,0.252,0.31,0.191,0.183,0.296,0.317,104.0,111.0,113.0,0.147,-1.04,79.5,0.232,0.424,0.23,,,,,,,,,,,,,,,,,,,,,,,,,,,,,,
2024/08/18,7:11 PM.,NYY,DET,home,Cloudy.,73,573186,PH,1,1,1,0,0,0,1,1,0,0,0,.197,.255,.320,.575,573186,marcusstroman,Stroman,Right,Marcus Stroman,NYY,4.31,4.94,154.2,96.0,92.0,94.0,0.82,6.58,3.49,9.72,1.11,1.6,0.207,0.4,0.148,0.325,0.359,,,,48.0,88.0,79.0,90.0,94.0,90.0,93.0,102.0,102.0,0.351,0.032,0.16,,-4.01,-0.03,-2.37,,89.9,,90.0,85.3,0.258,0.386,0.272,0.455,0.636,0.259,0.306,0.466,0.12,,,,106.0,101.0,99.0,0.182,-0.26,88.1,0.296,0.519,0.187,,,,94.0,89.0,94.0,0.165,-0.03,81.3,0.0,0.0,0.265,82.0,99.0,93.0,0.111,-0.31,83.3,0.235,0.309,0.241,,,,,,,,,,0.309,0.515,0.313,,,,,,,,,
2024/08/17,1:10 PM.,NYY,DET,home,Cloudy.,76,607074,RF,3,1,2,1,0,0,1,0,0,1,0,.194,.252,.317,.569,607074,carlosrodon,Rodón,Left,Carlos Rodón,NYY,3.96,4.14,175.0,97.0,122.0,103.0,0.716,10.03,2.93,8.07,1.59,0.69,0.257,0.399,0.143,0.329,0.396,129.0,92.0,106.0,114.0,98.0,101.0,,,,144.0,104.0,113.0,,0.494,0.26,0.129,0.05,,-0.4,1.44,95.4,85.5,,86.8,0.199,0.361,0.393,0.262,0.514,0.214,,,,0.188,0.247,0.495,100.0,83.0,82.0,0.035,-3.11,91.8,0.353,0.647,0.255,,,,103.0,86.0,93.0,0.083,-1.32,81.0,0.281,0.531,0.276,,,,,,,,,,,,,,,,,,,,,,,,,,,,,,
2024/08/16,6:41 PM.,NYY,DET,home,Partly Cloudy.,80,543037,2B,4,0,0,0,0,0,0,0,0,1,2,.188,.247,.308,.555,543037,gerritcole,Cole,Right,Gerrit Cole,NYY,3.41,3.64,95.0,101.0,111.0,105.0,0.777,9.38,2.75,7.39,1.04,0.88,0.289,0.371,0.18,0.332,0.435,73.0,94.0,90.0,116.0,100.0,104.0,,,,128.0,106.0,112.0,0.002,0.462,0.146,0.04,0.7,17.25,1.25,-3.6,95.9,88.2,93.7,88.2,0.222,0.27,0.264,0.189,0.365,0.234,0.0,0.0,0.143,0.333,0.667,0.28,99.0,102.0,102.0,0.163,-0.7,91.4,0.32,0.56,0.22,,,,,,,,,,0.209,0.239,0.301,,,,,,,,,,102.0,99.0,106.0,,0.187,,2.35,,82.5,,,,,,,,,,,,
2024/08/15,1:10 PM.,SEA,DET,home,Sunny.,80,682243,LF,1,0,0,0,0,0,0,0,0,0,1,.191,.251,.314,.565,682243,brycemiller,"Miller, B",Right,Bryce Miller,SEA,2.94,3.72,180.1,101.0,112.0,105.0,0.774,8.53,2.25,6.54,1.05,0.86,0.249,0.404,0.14,0.318,0.442,,,,124.0,102.0,106.0,100.0,102.0,99.0,122.0,96.0,101.0,0.171,0.423,0.168,,1.53,1.55,-0.21,,95.2,,94.7,84.5,0.243,0.568,0.261,0.184,0.348,0.266,0.248,0.358,0.092,,,,93.0,80.0,85.0,0.023,0.14,92.1,0.25,0.333,0.207,0.24,0.4,0.188,,,,,,,0.231,0.308,0.378,95.0,107.0,111.0,0.171,1.51,84.4,0.148,0.225,0.29,92.0,104.0,111.0,,0.044,,-0.4,,85.0,,,,,,,,,,,,
2024/08/14,6:40 PM.,SEA,DET,home,Clear.,82,693433,SS,4,0,0,0,0,0,0,0,0,3,4,.192,.252,.315,.567,693433,bryanwoo,Woo,Right,Bryan Woo,SEA,2.89,2.72,121.1,107.0,104.0,107.0,0.785,7.49,0.96,7.12,1.04,0.96,0.285,0.344,0.144,0.256,0.499,91.0,104.0,100.0,97.0,109.0,107.0,116.0,109.0,109.0,113.0,101.0,107.0,0.23,0.489,0.187,0.094,1.44,1.85,1.23,0.0,94.8,89.6,94.7,84.2,0.265,0.529,0.241,0.218,0.355,0.273,0.234,0.315,0.097,0.186,0.373,0.207,,,,,,,,,,0.1,0.1,0.417,,,,,,,,,,,,,,,,,,,,,,,,,,,,,,,,,,,,,,,
2024/08/13,6:40 PM.,SEA,DET,home,Clear.,81,669923,SS,5,1,2,2,0,0,0,0,0,1,1,.195,.256,.321,.577,669923,georgekirby,Kirby,Right,George Kirby,SEA,3.53,3.44,191.0,106.0,106.0,106.0,0.786,8.43,1.08,8.53,1.04,1.01,0.298,0.342,0.178,0.294,0.446,,,,102.0,107.0,101.0,106.0,108.0,108.0,110.0,104.0,110.0,0.236,0.339,0.237,,0.46,1.5,1.28,,96.0,,96.0,87.2,0.226,0.316,0.271,0.221,0.458,0.291,0.263,0.354,0.105,,,,97.0,99.0,93.0,0.004,0.79,92.3,,,,,,,,,,,,,0.333,0.439,0.286,109.0,100.0,108.0,0.102,-2.05,86.0,0.253,0.413,0.295,114.0,110.0,113.0,,0.082,,-1.95,,83.4,,,,,,,,,,73.9,0.0,-3.5
2024/08/11,1:06 PM.,SF,DET,away,Partly Cloudy.,62,806185,LF,3,1,1,0,0,0,0,0,1,1,0,.190,.253,.310,.563,806185,haydenbirdsong,Birdsong,Right,Hayden Birdsong,SFG,4.75,4.65,72.0,92.0,111.0,97.0,0.728,11.0,5.38,7.13,1.38,0.96,0.239,0.394,0.1,0.417,0.382,155.0,91.0,114.0,90.0,89.0,85.0,,,,119.0,90.0,100.0,,0.446,0.184,0.184,-0.02,,-0.26,-0.87,95.8,88.1,,86.4,0.244,0.512,0.487,0.216,0.44,0.182,,,,0.269,0.365,0.349,,,,,,,,,,,,,111.0,102.0,104.0,0.187,0.82,80.5,0.145,0.218,0.327,,,,,,,,,,,,,,,,,,,,,,,,,,,,,,
2024/08/09,7:15 PM.,SF,DET,away,Cloudy.,61,592662,LF,3,0,0,0,0,0,0,0,0,1,2,.188,.249,.309,.558,592662,robbieray,Ray,Left,Robbie Ray,SFG,4.7,3.72,30.2,95.0,102.0,95.0,0.667,12.62,4.4,5.87,1.76,0.53,0.344,0.391,0.281,0.219,0.377,,,,96.0,98.0,96.0,,,,99.0,91.0,91.0,,0.528,0.322,,0.46,,0.18,,94.1,,,88.4,0.148,0.222,0.458,0.167,0.367,0.264,,,,,,,,,,,,,,,,,,,,,,,,,0.316,0.684,0.489,,,,,,,,,,133.0,96.0,100.0,,0.15,,-2.65,,83.5,,,,,,,,,,,,
2024/08/08,6:41 PM.,SEA,DET,away,Partly Cloudy.,80,693433,SS,2,0,1,1,0,0,2,0,1,0,0,.191,.252,.314,.566,693433,bryanwoo,Woo,Right,Bryan Woo,SEA,2.89,2.72,121.1,107.0,104.0,107.0,0.785,7.49,0.96,7.12,1.04,0.96,0.285,0.344,0.144,0.256,0.499,91.0,104.0,100.0,97.0,109.0,107.0,116.0,109.0,109.0,113.0,101.0,107.0,0.23,0.489,0.187,0.094,1.44,1.85,1.23,0.0,94.8,89.6,94.7,84.2,0.265,0.529,0.241,0.218,0.355,0.273,0.234,0.315,0.097,0.186,0.373,0.207,,,,,,,,,,0.1,0.1,0.417,,,,,,,,,,,,,,,,,,,,,,,,,,,,,,,,,,,,,,,
2024/08/07,6:42 PM.,SEA,DET,away,Clear.,73,669923,2B,4,0,2,0,0,0,0,1,1,2,0,.188,.247,.307,.554,669923,georgekirby,Kirby,Right,George Kirby,SEA,3.53,3.44,191.0,106.0,106.0,106.0,0.786,8.43,1.08,8.53,1.04,1.01,0.298,0.342,0.178,0.294,0.446,,,,102.0,107.0,101.0,106.0,108.0,108.0,110.0,104.0,110.0,0.236,0.339,0.237,,0.46,1.5,1.28,,96.0,,96.0,87.2,0.226,0.316,0.271,0.221,0.458,0.291,0.263,0.354,0.105,,,,97.0,99.0,93.0,0.004,0.79,92.3,,,,,,,,,,,,,0.333,0.439,0.286,109.0,100.0,108.0,0.102,-2.05,86.0,0.253,0.413,0.295,114.0,110.0,113.0,,0.082,,-1.95,,83.4,,,,,,,,,,73.9,0.0,-3.5
2024/08/06,6:42 PM.,SEA,DET,away,Clear.,68,622491,3B,4,1,1,0,0,0,0,0,0,2,1,.182,.238,.303,.541,622491,luiscastillo,"Castillo, L",Right,Luis Castillo,SEA,3.64,3.91,175.1,105.0,101.0,102.0,0.768,8.98,2.41,8.11,1.28,0.94,0.26,0.409,0.159,0.319,0.406,89.0,104.0,97.0,120.0,105.0,103.0,100.0,102.0,98.0,72.0,106.0,108.0,0.179,0.454,0.224,0.143,0.97,-0.41,0.65,-1.63,95.6,88.1,95.6,85.7,0.207,0.357,0.358,0.203,0.365,0.273,0.298,0.457,0.105,0.287,0.545,0.265,,,,,,,,,,,,,,,,,,,,,,,,,,,,,,,,,,,,,,,,,,,,,,,,,,,
2024/08/04,1:40 PM.,KC,DET,home,Sunny.,86,608379,LF,4,1,1,0,1,0,0,0,0,1,4,.180,.238,.304,.542,608379,michaelwacha,Wacha,Right,Michael Wacha,KCR,3.35,4.05,166.2,102.0,91.0,99.0,0.784,7.83,2.43,8.32,0.92,0.93,0.258,0.429,0.213,0.282,0.436,111.0,109.0,112.0,83.0,103.0,99.0,78.0,103.0,89.0,97.0,89.0,90.0,0.153,0.238,0.092,0.322,0.39,0.29,-2.39,2.26,93.6,81.2,93.6,84.1,0.371,0.6,0.373,0.279,0.449,0.169,0.252,0.301,0.099,0.169,0.312,0.341,78.0,100.0,92.0,0.114,-0.94,88.8,0.319,0.458,0.148,,,,72.0,89.0,92.0,0.081,-1.64,75.2,0.357,0.643,0.174,,,,,,,,,,,,,,,,,,,,,,,,,,,,,,
2024/08/03,6:35 PM.,KC,DET,home,Clear.,90,547179,3B,1,1,1,1,0,0,0,0,0,0,0,.179,.238,.295,.533,547179,michaellorenzen,Lorenzen,Right,Michael Lorenzen,- - -,3.31,4.59,130.1,97.0,93.0,95.0,0.796,6.7,4.14,6.97,1.17,1.03,0.249,0.386,0.188,0.322,0.411,93.0,101.0,99.0,84.0,95.0,89.0,81.0,102.0,94.0,126.0,98.0,108.0,0.212,0.272,0.149,0.188,1.0,-0.25,-1.51,1.94,93.8,84.6,93.6,83.9,0.368,0.632,0.253,0.155,0.309,0.184,0.291,0.441,0.062,0.122,0.173,0.373,94.0,92.0,91.0,0.1,0.04,90.1,0.235,0.51,0.236,0.19,0.429,0.291,102.0,93.0,96.0,0.079,0.02,81.7,0.217,0.348,0.352,,,,,,,,,,,,,,,,,,,,,,,,,,,,,,
2024/08/01,6:40 PM.,KC,DET,home,Partly Cloudy.,87,607625,SS,3,0,0,0,0,0,0,0,0,0,1,.175,.234,.286,.520,607625,sethlugo,"Lugo, S",Right,Seth Lugo,KCR,3.0,3.75,206.2,101.0,97.0,100.0,0.795,7.88,2.09,7.71,0.7,1.2,0.212,0.386,0.156,0.303,0.43,93.0,100.0,98.0,75.0,103.0,95.0,68.0,101.0,92.0,125.0,97.0,105.0,0.185,0.24,0.135,0.069,0.7,0.65,-0.67,0.08,92.2,87.4,92.1,85.2,0.213,0.387,0.2,0.234,0.392,0.176,0.274,0.381,0.129,0.208,0.333,0.291,97.0,103.0,103.0,0.082,2.86,90.1,0.228,0.228,0.23,0.375,0.75,0.109,126.0,100.0,110.0,0.262,1.44,79.4,0.178,0.271,0.339,93.0,107.0,106.0,0.026,0.07,85.7,0.105,0.421,0.351,,,,,,,,,,0.215,0.28,0.285,,,,,,,,,
2024/07/30,1:10 PM.,CLE,DET,home,Cloudy.,80,668909,SS,2,0,0,0,0,0,0,0,1,0,2,.177,.238,.290,.528,668909,gavinwilliams,"Williams, G",Right,Gavin Williams,CLE,4.86,4.22,76.0,101.0,99.0,102.0,0.788,9.36,3.79,8.53,0.83,1.06,0.317,0.349,0.142,0.317,0.42,66.0,96.0,101.0,97.0,102.0,102.0,,,,95.0,80.0,96.0,,0.515,0.113,0.054,0.08,,-0.16,-3.82,96.6,89.2,,88.6,0.258,0.387,0.242,0.286,0.421,0.22,,,,0.417,0.833,0.148,98.0,99.0,94.0,0.12,0.56,91.6,0.205,0.333,0.341,,,,121.0,101.0,105.0,0.198,-0.01,79.5,0.155,0.31,0.304,,,,,,,,,,,,,,,,,,,,,,,,,,,,,,
2024/07/29,6:40 PM.,CLE,DET,home,Partly Cloudy.,83,676440,SS,3,0,0,0,0,0,0,0,1,1,3,.179,.236,.293,.529,676440,tannerbibee,Bibee,Right,Tanner Bibee,CLE,3.47,3.78,173.2,103.0,99.0,104.0,0.76,9.69,2.28,7.77,1.14,0.78,0.285,0.408,0.153,0.297,0.445,82.0,100.0,108.0,92.0,103.0,98.0,89.0,64.0,93.0,113.0,102.0,109.0,0.003,0.434,0.278,0.18,-0.69,-1.41,1.74,0.13,94.6,82.5,93.9,86.2,0.196,0.411,0.299,0.282,0.476,0.213,,,,0.238,0.431,0.291,,,,,,,0.141,0.225,0.368,,,,119.0,109.0,112.0,0.105,-0.9,81.3,0.208,0.458,0.184,,,,,,,,,,,,,,,,,,,,,,,,,,,,,,
2024/07/28,1:40 PM.,MIN,DET,home,Sunny.,86,641927,3B,2,0,0,0,0,0,0,0,0,2,0,.182,.236,.298,.534,641927,baileyober,Ober,Right,Bailey Ober,MIN,3.98,3.22,178.2,105.0,91.0,102.0,0.728,9.62,2.17,6.85,1.36,0.67,0.22,0.439,0.183,0.303,0.416,116.0,111.0,111.0,81.0,104.0,96.0,,,,74.0,100.0,101.0,,0.381,0.118,0.294,-0.01,,2.03,1.98,91.7,83.4,,80.3,0.095,0.162,0.307,0.258,0.506,0.222,,,,0.154,0.285,0.395,84.0,104.0,100.0,0.195,-0.86,86.2,0.279,0.504,0.229,,,,94.0,99.0,103.0,0.011,4.57,76.0,0.0,0.0,0.375,,,,,,,,,,,,,,,,,,,,,,,,,,,,,,
2024/07/25,1:11 PM.,CLE,DET,away,Cloudy.,75,668909,LF,4,0,0,0,0,0,0,0,0,2,3,.184,.238,.302,.540,668909,gavinwilliams,"Williams, G",Right,Gavin Williams,CLE,4.86,4.22,76.0,101.0,99.0,102.0,0.788,9.36,3.79,8.53,0.83,1.06,0.317,0.349,0.142,0.317,0.42,66.0,96.0,101.0,97.0,102.0,102.0,,,,95.0,80.0,96.0,,0.515,0.113,0.054,0.08,,-0.16,-3.82,96.6,89.2,,88.6,0.258,0.387,0.242,0.286,0.421,0.22,,,,0.417,0.833,0.148,98.0,99.0,94.0,0.12,0.56,91.6,0.205,0.333,0.341,,,,121.0,101.0,105.0,0.198,-0.01,79.5,0.155,0.31,0.304,,,,,,,,,,,,,,,,,,,,,,,,,,,,,,
2024/07/24,6:42 PM.,CLE,DET,away,Cloudy.,77,676440,3B,3,0,0,0,0,0,0,0,0,1,0,.189,.243,.309,.552,676440,tannerbibee,Bibee,Right,Tanner Bibee,CLE,3.47,3.78,173.2,103.0,99.0,104.0,0.76,9.69,2.28,7.77,1.14,0.78,0.285,0.408,0.153,0.297,0.445,82.0,100.0,108.0,92.0,103.0,98.0,89.0,64.0,93.0,113.0,102.0,109.0,0.003,0.434,0.278,0.18,-0.69,-1.41,1.74,0.13,94.6,82.5,93.9,86.2,0.196,0.411,0.299,0.282,0.476,0.213,,,,0.238,0.431,0.291,,,,,,,0.141,0.225,0.368,,,,119.0,109.0,112.0,0.105,-0.9,81.3,0.208,0.458,0.184,,,,,,,,,,,,,,,,,,,,,,,,,,,,,,
2024/07/23,6:41 PM.,CLE,DET,away,Partly Cloudy.,78,675540,SS,4,1,1,1,0,0,0,0,0,0,1,.192,.247,.314,.561,675540,xzavioncurry,Curry,Right,Xzavion Curry,- - -,4.64,5.07,42.2,104.0,84.0,101.0,0.837,5.91,1.48,8.02,1.69,0.42,0.263,0.321,0.146,0.401,0.46,76.0,94.0,90.0,73.0,102.0,97.0,,,,101.0,109.0,109.0,,0.495,0.344,0.014,-0.07,,0.7,4.86,92.1,87.4,,84.6,0.236,0.444,0.221,0.262,0.492,0.196,,,,,,,,,,,,,,,,,,,78.0,98.0,100.0,0.139,-0.65,73.9,0.185,0.593,0.229,57.0,81.0,85.0,0.008,4.59,83.8,,,,,,,,,,,,,,,,,,,,,,,,
2024/07/21,1:39 PM.,TOR,DET,away,Partly Cloudy.,74,592332,LF,4,1,1,0,0,0,0,1,0,0,0,.190,.247,.310,.557,592332,kevingausman,Gausman,Right,Kevin Gausman,TOR,3.83,4.71,181.0,105.0,94.0,104.0,0.791,8.06,2.78,8.2,0.99,0.91,0.262,0.417,0.136,0.363,0.417,,,,99.0,105.0,105.0,90.0,102.0,94.0,88.0,90.0,95.0,0.054,0.528,0.084,,0.43,-3.21,-1.21,,93.9,,93.3,82.7,0.268,0.439,0.266,0.277,0.466,0.175,0.316,0.579,0.117,,,,,,,,,,,,,,,,,,,,,,,,,88.0,108.0,106.0,0.334,0.51,86.0,0.169,0.262,0.335,,,,,,,,,,,,,,,,,,,,,
2024/07/19,7:09 PM.,TOR,DET,away,Clear.,73,605135,SS,4,0,0,0,0,0,0,0,0,0,1,.189,.247,.311,.558,605135,chrisbassitt,Bassitt,Right,Chris Bassitt,TOR,4.16,4.52,171.0,98.0,94.0,96.0,0.805,8.84,3.68,9.47,0.95,1.14,0.27,0.365,0.177,0.331,0.437,75.0,87.0,84.0,64.0,103.0,94.0,96.0,101.0,97.0,120.0,96.0,106.0,0.407,0.045,0.118,0.053,-1.6,-0.08,-0.88,-2.29,92.6,84.5,92.5,77.2,0.375,0.781,0.096,0.242,0.394,0.25,0.327,0.423,0.128,0.321,0.607,0.158,79.0,101.0,91.0,0.197,0.44,89.6,0.188,0.316,0.268,0.154,0.231,0.458,101.0,91.0,102.0,0.137,-0.09,71.0,0.221,0.351,0.292,87.0,90.0,86.0,0.043,-2.64,84.1,0.303,0.364,0.167,,,,,,,,,,,,,,,,,,,,,
2024/07/14,1:41 PM.,LAD,DET,home,Partly Cloudy.,85,641703,SS,4,1,1,0,1,0,1,1,0,0,3,.194,.253,.319,.572,641703,brenthoneywell,Honeywell,Right,Brent Honeywell,- - -,2.63,4.91,37.2,99.0,79.0,93.0,0.872,4.3,2.63,7.65,0.72,1.14,0.271,0.347,0.144,0.331,0.45,126.0,131.0,126.0,66.0,93.0,82.0,70.0,127.0,112.0,107.0,105.0,109.0,0.015,0.508,0.237,0.005,0.66,5.27,2.77,15.06,94.7,84.9,94.9,85.7,0.161,0.258,0.147,0.254,0.418,0.139,0.333,0.333,0.0,,,,,,,,,,,,,,,,,,,,,,,,,,,,,,,,,,,,,,,,,,,,,,80.5,0.235,-2.19,0.321,0.429,0.212,,,
2024/07/13,1:10 PM.,LAD,DET,home,Sunny.,86,680736,SS,3,0,2,1,0,0,0,1,0,0,1,.192,.253,.308,.561,680736,justinwrobleski,Wrobleski,Left,Justin Wrobleski,LAD,5.7,6.45,36.1,97.0,95.0,96.0,0.802,6.44,3.96,8.42,2.23,0.69,0.324,0.216,0.162,0.378,0.463,48.0,88.0,90.0,104.0,97.0,97.0,45.0,88.0,78.0,106.0,104.0,103.0,0.044,0.591,0.083,0.032,0.61,-1.16,-6.42,-3.53,95.1,83.9,91.4,84.4,0.267,0.8,0.3,0.205,0.386,0.23,0.333,0.5,0.0,,,,88.0,104.0,103.0,0.13,-0.17,87.7,0.286,0.643,0.25,,,,85.0,88.0,88.0,0.12,-4.97,82.5,0.385,0.846,0.174,,,,,,,,,,,,,,,,,,,,,,,,,,,,,,
2024/07/11,1:09 PM.,CLE,DET,home,Sunny.,83,675921,LF,4,1,0,0,0,0,1,0,1,0,2,.183,.246,.294,.540,675921,spencerhoward,Howard,Right,Spencer Howard,- - -,6.21,5.35,29.0,103.0,86.0,96.0,0.79,8.38,4.34,13.66,1.55,0.89,0.32,0.379,0.136,0.398,0.477,104.0,92.0,87.0,74.0,107.0,97.0,,,,101.0,104.0,101.0,,0.51,0.251,0.169,-1.3,,-2.27,-4.38,93.8,80.1,,85.3,0.394,0.606,0.333,0.353,0.5,0.188,,,,0.286,0.714,0.3,,,,,,,,,,,,,77.0,105.0,97.0,0.069,-1.96,75.7,0.167,0.167,0.091,,,,,,,,,,,,,,,,,,,,,,,,,,,,,,
2024/07/10,6:40 PM.,CLE,DET,home,Overcast.,67,676440,SS,3,0,0,0,0,0,0,0,0,0,1,.188,.247,.302,.549,676440,tannerbibee,Bibee,Right,Tanner Bibee,CLE,3.47,3.78,173.2,103.0,99.0,104.0,0.76,9.69,2.28,7.77,1.14,0.78,0.285,0.408,0.153,0.297,0.445,82.0,100.0,108.0,92.0,103.0,98.0,89.0,64.0,93.0,113.0,102.0,109.0,0.003,0.434,0.278,0.18,-0.69,-1.41,1.74,0.13,94.6,82.5,93.9,86.2,0.196,0.411,0.299,0.282,0.476,0.213,,,,0.238,0.431,0.291,,,,,,,0.141,0.225,0.368,,,,119.0,109.0,112.0,0.105,-0.9,81.3,0.208,0.458,0.184,,,,,,,,,,,,,,,,,,,,,,,,,,,,,,
2024/07/09,6:40 PM.,CLE,DET,home,Cloudy.,83,594902,3B,3,0,1,0,0,0,0,1,1,0,1,.192,.252,.308,.560,594902,benlively,Lively,Right,Ben Lively,CLE,3.81,4.0,151.0,102.0,67.0,92.0,0.83,7.03,2.92,8.28,1.37,1.02,0.228,0.407,0.128,0.309,0.433,75.0,108.0,95.0,57.0,94.0,83.0,57.0,108.0,94.0,105.0,102.0,101.0,0.29,0.314,0.218,0.091,-0.21,0.56,-0.01,-0.79,89.9,83.9,90.4,79.4,0.238,0.476,0.419,0.268,0.504,0.166,0.227,0.392,0.133,0.279,0.382,0.185,,,,,,,,,,0.231,0.413,0.241,43.0,106.0,93.0,0.088,-0.11,76.9,0.206,0.365,0.18,,,,,,,,,,,,,,,,,,,,,,,,,,,,,,
2024/07/08,6:40 PM.,CLE,DET,home,Partly Cloudy.,88,668909,3B,3,0,1,0,0,0,0,0,0,0,1,.189,.245,.308,.553,668909,gavinwilliams,"Williams, G",Right,Gavin Williams,CLE,4.86,4.22,76.0,101.0,99.0,102.0,0.788,9.36,3.79,8.53,0.83,1.06,0.317,0.349,0.142,0.317,0.42,66.0,96.0,101.0,97.0,102.0,102.0,,,,95.0,80.0,96.0,,0.515,0.113,0.054,0.08,,-0.16,-3.82,96.6,89.2,,88.6,0.258,0.387,0.242,0.286,0.421,0.22,,,,0.417,0.833,0.148,98.0,99.0,94.0,0.12,0.56,91.6,0.205,0.333,0.341,,,,121.0,101.0,105.0,0.198,-0.01,79.5,0.155,0.31,0.304,,,,,,,,,,,,,,,,,,,,,,,,,,,,,,
2024/07/07,1:41 PM.,CIN,DET,away,Partly Cloudy.,86,668933,LF,4,1,2,0,0,1,3,0,0,1,1,.186,.243,.307,.550,668933,grahamashcraft,Ashcraft,Right,Graham Ashcraft,CIN,5.24,5.18,77.1,98.0,113.0,96.0,0.795,6.63,3.14,10.36,1.28,1.54,0.273,0.369,0.154,0.285,0.43,87.0,78.0,79.0,,,,71.0,100.0,83.0,119.0,98.0,109.0,0.172,,0.319,0.03,,-2.72,1.37,-3.78,,90.5,94.8,88.4,0.145,0.217,0.372,,,,0.333,0.5,0.119,0.333,0.333,0.2,125.0,99.0,92.0,0.479,-1.57,95.6,0.329,0.52,0.161,,,,,,,,,,,,,,,,,,,,,,,,,,,,,,,,,,,,,,,,,,
2024/07/06,4:11 PM.,CIN,DET,away,Partly Cloudy.,85,668881,SS,0,1,0,0,0,0,0,0,0,0,0,.176,.236,.279,.515,668881,huntergreene,"Greene, H",Right,Hunter Greene,CIN,2.75,3.03,150.1,99.0,124.0,104.0,0.741,10.12,3.41,5.75,0.72,0.7,0.284,0.388,0.199,0.265,0.429,,,,123.0,102.0,104.0,,,,125.0,96.0,103.0,,0.552,0.346,,1.56,,0.62,,97.6,,,86.8,0.161,0.3,0.39,0.184,0.273,0.248,,,,,,,,,,,,,,,,,,,118.0,96.0,101.0,0.018,-2.87,80.9,0.4,1.0,0.2,120.0,89.0,103.0,0.083,-0.79,87.0,0.243,0.405,0.284,,,,,,,,,,,,,,,,,,,,,
2024/07/04,12:11 PM.,MIN,DET,away,Drizzle.,69,641927,SS,3,1,0,0,0,0,0,0,0,1,0,.176,.236,.279,.515,641927,baileyober,Ober,Right,Bailey Ober,MIN,3.98,3.22,178.2,105.0,91.0,102.0,0.728,9.62,2.17,6.85,1.36,0.67,0.22,0.439,0.183,0.303,0.416,116.0,111.0,111.0,81.0,104.0,96.0,,,,74.0,100.0,101.0,,0.381,0.118,0.294,-0.01,,2.03,1.98,91.7,83.4,,80.3,0.095,0.162,0.307,0.258,0.506,0.222,,,,0.154,0.285,0.395,84.0,104.0,100.0,0.195,-0.86,86.2,0.279,0.504,0.229,,,,94.0,99.0,103.0,0.011,4.57,76.0,0.0,0.0,0.375,,,,,,,,,,,,,,,,,,,,,,,,,,,,,,
2024/07/03,7:11 PM.,MIN,DET,away,Partly Cloudy.,83,701581,SS,3,0,0,0,0,0,0,0,0,1,1,.180,.241,.286,.527,701581,davidfesta,"Festa, D",Right,David Festa,MIN,4.9,4.14,64.1,101.0,100.0,103.0,0.735,10.77,3.22,8.67,1.26,0.9,0.229,0.451,0.166,0.331,0.405,72.0,105.0,105.0,107.0,96.0,99.0,,,,118.0,103.0,105.0,,0.402,0.318,0.28,-0.79,,1.48,-1.14,94.7,88.4,,86.1,0.207,0.315,0.291,0.304,0.544,0.194,,,,0.237,0.463,0.394,,,,,,,,,,,,,,,,,,,,,,,,,,,,,,,,,,,,,,,,,,,,,,,,,,,
2024/06/29,7:08 PM.,LAA,DET,away,Clear.,77,656288,SS,4,1,0,0,0,0,1,0,0,0,2,.185,.246,.292,.538,656288,griffincanning,Canning,Right,Griffin Canning,LAA,5.19,4.74,171.2,98.0,88.0,97.0,0.772,6.82,3.46,9.12,1.63,1.04,0.225,0.434,0.128,0.367,0.401,96.0,102.0,102.0,73.0,94.0,86.0,76.0,89.0,78.0,107.0,100.0,110.0,0.01,0.376,0.24,0.267,-0.85,-6.83,-0.91,0.48,93.4,88.6,93.0,87.7,0.284,0.444,0.331,0.251,0.529,0.147,0.429,0.857,0.0,0.259,0.387,0.288,,,,,,,,,,,,,75.0,96.0,96.0,0.107,-0.86,80.6,0.271,0.438,0.241,,,,,,,,,,,,,,,,,,,,,,,,,,,,,,
2024/06/27,6:37 PM.,LAA,DET,away,Clear.,77,669721,SS,3,0,0,0,0,0,0,0,0,1,1,.190,.254,.302,.556,669721,davisdaniel,Daniel,Right,Davis Daniel,LAA,6.23,4.34,30.1,105.0,81.0,101.0,0.808,8.31,1.78,11.57,1.48,0.84,0.293,0.424,0.162,0.313,0.435,74.0,112.0,104.0,61.0,107.0,98.0,,,,125.0,101.0,108.0,,0.48,0.238,0.205,-1.06,,-0.4,-2.86,91.5,84.6,,81.8,0.226,0.419,0.239,0.328,0.586,0.147,,,,0.4,0.533,0.226,,,,,,,,,,,,,94.0,89.0,85.0,0.077,2.13,74.3,0.125,0.25,0.333,,,,,,,,,,,,,,,,,,,,,,,,,,,,,,
2024/06/26,1:10 PM.,PHI,DET,home,Cloudy.,80,605513,SS,1,0,0,0,0,0,0,0,0,0,0,.195,.259,.309,.568,605513,spencerturnbull,Turnbull,Right,Spencer Turnbull,PHI,2.65,4.05,54.1,99.0,112.0,100.0,0.76,9.61,3.31,6.13,0.99,1.32,0.194,0.41,0.137,0.309,0.383,125.0,107.0,103.0,92.0,95.0,94.0,88.0,99.0,93.0,127.0,97.0,102.0,0.123,0.348,0.385,0.053,-0.44,-1.59,1.98,1.35,92.0,87.7,93.2,83.9,0.071,0.071,0.4,0.28,0.453,0.162,0.238,0.667,0.111,0.0,0.0,0.167,,,,,,,,,,0.145,0.226,0.308,103.0,100.0,102.0,0.09,2.0,78.8,0.067,0.067,0.594,,,,,,,,,,,,,,,,,,,,,,,,,,,,,,
2024/06/24,6:40 PM.,PHI,DET,home,Partly Cloudy.,81,605400,SS,3,1,2,1,0,0,0,0,0,0,0,.197,.261,.311,.572,605400,aaronnola,"Nola, Aa",Right,Aaron Nola,PHI,3.57,3.72,199.1,105.0,104.0,103.0,0.772,8.89,2.26,8.53,1.35,1.31,0.209,0.477,0.16,0.305,0.399,78.0,102.0,91.0,90.0,103.0,99.0,100.0,109.0,106.0,,,,0.204,0.278,,0.096,0.81,-0.34,,-1.67,92.5,85.7,91.5,,,,,0.168,0.318,0.224,0.313,0.475,0.136,0.279,0.426,0.135,69.0,99.0,92.0,0.092,-2.57,87.5,0.389,0.796,0.178,,,,,,,,,,0.221,0.381,0.37,,,,,,,,,,135.0,106.0,113.0,,0.329,,0.94,,79.1,,,,,,,,,,,,
2024/06/23,1:40 PM.,CWS,DET,home,Partly Cloudy.,84,686563,SS,4,1,2,1,0,1,1,0,0,1,0,.185,.252,.294,.546,686563,jonathancannon,Cannon,Right,Jonathan Cannon,CHW,4.49,4.37,124.1,101.0,92.0,99.0,0.806,6.59,2.9,9.05,1.3,0.96,0.223,0.389,0.171,0.29,0.394,95.0,105.0,106.0,73.0,104.0,97.0,86.0,100.0,93.0,117.0,100.0,107.0,0.28,0.123,0.218,0.187,-1.13,0.44,-1.39,-0.22,94.3,85.7,93.3,81.9,,,,0.25,0.411,0.252,0.287,0.449,0.132,0.248,0.394,0.269,79.0,101.0,93.0,0.192,0.39,90.2,0.263,0.45,0.191,0.255,0.489,0.282,,,,,,,,,,,,,,,,,,,,,,,,,,,,,,,,,,,,,,,
2024/06/19,12:21 PM.,ATL,DET,away,Partly Cloudy.,80,625643,SS,2,0,0,0,0,0,0,0,0,2,2,.174,.244,.252,.496,625643,reynaldolopez,"López, R",Right,Reynaldo López,ATL,1.99,3.94,135.2,102.0,96.0,101.0,0.75,9.82,2.79,7.16,0.66,1.03,0.279,0.365,0.142,0.305,0.439,75.0,110.0,105.0,91.0,103.0,99.0,,,,113.0,100.0,105.0,,0.552,0.294,0.038,1.19,,1.45,-3.58,95.5,86.1,,85.0,0.168,0.257,0.443,0.266,0.369,0.165,,,,0.263,0.737,0.349,,,,,,,,,,,,,84.0,99.0,104.0,0.116,1.61,77.0,0.151,0.264,0.364,,,,,,,,,,,,,,,,,,,,,,,,,,,,,,
2024/06/18,7:20 PM.,ATL,DET,away,Partly Cloudy.,84,680885,SS,4,0,0,0,0,0,0,0,0,2,1,.177,.248,.257,.505,680885,spencerschwellenbach,Schwellenbach,Right,Spencer Schwellenbach,ATL,3.35,3.44,123.2,107.0,101.0,108.0,0.744,9.24,1.67,7.71,1.02,1.14,0.247,0.413,0.183,0.299,0.462,,,,110.0,108.0,108.0,93.0,102.0,101.0,110.0,113.0,119.0,0.068,0.291,0.199,,0.27,-0.12,0.61,,96.1,,95.1,87.3,0.225,0.333,0.279,0.24,0.448,0.205,0.231,0.385,0.078,,,,94.0,104.0,100.0,0.168,0.53,92.9,0.27,0.5,0.199,,,,101.0,104.0,108.0,0.146,0.29,80.6,0.236,0.436,0.409,84.0,107.0,109.0,0.128,1.96,84.5,0.147,0.235,0.463,,,,,,,,,,,,,,,,,,,,,
2024/06/16,1:10 PM.,HOU,DET,away,Roof Closed.,73,669854,SS,3,0,0,0,0,0,0,0,0,1,3,.183,.256,.266,.522,669854,ronelblanco,Blanco,Right,Ronel Blanco,HOU,2.8,4.0,167.1,100.0,94.0,98.0,0.733,8.93,3.66,6.13,1.18,0.95,0.21,0.453,0.178,0.317,0.405,119.0,104.0,108.0,85.0,95.0,90.0,,,,89.0,103.0,101.0,,0.383,0.302,0.221,-0.42,,2.24,-0.16,93.4,85.2,,86.4,0.18,0.284,0.333,0.232,0.497,0.192,,,,0.188,0.356,0.343,,,,,,,,,,,,,75.0,96.0,100.0,0.094,2.55,80.1,0.071,0.071,0.376,,,,,,,,,,,,,,,,,,,,,,,,,,,,,,
2024/06/15,3:10 PM.,HOU,DET,away,Roof Closed.,73,681293,3B,4,1,0,0,0,0,0,1,2,2,2,.189,.263,.274,.537,681293,spencerarrighetti,Arrighetti,Right,Spencer Arrighetti,HOU,4.53,4.05,145.0,99.0,95.0,99.0,0.739,10.61,4.03,8.63,1.3,0.85,0.247,0.437,0.147,0.314,0.444,89.0,97.0,90.0,91.0,100.0,99.0,,,,117.0,93.0,101.0,,0.41,0.108,0.086,-1.33,,0.99,-2.52,94.1,85.5,,80.8,,,,0.303,0.528,0.198,,,,0.395,0.512,0.378,66.0,98.0,96.0,0.196,0.57,88.2,0.248,0.444,0.228,0.113,0.226,0.386,118.0,98.0,104.0,0.2,0.8,78.4,0.171,0.282,0.424,,,,,,,,,,,,,,,,,,,,,,,,,,,,,,
2024/06/14,7:10 PM.,HOU,DET,away,Roof Closed.,73,686613,SS,1,0,0,0,0,0,0,0,0,0,0,.196,.259,.284,.543,686613,hunterbrown,"Brown, H",Right,Hunter Brown,HOU,3.49,3.31,170.0,101.0,103.0,101.0,0.778,9.48,3.18,8.26,0.95,1.61,0.271,0.35,0.192,0.218,0.421,84.0,101.0,102.0,110.0,101.0,102.0,93.0,102.0,98.0,110.0,103.0,107.0,0.182,0.347,0.051,0.126,0.16,0.92,1.7,0.95,96.0,88.4,95.6,89.1,0.2,0.2,0.236,0.244,0.413,0.288,0.275,0.321,0.161,0.221,0.26,0.296,90.0,103.0,101.0,0.17,0.14,92.4,0.23,0.363,0.216,,,,,,,,,,0.237,0.421,0.305,,,,,,,,,,127.0,100.0,106.0,,0.125,,-0.79,,82.9,,,,,,,,,,,,
2024/06/12,6:40 PM.,WSH,DET,home,Clear.,84,663623,LF,4,0,0,0,0,0,0,0,0,1,2,.198,.261,.287,.548,663623,jakeirvin,"Irvin, J",Right,Jake Irvin,WSN,4.41,4.31,187.2,103.0,94.0,101.0,0.803,7.48,2.49,8.3,1.39,1.2,0.241,0.424,0.181,0.334,0.462,99.0,91.0,93.0,82.0,104.0,97.0,97.0,102.0,102.0,110.0,115.0,117.0,0.205,0.379,0.003,0.035,0.44,-0.64,-14.34,1.34,93.9,88.4,93.3,85.9,,,,0.204,0.381,0.235,0.325,0.497,0.149,0.125,0.125,0.349,78.0,102.0,93.0,0.065,0.06,89.9,0.283,0.522,0.204,,,,110.0,104.0,106.0,0.313,0.24,81.1,0.226,0.42,0.251,,,,,,,,,,,,,,,,,,,,,,,,,,,,,,
2024/06/11,6:42 PM.,WSH,DET,home,Partly Cloudy.,72,680730,SS,1,0,1,0,0,0,0,1,0,0,0,.206,.271,.299,.570,680730,mitchellparker,Parker,Left,Mitchell Parker,WSN,4.29,4.37,151.0,99.0,87.0,97.0,0.801,7.93,2.56,9.18,1.07,0.94,0.248,0.444,0.132,0.321,0.441,,,,78.0,101.0,96.0,,,,106.0,107.0,110.0,,0.486,0.098,,0.07,,-0.73,,92.5,,,84.5,0.238,0.429,0.364,0.276,0.425,0.12,,,,,,,,,,,,,,,,,,,97.0,96.0,96.0,0.225,0.47,80.5,0.252,0.36,0.263,89.0,94.0,94.0,0.191,-0.6,85.6,0.233,0.4,0.372,,,,,,,,,,,,,,,,,,,,,
2024/06/09,1:40 PM.,MIL,DET,home,Sunny.,75,669060,SS,4,1,1,0,0,0,2,0,0,1,4,.198,.264,.292,.556,669060,brysewilson,"Wilson, B",Right,Bryse Wilson,MIL,4.04,5.35,104.2,105.0,93.0,98.0,0.818,7.05,2.67,8.77,1.72,0.88,0.252,0.369,0.157,0.375,0.453,54.0,96.0,85.0,85.0,113.0,105.0,92.0,106.0,96.0,,,,0.32,0.15,,0.042,-3.09,1.31,,-0.91,93.6,88.0,93.1,,,,,0.288,0.493,0.229,0.236,0.368,0.134,0.182,0.273,0.174,98.0,101.0,95.0,0.349,1.16,88.8,0.23,0.361,0.263,,,,106.0,107.0,106.0,0.139,-3.29,80.4,0.309,0.709,0.229,,,,,,,,,,,,,,,,,,,,,,,,,,,,,,
2024/06/08,4:11 PM.,MIL,DET,home,Cloudy.,77,642547,2B,3,0,0,0,0,0,0,0,0,1,0,.196,.265,.293,.558,642547,freddyperalta,"Peralta, F",Right,Freddy Peralta,MIL,3.68,3.88,173.2,98.0,103.0,100.0,0.719,10.36,3.52,7.41,1.35,0.82,0.262,0.376,0.197,0.318,0.373,84.0,92.0,88.0,112.0,99.0,101.0,,,,98.0,99.0,105.0,,0.539,0.217,0.175,0.05,,-0.09,0.84,94.3,87.7,,81.4,0.203,0.384,0.41,0.239,0.424,0.252,,,,0.218,0.291,0.369,,,,,,,,,,,,,104.0,106.0,110.0,0.07,0.36,78.1,0.182,0.341,0.372,,,,,,,,,,,,,,,,,,,,,,,,,,,,,,
2024/06/07,6:40 PM.,MIL,DET,home,Cloudy.,70,668964,P,1,0,1,0,0,0,0,0,0,0,0,.202,.273,.303,.576,668964,tobiasmyers,Myers,Right,Tobias Myers,MIL,3.0,4.22,138.0,102.0,92.0,97.0,0.81,8.28,2.35,8.22,1.17,0.93,0.262,0.416,0.13,0.314,0.432,109.0,86.0,90.0,87.0,105.0,100.0,71.0,92.0,74.0,92.0,106.0,103.0,0.005,0.401,0.21,0.114,0.58,11.28,1.43,1.18,92.9,81.1,91.5,85.5,0.198,0.255,0.248,0.239,0.436,0.194,0.0,0.0,0.0,0.083,0.083,0.444,96.0,100.0,91.0,0.23,-0.75,89.2,0.336,0.518,0.123,,,,73.0,99.0,104.0,0.041,-3.19,77.8,0.421,0.579,0.194,,,,,,,,,,,,,,,,,,,,,,,,,,,,,,
2024/06/05,7:07 PM.,TEX,DET,away,Roof Closed.,74,570632,P,3,0,0,0,0,0,0,0,0,0,0,.193,.265,.295,.560,570632,joseurena,Ureña,Right,José Ureña,TEX,3.8,4.43,109.0,98.0,83.0,95.0,0.797,5.78,3.22,8.67,1.07,1.57,0.24,0.411,0.146,0.297,0.397,76.0,94.0,88.0,88.0,97.0,93.0,91.0,99.0,96.0,76.0,99.0,98.0,0.409,0.063,0.341,0.187,-2.67,0.74,-0.19,-0.66,96.4,88.7,96.0,87.0,0.242,0.363,0.331,0.385,0.769,0.167,0.271,0.372,0.121,0.2,0.471,0.321,,,,,,,,,,,,,,,,,,,,,,,,,,,,,,,,,,,,,,,,,,,,,,,,,,,
2024/06/04,7:07 PM.,TEX,DET,away,Roof Closed.,74,641540,SS,4,1,2,0,1,1,2,0,0,1,0,.200,.274,.306,.580,641540,danedunning,Dunning,Right,Dane Dunning,TEX,5.31,5.28,95.0,98.0,82.0,94.0,0.785,8.62,3.79,9.19,1.71,1.15,0.158,0.5,0.127,0.345,0.425,83.0,94.0,86.0,40.0,103.0,91.0,79.0,102.0,97.0,102.0,100.0,97.0,0.377,0.028,0.234,0.125,-2.6,0.0,-1.44,-1.22,89.2,85.0,89.7,80.6,0.274,0.512,0.304,0.25,0.583,0.259,0.276,0.442,0.133,0.233,0.488,0.327,74.0,99.0,94.0,0.188,-0.73,88.1,0.254,0.46,0.242,,,,,,,,,,0.0,0.0,0.429,,,,,,,,,,58.0,89.0,98.0,0.001,0.047,-6.34,0.09,76.4,75.6,,,,,,,,,,,,
2024/06/02,1:37 PM.,BOS,DET,away,Partly Cloudy.,83,678394,3B,0,0,0,0,0,0,0,0,0,0,0,.185,.264,.235,.499,678394,brayanbello,Bello,Right,Brayan Bello,BOS,4.49,4.56,162.1,99.0,101.0,102.0,0.753,8.48,3.55,8.7,1.05,1.86,0.219,0.384,0.152,0.312,0.405,88.0,99.0,97.0,74.0,108.0,101.0,103.0,100.0,101.0,114.0,98.0,110.0,0.403,0.048,0.28,0.269,0.25,-0.24,-0.58,0.15,95.6,87.6,95.7,86.8,0.268,0.401,0.343,0.12,0.16,0.218,0.309,0.44,0.111,0.177,0.354,0.369,,,,,,,,,,,,,,,,,,,,,,,,,,,,,,,,,,,,,,,,,,,,,,,,,,,
2024/06/01,4:10 PM.,BOS,DET,away,Sunny.,80,681867,2B,2,0,1,1,0,0,0,0,0,1,0,.185,.264,.235,.499,681867,coopercriswell,Criswell,Right,Cooper Criswell,BOS,4.08,4.31,99.1,102.0,100.0,99.0,0.848,6.61,2.81,9.33,0.91,1.51,0.208,0.486,0.153,0.358,0.41,99.0,103.0,102.0,,,,102.0,108.0,100.0,110.0,95.0,99.0,0.297,,0.288,0.261,,0.48,-1.92,0.55,,84.4,89.1,77.1,0.429,0.857,0.154,,,,0.33,0.511,0.073,0.256,0.338,0.171,79.0,103.0,93.0,0.154,0.64,86.4,0.163,0.306,0.294,0.287,0.479,0.207,,,,,,,,,,,,,,,,,,,,,,,,,,,,,,,,,,,,,,,
2024/05/31,7:10 PM.,BOS,DET,away,Partly Cloudy.,73,656557,SS,4,0,0,0,0,0,0,0,0,1,1,.177,.258,.215,.473,656557,tannerhouck,Houck,Right,Tanner Houck,BOS,3.12,4.11,178.2,100.0,108.0,104.0,0.789,7.76,2.42,7.86,0.55,2.34,0.193,0.45,0.126,0.305,0.425,,,,,,,93.0,102.0,97.0,116.0,98.0,108.0,0.324,,0.414,,,0.67,0.54,,,,93.5,83.2,,,,,,,0.27,0.325,0.142,,,,95.0,93.0,93.0,0.015,-0.95,87.1,0.2,0.4,0.235,0.23,0.357,0.302,,,,,,,,,,116.0,103.0,109.0,0.248,1.74,88.4,0.195,0.265,0.208,,,,,,,,,,,,,,,,,,,,,
2024/05/29,3:42 PM.,PIT,DET,home,Partly Cloudy.,70,694973,SS,2,0,0,0,0,0,0,0,0,1,1,.187,.271,.227,.498,694973,paulskenes,Skenes,Right,Paul Skenes,PIT,1.96,2.53,133.0,103.0,102.0,103.0,0.736,11.5,2.17,6.36,0.68,1.66,0.216,0.464,0.193,0.235,0.427,82.0,108.0,107.0,98.0,107.0,103.0,80.0,95.0,86.0,131.0,101.0,113.0,0.284,0.392,0.162,0.054,0.64,3.52,0.8,2.34,98.8,87.3,94.0,85.4,0.286,0.571,0.328,0.23,0.351,0.242,0.184,0.234,0.293,0.088,0.118,0.548,,,,,,,,,,0.104,0.188,0.226,105.0,100.0,104.0,0.108,-0.18,83.0,0.25,0.375,0.337,,,,,,,,,,,,,,,,,,,,,,,,,,,,,,
2024/05/25,1:10 PM.,TOR,DET,home,Partly Cloudy.,78,621244,2B,3,0,0,0,0,0,0,0,0,2,0,.192,.277,.233,.510,621244,joseberrios,Berríos,Right,José Berríos,TOR,3.6,4.74,192.1,103.0,92.0,99.0,0.808,7.16,2.53,7.86,1.45,1.17,0.257,0.421,0.15,0.352,0.414,86.0,104.0,101.0,82.0,99.0,92.0,85.0,103.0,95.0,,,,0.337,0.183,,0.16,-1.26,1.02,,0.88,94.1,84.8,93.4,,,,,0.305,0.558,0.189,0.268,0.366,0.125,0.171,0.364,0.269,84.0,108.0,99.0,0.035,-1.83,91.4,0.36,0.48,0.123,,,,111.0,102.0,106.0,0.286,0.28,83.2,,,,,,,,,,,,,,,,,,,,,,0.188,0.404,0.31,,,,,,,,,
2024/05/24,6:41 PM.,TOR,DET,home,Partly Cloudy.,80,666201,SS,4,0,1,0,0,0,1,0,0,1,2,.200,.288,.243,.531,666201,alekmanoah,Manoah,Right,Alek Manoah,TOR,3.7,4.14,24.1,95.0,86.0,92.0,0.737,9.62,2.96,6.29,1.85,0.85,0.215,0.508,0.123,0.292,0.416,82.0,98.0,103.0,89.0,92.0,87.0,77.0,92.0,83.0,93.0,100.0,99.0,0.272,0.275,0.305,0.148,-0.19,1.91,-0.36,-1.14,93.4,87.5,93.5,81.0,0.219,0.438,0.3,0.143,0.19,0.341,0.136,0.136,0.191,0.267,0.867,0.297,,,,,,,,,,,,,,,,,,,,,,,,,,,,,,,,,,,,,,,,,,,,,,,,,,,
2024/05/22,1:11 PM.,KC,DET,away,Sunny.,69,666142,PH,1,0,0,0,0,0,0,0,0,0,0,.197,.289,.242,.531,666142,coleragans,Ragans,Left,Cole Ragans,KCR,3.14,3.31,186.1,100.0,108.0,104.0,0.705,10.77,3.24,7.05,0.72,1.01,0.281,0.395,0.176,0.3,0.409,114.0,98.0,103.0,105.0,101.0,106.0,,,,132.0,106.0,114.0,,0.418,0.128,0.237,0.85,,-0.34,1.43,95.4,84.8,,86.0,0.21,0.305,0.337,0.213,0.361,0.231,,,,0.183,0.28,0.478,88.0,94.0,91.0,0.113,0.26,90.7,0.348,0.455,0.228,,,,,,,,,,0.14,0.256,0.352,,,,,,,,,,101.0,97.0,101.0,,0.104,,0.9,,80.8,,,,,,,,,,,,
2024/05/21,6:40 PM.,KC,DET,away,Partly Cloudy.,75,679525,SS,2,0,0,0,0,0,0,0,0,0,1,.200,.293,.246,.539,679525,alecmarsh,Marsh,Right,Alec Marsh,KCR,4.53,4.97,129.0,99.0,100.0,99.0,0.789,8.58,2.72,8.58,1.33,0.92,0.249,0.42,0.182,0.329,0.429,88.0,95.0,94.0,93.0,98.0,95.0,98.0,99.0,97.0,117.0,99.0,107.0,0.138,0.37,0.228,0.1,0.34,-1.16,-0.57,0.84,94.2,86.3,93.6,86.5,0.29,0.462,0.294,0.208,0.383,0.223,0.317,0.524,0.099,0.204,0.296,0.177,,,,,,,,,,0.2,0.433,0.464,103.0,105.0,103.0,0.164,-1.2,82.8,0.263,0.5,0.274,,,,,,,,,,,,,,,,,,,,,,,,,,,,,,
2024/05/17,6:40 PM.,AZ,DET,away,Roof Closed.,74,669194,SS,2,0,0,0,0,0,0,0,0,1,1,.206,.301,.254,.555,669194,rynenelson,"Nelson, R",Right,Ryne Nelson,ARI,4.24,4.17,150.2,106.0,100.0,104.0,0.838,7.53,2.03,9.26,1.02,1.14,0.274,0.39,0.14,0.338,0.463,108.0,99.0,107.0,105.0,107.0,106.0,,,,111.0,112.0,110.0,,0.557,0.103,0.099,0.64,,-0.66,-2.35,95.2,83.0,,83.8,0.226,0.34,0.156,0.249,0.418,0.195,,,,0.302,0.587,0.203,78.0,107.0,96.0,0.184,-0.85,91.2,0.317,0.508,0.154,0.4,0.733,0.167,91.0,94.0,94.0,0.057,1.81,77.8,0.138,0.207,0.148,,,,,,,,,,,,,,,,,,,,,,,,,,,,,,
2024/05/15,1:10 PM.,MIA,DET,home,Cloudy.,70,669432,PR,0,0,0,0,0,0,0,0,0,0,0,.213,.310,.262,.572,669432,trevorrogers,"Rogers, Tr",Left,Trevor Rogers,- - -,4.92,5.18,124.1,100.0,83.0,98.0,0.811,7.02,4.05,10.13,1.01,1.38,0.215,0.422,0.131,0.358,0.392,111.0,108.0,115.0,66.0,101.0,93.0,86.0,97.0,92.0,74.0,93.0,91.0,0.24,0.317,0.206,0.238,-0.26,-0.36,-1.99,-1.32,91.9,85.6,91.5,82.4,0.312,0.506,0.259,0.252,0.467,0.234,0.292,0.492,0.1,0.295,0.396,0.238,,,,,,,,,,,,,,,,,,,,,,,,,,,,,,,,,,,,,,,,,,,,,,,,,,,
2024/05/13,6:40 PM.,MIA,DET,home,Partly Cloudy.,80,664350,3B,2,0,0,0,0,0,0,1,2,0,0,.213,.310,.262,.572,664350,sixtosanchez,"Sánchez, S",Right,Sixto Sánchez,MIA,6.06,5.11,35.2,101.0,82.0,96.0,0.878,4.29,3.53,10.85,0.76,1.56,0.305,0.414,0.109,0.305,0.464,93.0,100.0,100.0,77.0,98.0,88.0,84.0,110.0,106.0,,,,0.048,0.298,,0.314,-1.21,-4.7,,1.58,93.8,85.4,92.7,,,,,0.267,0.433,0.104,0.5,1.333,0.167,0.22,0.22,0.17,58.0,108.0,100.0,0.34,-1.57,83.6,0.375,0.518,0.114,,,,,,,,,,,,,,,,,,,,,,,,,,,,,,,,,,,,,,,,,,
2024/05/11,6:10 PM.,HOU,DET,home,Overcast.,57,664299,SS,3,1,0,0,0,0,0,0,1,0,1,.220,.299,.271,.570,664299,cristianjavier,Javier,Right,Cristian Javier,HOU,3.89,4.56,34.2,92.0,113.0,96.0,0.765,7.01,4.93,7.79,1.04,0.49,0.221,0.433,0.115,0.288,0.391,137.0,96.0,104.0,101.0,88.0,89.0,,,,113.0,93.0,99.0,,0.393,0.295,0.268,-1.3,,0.38,1.39,91.7,81.2,,77.5,0.205,0.341,0.25,0.256,0.535,0.27,,,,0.194,0.306,0.276,,,,,,,,,,,,,,,,,,,0.5,0.667,0.143,,,,,,,,,,81.0,95.0,97.0,,0.044,,-5.23,,75.2,,,,,,,,,,,,
2024/05/08,1:11 PM.,CLE,DET,away,Sunny.,72,676440,3B,4,0,2,1,0,0,1,0,0,0,1,.232,.302,.286,.588,676440,tannerbibee,Bibee,Right,Tanner Bibee,CLE,3.47,3.78,173.2,103.0,99.0,104.0,0.76,9.69,2.28,7.77,1.14,0.78,0.285,0.408,0.153,0.297,0.445,82.0,100.0,108.0,92.0,103.0,98.0,89.0,64.0,93.0,113.0,102.0,109.0,0.003,0.434,0.278,0.18,-0.69,-1.41,1.74,0.13,94.6,82.5,93.9,86.2,0.196,0.411,0.299,0.282,0.476,0.213,,,,0.238,0.431,0.291,,,,,,,0.141,0.225,0.368,,,,119.0,109.0,112.0,0.105,-0.9,81.3,0.208,0.458,0.184,,,,,,,,,,,,,,,,,,,,,,,,,,,,,,
2024/05/05,1:38 PM.,NYY,DET,away,Rain.,51,641482,PH,1,0,0,0,0,0,0,0,0,1,0,.212,.288,.250,.538,641482,nestorcortes,Cortes,Left,Nestor Cortes,NYY,3.77,3.62,174.1,101.0,101.0,101.0,0.79,8.36,2.01,8.36,1.24,0.64,0.253,0.37,0.164,0.317,0.432,86.0,102.0,94.0,99.0,103.0,100.0,86.0,116.0,113.0,99.0,98.0,101.0,0.014,0.442,0.168,0.097,0.25,1.37,-1.27,-0.89,92.1,83.6,90.3,78.2,0.364,0.727,0.167,0.235,0.443,0.215,0.143,0.143,0.316,0.226,0.369,0.326,109.0,100.0,102.0,0.28,1.32,87.5,0.249,0.378,0.251,0.284,0.511,0.25,,,,,,,,,,,,,,,,,,,,,,,,,,,,,,,,,,,,,,,
2024/05/04,1:09 PM.,NYY,DET,away,Partly Cloudy.,61,657376,SS,4,0,1,0,0,0,0,0,0,1,0,.216,.293,.255,.548,657376,clarkeschmidt,Schmidt,Right,Clarke Schmidt,NYY,2.85,3.78,85.1,98.0,116.0,100.0,0.724,9.81,3.16,7.49,0.84,1.01,0.271,0.407,0.208,0.281,0.401,36.0,89.0,96.0,,,,83.0,94.0,85.0,136.0,94.0,102.0,0.21,,0.252,0.006,,-0.75,1.21,-13.05,,87.1,94.3,85.2,,,,,,,0.267,0.483,0.203,0.667,1.0,0.0,106.0,102.0,100.0,0.35,0.53,92.4,0.256,0.38,0.322,0.21,0.323,0.297,,,,,,,0.143,0.19,0.33,,,,,,,,,,150.0,102.0,113.0,,0.182,,0.89,,83.8,,,,,,,,,,,,
2024/05/03,7:07 PM.,NYY,DET,away,Clear.,57,573186,3B,3,0,0,0,0,0,0,1,1,0,3,.213,.296,.255,.551,573186,marcusstroman,Stroman,Right,Marcus Stroman,NYY,4.31,4.94,154.2,96.0,92.0,94.0,0.82,6.58,3.49,9.72,1.11,1.6,0.207,0.4,0.148,0.325,0.359,,,,48.0,88.0,79.0,90.0,94.0,90.0,93.0,102.0,102.0,0.351,0.032,0.16,,-4.01,-0.03,-2.37,,89.9,,90.0,85.3,0.258,0.386,0.272,0.455,0.636,0.259,0.306,0.466,0.12,,,,106.0,101.0,99.0,0.182,-0.26,88.1,0.296,0.519,0.187,,,,94.0,89.0,94.0,0.165,-0.03,81.3,0.0,0.0,0.265,82.0,99.0,93.0,0.111,-0.31,83.3,0.235,0.309,0.241,,,,,,,,,,0.309,0.515,0.313,,,,,,,,,
2024/04/30,3:39 PM.,STL,DET,home,Sunny.,72,502043,SS,3,0,1,0,0,0,0,0,0,2,2,.227,.300,.273,.573,502043,kylegibson,Gibson,Right,Kyle Gibson,STL,4.24,4.87,169.2,98.0,93.0,95.0,0.756,8.01,3.61,8.54,1.22,1.29,0.218,0.431,0.166,0.351,0.359,99.0,92.0,89.0,80.0,88.0,83.0,84.0,101.0,96.0,104.0,102.0,105.0,0.264,0.132,0.207,0.099,-1.39,0.22,0.92,1.2,91.4,84.9,90.7,80.7,,,,0.268,0.563,0.065,0.267,0.422,0.092,0.19,0.254,0.39,96.0,95.0,91.0,0.211,0.21,88.6,0.299,0.479,0.181,0.2,0.312,0.412,102.0,103.0,104.0,0.086,-2.21,78.3,0.325,0.675,0.462,,,,,,,,,,,,,,,,,,,,,,,,,,,,,,
2024/04/30,6:40 PM.,STL,DET,home,Clear.,73,571927,3B,0,0,0,0,0,0,0,0,0,0,0,.227,.300,.273,.573,571927,stevenmatz,Matz,Left,Steven Matz,STL,5.08,4.65,44.1,104.0,86.0,100.0,0.832,6.7,3.05,9.95,1.42,1.12,0.271,0.357,0.207,0.214,0.456,99.0,107.0,102.0,,,,78.0,105.0,100.0,85.0,90.0,94.0,0.598,,0.069,0.257,,0.6,-1.16,-2.61,,83.3,93.9,88.1,0.385,0.462,0.192,,,,0.247,0.412,0.15,0.3,0.567,0.272,,,,,,,,,,,,,108.0,102.0,106.0,0.076,-1.14,77.6,0.385,0.385,0.048,,,,,,,,,,,,,,,,,,,,,,,,,,,,,,
2024/04/28,1:40 PM.,KC,DET,home,Overcast.,70,608379,SS,4,0,1,0,0,0,0,0,0,2,0,.220,.298,.268,.566,608379,michaelwacha,Wacha,Right,Michael Wacha,KCR,3.35,4.05,166.2,102.0,91.0,99.0,0.784,7.83,2.43,8.32,0.92,0.93,0.258,0.429,0.213,0.282,0.436,111.0,109.0,112.0,83.0,103.0,99.0,78.0,103.0,89.0,97.0,89.0,90.0,0.153,0.238,0.092,0.322,0.39,0.29,-2.39,2.26,93.6,81.2,93.6,84.1,0.371,0.6,0.373,0.279,0.449,0.169,0.252,0.301,0.099,0.169,0.312,0.341,78.0,100.0,92.0,0.114,-0.94,88.8,0.319,0.458,0.148,,,,72.0,89.0,92.0,0.081,-1.64,75.2,0.357,0.643,0.174,,,,,,,,,,,,,,,,,,,,,,,,,,,,,,
2024/04/27,6:10 PM.,KC,DET,home,Partly Cloudy.,82,663903,3B,2,0,1,0,1,0,1,0,0,0,0,.216,.302,.270,.572,663903,bradysinger,Singer,Right,Brady Singer,KCR,3.71,4.65,179.2,99.0,84.0,94.0,0.769,8.52,2.71,8.77,1.1,1.62,0.191,0.419,0.159,0.326,0.414,80.0,77.0,69.0,63.0,96.0,86.0,70.0,101.0,91.0,106.0,99.0,102.0,0.413,0.113,0.455,0.019,-2.09,0.77,0.0,-5.71,91.6,88.1,92.2,82.9,0.207,0.361,0.354,0.326,0.609,0.197,0.267,0.389,0.127,0.429,0.5,0.111,,,,,,,,,,0.327,0.571,0.35,,,,,,,,,,,,,,,,,,,,,,,,,,,,,,,,,,,,,,,
2024/04/23,6:50 PM.,TB,DET,away,Dome.,72,686752,3B,0,0,0,0,0,0,0,0,0,0,0,.200,.293,.200,.493,686752,ryanpepiot,Pepiot,Right,Ryan Pepiot,TBR,3.6,3.64,130.0,99.0,116.0,106.0,0.73,9.83,3.32,7.06,1.18,0.77,0.276,0.405,0.17,0.308,0.422,118.0,105.0,117.0,115.0,98.0,102.0,,,,119.0,95.0,106.0,,0.506,0.173,0.235,1.07,,0.51,-0.47,94.9,85.8,,89.0,0.267,0.407,0.317,0.181,0.33,0.316,,,,0.216,0.353,0.286,100.0,103.0,100.0,0.06,-0.88,91.6,0.276,0.586,0.141,,,,140.0,75.0,84.0,0.027,-1.47,80.6,0.167,0.167,0.5,,,,,,,,,,,,,,,,,,,,,,,,,,,,,,
2024/04/20,1:11 PM.,MIN,DET,away,Partly Cloudy.,42,641927,PH,1,0,0,0,0,0,0,0,0,1,0,.200,.275,.200,.475,641927,baileyober,Ober,Right,Bailey Ober,MIN,3.98,3.22,178.2,105.0,91.0,102.0,0.728,9.62,2.17,6.85,1.36,0.67,0.22,0.439,0.183,0.303,0.416,116.0,111.0,111.0,81.0,104.0,96.0,,,,74.0,100.0,101.0,,0.381,0.118,0.294,-0.01,,2.03,1.98,91.7,83.4,,80.3,0.095,0.162,0.307,0.258,0.506,0.222,,,,0.154,0.285,0.395,84.0,104.0,100.0,0.195,-0.86,86.2,0.279,0.504,0.229,,,,94.0,99.0,103.0,0.011,4.57,76.0,0.0,0.0,0.375,,,,,,,,,,,,,,,,,,,,,,,,,,,,,,
2024/04/19,7:12 PM.,MIN,DET,away,Overcast.,38,657746,3B,4,0,0,0,0,0,0,0,0,1,0,.206,.282,.206,.488,657746,joeryan,Ryan,Right,Joe Ryan,MIN,3.6,2.87,135.0,107.0,99.0,104.0,0.752,9.8,1.53,7.33,1.27,0.79,0.242,0.427,0.198,0.281,0.481,,,,94.0,110.0,105.0,110.0,108.0,105.0,108.0,103.0,112.0,0.06,0.485,0.234,,1.38,-0.77,-0.09,,94.0,,92.9,83.1,0.343,0.6,0.216,0.194,0.379,0.275,0.345,0.483,0.094,,,,,,,,,,,,,0.207,0.37,0.337,,,,,,,,,,101.0,103.0,94.0,0.221,0.2,88.6,0.202,0.387,0.258,,,,,,,,,,,,,,,,,,,,,
2024/04/18,1:10 PM.,TEX,DET,home,Sunny.,62,683004,3B,1,0,0,0,0,0,0,0,0,1,0,.233,.314,.233,.547,683004,jackleiter,Leiter,Right,Jack Leiter,TEX,8.83,6.25,35.2,97.0,121.0,103.0,0.745,7.82,4.29,11.1,1.77,0.88,0.248,0.38,0.149,0.322,0.402,106.0,77.0,85.0,133.0,98.0,105.0,,,,118.0,104.0,109.0,,0.519,0.291,0.058,-2.71,,-0.99,1.36,96.4,89.5,,86.8,0.286,0.429,0.218,0.35,0.625,0.289,,,,0.125,0.125,0.357,58.0,65.0,57.0,0.018,-13.12,91.1,,,,,,,90.0,95.0,100.0,0.114,0.97,81.4,0.118,0.294,0.387,,,,,,,,,,,,,,,,,,,,,,,,,,,,,,
2024/04/17,1:10 PM.,TEX,DET,home,Cloudy.,69,641540,3B,2,0,0,0,0,0,0,0,0,1,0,.241,.324,.241,.565,641540,danedunning,Dunning,Right,Dane Dunning,TEX,5.31,5.28,95.0,98.0,82.0,94.0,0.785,8.62,3.79,9.19,1.71,1.15,0.158,0.5,0.127,0.345,0.425,83.0,94.0,86.0,40.0,103.0,91.0,79.0,102.0,97.0,102.0,100.0,97.0,0.377,0.028,0.234,0.125,-2.6,0.0,-1.44,-1.22,89.2,85.0,89.7,80.6,0.274,0.512,0.304,0.25,0.583,0.259,0.276,0.442,0.133,0.233,0.488,0.327,74.0,99.0,94.0,0.188,-0.73,88.1,0.254,0.46,0.242,,,,,,,,,,0.0,0.0,0.429,,,,,,,,,,58.0,89.0,98.0,0.001,0.047,-6.34,0.09,76.4,75.6,,,,,,,,,,,,
2024/04/16,1:10 PM.,TEX,DET,home,Sunny.,64,592351,2B,3,2,1,0,0,0,0,0,1,1,1,.259,.344,.259,.603,592351,jongray,"Gray, Jn",Right,Jon Gray,TEX,4.47,4.65,102.2,103.0,85.0,98.0,0.777,7.54,2.45,9.38,0.96,0.98,0.228,0.412,0.145,0.366,0.457,72.0,100.0,94.0,73.0,103.0,91.0,,,,97.0,105.0,105.0,,0.444,0.439,0.071,-0.71,,0.77,-1.39,94.9,88.7,,88.6,0.213,0.344,0.334,0.311,0.443,0.15,,,,0.257,0.543,0.19,,,,,,,,,,,,,97.0,97.0,102.0,0.046,-0.7,78.9,0.333,0.333,0.267,,,,,,,,,,,,,,,,,,,,,,,,,,,,,,
2024/04/13,1:11 PM.,MIN,DET,home,Sunny.,57,657746,P,5,0,1,0,0,0,0,0,0,1,3,.261,.333,.261,.594,657746,joeryan,Ryan,Right,Joe Ryan,MIN,3.6,2.87,135.0,107.0,99.0,104.0,0.752,9.8,1.53,7.33,1.27,0.79,0.242,0.427,0.198,0.281,0.481,,,,94.0,110.0,105.0,110.0,108.0,105.0,108.0,103.0,112.0,0.06,0.485,0.234,,1.38,-0.77,-0.09,,94.0,,92.9,83.1,0.343,0.6,0.216,0.194,0.379,0.275,0.345,0.483,0.094,,,,,,,,,,,,,0.207,0.37,0.337,,,,,,,,,,101.0,103.0,94.0,0.221,0.2,88.6,0.202,0.387,0.258,,,,,,,,,,,,,,,,,,,,,
2024/04/13,5:05 PM.,MIN,DET,home,Clear.,64,680573,PH,1,0,0,0,0,0,0,0,0,1,0,.250,.321,.250,.571,680573,simeonwoodsrichardson,Woods Richardson,Right,Simeon Woods Richardson,MIN,4.17,4.05,133.2,104.0,87.0,100.0,0.807,7.88,3.23,8.42,1.08,0.8,0.289,0.421,0.155,0.282,0.436,103.0,106.0,113.0,71.0,100.0,88.0,,,,92.0,108.0,106.0,,0.403,0.312,0.193,0.82,,0.76,-3.33,93.1,82.8,,86.4,0.214,0.313,0.239,0.258,0.356,0.219,,,,0.311,0.622,0.205,,,,,,,,,,,,,106.0,103.0,102.0,0.093,1.68,76.1,0.186,0.326,0.221,,,,,,,,,,,,,,,,,,,,,,,,,,,,,,
2024/04/12,7:45 PM.,MIN,DET,home,Cloudy.,50,641154,LF,1,0,0,0,0,0,0,0,0,0,0,.278,.364,.278,.642,641154,pablolopez,"López, P",Right,Pablo López,MIN,4.08,3.67,185.1,104.0,98.0,105.0,0.749,9.62,1.99,8.74,1.26,1.19,0.245,0.438,0.134,0.298,0.432,95.0,104.0,105.0,97.0,105.0,101.0,97.0,107.0,107.0,106.0,103.0,110.0,0.073,0.407,0.219,0.201,1.65,-2.77,-0.84,-0.14,95.0,88.5,94.5,84.5,,,,0.208,0.352,0.259,0.426,0.639,0.142,0.281,0.359,0.249,,,,,,,,,,0.239,0.436,0.331,92.0,103.0,108.0,0.1,-1.28,82.4,0.23,0.446,0.341,,,,,,,,,,,,,,,,,,,,,,,,,,,,,,
2024/04/09,12:37 PM.,PIT,DET,away,Partly Cloudy.,72,527048,3B,0,1,0,0,0,0,0,0,0,0,0,.294,.381,.294,.675,527048,martinperez,"Pérez, M",Left,Martín Pérez,- - -,4.53,5.38,135.0,102.0,73.0,95.0,0.81,7.13,3.27,10.07,1.47,1.24,0.182,0.462,0.145,0.31,0.408,71.0,109.0,99.0,56.0,92.0,86.0,78.0,101.0,93.0,70.0,111.0,119.0,0.358,0.053,0.0,0.227,-8.23,0.57,-51.06,-1.27,91.3,83.4,90.7,82.8,,,,0.458,0.917,0.043,0.275,0.383,0.097,0.28,0.448,0.341,70.0,101.0,93.0,0.221,-0.61,87.9,0.28,0.57,0.212,,,,74.0,102.0,98.0,0.141,0.62,77.9,0.246,0.354,0.29,,,,,,,,,,,,,,,,,,,,,,,,,,,,,,
2024/04/08,6:42 PM.,PIT,DET,away,Cloudy.,74,656605,3B,1,0,0,0,0,0,1,0,0,1,0,.294,.381,.294,.675,656605,mitchkeller,"Keller, M",Right,Mitch Keller,PIT,4.25,4.31,178.0,101.0,99.0,100.0,0.805,8.39,2.53,9.2,1.16,1.07,0.285,0.376,0.135,0.331,0.442,88.0,103.0,102.0,86.0,103.0,96.0,82.0,102.0,94.0,129.0,100.0,109.0,0.22,0.304,0.25,0.008,0.3,-0.26,-1.04,-12.5,94.4,89.8,93.4,84.7,0.338,0.636,0.248,0.257,0.4,0.24,0.266,0.405,0.125,0.667,1.333,0.0,96.0,99.0,98.0,0.122,-1.0,90.4,0.272,0.593,0.195,0.204,0.331,0.25,111.0,96.0,104.0,0.096,-0.11,78.4,0.233,0.442,0.293,,,,,,,,,,,,,,,,,,,,,,,,,,,,,,
2024/04/07,1:40 PM.,OAK,DET,home,Sunny.,55,671212,SS,3,0,1,0,0,0,0,0,1,1,2,.313,.421,.313,.734,671212,joeboyle,Boyle,Right,Joe Boyle,OAK,6.42,4.34,47.2,89.0,122.0,93.0,0.727,10.57,7.55,7.93,0.76,0.96,0.27,0.278,0.167,0.254,0.395,,,,108.0,85.0,86.0,,,,140.0,103.0,117.0,,0.59,0.373,,-0.77,,0.1,,97.7,,,87.7,0.164,0.224,0.379,0.27,0.39,0.253,,,,,,,,,,,,,,,,0.4,0.8,0.25,110.0,75.0,87.0,0.037,0.56,80.4,,,,,,,,,,,,,,,,,,,,,,,,,,,,,,,,,
2024/04/05,1:10 PM.,OAK,DET,home,Partly Cloudy.,43,676664,2B,0,0,0,0,0,0,0,0,0,0,0,.308,.400,.308,.708,676664,jpsears,Sears,Left,JP Sears,OAK,4.38,4.43,180.2,99.0,90.0,94.0,0.8,6.82,2.44,8.57,1.39,0.79,0.244,0.413,0.171,0.325,0.443,84.0,94.0,83.0,70.0,102.0,92.0,84.0,100.0,87.0,118.0,100.0,105.0,0.106,0.363,0.339,0.192,-0.8,1.37,-0.1,-0.21,91.9,84.0,90.0,78.9,0.23,0.525,0.259,0.23,0.476,0.256,0.276,0.395,0.104,0.297,0.428,0.188,,,,,,,,,,0.239,0.381,0.213,,,,,,,,,,,,,,,,,,,,,,,,,,,,,,,,,,,,,,,
2024/04/04,4:21 PM.,NYM,DET,away,Partly Cloudy.,47,676130,3B,2,0,1,0,0,0,0,0,0,1,2,.308,.400,.308,.708,676130,josebutto,Buttó,Right,José Buttó,NYM,2.55,3.44,74.0,91.0,94.0,90.0,0.703,9.61,4.62,4.99,0.73,1.01,0.244,0.401,0.14,0.308,0.311,79.0,95.0,86.0,107.0,93.0,94.0,83.0,81.0,79.0,100.0,88.0,94.0,0.23,0.315,0.235,0.22,2.14,1.41,1.14,0.06,94.2,87.1,93.5,84.0,0.192,0.346,0.426,0.157,0.2,0.319,0.179,0.304,0.161,0.156,0.312,0.426,,,,,,,,,,0.176,0.235,0.262,,,,,,,,,,,,,,,,,,,,,,,,,,,,,,,,,,,,,,,
2024/04/04,12:10 PM.,NYM,DET,away,Cloudy.,43,605288,SS,4,0,2,0,0,0,0,0,1,1,0,.273,.385,.273,.658,605288,adrianhouser,Houser,Right,Adrian Houser,NYM,5.84,5.24,69.1,100.0,91.0,97.0,0.834,5.84,4.15,9.61,1.04,1.43,0.254,0.417,0.136,0.307,0.433,98.0,95.0,95.0,72.0,104.0,94.0,96.0,99.0,96.0,91.0,103.0,101.0,0.445,0.168,0.173,0.127,0.63,0.25,-1.67,-2.31,93.6,84.1,92.5,83.2,0.286,0.571,0.213,0.179,0.333,0.193,0.252,0.382,0.122,0.308,0.462,0.333,,,,,,,,,,,,,83.0,99.0,93.0,0.087,-4.53,79.6,0.476,0.762,0.15,,,,,,,,,,,,,,,,,,,,,,,,,,,,,,
2024/04/01,7:10 PM.,NYM,DET,away,Cloudy.,52,640455,2B,2,0,0,0,0,0,0,0,0,1,0,.143,.250,.143,.393,640455,seanmanaea,Manaea,Left,Sean Manaea,NYM,3.47,3.75,181.2,97.0,90.0,96.0,0.76,9.12,3.12,6.64,1.04,0.87,0.266,0.376,0.156,0.32,0.436,83.0,98.0,95.0,88.0,103.0,99.0,95.0,100.0,97.0,88.0,88.0,93.0,0.447,0.113,0.251,0.118,1.13,1.36,0.37,-1.19,92.3,85.3,92.3,79.5,0.174,0.435,0.32,0.167,0.295,0.311,0.201,0.333,0.21,0.25,0.438,0.254,84.0,88.0,85.0,0.071,0.97,88.4,0.222,0.25,0.179,0.193,0.311,0.388,,,,,,,,,,,,,,,,,,,,,,,,,,,,,,,,,,,,,,,
2024/03/31,1:10 PM.,CWS,DET,away,Partly Cloudy.,47,607200,RF,0,0,0,0,0,0,0,0,1,0,0,.200,.333,.200,.533,607200,erickfedde,Fedde,Right,Erick Fedde,- - -,3.3,3.91,177.1,104.0,90.0,99.0,0.807,7.82,2.64,7.82,1.02,1.07,0.264,0.367,0.181,0.309,0.399,86.0,108.0,106.0,17.0,112.0,76.0,76.0,105.0,93.0,126.0,101.0,106.0,0.308,0.003,0.202,0.164,-6.18,0.59,1.28,-0.54,92.9,87.7,93.0,83.5,,,,0.5,0.5,0.0,0.25,0.358,0.202,0.228,0.351,0.165,78.0,104.0,97.0,0.323,0.43,89.9,0.262,0.47,0.232,0.165,0.309,0.251,,,,,,,,,,,,,,,,,,,,,,,,,,,,,,,,,,,,,,,
2024/03/30,1:10 PM.,CWS,DET,away,Partly Cloudy.,61,647336,3B,5,0,1,0,0,0,0,0,0,1,2,.200,.200,.200,.400,647336,michaelsoroka,Soroka,Right,Michael Soroka,CHW,4.74,4.59,79.2,95.0,96.0,94.0,0.775,9.49,4.97,7.46,1.47,0.94,0.269,0.472,0.176,0.292,0.4,113.0,85.0,92.0,96.0,98.0,95.0,77.0,92.0,88.0,103.0,98.0,96.0,0.212,0.325,0.366,0.097,0.28,-1.33,0.39,-3.52,93.5,82.1,92.3,81.9,0.168,0.317,0.417,0.195,0.354,0.21,0.289,0.518,0.087,0.321,0.643,0.13,,,,,,,,,,,,,,,,,,,,,,,,,,,,,,,,,,,,,,,,,,,,,,,,,,,
