date,time,opponent,team,location,weather,temp,opposingPitcherId,position,ab,r,h,doubles,triples,hr,rbi,sb,bb,k,lob,avg,obp,slg,ops,id,fullName,boxscoreName,PitchingHand,PlayerName,Team,ERA,xERA,IP,Location+,Stuff+,Pitching+,Contact%,K/9,BB/9,H/9,HR/9,GB/FB,Oppo%,Pull%,Soft%,Hard%,Zone%,Stf+ CH,Loc+ CH,Pit+ CH,Stf+ CU,Loc+ CU,Pit+ CU,Stf+ FA,Loc+ FA,Pit+ FA,Stf+ SL,Loc+ SL,Pit+ SL,FA%,SL%,CU%,CH%,wFA/C,wSL/C,wCU/C,wCH/C,vFA,vCH,vSL,vCU,FF_ba,FF_slg,FF_whiff,SL_ba,SL_slg,SL_whiff,CU_ba,CU_slg,CU_whiff,CH_ba,CH_slg,CH_whiff,Stf+ SI,Loc+ SI,Pit+ SI,Stf+ FC,Loc+ FC,Pit+ FC,SI%,FC%,wFC/C,wSI/C,vFC,vSI,SI_ba,SI_slg,SI_whiff,FC_ba,FC_slg,FC_whiff,SV_ba,SV_slg,SV_whiff,Stf+ KC,Loc+ KC,Pit+ KC,KC%,wKC/C,vKC,vKN (sc),Stf+ FS,Loc+ FS,Pit+ FS,FS%,KN%,wFS/C,wKN/C,vFS,FS_ba,FS_slg,FS_whiff,ST_ba,ST_slg,ST_whiff,KC_ba,KC_slg,KC_whiff
2023-09-30,6:11 PM.,MIN,COL,home,Cloudy.,82,641941,DH,4,2,1,0,0,1,1,0,1,2,1,0.246,0.294,0.432,0.726,641941,emiliopagan,Pagán,Right,Emilio Pagán,MIN,2.99,3.66,69.1,104.0,111.0,107.0,0.775,8.44,2.73,5.84,0.65,0.62,0.317,0.371,0.124,0.392,0.469,,,,90.0,91.0,95.0,125.0,107.0,113.0,,,,0.55,,0.025,,2.0,,-1.88,,95.8,,,81.4,0.188,0.326,0.246,,,,0.286,0.429,0.1669999999999999,,,,,,,92.0,103.0,103.0,,0.301,2.52,,87.7,,,,,0.143,0.214,0.188,,,,,,,,,,,95.0,96.0,94.0,0.123,,-2.07,,85.9,0.263,0.526,0.414,,,,,,
2023-09-29,6:11 PM.,MIN,COL,home,Partly Cloudy.,82,657746,1B,5,1,1,0,0,1,1,0,0,0,3,0.246,0.292,0.424,0.716,657746,joeryan,Ryan,Right,Joe Ryan,MIN,4.51,3.53,161.2,107.0,99.0,105.0,0.749,10.97,1.89,8.63,1.78,0.63,0.232,0.423,0.147,0.326,0.455,,,,,,,102.0,112.0,108.0,102.0,88.0,94.0,0.569,0.159,,,0.89,-2.12,,,92.3,,80.3,,0.24,0.457,0.287,0.32,0.56,0.241,,,,,,,,,,,,,,,,,,,,,,,,,,,,,,,,,,,91.0,104.0,102.0,0.272,,-0.3,,83.9,0.242,0.415,0.213,,,,,,
2023-09-28,6:40 PM.,LAD,COL,home,Partly Cloudy.,81,642232,1B,4,4,3,1,0,1,2,0,1,1,1,0.247,0.294,0.417,0.711,642232,ryanyarbrough,Yarbrough,Left,Ryan Yarbrough,- - -,4.52,4.39,89.2,105.0,79.0,97.0,0.794,6.72,1.41,9.64,1.3,0.95,0.267,0.358,0.219,0.285,0.444,61.0,105.0,94.0,102.0,98.0,108.0,,,,,,,0.308,,0.26,0.182,0.59,,-0.24,-2.4,87.0,78.5,,71.9,0.283,0.37,0.127,,,,0.208,0.386,0.382,0.329,0.6,0.2769999999999999,76.0,108.0,89.0,77.0,106.0,93.0,0.002,0.248,1.48,1.21,84.2,88.2,,,,0.289,0.378,0.121,,,,,,,,,,,,,,,,,,,,,,,,,,,
2023-09-27,6:41 PM.,LAD,COL,home,Clear.,82,686218,1B,4,0,0,0,0,0,0,0,0,0,2,0.24,0.285,0.397,0.682,686218,emmetsheehan,Sheehan,Right,Emmet Sheehan,LAD,4.92,3.5,60.1,95.0,101.0,97.0,0.732,9.55,3.88,6.86,1.64,0.62,0.21,0.433,0.121,0.287,0.395,74.0,99.0,100.0,,,,104.0,96.0,95.0,112.0,98.0,103.0,0.6,0.228,,0.172,0.04,1.57,,0.51,95.4,82.9,85.8,,0.24,0.504,0.2019999999999999,0.091,0.182,0.412,,,,0.178,0.333,0.476,,,,,,,,,,,,,,,,,,,,,,,,,,,,,,,,,,,,,,,,,,,,,
2023-09-26,6:42 PM.,LAD,COL,home,Clear.,78,676272,1B,3,1,2,0,0,1,1,0,0,1,0,0.243,0.289,0.403,0.692,676272,bobbymiller,"Miller, Bo",Right,Bobby Miller,LAD,3.76,3.4,124.1,102.0,123.0,110.0,0.764,8.61,2.32,7.6,0.87,1.46,0.256,0.428,0.147,0.299,0.426,105.0,100.0,117.0,115.0,100.0,110.0,130.0,102.0,105.0,153.0,110.0,121.0,0.289,0.174,0.185,0.16,1.2,-1.0,1.25,0.6,99.0,88.2,89.7,80.6,0.258,0.367,0.206,0.5,0.75,0.25,0.184,0.303,0.36,0.133,0.307,0.3989999999999999,107.0,99.0,100.0,,,,0.192,,,1.75,,98.8,0.258,0.382,0.178,,,,,,,,,,,,,,,,,,,,,,,,,,,,,,
2023-09-26,1:12 PM.,LAD,COL,home,Sunny.,72,657571,1B,4,0,1,0,0,0,1,0,0,2,3,0.238,0.285,0.388,0.673,657571,calebferguson,Ferguson,Left,Caleb Ferguson,LAD,3.43,3.85,60.1,101.0,108.0,100.0,0.767,10.44,3.43,9.55,0.6,1.84,0.296,0.361,0.166,0.32,0.451,,,,,,,108.0,102.0,101.0,120.0,87.0,98.0,0.665,0.028,,,0.19,0.92,,,95.8,,80.0,,0.277,0.34,0.26,0.25,0.25,0.125,,,,,,,,,,107.0,101.0,99.0,,0.307,-0.37,,86.6,,,,,0.253,0.427,0.271,,,,,,,,,,,,,,,,,,,,,,,,,,,
2023-09-24,1:20 PM.,CHC,COL,away,Sunny.,73,696136,1B,4,0,1,0,0,0,0,0,0,0,2,0.238,0.285,0.391,0.676,696136,jordanwicks,Wicks,Left,Jordan Wicks,CHC,4.41,4.07,34.2,101.0,77.0,96.0,0.785,6.23,2.86,8.57,1.3,1.65,0.223,0.438,0.134,0.259,0.334,71.0,106.0,104.0,82.0,97.0,97.0,78.0,102.0,96.0,105.0,87.0,95.0,0.285,0.041,0.084,0.297,-1.88,-6.67,-0.96,1.83,92.1,81.3,82.0,78.2,0.368,0.711,0.145,0.333,0.833,0.2,0.143,0.143,0.429,0.171,0.317,0.3,75.0,99.0,90.0,85.0,94.0,82.0,0.196,0.098,-2.26,2.74,89.0,91.3,0.174,0.174,0.163,0.444,0.667,0.261,,,,,,,,,,,,,,,,,,,,,,,,,,,
2023-09-22,1:19 PM.,CHC,COL,away,Partly Cloudy.,74,592791,DH,4,0,0,0,0,0,0,0,0,1,3,0.238,0.286,0.393,0.679,592791,jamesontaillon,Taillon,Right,Jameson Taillon,CHC,4.84,4.7,154.1,106.0,99.0,104.0,0.804,8.16,2.39,9.1,1.57,0.88,0.22,0.418,0.177,0.311,0.437,82.0,94.0,98.0,109.0,111.0,113.0,87.0,104.0,97.0,117.0,113.0,122.0,0.342,0.154,0.149,0.031,-0.69,0.75,-0.12,-0.22,93.7,86.5,80.9,80.5,0.261,0.553,0.204,0.233,0.333,0.2739999999999999,0.198,0.349,0.2,0.28,0.44,0.106,97.0,107.0,97.0,101.0,102.0,99.0,0.102,0.222,-0.32,0.9,88.6,93.9,0.296,0.394,0.133,0.311,0.521,0.2739999999999999,,,,,,,,,,,,,,,,,,,,,,,,,,,
2023-09-19,6:40 PM.,SD,COL,away,Partly Cloudy.,69,605483,1B,3,0,0,0,0,0,0,0,0,3,3,0.242,0.29,0.399,0.689,605483,blakesnell,Snell,Left,Blake Snell,SDP,2.25,3.77,180.0,95.0,107.0,100.0,0.642,11.7,4.95,5.75,0.75,1.3,0.262,0.388,0.168,0.309,0.326,72.0,103.0,106.0,106.0,102.0,110.0,120.0,91.0,96.0,107.0,91.0,94.0,0.486,0.131,0.198,0.184,0.07,0.68,2.55,2.65,95.5,86.7,88.4,81.0,0.255,0.389,0.195,0.123,0.26,0.536,0.079,0.14,0.563,0.185,0.266,0.4679999999999999,,,,,,,,,,,,,,,,,,,,,,,,,,,,,,,,,,,,,,,,,,,,,
2023-09-18,6:42 PM.,SD,COL,away,Clear.,70,608379,DH,5,1,1,0,0,0,0,0,0,4,2,0.245,0.293,0.404,0.697,608379,michaelwacha,Wacha,Right,Michael Wacha,SDP,3.22,4.27,134.1,102.0,89.0,101.0,0.775,8.31,2.88,7.57,1.0,0.8,0.17,0.488,0.154,0.3,0.43,101.0,106.0,110.0,86.0,92.0,94.0,73.0,104.0,94.0,,,,0.288,,0.11,0.345,1.23,,1.04,1.06,92.0,81.6,,74.0,0.188,0.323,0.1669999999999999,,,,0.172,0.31,0.27,0.207,0.346,0.359,84.0,103.0,103.0,96.0,100.0,96.0,0.133,0.124,-2.13,-0.36,86.9,91.9,0.25,0.45,0.111,0.364,0.582,0.165,,,,,,,,,,,,,,,,,,,,,,,,,,,
2023-09-17,1:11 PM.,SF,COL,home,Sunny.,75,640455,1B,5,1,1,1,0,0,0,0,0,2,2,0.246,0.295,0.408,0.703,640455,seanmanaea,Manaea,Left,Sean Manaea,SFG,4.44,4.21,117.2,101.0,91.0,96.0,0.777,9.79,3.21,7.95,1.07,1.1,0.255,0.371,0.143,0.305,0.448,90.0,97.0,94.0,,,,90.0,105.0,95.0,92.0,95.0,98.0,0.562,0.26,,0.17,0.91,-0.93,,1.06,93.6,86.6,82.3,,0.235,0.39,0.233,0.122,0.143,0.367,,,,0.224,0.342,0.183,121.0,109.0,108.0,,,,0.008,0.0,-5.8,-6.19,90.3,94.0,0.4,0.8,0.25,,,,,,,,,,,,,,,,,,,,,,,,,,,,,,
2023-09-16,6:09 PM.,SF,COL,home,Clear.,72,518397,1B,4,0,1,0,0,0,1,0,0,2,5,0.247,0.297,0.409,0.706,518397,scottalexander,Alexander,Left,Scott Alexander,SFG,4.66,3.61,48.1,101.0,87.0,97.0,0.82,5.77,2.05,10.24,0.37,3.19,0.176,0.43,0.158,0.333,0.465,68.0,92.0,87.0,,,,,,,110.0,103.0,103.0,,0.16,,0.082,,1.06,,0.57,,85.9,83.0,,,,,0.192,0.308,0.396,,,,0.167,0.25,0.346,84.0,101.0,97.0,,,,0.758,,,0.64,,92.8,0.306,0.389,0.146,,,,,,,,,,,,,,,,,,,,,,,,,,,,,,
2023-09-16,12:11 PM.,SF,COL,home,Sunny.,68,676775,DH,3,0,0,0,0,0,0,0,1,0,0,0.247,0.298,0.411,0.709,676775,keatonwinn,Winn,Right,Keaton Winn,SFG,4.68,4.3,42.1,100.0,120.0,104.0,0.736,7.44,1.7,7.65,1.28,1.97,0.211,0.455,0.098,0.366,0.451,,,,,,,91.0,105.0,98.0,119.0,107.0,104.0,0.258,0.035,,,-1.55,2.19,,,95.9,,85.9,,0.24,0.68,0.299,,,,,,,,,,85.0,92.0,90.0,,,,0.153,,,-0.06,,95.5,0.25,0.417,0.2,,,,,,,,,,,,,,143.0,99.0,110.0,0.554,,1.11,,88.7,0.221,0.347,0.344,,,,,,
2023-09-15,6:41 PM.,SF,COL,home,Partly Cloudy.,63,657277,1B,4,0,1,0,0,0,1,0,0,1,0,0.25,0.298,0.417,0.715,657277,loganwebb,Webb,Right,Logan Webb,SFG,3.25,3.63,216.0,104.0,104.0,103.0,0.81,8.08,1.29,8.38,0.83,2.94,0.187,0.465,0.143,0.325,0.419,112.0,106.0,103.0,,,,88.0,119.0,100.0,91.0,100.0,111.0,0.037,0.212,,0.416,-1.37,0.11,,2.18,92.6,87.5,84.3,,0.226,0.452,0.3,0.208,0.369,0.286,,,,0.225,0.309,0.228,105.0,103.0,98.0,,,,0.336,,,0.31,,92.3,0.313,0.481,0.104,,,,,,,,,,,,,,,,,,,,,,,,,,,,,,
2023-09-13,1:10 PM.,CHC,COL,home,Partly Cloudy.,76,592791,DH,4,1,1,0,0,1,2,0,0,2,1,0.25,0.299,0.42,0.719,592791,jamesontaillon,Taillon,Right,Jameson Taillon,CHC,4.84,4.7,154.1,106.0,99.0,104.0,0.804,8.16,2.39,9.1,1.57,0.88,0.22,0.418,0.177,0.311,0.437,82.0,94.0,98.0,109.0,111.0,113.0,87.0,104.0,97.0,117.0,113.0,122.0,0.342,0.154,0.149,0.031,-0.69,0.75,-0.12,-0.22,93.7,86.5,80.9,80.5,0.261,0.553,0.204,0.233,0.333,0.2739999999999999,0.198,0.349,0.2,0.28,0.44,0.106,97.0,107.0,97.0,101.0,102.0,99.0,0.102,0.222,-0.32,0.9,88.6,93.9,0.296,0.394,0.133,0.311,0.521,0.2739999999999999,,,,,,,,,,,,,,,,,,,,,,,,,,,
2023-09-12,6:41 PM.,CHC,COL,home,Clear.,75,665871,1B,4,0,2,1,0,0,0,0,0,1,3,0.25,0.3,0.409,0.709,665871,javierassad,Assad,Right,Javier Assad,CHC,3.05,4.64,109.1,99.0,92.0,94.0,0.825,7.74,3.38,7.66,1.07,1.36,0.283,0.334,0.18,0.331,0.412,58.0,94.0,87.0,92.0,89.0,86.0,82.0,97.0,90.0,103.0,100.0,103.0,0.194,0.135,0.051,0.04,-0.9,0.28,-3.14,-3.27,93.1,85.0,80.6,76.5,0.313,0.484,0.193,0.163,0.265,0.457,0.25,0.55,0.258,0.357,0.571,0.292,87.0,103.0,93.0,103.0,99.0,95.0,0.306,0.274,0.48,2.18,89.1,92.7,0.214,0.324,0.142,0.218,0.418,0.18,,,,,,,,,,,,,,,,,,,,,,,,,,,
2023-09-11,6:41 PM.,CHC,COL,home,Partly Cloudy.,66,696136,DH,2,1,1,0,0,0,0,0,0,0,0,0.245,0.297,0.403,0.7,696136,jordanwicks,Wicks,Left,Jordan Wicks,CHC,4.41,4.07,34.2,101.0,77.0,96.0,0.785,6.23,2.86,8.57,1.3,1.65,0.223,0.438,0.134,0.259,0.334,71.0,106.0,104.0,82.0,97.0,97.0,78.0,102.0,96.0,105.0,87.0,95.0,0.285,0.041,0.084,0.297,-1.88,-6.67,-0.96,1.83,92.1,81.3,82.0,78.2,0.368,0.711,0.145,0.333,0.833,0.2,0.143,0.143,0.429,0.171,0.317,0.3,75.0,99.0,90.0,85.0,94.0,82.0,0.196,0.098,-2.26,2.74,89.0,91.3,0.174,0.174,0.163,0.444,0.667,0.261,,,,,,,,,,,,,,,,,,,,,,,,,,,
2023-09-10,5:10 PM.,SF,COL,away,Clear.,67,676775,1B,4,1,3,1,0,0,0,0,0,1,1,0.243,0.289,0.402,0.691,676775,keatonwinn,Winn,Right,Keaton Winn,SFG,4.68,4.3,42.1,100.0,120.0,104.0,0.736,7.44,1.7,7.65,1.28,1.97,0.211,0.455,0.098,0.366,0.451,,,,,,,91.0,105.0,98.0,119.0,107.0,104.0,0.258,0.035,,,-1.55,2.19,,,95.9,,85.9,,0.24,0.68,0.299,,,,,,,,,,85.0,92.0,90.0,,,,0.153,,,-0.06,,95.5,0.25,0.417,0.2,,,,,,,,,,,,,,143.0,99.0,110.0,0.554,,1.11,,88.7,0.221,0.347,0.344,,,,,,
2023-09-09,6:05 PM.,SF,COL,away,Partly Cloudy.,67,657277,1B,2,0,1,0,0,0,1,0,1,0,1,0.233,0.281,0.39,0.671,657277,loganwebb,Webb,Right,Logan Webb,SFG,3.25,3.63,216.0,104.0,104.0,103.0,0.81,8.08,1.29,8.38,0.83,2.94,0.187,0.465,0.143,0.325,0.419,112.0,106.0,103.0,,,,88.0,119.0,100.0,91.0,100.0,111.0,0.037,0.212,,0.416,-1.37,0.11,,2.18,92.6,87.5,84.3,,0.226,0.452,0.3,0.208,0.369,0.286,,,,0.225,0.309,0.228,105.0,103.0,98.0,,,,0.336,,,0.31,,92.3,0.313,0.481,0.104,,,,,,,,,,,,,,,,,,,,,,,,,,,,,,
2023-09-08,7:17 PM.,SF,COL,away,Clear.,63,690986,1B,4,1,2,0,0,0,0,0,0,1,0,0.231,0.277,0.389,0.666,690986,kyleharrison,Harrison,Left,Kyle Harrison,SFG,4.15,4.55,34.2,99.0,95.0,98.0,0.796,9.09,2.86,7.53,2.08,0.5,0.351,0.361,0.155,0.32,0.427,78.0,100.0,93.0,83.0,90.0,91.0,104.0,103.0,102.0,86.0,99.0,105.0,0.607,0.017,0.265,0.111,0.66,-4.23,-2.28,-0.87,93.6,86.6,87.5,82.2,0.182,0.39,0.248,,,,,,,0.25,0.45,0.19,,,,,,,,,,,,,,,,,,,0.273,0.606,0.242,,,,,,,,,,,,,,,,,,,,,,,,
2023-09-06,12:40 PM.,AZ,COL,away,Roof Closed.,75,605200,DH,4,1,1,1,0,0,0,0,0,1,2,0.225,0.273,0.387,0.66,605200,zachdavies,Davies,Right,Zach Davies,ARI,7.0,5.48,82.1,100.0,75.0,92.0,0.799,7.87,4.26,10.71,1.09,1.3,0.239,0.398,0.14,0.371,0.36,78.0,106.0,100.0,89.0,99.0,100.0,72.0,100.0,91.0,113.0,105.0,101.0,0.226,0.027,0.061,0.248,-0.05,-1.83,-0.55,-1.19,89.3,80.7,80.8,77.0,0.21,0.355,0.181,0.25,0.5,0.1669999999999999,0.188,0.5,0.2,0.275,0.477,0.372,71.0,97.0,88.0,73.0,93.0,88.0,0.325,0.113,0.13,-1.5,87.5,89.6,0.381,0.552,0.096,0.3,0.3,0.145,,,,,,,,,,,,,,,,,,,,,,,,,,,
2023-09-05,6:40 PM.,AZ,COL,away,Roof Closed.,78,694297,1B,3,0,0,0,0,0,0,0,0,1,1,0.225,0.273,0.385,0.658,694297,brandonpfaadt,Pfaadt,Right,Brandon Pfaadt,ARI,5.72,4.48,96.0,104.0,103.0,105.0,0.769,8.81,2.44,10.22,2.06,0.73,0.201,0.443,0.148,0.386,0.466,90.0,100.0,97.0,106.0,89.0,97.0,97.0,105.0,102.0,119.0,106.0,117.0,0.454,0.27,0.055,0.122,-1.63,1.21,-1.24,-3.66,93.6,86.7,83.8,78.8,0.327,0.654,0.176,0.18,0.323,0.337,0.294,0.529,0.294,0.4,0.711,0.33,97.0,108.0,100.0,,,,0.099,,,-0.03,,93.1,0.313,0.563,0.188,,,,,,,,,,,,,,,,,,,,,,,,,,,,,,
2023-09-04,1:10 PM.,AZ,COL,away,Roof Closed.,78,518876,1B,2,0,0,0,0,0,0,0,1,2,2,0.228,0.274,0.391,0.665,518876,merrillkelly,"Kelly, M",Right,Merrill Kelly,ARI,3.29,4.13,177.2,105.0,92.0,103.0,0.753,9.47,3.5,7.24,1.01,1.33,0.195,0.47,0.136,0.359,0.386,99.0,108.0,114.0,121.0,105.0,111.0,78.0,104.0,97.0,104.0,112.0,110.0,0.301,0.055,0.11,0.231,0.04,-0.64,-0.45,2.43,92.2,88.7,85.5,82.1,0.224,0.489,0.259,0.217,0.391,0.413,0.268,0.411,0.256,0.18,0.234,0.32,85.0,105.0,95.0,87.0,101.0,99.0,0.122,0.181,0.88,0.83,90.8,92.4,0.261,0.378,0.163,0.22,0.352,0.244,,,,,,,,,,,,,,,,,,,,,,,,,,,
2023-09-03,1:12 PM.,TOR,COL,home,Partly Cloudy.,86,592332,1B,3,2,1,1,0,0,0,0,1,1,2,0.231,0.273,0.395,0.668,592332,kevingausman,Gausman,Right,Kevin Gausman,TOR,3.16,3.85,185.0,104.0,105.0,105.0,0.737,11.53,2.68,7.93,0.92,1.11,0.27,0.384,0.165,0.369,0.399,,,,,,,110.0,104.0,105.0,89.0,89.0,94.0,0.509,0.108,,,1.13,-0.97,,,94.7,,83.6,,0.243,0.409,0.172,0.348,0.565,0.353,,,,,,,,,,,,,,,,,,,,,,,,,,,,,,,,,,,105.0,108.0,109.0,0.384,,0.3,,86.3,0.201,0.307,0.432,,,,,,
2023-09-02,6:10 PM.,TOR,COL,home,Cloudy.,95,579328,1B,2,2,2,0,0,0,0,0,2,0,0,0.229,0.268,0.391,0.659,579328,yuseikikuchi,Kikuchi,Left,Yusei Kikuchi,TOR,3.86,4.3,167.2,101.0,105.0,102.0,0.748,9.72,2.58,8.86,1.45,1.04,0.289,0.4,0.152,0.36,0.431,82.0,93.0,83.0,98.0,103.0,105.0,117.0,99.0,102.0,101.0,105.0,108.0,0.451,0.259,0.193,0.097,0.05,1.11,0.24,-1.83,95.1,88.7,88.7,83.1,0.27,0.412,0.268,0.225,0.396,0.302,0.284,0.463,0.307,0.254,0.508,0.193,,,,,,,,,,,,,,,,,,,,,,,,,,,,,,,,,,,,,,,,,,,,,
2023-09-01,6:40 PM.,TOR,COL,home,Clear.,95,547943,1B,4,2,1,0,0,1,2,0,0,0,2,0.221,0.254,0.384,0.638,547943,hyunjinryu,Ryu,Left,Hyun Jin Ryu,TOR,3.46,3.85,52.0,105.0,80.0,95.0,0.802,6.58,2.42,9.17,1.56,1.4,0.234,0.468,0.152,0.327,0.412,74.0,104.0,95.0,88.0,111.0,105.0,75.0,105.0,91.0,,,,0.317,,0.171,0.228,-0.51,,-1.45,-2.1,88.6,78.1,,68.9,0.265,0.633,0.119,,,,0.286,0.429,0.352,0.276,0.448,0.25,73.0,100.0,94.0,92.0,107.0,97.0,0.095,0.189,1.27,3.34,85.1,87.7,0.133,0.133,0.091,0.238,0.357,0.207,,,,,,,,,,,,,,,,,,,,,,,,,,,
2023-08-25,7:06 PM.,BAL,COL,away,Partly Cloudy.,85,608344,1B,3,0,1,0,0,0,0,0,0,2,1,0.22,0.254,0.371,0.625,608344,coleirvin,"Irvin, C",Left,Cole Irvin,BAL,4.42,5.59,77.1,104.0,80.0,97.0,0.811,7.91,2.44,9.08,1.28,1.11,0.267,0.379,0.163,0.321,0.447,75.0,106.0,101.0,92.0,94.0,91.0,68.0,110.0,99.0,,,,0.28,,0.143,0.211,0.22,,-0.89,-2.77,92.2,84.2,,77.2,0.247,0.459,0.204,,,,0.229,0.343,0.23,0.324,0.568,0.168,75.0,103.0,97.0,99.0,99.0,94.0,0.207,0.159,2.29,0.95,85.5,91.9,0.28,0.36,0.195,0.18,0.279,0.26,,,,,,,,,,,,,,,,,,,,,,,,,,,
2023-08-24,1:10 PM.,TB,COL,away,Dome.,72,542888,1B,3,0,1,0,0,0,0,0,1,1,0,0.219,0.253,0.372,0.625,542888,shawnarmstrong,Armstrong,Right,Shawn Armstrong,TBR,1.38,2.65,52.0,108.0,105.0,108.0,0.766,9.35,1.9,6.23,0.35,0.95,0.297,0.348,0.145,0.275,0.437,,,,,,,107.0,122.0,119.0,109.0,123.0,132.0,0.208,0.074,,,2.69,-2.41,,,94.5,,85.2,,0.089,0.2,0.3229999999999999,0.353,0.412,0.207,,,,,,,107.0,103.0,102.0,101.0,103.0,103.0,0.341,0.376,2.25,2.2,91.4,94.7,0.213,0.262,0.204,0.191,0.294,0.29,,,,,,,,,,,,,,,,,,,,,,,,,,,
2023-08-23,6:40 PM.,TB,COL,away,Dome.,72,650644,1B,3,0,0,0,0,0,1,0,0,2,2,0.217,0.247,0.372,0.619,650644,aaroncivale,Civale,Right,Aaron Civale,- - -,3.46,3.69,122.1,106.0,105.0,104.0,0.786,8.53,2.43,8.02,0.88,1.0,0.212,0.458,0.149,0.307,0.413,,,,153.0,113.0,120.0,76.0,101.0,91.0,128.0,111.0,116.0,0.123,0.058,0.244,,-0.65,0.15,0.77,,91.8,,82.5,78.1,0.359,0.436,0.243,0.172,0.345,0.2319999999999999,0.188,0.323,0.273,,,,75.0,101.0,89.0,96.0,104.0,103.0,0.185,0.372,1.13,1.59,87.7,92.4,0.202,0.292,0.144,0.261,0.406,0.2339999999999999,,,,,,,,,,,58.0,95.0,95.0,0.017,,-6.33,,85.2,0.5,0.625,0.182,,,,,,
2023-08-20,1:11 PM.,CWS,COL,home,Partly Cloudy.,86,656302,1B,4,1,1,0,0,0,0,0,0,2,2,0.22,0.247,0.379,0.626,656302,dylancease,Cease,Right,Dylan Cease,CHW,4.58,4.13,177.0,97.0,115.0,104.0,0.705,10.88,4.02,8.75,0.97,0.92,0.243,0.432,0.173,0.341,0.376,60.0,90.0,78.0,,,,125.0,95.0,103.0,120.0,101.0,108.0,0.432,0.386,,0.03,-0.15,0.4,,1.0,95.6,74.6,86.3,,0.273,0.436,0.205,0.216,0.339,0.433,0.298,0.538,0.249,0.111,0.111,0.5379999999999999,,,,,,,,,,,,,,,,,,,,,,83.0,94.0,99.0,0.152,-1.83,80.2,,,,,,,,,,,,,,,,,,
2023-08-19,6:14 PM.,CWS,COL,home,Overcast.,91,669947,1B,5,1,3,1,1,0,4,0,0,1,2,0.22,0.247,0.382,0.629,669947,jessescholtens,Scholtens,Right,Jesse Scholtens,CHW,5.29,4.93,85.0,99.0,82.0,98.0,0.808,6.14,3.18,10.59,1.59,1.02,0.261,0.408,0.146,0.334,0.387,92.0,84.0,86.0,104.0,104.0,106.0,73.0,99.0,93.0,82.0,98.0,101.0,0.435,0.366,0.165,0.035,0.27,-1.82,-0.51,0.73,92.8,85.4,85.4,74.0,0.266,0.462,0.14,0.354,0.472,0.2339999999999999,0.245,0.469,0.3429999999999999,0.111,0.111,0.154,,,,,,,,,,,,,,,,,,,,,,,,,,,,,,,,,,,,,,,,,,,,,
2023-08-18,6:42 PM.,CWS,COL,home,Overcast.,84,656629,1B,1,0,1,1,0,0,1,0,0,0,0,0.208,0.237,0.357,0.594,656629,michaelkopech,Kopech,Right,Michael Kopech,CHW,5.43,5.77,129.1,91.0,108.0,94.0,0.755,9.32,6.33,8.0,2.02,0.75,0.243,0.41,0.155,0.347,0.384,73.0,82.0,76.0,96.0,97.0,97.0,116.0,89.0,94.0,102.0,97.0,99.0,0.614,0.272,0.04,0.074,-0.71,-1.5,-0.94,0.15,95.2,88.7,84.8,80.6,0.244,0.462,0.264,0.258,0.516,0.2739999999999999,0.158,0.474,0.1939999999999999,0.133,0.3,0.3389999999999999,,,,,,,,,,,,,,,,,,,,,,,,,,,,,,,,,,,,,,,,,,,,,
2023-08-16,1:10 PM.,AZ,COL,home,Partly Cloudy.,95,677944,1B,3,0,0,0,0,0,0,0,1,3,2,0.204,0.233,0.347,0.58,677944,sladececconi,Cecconi,Right,Slade Cecconi,ARI,4.33,4.77,27.0,99.0,96.0,99.0,0.842,6.67,1.33,9.0,1.33,0.91,0.247,0.376,0.118,0.376,0.483,102.0,78.0,85.0,87.0,94.0,101.0,90.0,103.0,98.0,111.0,98.0,103.0,0.586,0.27,0.098,0.014,0.54,0.2,-1.57,-1.94,94.1,81.7,83.0,73.2,0.265,0.5,0.13,0.2,0.32,0.36,0.375,0.375,0.133,,,,,,,,,,,,,,,,,,,,,,,,,,,,,,,,,,,0.031,,-12.1,,80.8,0.333,1.333,0.0,,,,,,
2023-08-15,6:41 PM.,AZ,COL,home,Clear.,90,573009,1B,4,1,3,0,0,0,0,0,0,0,1,0.207,0.233,0.354,0.587,573009,joemantiply,Mantiply,Left,Joe Mantiply,ARI,4.62,3.93,39.0,103.0,94.0,96.0,0.785,6.46,2.08,8.08,0.92,1.6,0.158,0.442,0.133,0.35,0.415,91.0,106.0,100.0,101.0,103.0,100.0,89.0,90.0,76.0,,,,0.067,,0.278,0.242,-3.59,,2.47,2.77,90.1,81.9,,80.3,0.5,1.0,0.25,,,,0.167,0.194,0.306,0.178,0.244,0.325,92.0,103.0,94.0,,,,0.413,,,-0.67,,89.5,0.308,0.615,0.125,,,,,,,,,,,,,,,,,,,,,,,,,,,,,,
2023-08-14,6:40 PM.,AZ,COL,home,Clear.,79,518876,1B,4,1,1,0,0,1,1,0,0,0,1,0.194,0.22,0.344,0.564,518876,merrillkelly,"Kelly, M",Right,Merrill Kelly,ARI,3.29,4.13,177.2,105.0,92.0,103.0,0.753,9.47,3.5,7.24,1.01,1.33,0.195,0.47,0.136,0.359,0.386,99.0,108.0,114.0,121.0,105.0,111.0,78.0,104.0,97.0,104.0,112.0,110.0,0.301,0.055,0.11,0.231,0.04,-0.64,-0.45,2.43,92.2,88.7,85.5,82.1,0.224,0.489,0.259,0.217,0.391,0.413,0.268,0.411,0.256,0.18,0.234,0.32,85.0,105.0,95.0,87.0,101.0,99.0,0.122,0.181,0.88,0.83,90.8,92.4,0.261,0.378,0.163,0.22,0.352,0.244,,,,,,,,,,,,,,,,,,,,,,,,,,,
2023-08-13,1:10 PM.,LAD,COL,away,Sunny.,83,628711,1B,3,0,0,0,0,0,0,0,0,1,1,0.192,0.22,0.327,0.547,628711,juliourias,"Urías, J",Left,Julio Urías,LAD,4.6,4.16,117.1,105.0,105.0,107.0,0.788,8.97,1.84,8.59,1.84,0.82,0.234,0.471,0.192,0.312,0.453,91.0,109.0,108.0,132.0,103.0,112.0,90.0,101.0,98.0,,,,0.451,,0.3,0.157,0.02,,0.84,-3.03,92.7,86.1,,79.2,0.267,0.503,0.218,,,,,,,0.296,0.593,0.299,,,,109.0,124.0,127.0,,0.092,-0.42,,87.1,,,,,0.186,0.322,0.278,0.233,0.457,0.2289999999999999,,,,,,,,,,,,,,,,,,,,,,,,
2023-08-12,6:10 PM.,LAD,COL,away,Clear.,77,664062,1B,3,0,0,0,0,0,0,0,0,1,0,0.196,0.224,0.333,0.557,664062,tonygonsolin,Gonsolin,Right,Tony Gonsolin,LAD,4.98,5.89,103.0,97.0,97.0,98.0,0.803,7.17,3.5,7.51,1.66,0.79,0.19,0.395,0.141,0.389,0.388,,,,107.0,83.0,90.0,80.0,99.0,91.0,90.0,103.0,108.0,0.395,0.183,0.151,,1.42,-0.82,-2.12,,92.4,,86.8,80.9,0.221,0.436,0.157,0.268,0.439,0.253,0.313,0.656,0.209,,,,,,,,,,,,,,,,,,,,,,,,,,,,,,,,120.0,98.0,106.0,0.272,,0.21,,83.0,0.181,0.315,0.27,,,,,,
2023-08-10,7:10 PM.,LAD,COL,away,Partly Cloudy.,74,477132,DH,3,1,1,0,0,1,1,0,0,2,1,0.2,0.228,0.34,0.568,477132,claytonkershaw,Kershaw,Left,Clayton Kershaw,LAD,2.46,3.77,131.2,100.0,101.0,101.0,0.733,9.36,2.73,6.84,1.3,1.43,0.23,0.493,0.155,0.332,0.425,34.0,98.0,91.0,94.0,100.0,106.0,96.0,97.0,96.0,112.0,102.0,104.0,0.369,0.434,0.175,0.017,0.23,2.06,0.13,-0.46,90.7,84.6,86.5,73.4,0.281,0.451,0.0969999999999999,0.167,0.338,0.362,0.212,0.338,0.3379999999999999,0.2,0.2,0.6,90.0,115.0,107.0,,,,0.002,,,14.84,,90.9,0.0,0.0,0.0,,,,,,,,,,,,,,116.0,127.0,165.0,0.002,,13.51,,84.4,0.0,0.0,0.0,,,,,,
2023-08-08,7:10 PM.,MIL,COL,away,Partly Cloudy.,82,489119,1B,5,0,0,0,0,0,0,0,0,4,3,0.197,0.226,0.32,0.546,489119,wademiley,Miley,Left,Wade Miley,MIL,3.14,4.33,120.1,104.0,92.0,100.0,0.828,5.91,2.84,7.4,1.2,1.23,0.237,0.422,0.166,0.319,0.406,84.0,108.0,104.0,79.0,99.0,98.0,78.0,106.0,99.0,113.0,108.0,103.0,0.195,0.049,0.022,0.246,0.46,0.62,2.01,0.6,90.4,83.7,79.1,75.8,0.198,0.453,0.134,0.192,0.308,0.349,,,,0.219,0.281,0.239,88.0,109.0,96.0,101.0,103.0,101.0,0.046,0.443,1.07,-2.53,87.1,90.7,0.333,0.375,0.125,0.232,0.446,0.172,,,,,,,,,,,,,,,,,,,,,,,,,,,
2023-08-07,7:10 PM.,MIL,COL,away,Partly Cloudy.,74,642547,1B,3,0,0,0,0,0,0,0,0,2,0,0.204,0.233,0.331,0.564,642547,freddyperalta,"Peralta, F",Right,Freddy Peralta,MIL,3.86,3.35,165.2,102.0,103.0,105.0,0.698,11.41,2.93,7.12,1.41,1.04,0.267,0.455,0.171,0.308,0.405,50.0,97.0,85.0,85.0,103.0,110.0,117.0,104.0,110.0,115.0,99.0,104.0,0.512,0.218,0.124,0.146,0.89,0.36,0.2,0.15,94.4,88.6,82.4,76.9,0.213,0.387,0.292,0.203,0.392,0.46,0.214,0.381,0.3379999999999999,0.224,0.388,0.312,,,,,,,,,,,,,,,,,,,,,,,,,,,,,,,,,,,,,,,,,,,,,
2023-08-06,1:16 PM.,STL,COL,away,Partly Cloudy.,83,668868,1B,4,0,1,0,0,0,0,0,0,3,1,0.209,0.238,0.338,0.576,668868,zackthompson,"Thompson, Z.D.",Left,Zack Thompson,STL,4.48,4.58,66.1,101.0,79.0,94.0,0.779,9.77,3.39,9.36,1.09,1.33,0.309,0.324,0.117,0.378,0.428,64.0,93.0,83.0,65.0,102.0,108.0,87.0,102.0,89.0,,,,0.537,0.17,0.271,0.021,-0.44,0.82,0.67,-2.61,93.6,86.1,85.7,75.5,0.327,0.476,0.206,0.205,0.462,0.33,0.185,0.246,0.2289999999999999,0.25,1.0,0.125,,,,,,,,,,,,,,,,,,,,,,,,,0.002,-21.02,62.4,,,,,,,,,,,,,,,,,,
2023-08-05,6:14 PM.,STL,COL,away,Partly Cloudy.,84,571927,1B,4,0,0,0,0,0,0,0,0,1,5,0.207,0.238,0.341,0.579,571927,stevenmatz,Matz,Left,Steven Matz,STL,3.86,3.87,105.0,102.0,95.0,100.0,0.776,8.4,2.74,9.26,0.94,1.4,0.291,0.37,0.146,0.31,0.446,106.0,109.0,107.0,108.0,96.0,100.0,,,,62.0,82.0,90.0,,0.018,0.148,0.274,,-1.27,-0.6,-0.09,,84.2,88.9,78.5,,,,0.5,0.75,0.1,0.259,0.407,0.2,0.291,0.405,0.289,87.0,101.0,96.0,,,,0.561,,,0.41,,94.1,0.24,0.397,0.247,,,,,,,,,,,,,,,,,,,,,,,,,,,,,,
2023-08-04,7:16 PM.,STL,COL,away,Cloudy.,83,425794,1B,5,1,2,1,0,0,1,0,0,1,3,0.214,0.245,0.351,0.596,425794,adamwainwright,Wainwright,Right,Adam Wainwright,STL,7.4,7.35,101.0,99.0,103.0,97.0,0.88,4.9,3.65,13.46,1.78,1.07,0.186,0.439,0.129,0.339,0.425,66.0,84.0,80.0,129.0,102.0,110.0,80.0,94.0,84.0,83.0,78.0,71.0,0.099,0.003,0.306,0.05,-1.48,-13.9,-1.5,-3.6,85.7,81.4,75.6,71.5,0.326,0.512,0.1169999999999999,,,,0.291,0.475,0.153,0.389,0.611,0.1,87.0,99.0,89.0,107.0,99.0,95.0,0.314,0.226,-0.27,-3.36,82.9,86.9,0.394,0.746,0.093,0.344,0.473,0.152,,,,,,,0.002,6.39,65.7,,,,,,,,,,,,,,,,,,
2023-08-02,1:10 PM.,SD,COL,home,Partly Cloudy.,84,607259,1B,3,0,0,0,0,0,1,0,1,2,3,0.206,0.239,0.341,0.58,607259,nickmartinez,"Martinez, N",Right,Nick Martinez,SDP,3.43,3.98,110.1,102.0,92.0,101.0,0.728,8.65,3.26,8.08,0.98,1.91,0.206,0.431,0.235,0.251,0.397,97.0,102.0,106.0,88.0,97.0,100.0,92.0,100.0,98.0,,,,0.13,0.002,0.191,0.288,-0.91,-4.18,0.59,2.41,93.3,80.7,84.5,81.8,0.25,0.423,0.225,,,,0.164,0.295,0.347,0.158,0.226,0.465,87.0,108.0,101.0,96.0,102.0,96.0,0.224,0.164,-1.99,1.23,89.5,92.9,0.293,0.333,0.088,0.382,0.632,0.1689999999999999,,,,,,,,,,,,,,,,,,,,,,,,,,,
2023-08-01,6:42 PM.,SD,COL,home,Drizzle.,70,658648,DH,5,0,0,0,0,0,0,0,0,2,6,0.211,0.238,0.35,0.588,658648,pedroavila,Avila,Right,Pedro Avila,SDP,3.22,4.04,50.1,96.0,77.0,95.0,0.732,9.66,4.47,7.69,0.54,2.57,0.206,0.434,0.147,0.301,0.41,52.0,93.0,99.0,86.0,102.0,102.0,82.0,96.0,91.0,,,,0.327,0.007,0.203,0.256,-0.67,1.31,-0.11,2.16,94.0,83.8,80.7,77.4,0.235,0.412,0.19,,,,0.207,0.276,0.4029999999999999,0.148,0.246,0.434,91.0,96.0,89.0,,,,0.207,,,0.13,,93.3,0.356,0.422,0.122,,,,,,,,,,,,,,,,,,,,,,,,,,,,,,
2023-07-31,9:00 PM.,SD,COL,home,Rain.,70,607625,1B,3,0,2,1,0,0,1,0,1,1,0,0.22,0.248,0.364,0.612,607625,sethlugo,"Lugo, S",Right,Seth Lugo,SDP,3.57,4.42,146.1,102.0,103.0,103.0,0.805,8.61,2.21,8.61,1.17,1.34,0.209,0.438,0.139,0.351,0.459,85.0,96.0,97.0,122.0,100.0,105.0,87.0,108.0,103.0,114.0,96.0,108.0,0.318,0.111,0.313,0.059,0.36,-0.6,0.26,-2.89,93.4,86.3,85.2,79.6,0.246,0.464,0.214,0.25,0.417,0.286,0.287,0.384,0.265,0.303,0.576,0.3429999999999999,97.0,102.0,97.0,,,,0.199,,,1.87,,93.2,0.208,0.36,0.089,,,,0.0,0.0,0.226,,,,,,,,,,,,,,,,,,,,,,,,
2023-07-30,1:11 PM.,OAK,COL,home,Partly Cloudy.,93,665622,DH,0,0,0,0,0,0,0,0,0,0,0,0.209,0.231,0.348,0.579,665622,luismedina,Medina,Right,Luis Medina,OAK,5.42,4.8,109.2,94.0,107.0,95.0,0.767,8.7,4.68,8.95,1.15,1.27,0.321,0.349,0.154,0.352,0.416,84.0,86.0,90.0,99.0,96.0,98.0,112.0,93.0,94.0,106.0,97.0,100.0,0.415,0.238,0.117,0.087,-0.35,-0.8,-0.73,1.25,96.1,87.3,85.3,79.6,0.272,0.494,0.121,0.233,0.456,0.484,0.146,0.366,0.308,0.256,0.282,0.304,117.0,96.0,96.0,,,,0.142,,,-0.8,,95.5,0.313,0.406,0.141,,,,,,,,,,,,,,,,,,,,,,,,,,,,,,
2023-07-28,6:40 PM.,OAK,COL,home,Partly Cloudy.,83,676664,3B,5,1,2,0,0,0,0,0,0,1,3,0.209,0.231,0.348,0.579,676664,jpsears,Sears,Left,JP Sears,OAK,4.54,4.64,172.1,101.0,93.0,100.0,0.779,8.41,2.77,8.62,1.78,0.55,0.283,0.416,0.178,0.301,0.438,83.0,100.0,102.0,,,,93.0,102.0,96.0,93.0,102.0,106.0,0.501,0.346,,0.151,-0.84,-0.06,,0.36,93.1,84.1,81.4,,0.256,0.478,0.217,0.21,0.395,0.283,,,,0.277,0.438,0.225,,,,,,,0.001,,,0.63,,92.1,,,,,,,,,,,,,,,,,,,,,,,,,,,,,,,,,
2023-07-26,12:06 PM.,WSH,COL,away,Sunny.,86,663623,DH,4,1,1,0,0,1,2,0,0,3,0,0.2,0.224,0.345,0.569,663623,jakeirvin,"Irvin, J",Right,Jake Irvin,WSN,4.61,5.1,121.0,101.0,99.0,98.0,0.839,7.36,4.02,8.78,1.49,1.08,0.252,0.369,0.125,0.374,0.427,78.0,99.0,95.0,110.0,100.0,103.0,92.0,100.0,94.0,,,,0.356,,0.306,0.051,-0.01,,0.08,1.21,94.5,87.8,,80.9,0.208,0.376,0.192,,,,0.197,0.362,0.257,0.25,0.5,0.156,101.0,101.0,98.0,,,,0.287,,,-0.75,,93.9,0.348,0.525,0.093,,,,,,,,,,,,,,,,,,,,,,,,,,,,,,
2023-07-02,1:11 PM.,DET,COL,home,Partly Cloudy.,86,666159,1B,4,0,1,1,0,0,2,0,0,2,2,0.198,0.223,0.321,0.544,666159,mattmanning,Manning,Right,Matt Manning,DET,3.58,5.48,78.0,102.0,104.0,102.0,0.831,5.77,2.42,6.92,1.27,0.83,0.272,0.423,0.142,0.389,0.492,62.0,96.0,84.0,102.0,99.0,101.0,103.0,104.0,100.0,112.0,102.0,107.0,0.478,0.315,0.172,0.036,0.58,1.21,-0.9,0.93,93.4,87.7,81.9,79.5,0.214,0.366,0.182,0.185,0.383,0.261,0.258,0.419,0.094,0.111,0.111,0.063,,,,,,,,,,,,,,,,,,,,,,,,,,,,,,,,,,,,,,,,,,,,,
2023-06-29,8:30 PM.,LAD,COL,home,Partly Cloudy.,68,686218,1B,3,0,0,0,0,0,0,0,0,2,1,0.196,0.224,0.314,0.538,686218,emmetsheehan,Sheehan,Right,Emmet Sheehan,LAD,4.92,3.5,60.1,95.0,101.0,97.0,0.732,9.55,3.88,6.86,1.64,0.62,0.21,0.433,0.121,0.287,0.395,74.0,99.0,100.0,,,,104.0,96.0,95.0,112.0,98.0,103.0,0.6,0.228,,0.172,0.04,1.57,,0.51,95.4,82.9,85.8,,0.24,0.504,0.2019999999999999,0.091,0.182,0.412,,,,0.178,0.333,0.476,,,,,,,,,,,,,,,,,,,,,,,,,,,,,,,,,,,,,,,,,,,,,
2023-06-27,6:41 PM.,LAD,COL,home,Partly Cloudy.,90,477132,1B,3,0,0,0,0,0,0,0,0,0,0,0.202,0.231,0.323,0.554,477132,claytonkershaw,Kershaw,Left,Clayton Kershaw,LAD,2.46,3.77,131.2,100.0,101.0,101.0,0.733,9.36,2.73,6.84,1.3,1.43,0.23,0.493,0.155,0.332,0.425,34.0,98.0,91.0,94.0,100.0,106.0,96.0,97.0,96.0,112.0,102.0,104.0,0.369,0.434,0.175,0.017,0.23,2.06,0.13,-0.46,90.7,84.6,86.5,73.4,0.281,0.451,0.0969999999999999,0.167,0.338,0.362,0.212,0.338,0.3379999999999999,0.2,0.2,0.6,90.0,115.0,107.0,,,,0.002,,,14.84,,90.9,0.0,0.0,0.0,,,,,,,,,,,,,,116.0,127.0,165.0,0.002,,13.51,,84.4,0.0,0.0,0.0,,,,,,
2023-06-25,1:11 PM.,LAA,COL,home,Sunny.,73,542881,1B,2,0,0,0,0,0,1,0,0,1,0,0.208,0.238,0.333,0.571,542881,tyleranderson,Anderson,Left,Tyler Anderson,LAA,5.43,4.96,141.0,99.0,91.0,96.0,0.747,7.6,4.09,9.32,1.28,0.64,0.246,0.401,0.182,0.289,0.406,92.0,101.0,106.0,105.0,84.0,83.0,81.0,96.0,89.0,105.0,76.0,95.0,0.374,0.007,0.002,0.338,-1.25,-1.06,-0.33,0.08,90.1,80.0,78.1,72.9,0.301,0.566,0.193,0.2,0.2,0.3329999999999999,,,,0.238,0.381,0.3979999999999999,92.0,93.0,81.0,104.0,103.0,98.0,0.055,0.224,0.48,-3.61,85.1,88.5,0.36,0.68,0.102,0.239,0.366,0.268,,,,,,,,,,,,,,0.001,,-4.72,,90.1,,,,,,,,,
2023-06-24,7:13 PM.,LAA,COL,home,Clear.,86,656288,1B,3,0,1,0,0,0,0,0,0,2,3,0.213,0.245,0.34,0.585,656288,griffincanning,Canning,Right,Griffin Canning,LAA,4.32,4.01,127.0,102.0,96.0,101.0,0.734,9.85,2.55,8.57,1.56,1.1,0.239,0.41,0.129,0.382,0.442,89.0,101.0,101.0,91.0,98.0,103.0,78.0,101.0,93.0,124.0,105.0,110.0,0.348,0.299,0.134,0.213,-0.21,0.1,-0.53,1.6,94.7,90.2,88.4,81.8,0.235,0.5,0.283,0.261,0.344,0.34,0.271,0.667,0.252,0.213,0.339,0.248,81.0,95.0,86.0,,,,0.006,,,-8.61,,95.0,0.333,1.333,0.0,,,,,,,,,,,,,,,,,,,,,,,,,,,,,,
2023-06-23,6:41 PM.,LAA,COL,home,Partly Cloudy.,82,663776,1B,4,2,3,1,0,0,0,0,0,0,0,0.209,0.242,0.341,0.583,663776,patricksandoval,Sandoval,Left,Patrick Sandoval,LAA,4.11,4.7,144.2,97.0,92.0,97.0,0.741,7.96,4.6,9.02,0.75,1.55,0.196,0.427,0.166,0.297,0.414,99.0,98.0,100.0,99.0,96.0,101.0,63.0,94.0,89.0,123.0,100.0,107.0,0.256,0.285,0.09,0.258,-1.22,0.02,0.27,0.3,93.0,83.0,86.5,76.5,0.336,0.507,0.156,0.2,0.5,0.306,0.286,0.286,0.237,0.184,0.33,0.432,69.0,97.0,86.0,,,,0.111,,,0.36,,93.2,0.269,0.327,0.129,,,,,,,,,,,,,,,,,,,,,,,,,,,,,,
2023-06-21,12:36 PM.,CIN,COL,away,Partly Cloudy.,75,671096,1B,3,1,1,0,0,1,1,0,0,2,0,0.184,0.22,0.31,0.53,671096,andrewabbott,"Abbott, A",Left,Andrew Abbott,CIN,3.87,3.93,109.1,101.0,87.0,97.0,0.765,9.88,3.62,8.23,1.32,0.55,0.255,0.381,0.133,0.347,0.404,72.0,96.0,91.0,99.0,103.0,103.0,81.0,99.0,91.0,106.0,107.0,113.0,0.501,0.165,0.171,0.163,-0.02,1.61,-2.27,0.99,92.7,86.6,82.9,80.9,0.249,0.459,0.198,0.174,0.304,0.29,0.367,0.65,0.26,0.203,0.27,0.3939999999999999,,,,,,,,,,,,,,,,,,,,,,,,,,,,,,,,,,,,,,,,,,,,,
2023-06-17,4:11 PM.,ATL,COL,away,Partly Cloudy.,89,693821,1B,0,0,0,0,0,0,0,0,0,0,0,0.179,0.216,0.274,0.49,693821,bryceelder,Elder,Right,Bryce Elder,ATL,3.81,4.61,174.2,99.0,80.0,95.0,0.785,6.6,3.25,8.24,0.98,1.68,0.218,0.462,0.113,0.357,0.382,64.0,95.0,91.0,,,,62.0,100.0,86.0,92.0,103.0,107.0,0.134,0.353,,0.137,-1.13,0.97,,1.3,90.7,85.0,82.7,,0.286,0.495,0.1939999999999999,0.21,0.393,0.337,,,,0.188,0.235,0.236,82.0,96.0,90.0,,,,0.376,,,0.01,,89.5,0.28,0.402,0.134,,,,,,,,,,,,,,,,,,,,,,,,,,,,,,
2023-06-16,7:20 PM.,ATL,COL,away,Partly Cloudy.,85,694363,1B,3,0,0,0,0,0,0,0,1,1,0,0.179,0.216,0.274,0.49,694363,jaredshuster,Shuster,Left,Jared Shuster,ATL,5.81,5.44,52.2,96.0,64.0,87.0,0.802,5.13,4.44,9.06,1.2,0.76,0.277,0.382,0.133,0.272,0.417,61.0,88.0,85.0,,,,59.0,99.0,83.0,75.0,98.0,95.0,0.441,0.329,,0.23,-0.83,1.11,,-2.01,91.4,82.2,84.9,,0.311,0.489,0.099,0.197,0.311,0.286,,,,0.26,0.5,0.3329999999999999,,,,,,,,,,,,,,,,,,,,,,,,,,,,,,,,,,,,,,,,,,,,,
2023-06-15,7:22 PM.,ATL,COL,away,Partly Cloudy.,81,700363,1B,4,0,0,0,0,0,0,0,0,2,2,0.185,0.214,0.284,0.498,700363,ajsmithshawver,Smith-Shawver,Right,AJ Smith-Shawver,ATL,4.26,3.79,25.1,93.0,88.0,91.0,0.801,7.11,3.91,6.04,2.49,0.68,0.274,0.425,0.164,0.329,0.394,74.0,105.0,106.0,84.0,96.0,96.0,90.0,95.0,90.0,91.0,80.0,83.0,0.54,0.233,0.121,0.106,0.48,-0.4,-3.2,4.57,94.5,86.1,84.9,76.8,0.196,0.482,0.12,0.133,0.333,0.351,0.364,0.636,0.25,0.0,0.0,0.5,,,,,,,,,,,,,,,,,,,,,,,,,,,,,,,,,,,,,,,,,,,,,
2023-06-14,9:12 PM.,BOS,COL,away,Cloudy.,64,676477,1B,3,0,0,0,0,0,0,0,0,1,1,0.195,0.225,0.299,0.524,676477,garrettwhitlock,Whitlock,Right,Garrett Whitlock,BOS,5.15,4.61,71.2,103.0,89.0,106.0,0.747,9.04,1.63,10.3,1.63,1.2,0.25,0.426,0.139,0.375,0.457,101.0,107.0,117.0,,,,67.0,84.0,84.0,73.0,96.0,97.0,0.004,0.23,,0.241,-2.31,0.44,,-2.21,94.6,82.7,79.6,,,,,0.167,0.333,0.472,,,,0.312,0.559,0.32,93.0,106.0,106.0,,,,0.525,,,-0.46,,94.0,0.326,0.538,0.184,,,,,,,,,,,,,,,,,,,,,,,,,,,,,,
2023-06-12,7:12 PM.,BOS,COL,away,Partly Cloudy.,73,572020,1B,3,0,0,0,0,0,0,0,0,1,1,0.203,0.234,0.311,0.545,572020,jamespaxton,Paxton,Left,James Paxton,BOS,4.5,3.77,96.0,100.0,89.0,96.0,0.744,9.47,3.09,8.72,1.69,1.15,0.311,0.392,0.136,0.337,0.437,112.0,88.0,93.0,,,,95.0,103.0,98.0,,,,0.566,,,0.067,0.04,,,-0.96,95.2,84.4,,,0.269,0.498,0.217,,,,0.231,0.338,0.376,0.316,0.421,0.467,98.0,92.0,90.0,63.0,101.0,91.0,0.007,0.165,-0.15,-0.01,85.8,94.9,,,,0.191,0.426,0.331,,,,87.0,93.0,94.0,0.195,-0.31,81.3,,,,,,,,,,,,,,,,,,
2023-06-11,1:10 PM.,SD,COL,home,Cloudy.,66,605483,1B,3,0,0,0,0,0,0,0,0,3,0,0.211,0.243,0.324,0.567,605483,blakesnell,Snell,Left,Blake Snell,SDP,2.25,3.77,180.0,95.0,107.0,100.0,0.642,11.7,4.95,5.75,0.75,1.3,0.262,0.388,0.168,0.309,0.326,72.0,103.0,106.0,106.0,102.0,110.0,120.0,91.0,96.0,107.0,91.0,94.0,0.486,0.131,0.198,0.184,0.07,0.68,2.55,2.65,95.5,86.7,88.4,81.0,0.255,0.389,0.195,0.123,0.26,0.536,0.079,0.14,0.563,0.185,0.266,0.4679999999999999,,,,,,,,,,,,,,,,,,,,,,,,,,,,,,,,,,,,,,,,,,,,,
2023-06-10,1:10 PM.,SD,COL,home,Partly Cloudy.,73,677960,1B,4,0,0,0,0,0,0,0,0,1,0,0.221,0.254,0.338,0.592,677960,ryanweathers,Weathers,Left,Ryan Weathers,- - -,6.55,4.67,57.2,98.0,88.0,94.0,0.789,6.71,4.53,10.61,1.87,0.87,0.293,0.413,0.185,0.299,0.43,67.0,97.0,88.0,,,,91.0,99.0,93.0,105.0,99.0,100.0,0.551,0.203,,0.236,-1.58,-1.09,,-1.24,95.1,86.8,80.8,,0.35,0.592,0.206,0.229,0.521,0.261,,,,0.304,0.507,0.2789999999999999,,,,,,,0.01,,,9.15,,94.9,0.0,0.0,0.0,,,,,,,,,,,,,,,,,,,,,,,,,,,,,,
2023-06-09,6:40 PM.,SD,COL,home,Cloudy.,70,506433,PH,1,0,1,0,0,0,2,0,0,0,0,0.234,0.269,0.359,0.628,506433,yudarvish,Darvish,Right,Yu Darvish,SDP,4.56,3.82,136.1,102.0,112.0,106.0,0.769,9.31,2.84,8.85,1.19,1.19,0.236,0.39,0.181,0.306,0.453,180.0,50.0,53.0,97.0,94.0,104.0,122.0,110.0,114.0,125.0,98.0,108.0,0.167,0.363,0.051,0.001,-1.74,-0.68,1.37,-1.35,94.7,82.3,84.0,72.3,0.253,0.538,0.159,0.432,0.703,0.244,0.13,0.203,0.391,,,,101.0,106.0,102.0,93.0,95.0,99.0,0.186,0.089,2.4,0.46,90.9,94.3,0.319,0.418,0.157,0.2,0.32,0.196,,,,105.0,111.0,112.0,0.066,3.06,79.3,,95.0,104.0,100.0,0.077,,1.21,,89.2,0.167,0.217,0.4,,,,,,
2023-06-04,1:11 PM.,KC,COL,away,Sunny.,88,663903,DH,4,0,0,0,0,0,0,0,0,2,4,0.222,0.258,0.349,0.607,663903,bradysinger,Singer,Right,Brady Singer,KCR,5.52,4.93,159.2,100.0,84.0,95.0,0.789,7.5,2.76,10.26,1.13,1.62,0.23,0.439,0.119,0.387,0.443,53.0,96.0,88.0,,,,89.0,-304.0,-276.0,86.0,101.0,104.0,0.002,0.426,,0.063,-2.24,0.01,,-0.3,90.9,87.7,84.0,,,,,0.0,0.0,0.6,,,,0.265,0.353,0.104,86.0,99.0,90.0,,,,0.51,,,-1.24,,92.1,0.339,0.555,0.113,,,,,,,,,,,,,,,,,,,,,,,,,,,,,,
2023-06-03,3:10 PM.,KC,COL,away,Partly Cloudy.,89,663738,1B,4,1,1,0,1,0,2,0,0,1,1,0.237,0.274,0.373,0.647,663738,daniellynchiv,Lynch IV,Left,Daniel Lynch IV,,,,,,,,,,,,,,,,,,,,,,,,,,,,,,,,,,,,,,,,,,,0.293,0.537,0.166,0.238,0.452,0.288,0.417,0.667,0.2269999999999999,0.125,0.156,0.347,,,,,,,,,,,,,0.75,1.5,0.0,,,,,,,,,,,,,,,,,,,,,,,,,,,,,,
2023-05-31,6:40 PM.,AZ,COL,away,Partly Cloudy.,87,674072,1B,3,0,0,0,0,0,0,0,0,1,0,0.236,0.276,0.345,0.621,674072,tommyhenry,Henry,Left,Tommy Henry,ARI,4.15,4.3,89.0,96.0,83.0,91.0,0.788,6.47,3.54,8.7,1.21,0.82,0.277,0.403,0.162,0.317,0.407,91.0,102.0,99.0,95.0,101.0,102.0,72.0,91.0,83.0,92.0,101.0,93.0,0.49,0.127,0.191,0.193,-0.88,2.53,0.71,-0.09,90.7,84.0,83.1,79.1,0.292,0.523,0.155,0.158,0.281,0.287,0.229,0.325,0.21,0.278,0.444,0.331,,,,,,,,,,,,,,,,,,,,,,,,,,,,,,,,,,,,,,,,,,,,,
2023-05-29,1:10 PM.,AZ,COL,away,Roof Closed.,75,669194,PH,1,0,0,0,0,0,0,0,0,1,1,0.25,0.291,0.365,0.656,669194,rynenelson,"Nelson, R",Right,Ryne Nelson,ARI,5.31,5.27,144.0,104.0,101.0,103.0,0.823,6.0,2.88,9.94,1.5,0.83,0.229,0.413,0.131,0.362,0.463,96.0,96.0,98.0,99.0,94.0,98.0,102.0,104.0,103.0,106.0,105.0,113.0,0.546,0.134,0.052,0.133,-0.72,0.52,-2.44,-0.16,94.4,83.3,81.7,76.4,0.308,0.553,0.1669999999999999,0.174,0.565,0.257,0.429,0.714,0.182,0.203,0.407,0.312,,,,101.0,111.0,105.0,,0.135,-1.72,,85.6,,,,,0.326,0.539,0.218,,,,,,,,,,,,,,,,,,,,,,,,,,,
2023-04-22,3:10 PM.,PHI,COL,away,Partly Cloudy.,78,650911,DH,1,0,0,0,0,0,0,0,0,1,1,0.255,0.296,0.373,0.669,650911,cristophersanchez,"Sánchez, C",Left,Cristopher Sánchez,PHI,3.44,3.74,99.1,101.0,83.0,100.0,0.759,8.7,1.45,7.97,1.45,2.19,0.21,0.445,0.157,0.342,0.429,75.0,98.0,104.0,,,,,,,123.0,100.0,100.0,,0.211,,0.327,,0.2,,1.1,,81.8,82.7,,,,,0.25,0.456,0.297,,,,0.148,0.274,0.43,71.0,104.0,97.0,,,,0.462,,,0.65,,92.1,0.297,0.523,0.107,,,,,,,,,,,,,,,,,,,,,,,,,,,,,,
2023-04-20,6:42 PM.,PHI,COL,away,Clear.,75,621381,DH,4,0,0,0,0,0,0,0,0,3,2,0.26,0.302,0.38,0.682,621381,mattstrahm,Strahm,Left,Matt Strahm,PHI,3.29,3.16,87.2,104.0,104.0,104.0,0.739,11.09,2.16,6.98,1.13,0.7,0.242,0.397,0.155,0.356,0.476,114.0,99.0,105.0,,,,101.0,105.0,104.0,118.0,98.0,106.0,0.452,0.256,,0.004,1.08,2.22,,-9.98,93.4,86.5,83.1,,0.186,0.371,0.311,0.133,0.256,0.3429999999999999,,,,,,,95.0,111.0,106.0,96.0,97.0,89.0,0.187,0.101,-0.5,0.27,87.6,93.2,0.344,0.459,0.156,0.296,0.556,0.25,,,,,,,,,,,,,,,,,,,,,,,,,,,
2023-04-19,1:10 PM.,PIT,COL,home,Cloudy.,55,670912,DH,1,0,0,0,0,0,0,0,0,1,2,0.283,0.327,0.413,0.74,670912,johanoviedo,Oviedo,Right,Johan Oviedo,PIT,4.31,4.61,177.2,95.0,91.0,95.0,0.759,8.0,4.2,8.16,0.96,1.24,0.234,0.408,0.164,0.316,0.411,75.0,84.0,82.0,87.0,97.0,101.0,83.0,93.0,87.0,103.0,98.0,104.0,0.392,0.367,0.149,0.041,-1.25,0.8,0.82,-0.07,95.8,88.1,88.2,80.9,0.277,0.477,0.183,0.21,0.349,0.326,0.193,0.352,0.308,0.25,0.3,0.357,100.0,93.0,92.0,,,,0.05,,,0.93,,95.7,0.276,0.345,0.065,,,,,,,,,,,,,,,,,,,,,,,,,,,,,,
2023-04-17,6:40 PM.,PIT,COL,home,Partly Cloudy.,72,448179,3B,3,0,0,0,0,0,0,0,1,2,3,0.289,0.333,0.422,0.755,448179,richhill,Hill,Left,Rich Hill,- - -,5.41,5.66,146.1,97.0,94.0,97.0,0.832,7.93,3.57,10.15,1.41,1.01,0.196,0.459,0.14,0.336,0.448,80.0,81.0,80.0,116.0,94.0,103.0,77.0,102.0,94.0,90.0,92.0,97.0,0.342,0.088,0.354,0.023,-0.32,-2.52,-1.16,-0.06,88.4,83.0,71.1,72.0,0.249,0.454,0.218,0.5,0.929,0.125,0.283,0.47,0.174,0.263,0.421,0.037,98.0,101.0,98.0,85.0,97.0,93.0,0.04,0.147,-1.27,2.5,83.3,86.1,0.105,0.105,0.226,0.39,0.701,0.1989999999999999,,,,,,,0.008,-3.65,67.1,,,,,,,,,,,,,,,,,,
2023-04-16,1:10 PM.,SEA,COL,away,Roof Closed.,48,622491,3B,3,0,0,0,0,0,0,0,0,2,0,0.31,0.341,0.452,0.793,622491,luiscastillo,"Castillo, L",Right,Luis Castillo,SEA,3.34,3.82,197.0,103.0,96.0,102.0,0.717,10.01,2.56,7.31,1.28,0.92,0.268,0.375,0.182,0.333,0.422,83.0,108.0,105.0,,,,95.0,104.0,100.0,117.0,100.0,108.0,0.444,0.221,,0.156,1.31,-0.12,,-1.6,96.3,88.3,85.7,,0.165,0.384,0.33,0.234,0.455,0.3779999999999999,,,,0.28,0.42,0.325,82.0,103.0,95.0,,,,0.179,,,0.6,,95.9,0.239,0.337,0.136,,,,,,,,,,,,,,,,,,,,,,,,,,,,,,
2023-04-15,6:40 PM.,SEA,COL,away,Roof Closed.,51,669923,3B,3,0,1,0,0,0,1,0,0,1,1,0.333,0.366,0.487,0.853,669923,georgekirby,Kirby,Right,George Kirby,SEA,3.35,3.9,190.2,110.0,106.0,109.0,0.799,8.12,0.9,8.45,1.04,1.19,0.298,0.407,0.177,0.327,0.482,94.0,107.0,111.0,,,,97.0,111.0,105.0,126.0,106.0,112.0,0.394,0.197,,0.018,1.34,1.03,,-5.31,96.1,86.6,86.3,,0.234,0.392,0.28,0.264,0.377,0.22,0.265,0.458,0.159,0.5,0.9,0.125,106.0,110.0,109.0,,,,0.216,,,0.43,,95.8,0.261,0.383,0.131,,,,,,,,,,0.115,0.35,81.8,75.1,95.0,103.0,110.0,0.061,0.001,1.07,0.26,84.9,0.143,0.286,0.357,,,,,,
2023-04-10,6:41 PM.,STL,COL,home,Clear.,75,571927,3B,4,2,2,1,0,0,1,0,0,0,2,0.333,0.351,0.5,0.851,571927,stevenmatz,Matz,Left,Steven Matz,STL,3.86,3.87,105.0,102.0,95.0,100.0,0.776,8.4,2.74,9.26,0.94,1.4,0.291,0.37,0.146,0.31,0.446,106.0,109.0,107.0,108.0,96.0,100.0,,,,62.0,82.0,90.0,,0.018,0.148,0.274,,-1.27,-0.6,-0.09,,84.2,88.9,78.5,,,,0.5,0.75,0.1,0.259,0.407,0.2,0.291,0.405,0.289,87.0,101.0,96.0,,,,0.561,,,0.41,,94.1,0.24,0.397,0.247,,,,,,,,,,,,,,,,,,,,,,,,,,,,,,
2023-04-09,1:11 PM.,WSH,COL,home,Partly Cloudy.,63,641771,3B,4,1,1,1,0,0,0,0,0,2,3,0.313,0.333,0.469,0.802,641771,chadkuhl,Kuhl,Right,Chad Kuhl,WSN,8.45,8.79,38.1,93.0,102.0,94.0,0.749,7.28,6.57,11.03,1.88,0.72,0.232,0.432,0.104,0.392,0.405,80.0,84.0,84.0,,,,79.0,83.0,78.0,111.0,100.0,103.0,0.075,0.435,,0.043,-2.3,0.21,,-3.85,92.2,87.0,85.5,,0.25,0.375,0.095,0.235,0.482,0.346,0.375,0.75,0.222,0.5,0.75,0.125,98.0,85.0,85.0,,,,0.351,,,-3.38,,94.0,0.459,0.703,0.17,,,,,,,105.0,100.0,106.0,0.096,-4.37,78.7,,,,,,,,,,,,,,,,,,
2023-04-08,6:10 PM.,WSH,COL,home,Cloudy.,65,592866,PH,0,1,0,0,0,0,0,0,1,0,0,0.321,0.345,0.464,0.809,592866,trevorwilliams,Williams,Right,Trevor Williams,WSN,5.55,5.66,144.1,104.0,81.0,96.0,0.831,6.92,3.3,11.1,2.12,0.96,0.253,0.4,0.163,0.329,0.387,68.0,105.0,96.0,97.0,95.0,95.0,80.0,107.0,96.0,94.0,114.0,103.0,0.433,0.182,0.069,0.171,-0.77,-1.7,-1.93,-2.25,89.7,83.3,80.9,76.7,0.283,0.563,0.1669999999999999,0.313,0.5,0.281,0.314,0.629,0.2,0.315,0.483,0.1989999999999999,91.0,100.0,95.0,,,,0.146,,,-0.45,,88.2,0.325,0.458,0.188,,,,,,,,,,,,,,,,,,,,,,,,,,,,,,
2023-04-07,6:41 PM.,WSH,COL,home,Partly Cloudy.,64,669022,3B,4,1,1,0,0,0,0,0,0,0,4,0.321,0.321,0.464,0.785,669022,mackenziegore,Gore,Left,MacKenzie Gore,WSN,4.42,5.2,136.1,97.0,100.0,101.0,0.749,9.97,3.76,8.85,1.78,0.97,0.26,0.391,0.158,0.354,0.409,69.0,88.0,90.0,72.0,99.0,104.0,112.0,98.0,100.0,101.0,97.0,102.0,0.595,0.188,0.188,0.029,-0.27,0.77,-0.85,1.1,95.0,86.5,88.5,83.2,0.279,0.503,0.216,0.213,0.415,0.375,0.257,0.416,0.379,0.188,0.25,0.382,,,,,,,,,,,,,,,,,,,,,,,,,,,,,,,,,,,,,,,,,,,,,
2023-04-06,2:10 PM.,WSH,COL,home,Sunny.,51,680686,3B,4,0,3,0,0,0,0,0,0,0,1,0.333,0.333,0.5,0.833,680686,josiahgray,"Gray, Js",Right,Josiah Gray,WSN,3.91,5.03,159.0,95.0,88.0,91.0,0.762,8.09,4.53,8.6,1.25,0.92,0.253,0.453,0.21,0.313,0.389,44.0,96.0,90.0,96.0,95.0,97.0,82.0,91.0,83.0,84.0,92.0,96.0,0.166,0.299,0.161,0.016,-1.21,-0.07,0.24,0.6,93.5,88.6,85.1,82.2,0.291,0.557,0.2019999999999999,0.163,0.233,0.429,0.221,0.358,0.349,0.286,0.357,0.1,93.0,101.0,90.0,95.0,95.0,83.0,0.176,0.181,-0.09,0.15,88.8,93.1,0.313,0.385,0.138,0.243,0.461,0.205,,,,,,,,,,,,,,,,,,,,,,,,,,,
2023-04-04,7:10 PM.,LAD,COL,away,Partly Cloudy.,58,628711,DH,4,1,1,1,0,0,1,0,0,1,0,0.25,0.25,0.45,0.7,628711,juliourias,"Urías, J",Left,Julio Urías,LAD,4.6,4.16,117.1,105.0,105.0,107.0,0.788,8.97,1.84,8.59,1.84,0.82,0.234,0.471,0.192,0.312,0.453,91.0,109.0,108.0,132.0,103.0,112.0,90.0,101.0,98.0,,,,0.451,,0.3,0.157,0.02,,0.84,-3.03,92.7,86.1,,79.2,0.267,0.503,0.218,,,,,,,0.296,0.593,0.299,,,,109.0,124.0,127.0,,0.092,-0.42,,87.1,,,,,0.186,0.322,0.278,0.233,0.457,0.2289999999999999,,,,,,,,,,,,,,,,,,,,,,,,
2023-04-02,1:11 PM.,SD,COL,away,Sunny.,62,607625,3B,3,0,0,0,0,0,0,0,0,1,0,0.25,0.25,0.438,0.688,607625,sethlugo,"Lugo, S",Right,Seth Lugo,SDP,3.57,4.42,146.1,102.0,103.0,103.0,0.805,8.61,2.21,8.61,1.17,1.34,0.209,0.438,0.139,0.351,0.459,85.0,96.0,97.0,122.0,100.0,105.0,87.0,108.0,103.0,114.0,96.0,108.0,0.318,0.111,0.313,0.059,0.36,-0.6,0.26,-2.89,93.4,86.3,85.2,79.6,0.246,0.464,0.214,0.25,0.417,0.286,0.287,0.384,0.265,0.303,0.576,0.3429999999999999,97.0,102.0,97.0,,,,0.199,,,1.87,,93.2,0.208,0.36,0.089,,,,0.0,0.0,0.226,,,,,,,,,,,,,,,,,,,,,,,,
2023-04-01,5:40 PM.,SD,COL,away,Clear.,60,608379,3B,4,0,0,0,0,0,0,0,0,2,2,0.308,0.308,0.538,0.846,608379,michaelwacha,Wacha,Right,Michael Wacha,SDP,3.22,4.27,134.1,102.0,89.0,101.0,0.775,8.31,2.88,7.57,1.0,0.8,0.17,0.488,0.154,0.3,0.43,101.0,106.0,110.0,86.0,92.0,94.0,73.0,104.0,94.0,,,,0.288,,0.11,0.345,1.23,,1.04,1.06,92.0,81.6,,74.0,0.188,0.323,0.1669999999999999,,,,0.172,0.31,0.27,0.207,0.346,0.359,84.0,103.0,103.0,96.0,100.0,96.0,0.133,0.124,-2.13,-0.36,86.9,91.9,0.25,0.45,0.111,0.364,0.582,0.165,,,,,,,,,,,,,,,,,,,,,,,,,,,
2023-03-31,6:42 PM.,SD,COL,away,Partly Cloudy.,58,607259,3B,4,0,2,0,0,0,1,0,0,2,0,0.444,0.444,0.778,1.222,607259,nickmartinez,"Martinez, N",Right,Nick Martinez,SDP,3.43,3.98,110.1,102.0,92.0,101.0,0.728,8.65,3.26,8.08,0.98,1.91,0.206,0.431,0.235,0.251,0.397,97.0,102.0,106.0,88.0,97.0,100.0,92.0,100.0,98.0,,,,0.13,0.002,0.191,0.288,-0.91,-4.18,0.59,2.41,93.3,80.7,84.5,81.8,0.25,0.423,0.225,,,,0.164,0.295,0.347,0.158,0.226,0.465,87.0,108.0,101.0,96.0,102.0,96.0,0.224,0.164,-1.99,1.23,89.5,92.9,0.293,0.333,0.088,0.382,0.632,0.1689999999999999,,,,,,,,,,,,,,,,,,,,,,,,,,,
2023-03-30,6:42 PM.,SD,COL,away,Partly Cloudy.,56,605483,3B,5,1,2,0,0,1,1,0,0,3,4,0.4,0.4,1.0,1.4,605483,blakesnell,Snell,Left,Blake Snell,SDP,2.25,3.77,180.0,95.0,107.0,100.0,0.642,11.7,4.95,5.75,0.75,1.3,0.262,0.388,0.168,0.309,0.326,72.0,103.0,106.0,106.0,102.0,110.0,120.0,91.0,96.0,107.0,91.0,94.0,0.486,0.131,0.198,0.184,0.07,0.68,2.55,2.65,95.5,86.7,88.4,81.0,0.255,0.389,0.195,0.123,0.26,0.536,0.079,0.14,0.563,0.185,0.266,0.4679999999999999,,,,,,,,,,,,,,,,,,,,,,,,,,,,,,,,,,,,,,,,,,,,,
2023-03-28,12:10 PM.,MIL,COL,home,Sunny.,76,642547,3B,2,0,0,0,0,0,0,0,0,1,2,0.297,0.348,0.563,0.911,642547,freddyperalta,"Peralta, F",Right,Freddy Peralta,MIL,3.86,3.35,165.2,102.0,103.0,105.0,0.698,11.41,2.93,7.12,1.41,1.04,0.267,0.455,0.171,0.308,0.405,50.0,97.0,85.0,85.0,103.0,110.0,117.0,104.0,110.0,115.0,99.0,104.0,0.512,0.218,0.124,0.146,0.89,0.36,0.2,0.15,94.4,88.6,82.4,76.9,0.213,0.387,0.292,0.203,0.392,0.46,0.214,0.381,0.3379999999999999,0.224,0.388,0.312,,,,,,,,,,,,,,,,,,,,,,,,,,,,,,,,,,,,,,,,,,,,,
2024-06-29,1:10 PM.,CWS,COL,away,Sunny.,87,686563,PH,1,0,0,0,0,0,0,0,0,1,0,0.205,0.267,0.304,0.571,686563,jonathancannon,Cannon,Right,Jonathan Cannon,CHW,4.49,4.37,124.1,101.0,92.0,99.0,0.806,6.59,2.9,9.05,1.3,0.96,0.223,0.389,0.171,0.29,0.394,95.0,105.0,106.0,,,,73.0,104.0,97.0,117.0,100.0,107.0,0.123,0.218,,0.187,-1.13,-1.39,,-0.22,94.3,85.7,81.9,,0.25,0.411,0.252,,,,,,,0.248,0.394,0.269,86.0,100.0,93.0,79.0,101.0,93.0,0.28,0.192,0.39,0.44,90.2,93.3,0.287,0.449,0.132,0.263,0.45,0.191,,,,,,,,,,,,,,,,,,,,,,0.255,0.489,0.282,,,
2024-06-26,1:10 PM.,HOU,COL,away,Roof Closed.,73,681293,DH,3,0,0,0,0,0,0,0,0,2,2,0.206,0.268,0.305,0.573,681293,spencerarrighetti,Arrighetti,Right,Spencer Arrighetti,HOU,4.53,4.05,145.0,99.0,95.0,99.0,0.739,10.61,4.03,8.63,1.3,0.85,0.247,0.437,0.147,0.314,0.444,89.0,97.0,90.0,118.0,98.0,104.0,91.0,100.0,99.0,117.0,93.0,101.0,0.41,0.108,0.2,0.086,-1.33,0.99,0.8,-2.52,94.1,85.5,80.8,78.4,0.303,0.528,0.198,,,,0.171,0.282,0.424,0.395,0.512,0.378,,,,66.0,98.0,96.0,,0.196,0.57,,88.2,,,,,0.248,0.444,0.228,,,,,,,,,,,,,,,,,,,,,,0.113,0.226,0.386,,,
2024-06-23,1:10 PM.,WSH,COL,home,Sunny.,94,663623,PH,1,0,0,0,0,0,0,0,0,0,1,0.209,0.272,0.309,0.581,663623,jakeirvin,"Irvin, J",Right,Jake Irvin,WSN,4.41,4.31,187.2,103.0,94.0,101.0,0.803,7.48,2.49,8.3,1.39,1.2,0.241,0.424,0.181,0.334,0.462,99.0,91.0,93.0,110.0,104.0,106.0,82.0,104.0,97.0,110.0,115.0,117.0,0.379,0.003,0.313,0.035,0.44,-14.34,0.24,1.34,93.9,88.4,85.9,81.1,0.204,0.381,0.235,,,,0.226,0.42,0.251,0.125,0.125,0.349,97.0,102.0,102.0,78.0,102.0,93.0,0.205,0.065,0.06,-0.64,89.9,93.3,0.325,0.497,0.149,0.283,0.522,0.204,,,,,,,,,,,,,,,,,,,,,,,,,,,
2024-06-20,1:10 PM.,LAD,COL,home,Partly Cloudy.,92,694813,DH,4,0,1,0,0,0,0,0,0,2,1,0.21,0.273,0.311,0.584,694813,gavinstone,Stone,Right,Gavin Stone,LAD,3.53,3.94,140.1,103.0,99.0,101.0,0.768,7.44,2.37,8.53,1.15,1.21,0.247,0.409,0.169,0.292,0.409,81.0,102.0,98.0,93.0,102.0,102.0,101.0,100.0,97.0,136.0,111.0,117.0,0.247,0.165,0.042,0.266,0.1,0.96,1.45,0.82,94.9,87.5,88.7,83.3,0.246,0.41,0.162,0.239,0.326,0.355,0.267,0.333,0.167,0.178,0.356,0.372,97.0,103.0,98.0,80.0,101.0,94.0,0.226,0.053,0.49,-0.69,92.3,95.3,0.314,0.504,0.136,0.32,0.48,0.183,,,,,,,,,,,,,,,,,,,,,,0.182,0.182,0.133,,,
2024-06-19,6:41 PM.,LAD,COL,home,Partly Cloudy.,73,676272,DH,4,1,1,0,0,0,1,0,0,0,1,0.209,0.273,0.312,0.585,676272,bobbymiller,"Miller, Bo",Right,Bobby Miller,LAD,8.52,7.0,56.0,93.0,113.0,97.0,0.784,8.36,4.82,11.09,2.73,1.24,0.23,0.391,0.126,0.391,0.409,104.0,91.0,96.0,120.0,99.0,104.0,119.0,89.0,92.0,115.0,99.0,108.0,0.379,0.096,0.19,0.199,-1.44,-3.17,-1.0,0.29,97.6,86.4,88.6,79.8,0.327,0.634,0.167,0.333,0.619,0.275,0.357,0.536,0.286,0.13,0.217,0.41,101.0,93.0,89.0,,,,0.136,,,-4.54,,97.3,0.433,0.9,0.174,,,,,,,,,,,,,,,,,,,,,,,,,,,,,,
2024-06-18,6:40 PM.,LAD,COL,home,Cloudy.,72,621111,DH,4,1,2,0,0,1,2,0,0,1,0,0.209,0.274,0.313,0.587,621111,walkerbuehler,Buehler,Right,Walker Buehler,LAD,5.38,4.78,75.1,101.0,93.0,100.0,0.819,7.65,3.35,10.63,1.91,1.29,0.208,0.429,0.143,0.335,0.435,70.0,100.0,89.0,,,,85.0,102.0,99.0,119.0,99.0,108.0,0.29,0.095,,0.052,-2.43,-0.87,,-5.9,95.0,90.0,82.9,,0.342,0.696,0.169,1.0,2.5,0.25,0.278,0.481,0.267,0.455,0.773,0.088,82.0,99.0,92.0,103.0,103.0,100.0,0.163,0.208,1.62,-0.74,91.2,94.8,0.291,0.327,0.115,0.238,0.397,0.215,,,,100.0,98.0,105.0,0.192,-1.56,78.0,,,,,,,,,,,,,0.121,0.303,0.294,,,
2024-06-17,6:41 PM.,LAD,COL,home,Partly Cloudy.,87,572020,1B,3,1,1,1,0,0,1,0,1,0,0,0.203,0.27,0.295,0.565,572020,jamespaxton,Paxton,Left,James Paxton,- - -,4.4,4.74,100.1,98.0,74.0,91.0,0.812,6.55,4.49,8.52,1.08,0.88,0.272,0.329,0.144,0.355,0.424,72.0,95.0,95.0,,,,69.0,98.0,86.0,,,,0.551,,,0.066,-0.21,,,-2.12,93.2,82.6,,,0.264,0.431,0.144,,,,0.2,0.3,0.362,0.25,0.375,0.326,64.0,107.0,97.0,82.0,95.0,83.0,0.05,0.031,-3.38,-1.01,84.0,92.8,0.308,0.423,0.091,0.308,0.769,0.13,,,,82.0,98.0,97.0,0.303,0.57,80.8,,,,,,,,,,,,,,,,,,
2024-06-15,7:10 PM.,PIT,COL,home,Cloudy.,89,683003,1B,3,2,1,1,0,0,1,0,1,2,0,0.201,0.265,0.289,0.554,683003,jaredjones,Jones,Right,Jared Jones,PIT,4.14,4.05,121.2,102.0,127.0,108.0,0.726,9.76,2.88,7.84,1.33,0.93,0.238,0.39,0.149,0.335,0.458,113.0,99.0,106.0,95.0,96.0,98.0,132.0,102.0,109.0,130.0,103.0,111.0,0.493,0.348,0.093,0.066,0.15,1.12,-2.53,-2.91,97.3,89.9,88.8,81.5,0.224,0.425,0.257,0.208,0.354,0.373,0.348,0.87,0.327,0.317,0.561,0.229,,,,,,,,,,,,,,,,,,,,,,,,,,,,,,,,,,,,,,,,,,,,,
2024-06-14,6:41 PM.,PIT,COL,home,Partly Cloudy.,82,669387,DH,4,0,0,0,0,0,0,0,0,1,3,0.199,0.262,0.284,0.546,669387,carmenmlodzinski,Mlodzinski,Right,Carmen Mlodzinski,PIT,3.38,3.34,50.2,100.0,102.0,103.0,0.774,8.17,3.38,7.28,0.53,1.23,0.275,0.458,0.134,0.282,0.418,114.0,81.0,85.0,,,,95.0,100.0,98.0,118.0,99.0,114.0,0.398,0.398,,0.003,1.09,-0.03,,-28.1,96.2,88.6,86.7,,0.174,0.304,0.255,0.228,0.246,0.321,,,,,,,,,,93.0,101.0,97.0,,0.2,1.68,,92.5,,,,,0.235,0.353,0.143,,,,,,,,,,,,,,,,,,,,,,0.304,0.391,0.339,,,
2024-06-12,12:11 PM.,MIN,COL,away,Overcast.,65,641154,1B,3,0,0,0,0,0,0,0,1,0,2,0.203,0.267,0.289,0.556,641154,pablolopez,"López, P",Right,Pablo López,MIN,4.08,3.67,185.1,104.0,98.0,105.0,0.749,9.62,1.99,8.74,1.26,1.19,0.245,0.438,0.134,0.298,0.432,95.0,104.0,105.0,92.0,103.0,108.0,97.0,105.0,101.0,106.0,103.0,110.0,0.407,0.219,0.1,0.201,1.65,-0.84,-1.28,-0.14,95.0,88.5,84.5,82.4,0.208,0.352,0.259,,,,0.23,0.446,0.341,0.281,0.359,0.249,97.0,107.0,107.0,,,,0.073,,,-2.77,,94.5,0.426,0.639,0.142,,,,,,,,,,,,,,,,,,,,,,,,,0.239,0.436,0.331,,,
2024-06-11,6:40 PM.,MIN,COL,away,Clear.,82,686973,1B,3,0,1,0,0,0,0,0,0,1,1,0.206,0.268,0.294,0.562,686973,louievarland,Varland,Right,Louie Varland,MIN,7.61,5.42,49.2,100.0,101.0,100.0,0.781,8.88,2.9,12.32,2.17,1.23,0.296,0.361,0.112,0.379,0.473,93.0,93.0,97.0,,,,107.0,105.0,105.0,,,,0.425,,,0.104,-0.34,,,-0.65,96.3,89.4,,,0.306,0.553,0.242,,,,0.293,0.366,0.288,0.294,0.294,0.105,94.0,107.0,102.0,91.0,93.0,92.0,0.038,0.277,-3.42,-5.1,90.1,93.8,0.5,0.875,0.059,0.333,0.603,0.246,,,,108.0,93.0,99.0,0.155,-1.27,84.6,,,,,,,,,,,,,,,,,,
2024-06-10,6:40 PM.,MIN,COL,away,Partly Cloudy.,75,663978,1B,1,0,0,0,0,0,0,0,0,0,0,0.204,0.267,0.293,0.56,663978,chrispaddack,Paddack,Right,Chris Paddack,MIN,4.99,4.84,88.1,106.0,89.0,104.0,0.781,8.05,2.14,10.39,1.43,0.9,0.233,0.35,0.141,0.311,0.425,108.0,107.0,112.0,106.0,102.0,103.0,79.0,111.0,103.0,71.0,97.0,96.0,0.429,0.177,0.136,0.259,0.63,-0.21,-1.69,-1.51,93.3,82.9,85.9,78.2,0.277,0.4,0.243,0.264,0.434,0.254,0.326,0.435,0.19,0.283,0.519,0.248,,,,,,,,,,,,,,,,,,,,,,,,,,,,,,,,,,,,,,,,,,,,,
2024-06-08,3:16 PM.,STL,COL,away,Partly Cloudy.,81,502043,1B,4,1,1,1,0,0,0,0,0,2,1,0.205,0.268,0.295,0.563,502043,kylegibson,Gibson,Right,Kyle Gibson,STL,4.24,4.87,169.2,98.0,93.0,95.0,0.756,8.01,3.61,8.54,1.22,1.29,0.218,0.431,0.166,0.351,0.359,99.0,92.0,89.0,102.0,103.0,104.0,80.0,88.0,83.0,104.0,102.0,105.0,0.132,0.207,0.086,0.099,-1.39,0.92,-2.21,1.2,91.4,84.9,80.7,78.3,0.268,0.563,0.065,,,,0.325,0.675,0.462,0.19,0.254,0.39,84.0,101.0,96.0,96.0,95.0,91.0,0.264,0.211,0.21,0.22,88.6,90.7,0.267,0.422,0.092,0.299,0.479,0.181,,,,,,,,,,,,,,,,,,,,,,0.2,0.312,0.412,,,
2024-06-07,7:18 PM.,STL,COL,away,Clear.,87,458681,1B,4,0,0,0,0,0,0,0,0,1,6,0.204,0.268,0.29,0.558,458681,lancelynn,Lynn,Right,Lance Lynn,STL,3.84,4.94,117.1,100.0,83.0,94.0,0.795,8.36,3.38,8.67,1.23,0.88,0.243,0.384,0.161,0.308,0.401,61.0,88.0,82.0,112.0,96.0,99.0,85.0,102.0,97.0,102.0,101.0,109.0,0.472,0.013,0.062,0.063,0.87,-1.62,-1.98,-2.47,92.3,84.8,82.0,80.4,0.199,0.393,0.287,,,,0.211,0.342,0.203,0.292,0.292,0.225,66.0,93.0,84.0,91.0,101.0,94.0,0.167,0.223,-1.03,-0.46,88.1,91.2,0.284,0.469,0.11,0.317,0.426,0.262,,,,,,,,,,,,,,,,,,,,,,0.25,0.25,0.0,,,
2024-06-06,6:46 PM.,STL,COL,away,Clear.,80,543243,1B,4,0,0,0,0,0,0,0,0,2,3,0.209,0.274,0.297,0.571,543243,sonnygray,"Gray, S",Right,Sonny Gray,STL,3.84,3.67,166.1,103.0,110.0,105.0,0.723,10.98,2.11,7.68,1.14,1.2,0.219,0.421,0.151,0.341,0.426,69.0,91.0,86.0,119.0,96.0,97.0,107.0,97.0,101.0,152.0,114.0,125.0,0.239,0.201,0.139,0.064,-0.05,0.94,0.7,-2.25,92.4,88.3,84.8,80.0,0.333,0.567,0.182,,,,0.21,0.452,0.331,0.357,0.714,0.328,93.0,114.0,112.0,92.0,98.0,96.0,0.178,0.178,0.19,1.64,87.7,92.7,0.2,0.385,0.208,0.287,0.494,0.308,,,,,,,0.0,-2.42,75.4,,,,,,,,,,,,,0.142,0.205,0.444,,,
2024-06-05,1:10 PM.,CIN,COL,home,Sunny.,84,668933,1B,4,0,1,0,0,0,1,0,0,2,2,0.213,0.279,0.303,0.582,668933,grahamashcraft,Ashcraft,Right,Graham Ashcraft,CIN,5.24,5.18,77.1,98.0,113.0,96.0,0.795,6.63,3.14,10.36,1.28,1.54,0.273,0.369,0.154,0.285,0.43,87.0,78.0,79.0,,,,,,,119.0,98.0,109.0,,0.319,,0.03,,1.37,,-3.78,,90.5,88.4,,,,,0.145,0.217,0.372,,,,0.333,0.333,0.2,71.0,100.0,83.0,125.0,99.0,92.0,0.172,0.479,-1.57,-2.72,95.6,94.8,0.333,0.5,0.119,0.329,0.52,0.161,,,,,,,,,,,,,,,,,,,,,,,,,,,
2024-06-04,6:40 PM.,CIN,COL,home,Partly Cloudy.,81,593423,1B,4,0,0,0,0,0,0,0,0,2,2,0.213,0.28,0.305,0.585,593423,frankiemontas,Montas,Right,Frankie Montas,- - -,4.84,4.71,150.2,101.0,98.0,99.0,0.777,8.84,3.94,8.36,1.43,1.1,0.235,0.376,0.147,0.311,0.418,,,,,,,83.0,105.0,98.0,117.0,103.0,106.0,0.332,0.107,,,-0.02,-1.94,,,95.6,,85.4,,0.206,0.367,0.231,0.288,0.577,0.325,,,,,,,83.0,100.0,98.0,109.0,95.0,95.0,0.191,0.187,-1.4,1.13,90.4,94.8,0.248,0.407,0.113,0.326,0.609,0.223,,,,,,,,,,,119.0,99.0,105.0,0.183,,-0.23,,86.0,0.218,0.297,0.426,,,,,,
2024-06-03,6:41 PM.,CIN,COL,home,Cloudy.,83,671096,1B,3,1,1,0,0,0,1,0,1,0,0,0.218,0.286,0.312,0.598,671096,andrewabbott,"Abbott, A",Left,Andrew Abbott,CIN,3.72,4.02,138.0,98.0,92.0,97.0,0.805,7.43,3.39,8.28,1.63,0.68,0.256,0.364,0.16,0.287,0.428,96.0,94.0,97.0,101.0,98.0,99.0,78.0,96.0,89.0,125.0,106.0,112.0,0.535,0.186,0.116,0.163,-0.26,0.49,-1.56,0.23,92.8,84.8,82.9,80.8,0.254,0.451,0.194,,,,0.327,0.653,0.179,0.214,0.429,0.273,,,,,,,,,,,,,,,,,,,,,,,,,,,,,,,,,,,,,,,,0.189,0.307,0.287,,,
2024-06-01,7:10 PM.,LAD,COL,away,Clear.,65,808967,1B,4,0,0,0,0,0,0,0,0,2,3,0.216,0.281,0.311,0.592,808967,yoshinobuyamamoto,Yamamoto,Right,Yoshinobu Yamamoto,LAD,3.0,3.44,90.0,105.0,100.0,106.0,0.75,10.5,2.2,7.8,0.7,1.52,0.246,0.396,0.146,0.325,0.434,,,,109.0,103.0,112.0,84.0,103.0,96.0,116.0,110.0,120.0,0.404,0.033,0.231,,0.77,0.53,1.14,,95.5,,86.3,78.0,0.262,0.413,0.176,0.158,0.211,0.357,0.214,0.371,0.333,,,,101.0,110.0,103.0,91.0,97.0,91.0,0.029,0.061,0.28,-1.65,91.5,94.9,0.364,0.545,0.13,0.35,0.55,0.2,,,,,,,,,,,121.0,112.0,119.0,0.242,,0.25,,90.2,0.17,0.266,0.386,,,,,,
2024-05-31,7:10 PM.,LAD,COL,away,Clear.,64,621111,1B,3,0,0,0,0,0,0,0,1,0,0,0.221,0.287,0.319,0.606,621111,walkerbuehler,Buehler,Right,Walker Buehler,LAD,5.38,4.78,75.1,101.0,93.0,100.0,0.819,7.65,3.35,10.63,1.91,1.29,0.208,0.429,0.143,0.335,0.435,70.0,100.0,89.0,,,,85.0,102.0,99.0,119.0,99.0,108.0,0.29,0.095,,0.052,-2.43,-0.87,,-5.9,95.0,90.0,82.9,,0.342,0.696,0.169,1.0,2.5,0.25,0.278,0.481,0.267,0.455,0.773,0.088,82.0,99.0,92.0,103.0,103.0,100.0,0.163,0.208,1.62,-0.74,91.2,94.8,0.291,0.327,0.115,0.238,0.397,0.215,,,,100.0,98.0,105.0,0.192,-1.56,78.0,,,,,,,,,,,,,0.121,0.303,0.294,,,
2024-05-29,6:40 PM.,CLE,COL,home,Clear.,78,671106,1B,3,1,1,0,0,0,0,0,1,0,1,0.225,0.288,0.325,0.613,671106,loganallen,"Allen, L.T.",Left,Logan Allen,CLE,5.73,5.9,97.1,96.0,77.0,91.0,0.803,7.3,3.79,10.45,2.03,1.13,0.234,0.396,0.136,0.328,0.405,99.0,92.0,94.0,,,,60.0,98.0,88.0,89.0,98.0,86.0,0.484,0.187,,0.183,-1.54,-2.55,,-0.92,91.2,81.7,78.6,,0.342,0.609,0.147,,,,,,,0.237,0.438,0.269,,,,91.0,97.0,96.0,,0.146,-0.03,,85.3,,,,,0.245,0.491,0.202,,,,,,,,,,,,,,,,,,,,,,0.273,0.576,0.333,,,
2024-05-28,6:41 PM.,CLE,COL,home,Cloudy.,74,663474,DH,3,2,1,0,0,1,2,0,1,1,1,0.223,0.283,0.325,0.608,663474,tristonmckenzie,McKenzie,Right,Triston McKenzie,CLE,5.11,5.67,75.2,90.0,99.0,90.0,0.784,8.8,5.83,8.21,2.26,0.68,0.251,0.386,0.149,0.321,0.406,,,,97.0,102.0,100.0,98.0,86.0,87.0,106.0,87.0,90.0,0.524,0.21,0.266,,-2.18,1.48,-0.16,,91.1,,85.4,77.7,0.303,0.652,0.103,0.143,0.143,0.376,0.176,0.341,0.373,,,,,,,,,,,,,,,,,,,,,,,,,,,,,,,,,,,,,,,,,,,,,,,,
2024-05-27,2:11 PM.,CLE,COL,home,Sunny.,74,675540,1B,3,1,1,0,0,0,2,0,1,1,1,0.221,0.278,0.305,0.583,675540,xzavioncurry,Curry,Right,Xzavion Curry,- - -,4.64,5.07,42.2,104.0,84.0,101.0,0.837,5.91,1.48,8.02,1.69,0.42,0.263,0.321,0.146,0.401,0.46,76.0,94.0,90.0,78.0,98.0,100.0,73.0,102.0,97.0,101.0,109.0,109.0,0.495,0.344,0.139,0.014,-0.07,0.7,-0.65,4.86,92.1,87.4,84.6,73.9,0.262,0.492,0.196,0.236,0.444,0.221,0.185,0.593,0.229,,,,,,,,,,,,,,,,,,,,,,,,,,,,,,,,57.0,81.0,85.0,0.008,,4.59,,83.8,,,,,,,,,
2024-05-26,1:10 PM.,PHI,COL,home,Partly Cloudy.,66,624133,1B,2,1,0,0,0,0,0,0,1,0,0,0.219,0.273,0.305,0.578,624133,rangersuarez,"Suárez, R",Left,Ranger Suárez,PHI,3.46,3.67,150.2,103.0,82.0,100.0,0.799,8.66,2.45,8.36,0.84,2.01,0.194,0.461,0.154,0.283,0.395,73.0,100.0,98.0,84.0,107.0,108.0,68.0,101.0,91.0,22.0,85.0,77.0,0.195,0.001,0.205,0.163,0.67,-4.62,1.02,-0.63,91.8,80.0,81.3,74.4,0.224,0.327,0.18,,,,0.189,0.342,0.339,0.229,0.323,0.35,87.0,106.0,104.0,101.0,98.0,93.0,0.315,0.121,-1.68,0.84,86.5,90.8,0.27,0.381,0.101,0.302,0.642,0.162,,,,,,,,,,,,,,,,,,,,,,,,,,,
2024-05-24,6:41 PM.,PHI,COL,home,Cloudy.,70,650911,1B,5,0,0,0,0,0,0,0,0,1,4,0.221,0.272,0.309,0.581,650911,cristophersanchez,"Sánchez, C",Left,Cristopher Sánchez,PHI,3.32,3.56,181.2,103.0,97.0,106.0,0.78,7.58,2.18,9.02,0.54,2.67,0.214,0.418,0.178,0.285,0.426,97.0,105.0,116.0,,,,,,,102.0,102.0,103.0,,0.169,,0.357,,0.65,,1.56,,85.1,84.4,,,,,0.219,0.368,0.308,,,,0.177,0.22,0.348,95.0,101.0,98.0,86.0,52.0,74.0,0.473,0.001,2.59,-0.55,86.5,94.5,0.345,0.481,0.131,,,,,,,,,,,,,,,,,,,,,,,,,,,,,,
2024-05-23,12:37 PM.,OAK,COL,away,Sunny.,65,683155,1B,4,1,2,1,0,0,0,0,0,1,0,0.229,0.28,0.319,0.599,683155,joeyestes,Estes,Right,Joey Estes,OAK,5.01,4.43,127.2,106.0,91.0,104.0,0.833,6.49,1.9,9.16,1.62,0.44,0.258,0.413,0.171,0.302,0.479,78.0,93.0,94.0,,,,80.0,106.0,99.0,114.0,113.0,117.0,0.517,0.332,,0.111,0.08,-0.2,,-2.46,92.4,84.8,79.6,,0.257,0.469,0.175,0.261,0.435,0.223,,,,0.357,0.738,0.204,61.0,93.0,83.0,111.0,89.0,91.0,0.034,0.007,-13.81,-1.55,86.4,90.8,0.263,0.579,0.147,,,,,,,,,,,,,,,,,,,,,,,,,0.217,0.367,0.216,,,
2024-05-19,1:06 PM.,SF,COL,away,Sunny.,61,663855,1B,4,0,0,0,0,0,0,0,0,1,0,0.221,0.275,0.307,0.582,663855,jordanhicks,"Hicks, J",Right,Jordan Hicks,SFG,4.1,4.91,109.2,94.0,107.0,97.0,0.765,7.88,3.86,9.19,0.98,1.64,0.219,0.422,0.125,0.337,0.403,,,,,,,79.0,85.0,79.0,125.0,93.0,101.0,0.054,0.241,,,-3.85,-0.1,,,95.4,,81.1,,0.238,0.381,0.31,,,,,,,,,,95.0,95.0,94.0,,,,0.515,,,-0.02,,94.5,0.341,0.498,0.111,,,,,,,,,,,,,,121.0,92.0,106.0,0.191,,-0.41,,84.3,0.181,0.287,0.408,0.152,0.329,0.376,,,
2024-05-18,1:06 PM.,SF,COL,away,Sunny.,63,690986,1B,4,0,1,0,0,0,2,0,1,1,4,0.228,0.282,0.316,0.598,690986,kyleharrison,Harrison,Left,Kyle Harrison,SFG,4.56,4.87,124.1,98.0,89.0,92.0,0.793,8.54,3.04,9.05,1.3,1.01,0.282,0.329,0.142,0.345,0.431,70.0,96.0,88.0,84.0,95.0,95.0,98.0,100.0,92.0,93.0,107.0,97.0,0.577,0.003,0.223,0.197,0.2,-11.71,-0.22,-1.64,92.5,84.8,88.2,80.6,0.249,0.425,0.23,0.333,0.667,0.5,,,,0.287,0.435,0.215,,,,,,,,,,,,,,,,,,,0.274,0.452,0.277,,,,,,,,,,,,,,,,,,,,,,,,
2024-05-17,7:15 PM.,SF,COL,away,Partly Cloudy.,58,696131,1B,4,0,1,1,0,0,0,0,0,1,0,0.227,0.278,0.318,0.596,696131,masonblack,Black,Right,Mason Black,SFG,6.44,6.13,36.1,101.0,99.0,99.0,0.858,7.68,3.72,11.39,1.73,0.69,0.225,0.392,0.167,0.367,0.431,92.0,88.0,77.0,,,,86.0,103.0,98.0,109.0,97.0,101.0,0.321,0.371,,0.023,-2.69,-0.68,,-13.48,92.4,87.6,83.3,,0.333,0.548,0.236,0.0,0.0,0.179,,,,0.667,0.833,0.0,101.0,100.0,97.0,,,,0.285,,,-1.0,,92.6,0.326,0.535,0.08,,,,,,,,,,,,,,,,,,,,,,,,,0.318,0.591,0.16,,,
2024-05-15,1:10 PM.,SD,COL,away,Cloudy.,63,650633,1B,3,1,1,1,0,0,0,0,1,1,2,0.227,0.279,0.313,0.592,650633,michaelking,"King, M",Right,Michael King,SDP,2.95,3.59,173.2,102.0,95.0,100.0,0.735,10.42,3.26,7.46,0.88,1.1,0.233,0.426,0.202,0.264,0.415,88.0,103.0,97.0,,,,86.0,103.0,101.0,115.0,97.0,102.0,0.241,0.234,,0.246,-0.15,-0.19,,1.61,93.7,86.7,82.9,,0.265,0.402,0.261,0.281,0.5,0.284,,,,0.207,0.286,0.362,88.0,105.0,98.0,,,,0.279,,,0.68,,92.9,0.2,0.376,0.189,,,,,,,,,,,,,,,,,,,,,,,,,0.206,0.304,0.345,,,
2024-05-14,6:40 PM.,SD,COL,away,Cloudy.,62,656302,1B,3,0,2,0,0,0,1,0,1,1,0,0.224,0.272,0.304,0.576,656302,dylancease,Cease,Right,Dylan Cease,SDP,3.47,3.31,189.1,100.0,121.0,107.0,0.693,10.65,3.09,6.51,0.86,0.94,0.203,0.433,0.147,0.307,0.389,54.0,72.0,68.0,,,,123.0,95.0,102.0,112.0,100.0,105.0,0.435,0.471,,0.009,0.22,1.98,,-4.13,96.9,69.7,87.2,,0.235,0.39,0.203,0.159,0.257,0.447,0.28,0.44,0.286,0.25,1.0,0.2,,,,113.0,89.0,90.0,,0.006,-5.11,,91.8,,,,,0.25,1.0,0.0,,,,105.0,95.0,102.0,0.079,-0.95,82.3,,,,,,,,,,,,,0.2,0.267,0.385,,,
2024-05-13,6:41 PM.,SD,COL,away,Partly Cloudy.,62,681190,1B,4,1,2,1,0,0,3,0,0,0,0,0.213,0.258,0.295,0.553,681190,randyvasquez,"Vásquez, R",Right,Randy Vásquez,SDP,4.87,5.94,98.0,101.0,106.0,100.0,0.837,5.69,2.66,10.93,1.19,1.02,0.21,0.378,0.177,0.333,0.434,96.0,99.0,96.0,124.0,101.0,106.0,92.0,103.0,100.0,132.0,101.0,109.0,0.285,0.1,0.197,0.124,-0.56,-0.16,-0.45,-3.49,94.3,88.6,82.4,82.2,0.301,0.462,0.222,,,,0.234,0.422,0.239,0.365,0.615,0.122,103.0,103.0,98.0,107.0,99.0,97.0,0.157,0.137,2.22,-1.91,90.2,94.2,0.429,0.571,0.106,0.228,0.351,0.169,,,,,,,,,,,,,,,,,,,,,,0.229,0.396,0.247,,,
2024-05-12,1:40 PM.,TEX,COL,home,Partly Cloudy.,52,570632,1B,1,0,0,0,0,0,0,0,0,0,3,0.203,0.25,0.28,0.53,570632,joseurena,Ureña,Right,José Ureña,TEX,3.8,4.43,109.0,98.0,83.0,95.0,0.797,5.78,3.22,8.67,1.07,1.57,0.24,0.411,0.146,0.297,0.397,76.0,94.0,88.0,,,,88.0,97.0,93.0,76.0,99.0,98.0,0.063,0.341,,0.187,-2.67,-0.19,,-0.66,96.4,88.7,87.0,,0.385,0.769,0.167,0.242,0.363,0.331,,,,0.2,0.471,0.321,91.0,99.0,96.0,,,,0.409,,,0.74,,96.0,0.271,0.372,0.121,,,,,,,,,,,,,,,,,,,,,,,,,,,,,,
2024-05-11,6:10 PM.,TEX,COL,home,Cloudy.,64,571760,1B,0,0,0,0,0,0,0,0,0,0,0,0.205,0.252,0.282,0.534,571760,andrewheaney,Heaney,Left,Andrew Heaney,TEX,4.28,4.46,160.0,102.0,80.0,99.0,0.76,8.94,2.31,8.94,1.29,0.75,0.247,0.407,0.148,0.306,0.428,83.0,102.0,94.0,126.0,105.0,103.0,77.0,102.0,98.0,79.0,100.0,103.0,0.501,0.278,0.036,0.17,0.15,-0.26,-3.31,0.46,91.5,83.7,82.5,75.6,0.23,0.412,0.213,0.26,0.385,0.365,0.5,1.1,0.188,0.239,0.384,0.243,34.0,82.0,74.0,20.0,51.0,51.0,0.014,0.001,-19.13,-4.52,86.6,92.2,0.455,0.455,0.125,,,,,,,,,,,,,,,,,,,,,,,,,,,,,,
2024-05-10,6:40 PM.,TEX,COL,home,Partly Cloudy.,56,592351,1B,4,0,1,0,0,0,0,0,0,2,5,0.205,0.252,0.282,0.534,592351,jongray,"Gray, Jn",Right,Jon Gray,TEX,4.47,4.65,102.2,103.0,85.0,98.0,0.777,7.54,2.45,9.38,0.96,0.98,0.228,0.412,0.145,0.366,0.457,72.0,100.0,94.0,97.0,97.0,102.0,73.0,103.0,91.0,97.0,105.0,105.0,0.444,0.439,0.046,0.071,-0.71,0.77,-0.7,-1.39,94.9,88.7,88.6,78.9,0.311,0.443,0.15,0.213,0.344,0.334,0.333,0.333,0.267,0.257,0.543,0.19,,,,,,,,,,,,,,,,,,,,,,,,,,,,,,,,,,,,,,,,,,,,,
2024-05-09,1:09 PM.,SF,COL,home,Cloudy.,51,676775,1B,4,1,1,1,0,0,0,0,0,1,1,0.204,0.252,0.283,0.535,676775,keatonwinn,"Winn, K",Right,Keaton Winn,SFG,7.16,5.56,55.1,98.0,112.0,103.0,0.772,7.81,3.25,9.11,1.46,1.67,0.176,0.485,0.079,0.436,0.455,,,,,,,89.0,101.0,95.0,127.0,98.0,106.0,0.263,0.139,,,-0.92,-1.39,,,95.7,,87.9,,0.214,0.5,0.272,0.321,0.607,0.356,,,,,,,91.0,97.0,93.0,,,,0.192,,,-2.92,,94.8,0.41,0.692,0.066,,,,,,,,,,,,,,131.0,97.0,113.0,0.405,,0.24,,88.9,0.215,0.355,0.282,,,,,,
2024-05-07,6:40 PM.,SF,COL,home,Partly Cloudy.,50,690986,1B,4,0,1,0,0,0,0,0,0,1,3,0.202,0.252,0.275,0.527,690986,kyleharrison,Harrison,Left,Kyle Harrison,SFG,4.56,4.87,124.1,98.0,89.0,92.0,0.793,8.54,3.04,9.05,1.3,1.01,0.282,0.329,0.142,0.345,0.431,70.0,96.0,88.0,84.0,95.0,95.0,98.0,100.0,92.0,93.0,107.0,97.0,0.577,0.003,0.223,0.197,0.2,-11.71,-0.22,-1.64,92.5,84.8,88.2,80.6,0.249,0.425,0.23,0.333,0.667,0.5,,,,0.287,0.435,0.215,,,,,,,,,,,,,,,,,,,0.274,0.452,0.277,,,,,,,,,,,,,,,,,,,,,,,,
2024-05-05,1:35 PM.,PIT,COL,away,Cloudy.,73,663559,1B,4,0,0,0,0,0,0,0,0,2,2,0.2,0.252,0.276,0.528,663559,baileyfalter,Falter,Left,Bailey Falter,PIT,4.43,4.81,142.1,99.0,90.0,97.0,0.824,6.13,2.85,8.73,1.07,0.86,0.292,0.369,0.144,0.324,0.477,,,,100.0,99.0,98.0,85.0,100.0,97.0,91.0,96.0,96.0,0.484,0.216,0.152,,0.38,0.27,-1.24,,91.8,,86.1,77.7,0.255,0.41,0.166,0.245,0.304,0.287,0.305,0.61,0.207,,,,99.0,101.0,99.0,,,,0.142,,,1.23,,92.0,0.26,0.448,0.157,,,,,,,,,,,,,,43.0,95.0,70.0,0.006,,-7.04,,86.9,0.333,1.333,0.125,,,,,,
2024-05-04,4:05 PM.,PIT,COL,away,Cloudy.,60,683003,1B,3,0,0,0,0,0,0,0,0,1,1,0.208,0.261,0.287,0.548,683003,jaredjones,Jones,Right,Jared Jones,PIT,4.14,4.05,121.2,102.0,127.0,108.0,0.726,9.76,2.88,7.84,1.33,0.93,0.238,0.39,0.149,0.335,0.458,113.0,99.0,106.0,95.0,96.0,98.0,132.0,102.0,109.0,130.0,103.0,111.0,0.493,0.348,0.093,0.066,0.15,1.12,-2.53,-2.91,97.3,89.9,88.8,81.5,0.224,0.425,0.257,0.208,0.354,0.373,0.348,0.87,0.327,0.317,0.561,0.229,,,,,,,,,,,,,,,,,,,,,,,,,,,,,,,,,,,,,,,,,,,,,
2024-05-03,6:42 PM.,PIT,COL,away,Cloudy.,74,527048,1B,4,1,1,0,0,0,1,0,0,0,2,0.214,0.269,0.296,0.565,527048,martinperez,"Pérez, M",Left,Martín Pérez,- - -,4.53,5.38,135.0,102.0,73.0,95.0,0.81,7.13,3.27,10.07,1.47,1.24,0.182,0.462,0.145,0.31,0.408,71.0,109.0,99.0,74.0,102.0,98.0,56.0,92.0,86.0,70.0,111.0,119.0,0.053,0.0,0.141,0.227,-8.23,-51.06,0.62,-1.27,91.3,83.4,82.8,77.9,0.458,0.917,0.043,,,,0.246,0.354,0.29,0.28,0.448,0.341,78.0,101.0,93.0,70.0,101.0,93.0,0.358,0.221,-0.61,0.57,87.9,90.7,0.275,0.383,0.097,0.28,0.57,0.212,,,,,,,,,,,,,,,,,,,,,,,,,,,
2024-05-02,12:10 PM.,MIA,COL,away,Roof Closed.,72,665795,1B,4,1,0,0,0,0,0,0,1,2,3,0.213,0.269,0.298,0.567,665795,edwardcabrera,"Cabrera, E",Right,Edward Cabrera,MIA,4.95,4.78,96.1,97.0,101.0,99.0,0.738,10.0,4.67,7.66,1.4,1.45,0.199,0.465,0.137,0.348,0.393,96.0,98.0,103.0,106.0,101.0,104.0,97.0,91.0,87.0,114.0,102.0,105.0,0.274,0.085,0.217,0.332,-1.63,1.65,-0.03,0.15,96.3,93.0,89.2,84.8,0.304,0.543,0.164,0.129,0.226,0.313,0.206,0.426,0.394,0.206,0.321,0.338,110.0,94.0,95.0,,,,0.091,,,0.07,,96.7,0.231,0.333,0.151,,,,,,,,,,,,,,,,,,,,,,,,,,,,,,
2024-05-01,6:41 PM.,MIA,COL,away,Roof Closed.,72,682610,1B,4,0,1,0,0,0,0,0,0,1,0,0.222,0.273,0.311,0.584,682610,rodderymunoz,"Muñoz, Rod",Right,Roddery Muñoz,MIA,6.53,6.83,82.2,96.0,92.0,93.0,0.788,7.62,4.57,9.69,2.83,0.75,0.233,0.397,0.134,0.397,0.4,57.0,96.0,89.0,,,,96.0,97.0,94.0,103.0,94.0,100.0,0.269,0.198,,0.093,-3.28,-2.57,,-2.82,95.4,89.3,85.7,,0.325,0.714,0.175,0.261,0.536,0.328,,,,0.27,0.595,0.306,93.0,94.0,91.0,89.0,96.0,90.0,0.228,0.212,-0.08,-0.99,89.8,94.9,0.27,0.554,0.109,0.229,0.471,0.313,,,,,,,,,,,,,,,,,,,,,,,,,,,
2024-04-30,6:40 PM.,MIA,COL,away,Roof Closed.,72,664350,1B,4,1,1,0,0,1,3,0,0,2,0,0.221,0.274,0.314,0.588,664350,sixtosanchez,"Sánchez, S",Right,Sixto Sánchez,MIA,6.06,5.11,35.2,101.0,82.0,96.0,0.878,4.29,3.53,10.85,0.76,1.56,0.305,0.414,0.109,0.305,0.464,93.0,100.0,100.0,,,,77.0,98.0,88.0,,,,0.298,,,0.314,-1.21,,,1.58,93.8,85.4,,,0.267,0.433,0.104,,,,,,,0.22,0.22,0.17,84.0,110.0,106.0,58.0,108.0,100.0,0.048,0.34,-1.57,-4.7,83.6,92.7,0.5,1.333,0.167,0.375,0.518,0.114,,,,,,,,,,,,,,,,,,,,,,,,,,,
2024-04-28,2:07 PM.,HOU,COL,home,Sunny.,82,664285,1B,4,0,0,0,0,0,0,0,0,1,3,0.22,0.275,0.28,0.555,664285,frambervaldez,"Valdez, F",Left,Framber Valdez,HOU,2.91,3.41,176.1,97.0,114.0,102.0,0.744,8.63,2.81,7.15,0.66,3.02,0.205,0.416,0.129,0.321,0.425,130.0,96.0,104.0,129.0,96.0,108.0,60.0,102.0,94.0,107.0,102.0,110.0,0.012,0.043,0.313,0.175,-4.64,-0.2,1.59,0.62,94.5,89.9,85.1,79.7,0.4,1.0,0.273,0.233,0.467,0.383,0.121,0.187,0.398,0.226,0.278,0.354,98.0,99.0,97.0,,,,0.458,,,1.46,,94.1,0.276,0.399,0.116,,,,,,,,,,,,,,,,,,,,,,,,,,,,,,
2024-04-27,4:08 PM.,HOU,COL,home,Cloudy.,79,669854,1B,5,0,1,0,0,0,1,0,0,1,0,0.231,0.287,0.295,0.582,669854,ronelblanco,Blanco,Right,Ronel Blanco,HOU,2.8,4.0,167.1,100.0,94.0,98.0,0.733,8.93,3.66,6.13,1.18,0.95,0.21,0.453,0.178,0.317,0.405,119.0,104.0,108.0,75.0,96.0,100.0,85.0,95.0,90.0,89.0,103.0,101.0,0.383,0.302,0.094,0.221,-0.42,2.24,2.55,-0.16,93.4,85.2,86.4,80.1,0.232,0.497,0.192,0.18,0.284,0.333,0.071,0.071,0.376,0.188,0.356,0.343,,,,,,,,,,,,,,,,,,,,,,,,,,,,,,,,,,,,,,,,,,,,,
2024-04-25,1:09 PM.,SD,COL,home,Partly Cloudy.,68,681190,1B,4,1,1,0,0,1,2,0,1,1,2,0.233,0.293,0.301,0.594,681190,randyvasquez,"Vásquez, R",Right,Randy Vásquez,SDP,4.87,5.94,98.0,101.0,106.0,100.0,0.837,5.69,2.66,10.93,1.19,1.02,0.21,0.378,0.177,0.333,0.434,96.0,99.0,96.0,124.0,101.0,106.0,92.0,103.0,100.0,132.0,101.0,109.0,0.285,0.1,0.197,0.124,-0.56,-0.16,-0.45,-3.49,94.3,88.6,82.4,82.2,0.301,0.462,0.222,,,,0.234,0.422,0.239,0.365,0.615,0.122,103.0,103.0,98.0,107.0,99.0,97.0,0.157,0.137,2.22,-1.91,90.2,94.2,0.429,0.571,0.106,0.228,0.351,0.169,,,,,,,,,,,,,,,,,,,,,,0.229,0.396,0.247,,,
2024-04-24,6:40 PM.,SD,COL,home,Partly Cloudy.,73,663362,1B,3,0,0,0,0,0,0,0,1,0,3,0.232,0.286,0.261,0.547,663362,mattwaldron,Waldron,Right,Matt Waldron,SDP,4.91,4.11,146.2,104.0,83.0,98.0,0.806,8.16,2.45,8.9,1.29,0.91,0.207,0.402,0.164,0.302,0.441,,,,,,,57.0,108.0,91.0,115.0,101.0,107.0,0.19,0.198,,,-0.77,0.5,,,90.6,,79.3,,0.265,0.513,0.224,,,,,,,,,,73.0,108.0,102.0,83.0,98.0,90.0,0.144,0.086,1.88,0.64,87.0,90.0,0.303,0.404,0.067,0.231,0.385,0.144,,,,,,,,,,77.6,,,,,0.382,,-1.09,,,,,0.227,0.454,0.201,0.246,0.394,0.275
2024-04-23,6:40 PM.,SD,COL,home,Rain.,57,650633,1B,4,1,3,1,0,0,1,0,1,0,1,0.242,0.288,0.273,0.561,650633,michaelking,"King, M",Right,Michael King,SDP,2.95,3.59,173.2,102.0,95.0,100.0,0.735,10.42,3.26,7.46,0.88,1.1,0.233,0.426,0.202,0.264,0.415,88.0,103.0,97.0,,,,86.0,103.0,101.0,115.0,97.0,102.0,0.241,0.234,,0.246,-0.15,-0.19,,1.61,93.7,86.7,82.9,,0.265,0.402,0.261,0.281,0.5,0.284,,,,0.207,0.286,0.362,88.0,105.0,98.0,,,,0.279,,,0.68,,92.9,0.2,0.376,0.189,,,,,,,,,,,,,,,,,,,,,,,,,0.206,0.304,0.345,,,
2024-04-22,6:40 PM.,SD,COL,home,Partly Cloudy.,73,656302,1B,3,0,0,0,0,0,0,0,0,1,0,0.21,0.25,0.226,0.476,656302,dylancease,Cease,Right,Dylan Cease,SDP,3.47,3.31,189.1,100.0,121.0,107.0,0.693,10.65,3.09,6.51,0.86,0.94,0.203,0.433,0.147,0.307,0.389,54.0,72.0,68.0,,,,123.0,95.0,102.0,112.0,100.0,105.0,0.435,0.471,,0.009,0.22,1.98,,-4.13,96.9,69.7,87.2,,0.235,0.39,0.203,0.159,0.257,0.447,0.28,0.44,0.286,0.25,1.0,0.2,,,,113.0,89.0,90.0,,0.006,-5.11,,91.8,,,,,0.25,1.0,0.0,,,,105.0,95.0,102.0,0.079,-0.95,82.3,,,,,,,,,,,,,0.2,0.267,0.385,,,
2024-04-21,6:11 PM.,SEA,COL,home,Partly Cloudy.,63,676106,DH,4,0,2,0,0,0,0,0,0,0,3,0.22,0.262,0.237,0.499,676106,emersonhancock,Hancock,Right,Emerson Hancock,SEA,4.75,5.94,60.2,102.0,86.0,98.0,0.809,5.79,2.82,9.2,1.78,0.82,0.272,0.411,0.198,0.317,0.436,86.0,108.0,105.0,,,,76.0,103.0,94.0,97.0,94.0,95.0,0.326,0.165,,0.211,0.6,-3.11,,0.03,93.4,86.5,84.1,,0.253,0.443,0.226,0.3,0.6,0.317,,,,0.185,0.323,0.239,90.0,100.0,94.0,,,,0.298,,,-1.17,,93.2,0.323,0.538,0.149,,,,,,,,,,,,,,,,,,,,,,,,,,,,,,
2024-04-21,1:10 PM.,SEA,COL,home,Sunny.,54,669923,1B,0,0,0,0,0,0,0,0,0,0,0,0.2,0.246,0.218,0.464,669923,georgekirby,Kirby,Right,George Kirby,SEA,3.53,3.44,191.0,106.0,106.0,106.0,0.786,8.43,1.08,8.53,1.04,1.01,0.298,0.342,0.178,0.294,0.446,,,,,,,102.0,107.0,101.0,110.0,104.0,110.0,0.339,0.237,,,0.46,1.28,,,96.0,,87.2,,0.221,0.458,0.291,0.226,0.316,0.271,0.333,0.439,0.286,,,,106.0,108.0,108.0,97.0,99.0,93.0,0.236,0.004,0.79,1.5,92.3,96.0,0.263,0.354,0.105,,,,,,,114.0,110.0,113.0,0.082,-1.95,83.4,73.9,109.0,100.0,108.0,0.102,0.0,-2.05,-3.5,86.0,0.253,0.413,0.295,,,,,,
2024-04-20,6:10 PM.,SEA,COL,home,Overcast.,33,622491,1B,4,0,0,0,0,0,0,0,0,0,3,0.2,0.246,0.218,0.464,622491,luiscastillo,"Castillo, L",Right,Luis Castillo,SEA,3.64,3.91,175.1,105.0,101.0,102.0,0.768,8.98,2.41,8.11,1.28,0.94,0.26,0.409,0.159,0.319,0.406,89.0,104.0,97.0,,,,120.0,105.0,103.0,72.0,106.0,108.0,0.454,0.224,,0.143,0.97,0.65,,-1.63,95.6,88.1,85.7,,0.203,0.365,0.273,0.207,0.357,0.358,,,,0.287,0.545,0.265,100.0,102.0,98.0,,,,0.179,,,-0.41,,95.6,0.298,0.457,0.105,,,,,,,,,,,,,,,,,,,,,,,,,,,,,,
2024-04-17,6:05 PM.,PHI,COL,away,Cloudy.,60,650911,1B,4,0,1,0,0,0,1,0,0,2,1,0.216,0.263,0.235,0.498,650911,cristophersanchez,"Sánchez, C",Left,Cristopher Sánchez,PHI,3.32,3.56,181.2,103.0,97.0,106.0,0.78,7.58,2.18,9.02,0.54,2.67,0.214,0.418,0.178,0.285,0.426,97.0,105.0,116.0,,,,,,,102.0,102.0,103.0,,0.169,,0.357,,0.65,,1.56,,85.1,84.4,,,,,0.219,0.368,0.308,,,,0.177,0.22,0.348,95.0,101.0,98.0,86.0,52.0,74.0,0.473,0.001,2.59,-0.55,86.5,94.5,0.345,0.481,0.131,,,,,,,,,,,,,,,,,,,,,,,,,,,,,,
2024-04-16,6:40 PM.,PHI,COL,away,Clear.,72,624133,1B,3,0,1,0,0,0,0,0,0,0,1,0.213,0.269,0.234,0.503,624133,rangersuarez,"Suárez, R",Left,Ranger Suárez,PHI,3.46,3.67,150.2,103.0,82.0,100.0,0.799,8.66,2.45,8.36,0.84,2.01,0.194,0.461,0.154,0.283,0.395,73.0,100.0,98.0,84.0,107.0,108.0,68.0,101.0,91.0,22.0,85.0,77.0,0.195,0.001,0.205,0.163,0.67,-4.62,1.02,-0.63,91.8,80.0,81.3,74.4,0.224,0.327,0.18,,,,0.189,0.342,0.339,0.229,0.323,0.35,87.0,106.0,104.0,101.0,98.0,93.0,0.315,0.121,-1.68,0.84,86.5,90.8,0.27,0.381,0.101,0.302,0.642,0.162,,,,,,,,,,,,,,,,,,,,,,,,,,,
2024-04-15,6:42 PM.,PHI,COL,away,Partly Cloudy.,77,605400,1B,4,0,0,0,0,0,0,0,0,1,1,0.205,0.265,0.227,0.492,605400,aaronnola,"Nola, Aa",Right,Aaron Nola,PHI,3.57,3.72,199.1,105.0,104.0,103.0,0.772,8.89,2.26,8.53,1.35,1.31,0.209,0.477,0.16,0.305,0.399,78.0,102.0,91.0,,,,90.0,103.0,99.0,,,,0.278,,,0.096,0.81,,,-1.67,92.5,85.7,,,0.168,0.318,0.224,,,,0.221,0.381,0.37,0.279,0.426,0.135,100.0,109.0,106.0,69.0,99.0,92.0,0.204,0.092,-2.57,-0.34,87.5,91.5,0.313,0.475,0.136,0.389,0.796,0.178,,,,135.0,106.0,113.0,0.329,0.94,79.1,,,,,,,,,,,,,,,,,,
2024-04-14,1:39 PM.,TOR,COL,away,Roof Closed.,68,621244,1B,2,0,1,0,0,0,0,0,1,0,0,0.225,0.289,0.25,0.539,621244,joseberrios,Berríos,Right,José Berríos,TOR,3.6,4.74,192.1,103.0,92.0,99.0,0.808,7.16,2.53,7.86,1.45,1.17,0.257,0.421,0.15,0.352,0.414,86.0,104.0,101.0,111.0,102.0,106.0,82.0,99.0,92.0,,,,0.183,,0.286,0.16,-1.26,,0.28,0.88,94.1,84.8,,83.2,0.305,0.558,0.189,,,,,,,0.171,0.364,0.269,85.0,103.0,95.0,84.0,108.0,99.0,0.337,0.035,-1.83,1.02,91.4,93.4,0.268,0.366,0.125,0.36,0.48,0.123,0.188,0.404,0.31,,,,,,,,,,,,,,,,,,,,,,,,
2024-04-13,3:07 PM.,TOR,COL,away,Roof Closed.,68,684320,1B,4,0,1,0,0,0,0,0,0,1,3,0.211,0.262,0.237,0.499,684320,yarielrodriguez,Rodríguez,Right,Yariel Rodríguez,TOR,4.47,4.0,86.2,97.0,97.0,97.0,0.765,8.83,4.15,7.68,1.14,0.9,0.268,0.393,0.184,0.272,0.392,,,,97.0,95.0,100.0,86.0,93.0,87.0,120.0,104.0,111.0,0.409,0.282,0.105,,-0.12,0.67,-2.85,,93.9,,84.6,78.3,0.255,0.439,0.22,0.213,0.36,0.335,0.348,0.739,0.25,,,,84.0,94.0,92.0,,,,0.108,,,2.98,,93.4,0.167,0.167,0.149,,,,,,,,,,,,,,85.0,102.0,102.0,0.096,,-1.17,,88.9,0.194,0.306,0.215,,,,,,
2024-04-12,7:08 PM.,TOR,COL,away,Roof Closed.,68,592332,1B,5,0,2,1,0,0,0,0,0,0,3,0.206,0.263,0.235,0.498,592332,kevingausman,Gausman,Right,Kevin Gausman,TOR,3.83,4.71,181.0,105.0,94.0,104.0,0.791,8.06,2.78,8.2,0.99,0.91,0.262,0.417,0.136,0.363,0.417,,,,,,,99.0,105.0,105.0,88.0,90.0,95.0,0.528,0.084,,,0.43,-1.21,,,93.9,,82.7,,0.277,0.466,0.175,0.268,0.439,0.266,,,,,,,90.0,102.0,94.0,,,,0.054,,,-3.21,,93.3,0.316,0.579,0.117,,,,,,,,,,,,,,88.0,108.0,106.0,0.334,,0.51,,86.0,0.169,0.262,0.335,,,,,,
2024-04-10,1:10 PM.,AZ,COL,home,Cloudy.,56,674072,1B,4,0,1,0,0,0,1,0,0,2,0,0.172,0.242,0.172,0.414,674072,tommyhenry,Henry,Left,Tommy Henry,ARI,7.04,6.58,38.1,101.0,81.0,95.0,0.848,7.04,4.23,11.5,2.11,1.17,0.231,0.431,0.131,0.377,0.429,74.0,93.0,87.0,104.0,107.0,105.0,66.0,103.0,95.0,103.0,94.0,96.0,0.312,0.072,0.257,0.162,-0.61,-3.52,-1.17,-2.25,90.0,83.7,82.9,78.2,0.261,0.63,0.135,0.5,0.7,0.35,0.268,0.561,0.123,0.321,0.464,0.313,70.0,96.0,87.0,,,,0.196,,,-3.0,,90.4,0.375,0.625,0.072,,,,,,,,,,,,,,,,,,,,,,,,,,,,,,
2024-04-08,6:41 PM.,AZ,COL,home,Clear.,57,668678,1B,3,0,0,0,0,0,1,0,0,1,3,0.16,0.241,0.16,0.401,668678,zacgallen,Gallen,Right,Zac Gallen,ARI,3.65,3.97,148.0,101.0,101.0,101.0,0.761,9.49,3.28,8.09,0.79,1.38,0.231,0.396,0.133,0.351,0.348,88.0,107.0,98.0,,,,101.0,95.0,96.0,107.0,102.0,102.0,0.463,0.087,,0.14,-0.55,-0.56,,0.43,93.7,86.6,87.0,,0.28,0.46,0.133,0.31,0.476,0.337,0.148,0.23,0.392,0.27,0.382,0.265,132.0,80.0,80.0,89.0,87.0,79.0,0.001,0.031,-0.78,-1.02,90.3,94.7,,,,0.25,0.625,0.36,,,,107.0,108.0,112.0,0.277,2.29,81.0,,,,,,,,,,,,,,,,,,
2024-04-06,6:11 PM.,TB,COL,home,Cloudy.,46,641302,1B,4,0,1,0,0,0,0,0,0,0,3,0.182,0.28,0.182,0.462,641302,tyleralexander,"Alexander, T",Left,Tyler Alexander,TBR,5.1,4.68,107.2,106.0,94.0,104.0,0.815,7.52,2.01,9.2,1.92,0.62,0.28,0.372,0.155,0.351,0.441,102.0,103.0,103.0,,,,85.0,110.0,103.0,114.0,107.0,109.0,0.223,0.191,,0.137,-0.2,1.43,,-2.94,89.6,81.3,77.8,,0.232,0.495,0.244,,,,,,,0.339,0.5,0.181,61.0,113.0,105.0,98.0,101.0,99.0,0.131,0.318,-0.5,-1.02,85.0,89.7,0.288,0.492,0.109,0.265,0.549,0.216,,,,,,,,,,,,,,,,,,,,,,0.227,0.364,0.188,,,
2024-04-05,2:10 PM.,TB,COL,home,Partly Cloudy.,75,641793,DH,4,0,1,0,0,0,0,0,0,0,4,0.167,0.286,0.167,0.453,641793,zacklittell,Littell,Right,Zack Littell,TBR,3.63,4.34,156.1,104.0,81.0,99.0,0.785,8.12,1.78,9.44,1.27,0.8,0.218,0.414,0.14,0.293,0.453,,,,,,,54.0,110.0,91.0,102.0,99.0,98.0,0.221,0.399,,,0.58,0.45,,,92.4,,85.7,,0.245,0.358,0.191,0.257,0.427,0.227,,,,,,,67.0,103.0,91.0,,,,0.148,,,-0.6,,91.6,0.265,0.439,0.141,,,,,,,,,,,,,,104.0,106.0,112.0,0.232,,-0.84,,83.0,0.258,0.423,0.344,0.406,0.594,0.115,,,
2024-04-01,1:20 PM.,CHC,COL,away,Overcast.,43,684007,DH,3,0,0,0,0,0,0,0,0,0,2,0.143,0.294,0.143,0.437,684007,shotaimanaga,Imanaga,Left,Shota Imanaga,CHC,2.91,3.39,173.1,105.0,90.0,103.0,0.739,9.03,1.45,7.74,1.4,0.82,0.217,0.45,0.166,0.309,0.438,82.0,105.0,104.0,70.0,96.0,97.0,96.0,104.0,106.0,103.0,105.0,104.0,0.52,0.077,0.032,0.039,0.36,0.14,-0.59,0.48,91.7,81.6,81.6,72.7,0.229,0.47,0.176,,,,0.444,0.556,0.0,0.194,0.226,0.333,76.0,102.0,91.0,50.0,107.0,96.0,0.021,0.005,-6.3,0.77,89.8,88.7,0.25,0.333,0.37,0.333,1.333,0.143,,,,,,,0.0,-76.55,53.9,,81.0,106.0,100.0,0.306,,1.39,,82.9,0.204,0.283,0.431,0.267,0.311,0.347,,,
2024-03-31,1:10 PM.,AZ,COL,away,Roof Closed.,74,694297,DH,4,0,1,0,0,0,0,0,0,1,4,0.182,0.357,0.182,0.539,694297,brandonpfaadt,Pfaadt,Right,Brandon Pfaadt,ARI,4.71,3.78,181.2,106.0,107.0,107.0,0.768,9.17,2.08,9.07,1.19,1.07,0.25,0.427,0.131,0.306,0.449,92.0,102.0,96.0,106.0,102.0,104.0,95.0,106.0,103.0,143.0,109.0,119.0,0.334,0.273,0.053,0.112,0.37,-0.12,-1.37,0.84,93.8,87.5,84.8,80.8,0.265,0.466,0.224,,,,0.429,0.571,0.295,0.25,0.289,0.312,89.0,106.0,104.0,,,,0.222,,,-0.09,,93.7,0.286,0.365,0.119,,,,,,,,,,,,,,,,,0.006,,0.45,,89.6,0.2,0.8,0.0,0.215,0.455,0.362,,,
2024-03-30,5:10 PM.,AZ,COL,away,Roof Closed.,76,674072,1B,1,2,1,0,0,0,0,0,3,0,0,0.143,0.4,0.143,0.543,674072,tommyhenry,Henry,Left,Tommy Henry,ARI,7.04,6.58,38.1,101.0,81.0,95.0,0.848,7.04,4.23,11.5,2.11,1.17,0.231,0.431,0.131,0.377,0.429,74.0,93.0,87.0,104.0,107.0,105.0,66.0,103.0,95.0,103.0,94.0,96.0,0.312,0.072,0.257,0.162,-0.61,-3.52,-1.17,-2.25,90.0,83.7,82.9,78.2,0.261,0.63,0.135,0.5,0.7,0.35,0.268,0.561,0.123,0.321,0.464,0.313,70.0,96.0,87.0,,,,0.196,,,-3.0,,90.4,0.375,0.625,0.072,,,,,,,,,,,,,,,,,,,,,,,,,,,,,,
2024-03-29,6:40 PM.,AZ,COL,away,Clear.,81,518876,1B,3,0,0,0,0,0,0,0,0,1,0,0.0,0.0,0.0,0.0,518876,merrillkelly,"Kelly, M",Right,Merrill Kelly,ARI,4.03,4.94,73.2,105.0,98.0,101.0,0.806,7.7,2.32,8.19,1.34,1.17,0.209,0.456,0.13,0.335,0.381,122.0,108.0,106.0,116.0,108.0,107.0,73.0,106.0,97.0,114.0,111.0,111.0,0.197,0.118,0.077,0.21,-0.76,-0.18,-1.78,4.47,91.9,88.4,85.6,82.2,0.26,0.54,0.204,0.273,0.455,0.394,0.25,0.55,0.205,0.099,0.099,0.315,84.0,98.0,90.0,95.0,103.0,98.0,0.147,0.252,0.01,-3.28,90.3,92.3,0.378,0.644,0.086,0.276,0.5,0.109,,,,,,,,,,,,,,,,,,,,,,,,,,,
2024-03-28,7:11 PM.,AZ,COL,away,Overcast.,73,668678,DH,3,0,0,0,0,0,0,0,0,1,3,0.0,0.0,0.0,0.0,668678,zacgallen,Gallen,Right,Zac Gallen,ARI,3.65,3.97,148.0,101.0,101.0,101.0,0.761,9.49,3.28,8.09,0.79,1.38,0.231,0.396,0.133,0.351,0.348,88.0,107.0,98.0,,,,101.0,95.0,96.0,107.0,102.0,102.0,0.463,0.087,,0.14,-0.55,-0.56,,0.43,93.7,86.6,87.0,,0.28,0.46,0.133,0.31,0.476,0.337,0.148,0.23,0.392,0.27,0.382,0.265,132.0,80.0,80.0,89.0,87.0,79.0,0.001,0.031,-0.78,-1.02,90.3,94.7,,,,0.25,0.625,0.36,,,,107.0,108.0,112.0,0.277,2.29,81.0,,,,,,,,,,,,,,,,,,
