date,time,opponent,team,location,weather,temp,opposingPitcherId,position,ab,r,h,doubles,triples,hr,rbi,sb,bb,k,lob,avg,obp,slg,ops,id,fullName,boxscoreName,PitchingHand,PlayerName,Team,ERA,xERA,IP,Location+,Stuff+,Pitching+,Contact%,K/9,BB/9,H/9,HR/9,GB/FB,Oppo%,Pull%,Soft%,Hard%,Zone%,Stf+ CH,Loc+ CH,Pit+ CH,Stf+ CU,Loc+ CU,Pit+ CU,Stf+ FA,Loc+ FA,Pit+ FA,Stf+ SI,Loc+ SI,Pit+ SI,Stf+ SL,Loc+ SL,Pit+ SL,SI%,FA%,SL%,CU%,CH%,wFA/C,wSI/C,wSL/C,wCU/C,wCH/C,vFA,vCH,vSI,vSL,vCU,SL_ba,SL_slg,SL_whiff,SI_ba,SI_slg,SI_whiff,FF_ba,FF_slg,FF_whiff,CH_ba,CH_slg,CH_whiff,CU_ba,CU_slg,CU_whiff,Stf+ FC,Loc+ FC,Pit+ FC,FC%,wFC/C,vFC,FC_ba,FC_slg,FC_whiff,Stf+ FS,Loc+ FS,Pit+ FS,FS%,wFS/C,vFS,FS_ba,FS_slg,FS_whiff,KC%,wKC/C,vKC,Stf+ KC,Loc+ KC,Pit+ KC,SV_ba,SV_slg,SV_whiff
2023-09-30,6:11 PM.,CWS,SD,away,Clear.,76,605182,3B,4,0,1,0,0,0,0,0,0,2,2,0.254,0.348,0.356,0.704,605182,mikeclevinger,Clevinger,Right,Mike Clevinger,CHW,3.77,4.1,131.1,100.0,100.0,100.0,0.8,7.54,2.74,8.29,1.1,0.62,0.259,0.433,0.179,0.269,0.437,80.0,96.0,95.0,80.0,96.0,97.0,101.0,103.0,100.0,91.0,100.0,90.0,113.0,97.0,104.0,0.024,0.479,0.271,0.016,0.128,-0.21,1.47,0.5,0.55,1.69,94.3,86.1,93.1,79.4,76.0,0.203,0.366,0.306,0.2,0.2,0.2,0.283,0.494,0.174,0.175,0.206,0.293,0.167,0.167,0.2,90.0,100.0,100.0,0.082,-0.07,84.9,0.256,0.395,0.264,,,,,,,,,,,,,,,,,,
2023-09-29,6:40 PM.,CWS,SD,away,Clear.,68,656302,3B,3,2,0,0,0,0,0,0,1,3,2,0.254,0.351,0.36,0.711,656302,dylancease,Cease,Right,Dylan Cease,CHW,4.58,4.13,177.0,97.0,115.0,104.0,0.705,10.88,4.02,8.75,0.97,0.92,0.243,0.432,0.173,0.341,0.376,60.0,90.0,78.0,,,,125.0,95.0,103.0,,,,120.0,101.0,108.0,,0.432,0.386,,0.03,-0.15,,0.4,,1.0,95.6,74.6,,86.3,,0.216,0.339,0.433,,,,0.273,0.436,0.205,0.111,0.111,0.5379999999999999,0.298,0.538,0.249,,,,,,,,,,,,,,,,,,,0.152,-1.83,80.2,83.0,94.0,99.0,,,
2023-09-27,6:43 PM.,SF,SD,away,Partly Cloudy.,62,640455,3B,3,0,0,0,0,0,0,0,0,2,2,0.261,0.354,0.369,0.723,640455,seanmanaea,Manaea,Left,Sean Manaea,SFG,4.44,4.21,117.2,101.0,91.0,96.0,0.777,9.79,3.21,7.95,1.07,1.1,0.255,0.371,0.143,0.305,0.448,90.0,97.0,94.0,,,,90.0,105.0,95.0,121.0,109.0,108.0,92.0,95.0,98.0,0.008,0.562,0.26,,0.17,0.91,-6.19,-0.93,,1.06,93.6,86.6,94.0,82.3,,0.122,0.143,0.367,0.4,0.8,0.25,0.235,0.39,0.233,0.224,0.342,0.183,,,,,,,0.0,-5.8,90.3,,,,,,,,,,,,,,,,,,,,,
2023-09-26,6:47 PM.,SF,SD,away,Clear.,64,605154,3B,3,0,1,0,0,0,0,0,1,0,2,0.269,0.363,0.38,0.743,605154,johnbrebbia,Brebbia,Right,John Brebbia,SFG,3.99,3.25,38.1,105.0,108.0,105.0,0.748,11.03,3.29,7.28,1.41,0.54,0.34,0.34,0.14,0.35,0.43,114.0,-42.0,-5.0,,,,107.0,104.0,104.0,,,,108.0,107.0,107.0,,0.458,0.539,,0.003,1.09,,-0.13,,6.56,94.5,89.2,,82.8,,0.227,0.511,0.256,,,,0.2,0.236,0.297,,,,,,,,,,,,,,,,,,,,,,,,,,,,,,,,,
2023-09-25,6:46 PM.,SF,SD,away,Clear.,68,657277,2B,2,0,0,0,0,0,0,0,0,1,0,0.267,0.358,0.381,0.739,657277,loganwebb,Webb,Right,Logan Webb,SFG,3.25,3.63,216.0,104.0,104.0,103.0,0.81,8.08,1.29,8.38,0.83,2.94,0.187,0.465,0.143,0.325,0.419,112.0,106.0,103.0,,,,88.0,119.0,100.0,105.0,103.0,98.0,91.0,100.0,111.0,0.336,0.037,0.212,,0.416,-1.37,0.31,0.11,,2.18,92.6,87.5,92.3,84.3,,0.208,0.369,0.286,0.313,0.481,0.104,0.226,0.452,0.3,0.225,0.309,0.228,,,,,,,,,,,,,,,,,,,,,,,,,,,,,,
2023-09-24,1:12 PM.,STL,SD,home,Sunny.,72,680723,2B,4,0,2,0,0,0,1,0,1,1,0,0.272,0.359,0.388,0.747,680723,drewrom,Rom,Left,Drew Rom,STL,8.02,6.2,33.2,98.0,81.0,91.0,0.863,8.55,5.08,13.63,1.87,0.9,0.252,0.395,0.126,0.429,0.464,,,,,,,81.0,105.0,98.0,64.0,98.0,87.0,97.0,88.0,89.0,0.241,0.443,0.237,,,-2.41,-2.11,-2.48,,,90.6,,87.4,79.4,,0.289,0.632,0.172,0.351,0.568,0.091,0.333,0.633,0.212,,,,,,,,,,,,,,,,85.0,83.0,71.0,0.079,-5.66,83.6,0.467,0.6,0.2689999999999999,,,,,,,,,
2023-09-23,5:41 PM.,STL,SD,home,Clear.,70,663765,1B,3,0,1,0,0,0,0,0,2,0,2,0.263,0.348,0.384,0.732,663765,jakewoodford,Woodford,Right,Jake Woodford,STL,6.23,7.04,47.2,99.0,90.0,96.0,0.863,5.48,4.15,11.52,2.08,1.79,0.167,0.429,0.119,0.363,0.433,61.0,88.0,72.0,88.0,95.0,97.0,82.0,93.0,85.0,87.0,104.0,98.0,104.0,101.0,105.0,0.502,0.068,0.232,0.101,0.041,-10.74,-0.6,-0.99,-3.61,-0.23,92.4,86.2,92.0,81.7,76.3,0.241,0.448,0.186,0.299,0.536,0.11,0.571,1.357,0.296,0.167,0.167,0.182,0.455,0.727,0.2,94.0,107.0,104.0,0.056,-2.62,89.8,0.5,0.625,0.1669999999999999,,,,,,,,,,,,,,,,,,
2023-09-22,6:44 PM.,STL,SD,home,Cloudy.,67,641712,3B,3,0,0,0,0,0,0,0,0,1,1,0.26,0.336,0.385,0.721,641712,dakotahudson,"Hudson, Dak",Right,Dakota Hudson,STL,4.98,6.0,81.1,96.0,94.0,91.0,0.818,4.98,3.76,9.74,1.0,1.89,0.16,0.461,0.141,0.349,0.419,85.0,66.0,62.0,81.0,103.0,96.0,81.0,99.0,88.0,81.0,97.0,87.0,120.0,95.0,100.0,0.377,0.222,0.321,0.055,0.024,0.43,0.04,-0.76,-0.31,-4.54,91.1,84.4,91.6,85.1,81.4,0.258,0.43,0.3929999999999999,0.308,0.526,0.072,0.281,0.328,0.129,0.2,0.4,0.0,0.25,0.25,0.306,,,,,,,,,,,,,,,,,,,,,,,,,,,
2023-09-20,1:11 PM.,COL,SD,home,Partly Cloudy.,72,502624,2B,3,0,1,0,0,0,0,0,0,1,1,0.269,0.346,0.398,0.744,502624,chaseanderson,Anderson,Right,Chase Anderson,- - -,5.42,4.96,86.1,99.0,82.0,94.0,0.8,6.67,3.44,9.38,1.77,0.84,0.261,0.354,0.153,0.325,0.397,71.0,106.0,104.0,75.0,91.0,92.0,67.0,93.0,82.0,70.0,96.0,82.0,104.0,114.0,115.0,0.073,0.312,0.082,0.041,0.229,-2.17,-5.45,0.92,-4.22,2.14,93.3,83.9,92.6,80.6,77.6,0.172,0.172,0.246,0.545,0.955,0.073,0.351,0.619,0.173,0.163,0.25,0.287,0.3,0.9,0.125,108.0,98.0,97.0,0.263,0.63,89.2,0.244,0.444,0.226,,,,,,,,,,,,,,,,,,
2023-09-19,6:40 PM.,COL,SD,home,Partly Cloudy.,69,663372,2B,2,0,0,0,0,0,0,0,2,2,0,0.267,0.347,0.4,0.747,663372,ryanfeltner,Feltner,Right,Ryan Feltner,COL,5.82,4.64,43.1,101.0,96.0,100.0,0.81,7.89,5.82,9.35,0.42,1.29,0.241,0.331,0.188,0.248,0.448,93.0,90.0,96.0,91.0,110.0,117.0,96.0,100.0,93.0,103.0,99.0,95.0,95.0,106.0,105.0,0.173,0.278,0.313,0.089,0.147,-0.01,-4.88,1.27,-2.31,2.91,94.8,84.1,94.3,88.6,79.7,0.178,0.289,0.163,0.475,0.675,0.15,0.25,0.295,0.225,0.08,0.08,0.421,0.333,0.4,0.118,,,,,,,,,,,,,,,,,,,,,,,,,,,
2023-09-18,6:42 PM.,COL,SD,home,Clear.,70,621389,2B,4,1,2,1,0,0,0,0,0,1,0,0.273,0.34,0.409,0.749,621389,tyblach,Blach,Left,Ty Blach,COL,5.54,7.26,78.0,102.0,75.0,88.0,0.856,5.77,2.77,12.0,1.73,1.18,0.279,0.371,0.121,0.39,0.447,20.0,103.0,96.0,66.0,98.0,98.0,,,,69.0,104.0,84.0,,,,0.55,,,0.064,0.221,,-1.22,,-0.44,-1.35,,79.9,89.3,,78.9,,,,0.322,0.561,0.102,,,,0.371,0.486,0.207,0.211,0.211,0.257,170.0,99.0,85.0,0.165,-2.26,83.7,0.348,0.652,0.184,,,,,,,,,,,,,,,,,,
2023-09-17,1:08 PM.,OAK,SD,away,Partly Cloudy.,70,671212,2B,5,1,2,0,0,0,2,0,0,0,3,0.262,0.333,0.393,0.726,671212,joeboyle,Boyle,Right,Joe Boyle,OAK,1.69,2.25,16.0,100.0,132.0,106.0,0.811,8.44,2.81,4.5,0.56,0.55,0.3,0.25,0.175,0.3,0.413,,,,141.0,92.0,103.0,120.0,98.0,103.0,,,,126.0,115.0,127.0,,0.583,0.321,0.096,,1.62,,1.53,3.62,,97.8,,,88.0,81.5,0.158,0.211,0.3229999999999999,,,,0.156,0.313,0.216,,,,0.0,0.0,0.1669999999999999,,,,,,,,,,,,,,,,,,,,,,,,,,,
2023-09-16,1:07 PM.,OAK,SD,away,Overcast.,68,695243,3B,4,0,0,0,0,0,0,0,0,3,5,0.253,0.33,0.392,0.722,695243,masonmiller,"Miller, M",Right,Mason Miller,OAK,3.78,3.18,33.1,96.0,125.0,103.0,0.762,10.26,4.32,6.48,0.54,0.5,0.39,0.268,0.183,0.268,0.433,83.0,80.0,77.0,,,,136.0,98.0,106.0,,,,113.0,97.0,104.0,,0.555,0.238,,0.049,0.94,,1.87,,1.62,98.3,90.3,,85.8,,0.118,0.147,0.471,,,,0.219,0.391,0.21,0.0,0.0,0.429,,,,117.0,95.0,100.0,0.158,-1.76,94.1,0.375,0.375,0.208,,,,,,,,,,,,,,,,,,
2023-09-15,6:40 PM.,OAK,SD,away,Partly Cloudy.,65,656794,3B,5,2,2,0,0,0,0,0,0,0,4,0.267,0.345,0.413,0.758,656794,seannewcomb,"Newcomb, S",Left,Sean Newcomb,OAK,3.0,3.98,15.0,98.0,85.0,96.0,0.824,10.2,5.4,4.8,0.6,1.08,0.455,0.242,0.212,0.242,0.418,70.0,97.0,104.0,105.0,91.0,96.0,73.0,103.0,96.0,78.0,104.0,101.0,,,,0.068,0.518,,0.375,0.029,1.81,9.99,,-0.07,-2.63,93.4,84.6,92.4,,80.6,,,,0.0,0.0,0.1669999999999999,0.154,0.308,0.216,,,,0.143,0.286,0.273,86.0,88.0,93.0,0.011,2.37,89.8,,,,,,,,,,,,,,,,,,,0.2,0.2,0.2
2023-09-13,7:10 PM.,LAD,SD,away,Clear.,71,686752,2B,4,0,1,1,0,0,0,0,0,1,2,0.257,0.342,0.414,0.756,686752,ryanpepiot,Pepiot,Right,Ryan Pepiot,LAD,2.14,3.23,42.0,104.0,98.0,103.0,0.757,8.14,1.07,5.79,1.5,0.8,0.274,0.416,0.177,0.301,0.424,87.0,115.0,113.0,,,,100.0,100.0,97.0,,,,115.0,96.0,101.0,,0.506,0.147,,0.347,1.83,,0.98,,0.55,94.0,86.3,,88.8,,0.174,0.348,0.326,,,,0.156,0.344,0.2239999999999999,0.203,0.391,0.326,,,,,,,,,,,,,,,,,,,,,,,,,,,,,,
2023-09-12,7:10 PM.,LAD,SD,away,Clear.,73,458681,SS,4,0,0,0,0,0,0,0,0,1,2,0.258,0.347,0.409,0.756,458681,lancelynn,Lynn,Right,Lance Lynn,- - -,5.73,4.86,183.2,102.0,94.0,100.0,0.74,9.36,3.28,9.26,2.16,0.82,0.241,0.419,0.17,0.32,0.403,56.0,95.0,90.0,109.0,97.0,106.0,92.0,105.0,104.0,93.0,95.0,87.0,97.0,98.0,106.0,0.126,0.437,0.063,0.074,0.07,-0.4,1.21,-3.65,-2.24,-1.23,92.4,84.9,91.4,83.0,80.8,0.286,0.446,0.308,0.239,0.394,0.177,0.255,0.52,0.316,0.302,0.372,0.296,0.208,0.453,0.354,104.0,105.0,99.0,0.23,-0.35,88.7,0.273,0.512,0.267,,,,,,,,,,,,,,,,,,
2023-09-11,7:10 PM.,LAD,SD,away,Partly Cloudy.,76,694813,3B,3,1,1,1,0,0,1,0,1,0,1,0.274,0.366,0.435,0.801,694813,gavinstone,Stone,Right,Gavin Stone,LAD,9.0,6.4,31.0,98.0,88.0,95.0,0.716,6.39,3.77,13.35,2.32,1.46,0.252,0.487,0.139,0.365,0.375,73.0,98.0,94.0,88.0,110.0,115.0,93.0,94.0,89.0,90.0,97.0,90.0,105.0,106.0,98.0,0.143,0.28,0.064,0.004,0.342,-5.4,1.55,-2.44,0.26,-0.55,94.0,85.8,94.6,85.8,79.5,0.385,0.385,0.4,0.182,0.227,0.1669999999999999,0.552,0.966,0.235,0.24,0.48,0.414,,,,99.0,100.0,102.0,0.168,-4.42,90.5,0.409,0.909,0.233,,,,,,,,,,,,,,,,,,
2023-09-10,1:10 PM.,HOU,SD,away,Roof Closed.,73,641585,SS,1,0,0,0,0,0,0,0,0,0,0,0.271,0.358,0.424,0.782,641585,jpfrance,"France, J",Right,J.P. France,HOU,3.83,4.86,136.1,100.0,103.0,102.0,0.797,6.67,3.1,9.11,1.25,1.14,0.244,0.392,0.135,0.309,0.454,75.0,102.0,112.0,116.0,98.0,100.0,101.0,97.0,98.0,,,,109.0,99.0,105.0,,0.431,0.091,0.137,0.152,-0.26,,-2.09,0.16,2.51,93.0,81.8,,80.1,76.0,0.25,0.533,0.298,,,,0.308,0.481,0.106,0.183,0.237,0.308,0.145,0.273,0.422,116.0,108.0,103.0,0.189,0.33,86.8,0.317,0.446,0.22,,,,,,,,,,,,,,,,,,
2023-09-09,6:11 PM.,HOU,SD,away,Roof Closed.,73,664299,3B,3,1,1,0,0,0,1,1,1,1,3,0.276,0.364,0.431,0.795,664299,cristianjavier,Javier,Right,Cristian Javier,HOU,4.56,4.42,162.0,98.0,102.0,100.0,0.762,8.83,3.44,7.94,1.39,0.46,0.266,0.368,0.15,0.331,0.399,78.0,101.0,98.0,,,,101.0,98.0,98.0,,,,108.0,95.0,102.0,,0.584,0.3,,0.041,0.44,,-0.09,,-1.29,92.7,83.7,,79.5,,0.211,0.367,0.287,,,,0.236,0.455,0.265,0.28,0.36,0.392,0.268,0.366,0.195,,,,,,,,,,,,,,,,,,,0.075,-1.17,76.6,91.0,99.0,102.0,,,
2023-09-08,7:10 PM.,HOU,SD,away,Roof Closed.,73,686613,2B,3,2,1,0,0,0,0,0,1,1,1,0.273,0.355,0.436,0.791,686613,hunterbrown,"Brown, H",Right,Hunter Brown,HOU,5.09,4.27,155.2,100.0,104.0,101.0,0.77,10.29,3.18,9.08,1.5,1.78,0.274,0.364,0.135,0.362,0.433,,,,,,,101.0,99.0,96.0,90.0,103.0,93.0,104.0,92.0,97.0,0.002,0.461,0.017,,,0.01,-0.16,-2.64,,,95.7,,96.0,84.6,,0.25,0.625,0.3329999999999999,,,,0.271,0.511,0.223,0.121,0.242,0.37,0.247,0.374,0.303,,,,0.235,-0.4,91.7,0.297,0.506,0.208,92.0,104.0,105.0,0.048,0.92,88.2,,,,0.238,-0.77,82.9,112.0,102.0,110.0,,,
2023-09-06,1:11 PM.,PHI,SD,home,Sunny.,74,554430,3B,2,0,0,0,0,0,0,0,0,0,0,0.269,0.345,0.442,0.787,554430,zackwheeler,Wheeler,Right,Zack Wheeler,PHI,3.61,3.18,192.0,105.0,107.0,110.0,0.74,9.94,1.83,7.88,0.94,1.07,0.279,0.38,0.214,0.313,0.421,48.0,106.0,77.0,116.0,105.0,114.0,112.0,109.0,114.0,105.0,105.0,107.0,107.0,101.0,111.0,0.18,0.435,0.123,0.115,0.004,1.69,1.62,0.36,-1.61,-6.22,95.8,90.8,95.2,84.4,81.4,0.198,0.36,0.392,0.252,0.308,0.192,0.199,0.333,0.314,,,,0.264,0.473,0.33,96.0,102.0,102.0,0.144,-0.63,90.9,0.27,0.426,0.228,,,,,,,,,,,,,,,,,,
2023-09-05,6:40 PM.,PHI,SD,home,Cloudy.,71,547179,3B,4,0,0,0,0,0,1,0,0,0,3,0.28,0.357,0.46,0.817,547179,michaellorenzen,Lorenzen,Right,Michael Lorenzen,- - -,4.18,4.51,153.0,101.0,101.0,101.0,0.809,6.53,2.76,8.12,1.18,1.06,0.246,0.417,0.097,0.352,0.447,95.0,101.0,102.0,103.0,112.0,110.0,98.0,100.0,97.0,82.0,108.0,100.0,116.0,102.0,106.0,0.12,0.347,0.297,0.011,0.216,1.17,0.73,0.34,-4.26,0.26,94.3,84.5,93.7,84.7,82.3,0.293,0.61,0.214,0.333,0.4,0.038,0.211,0.333,0.171,0.186,0.403,0.314,0.667,1.667,0.182,89.0,75.0,71.0,0.009,-7.35,90.8,0.6,1.2,0.1669999999999999,,,,,,,,,,,,,,,,,,
2023-09-04,3:40 PM.,PHI,SD,home,Partly Cloudy.,74,592836,2B,4,2,1,0,0,0,0,0,1,0,3,0.304,0.385,0.5,0.885,592836,taijuanwalker,"Walker, T",Right,Taijuan Walker,PHI,4.38,4.36,172.2,99.0,94.0,97.0,0.808,7.19,3.7,8.08,1.04,1.21,0.217,0.43,0.167,0.326,0.382,,,,92.0,91.0,94.0,79.0,98.0,90.0,81.0,100.0,93.0,124.0,109.0,114.0,0.233,0.176,0.026,0.057,,-0.82,0.53,-1.43,-1.07,,92.8,,92.4,82.5,74.8,0.158,0.632,0.342,0.273,0.429,0.1,0.257,0.541,0.254,,,,0.212,0.485,0.36,99.0,103.0,100.0,0.176,-0.44,87.1,0.284,0.441,0.158,104.0,97.0,100.0,0.332,0.48,87.9,0.205,0.295,0.244,,,,,,,,,
2023-09-03,1:12 PM.,SF,SD,home,Partly Cloudy.,75,502171,3B,2,0,0,0,0,0,0,0,0,0,2,0.31,0.383,0.524,0.907,502171,alexcobb,Cobb,Right,Alex Cobb,SFG,3.87,4.73,151.1,102.0,91.0,100.0,0.808,7.79,2.2,9.69,1.13,2.6,0.216,0.43,0.142,0.356,0.399,,,,,,,61.0,79.0,76.0,92.0,103.0,96.0,113.0,111.0,115.0,0.397,0.003,0.051,,,-3.47,0.33,-1.31,,,95.8,,94.5,86.2,,0.333,0.542,0.306,0.28,0.435,0.129,,,,,,,0.379,0.638,0.32,,,,,,,,,,78.0,103.0,103.0,0.388,0.2,89.5,0.239,0.386,0.246,0.162,-1.38,83.6,115.0,95.0,103.0,,,
2023-09-02,5:41 PM.,SF,SD,home,Clear.,76,690986,2B,3,0,0,0,0,0,0,0,0,3,0,0.325,0.4,0.55,0.95,690986,kyleharrison,Harrison,Left,Kyle Harrison,SFG,4.15,4.55,34.2,99.0,95.0,98.0,0.796,9.09,2.86,7.53,2.08,0.5,0.351,0.361,0.155,0.32,0.427,78.0,100.0,93.0,83.0,90.0,91.0,104.0,103.0,102.0,,,,86.0,99.0,105.0,,0.607,0.017,0.265,0.111,0.66,,-4.23,-2.28,-0.87,93.6,86.6,,87.5,82.2,,,,,,,0.182,0.39,0.248,0.25,0.45,0.19,,,,,,,,,,,,,,,,,,,,,,,,,,,,0.273,0.606,0.242
2023-09-01,6:42 PM.,SF,SD,home,Partly Cloudy.,72,663941,3B,4,0,1,1,0,0,1,0,0,1,3,0.351,0.429,0.595,1.024,663941,tristanbeck,Beck,Right,Tristan Beck,SFG,3.92,3.71,85.0,99.0,102.0,101.0,0.782,7.2,2.22,8.79,1.06,1.03,0.243,0.384,0.152,0.312,0.43,75.0,84.0,78.0,88.0,97.0,98.0,85.0,96.0,93.0,,,,118.0,102.0,108.0,,0.367,0.55,0.079,0.004,3.24,,-0.35,-2.73,-2.94,94.7,86.6,,85.5,79.2,0.309,0.489,0.23,,,,0.17,0.189,0.174,,,,0.385,0.577,0.262,,,,,,,,,,,,,,,,,,,,,,,,,,,
2023-08-31,6:41 PM.,SF,SD,home,Partly Cloudy.,71,596001,1B,3,0,1,0,0,0,0,0,1,0,0,0.364,0.447,0.606,1.053,596001,jakobjunis,Junis,Right,Jakob Junis,SFG,3.87,3.71,86.0,100.0,112.0,105.0,0.754,10.05,2.2,9.42,1.26,1.17,0.255,0.494,0.169,0.337,0.428,85.0,97.0,99.0,,,,69.0,95.0,90.0,85.0,99.0,92.0,129.0,102.0,112.0,0.265,0.011,0.625,,0.099,2.6,-2.68,0.75,,-0.76,93.9,87.1,93.7,84.2,,0.216,0.369,0.325,0.418,0.696,0.14,,,,0.273,0.424,0.267,,,,,,,,,,,,,,,,,,,,,,,,,,,,,,
2023-08-29,6:46 PM.,STL,SD,away,Clear.,85,668868,3B,4,2,4,2,0,0,0,0,1,0,0,0.367,0.441,0.633,1.074,668868,zackthompson,"Thompson, Z.D.",Left,Zack Thompson,STL,4.48,4.58,66.1,101.0,79.0,94.0,0.779,9.77,3.39,9.36,1.09,1.33,0.309,0.324,0.117,0.378,0.428,64.0,93.0,83.0,65.0,102.0,108.0,87.0,102.0,89.0,,,,,,,,0.537,0.17,0.271,0.021,-0.44,,0.82,0.67,-2.61,93.6,86.1,,85.7,75.5,0.205,0.462,0.33,,,,0.327,0.476,0.206,0.25,1.0,0.125,0.185,0.246,0.2289999999999999,,,,,,,,,,,,,,,,,,,0.002,-21.02,62.4,,,,,,
2023-08-27,1:10 PM.,MIL,SD,away,Sunny.,71,605288,2B,3,2,1,0,0,1,1,0,1,1,2,0.269,0.345,0.5,0.845,605288,adrianhouser,Houser,Right,Adrian Houser,MIL,4.12,4.21,111.1,103.0,83.0,97.0,0.839,7.76,2.75,9.78,1.05,1.32,0.194,0.409,0.134,0.36,0.424,88.0,92.0,93.0,67.0,100.0,95.0,80.0,103.0,92.0,86.0,104.0,100.0,83.0,102.0,99.0,0.471,0.238,0.166,0.085,0.04,0.29,0.46,-0.89,-1.08,-2.07,93.4,84.3,92.1,82.3,79.4,0.258,0.484,0.284,0.296,0.396,0.129,0.227,0.34,0.237,0.294,0.471,0.2,0.269,0.538,0.127,,,,,,,,,,,,,,,,,,,,,,,,,,,
2023-08-07,1:10 PM.,LAD,SD,home,Sunny.,76,664062,PH,1,0,0,0,0,0,0,0,0,0,0,0.261,0.32,0.391,0.711,664062,tonygonsolin,Gonsolin,Right,Tony Gonsolin,LAD,4.98,5.89,103.0,97.0,97.0,98.0,0.803,7.17,3.5,7.51,1.66,0.79,0.19,0.395,0.141,0.389,0.388,,,,107.0,83.0,90.0,80.0,99.0,91.0,,,,90.0,103.0,108.0,,0.395,0.183,0.151,,1.42,,-0.82,-2.12,,92.4,,,86.8,80.9,0.268,0.439,0.253,,,,0.221,0.436,0.157,,,,0.313,0.656,0.209,,,,,,,,,,120.0,98.0,106.0,0.272,0.21,83.0,0.181,0.315,0.27,,,,,,,,,
2023-08-02,1:10 PM.,COL,SD,away,Partly Cloudy.,84,607536,1B,5,0,0,0,0,0,0,0,0,1,2,0.273,0.333,0.409,0.742,607536,kylefreeland,Freeland,Left,Kyle Freeland,COL,5.03,5.7,155.2,103.0,70.0,94.0,0.847,5.43,2.43,10.81,1.68,1.0,0.202,0.441,0.122,0.391,0.437,47.0,105.0,95.0,,,,68.0,105.0,90.0,67.0,103.0,88.0,65.0,99.0,96.0,0.283,0.184,0.236,,0.122,1.13,-0.86,-0.2,,-3.3,88.8,84.2,88.7,84.1,,0.246,0.549,0.2,0.349,0.529,0.091,0.239,0.431,0.127,0.435,0.681,0.139,0.261,0.41,0.32,,,,,,,,,,,,,,,,,,,0.176,-1.91,80.6,96.0,105.0,105.0,,,
2023-08-01,6:42 PM.,COL,SD,away,Drizzle.,70,663567,DH,0,1,0,0,0,0,0,0,0,0,0,0.353,0.421,0.529,0.95,663567,peterlambert,"Lambert, P",Right,Peter Lambert,COL,5.36,5.44,87.1,99.0,90.0,95.0,0.796,7.32,2.89,9.58,1.85,0.99,0.273,0.365,0.122,0.435,0.424,86.0,98.0,92.0,74.0,108.0,101.0,82.0,97.0,89.0,,,,109.0,104.0,109.0,,0.446,0.323,0.032,0.2,-0.78,,-1.15,1.04,-1.74,93.2,86.2,,86.2,78.0,0.308,0.641,0.198,,,,0.271,0.586,0.1669999999999999,0.235,0.459,0.325,0.267,0.267,0.208,,,,,,,,,,,,,,,,,,,,,,,,,,,
2023-07-31,9:00 PM.,COL,SD,away,Rain.,70,596295,1B,4,0,3,0,0,0,1,0,0,0,0,0.353,0.421,0.529,0.95,596295,austingomber,Gomber,Left,Austin Gomber,COL,5.5,5.74,139.0,99.0,78.0,94.0,0.829,5.63,2.78,10.62,1.68,1.1,0.213,0.443,0.151,0.389,0.463,73.0,100.0,98.0,,,,68.0,97.0,85.0,66.0,7.0,2.0,93.0,98.0,102.0,0.012,0.439,0.201,,0.181,-1.99,-5.34,0.96,,-0.07,90.6,81.6,90.8,84.8,,0.275,0.383,0.247,0.4,1.0,0.1669999999999999,0.344,0.656,0.118,0.296,0.509,0.1989999999999999,0.226,0.358,0.28,,,,,,,,,,,,,,,,,,,0.168,-0.75,77.6,90.0,103.0,104.0,,,
2023-07-30,1:11 PM.,TEX,SD,home,Partly Cloudy.,77,674003,2B,3,0,0,0,0,0,0,0,0,0,2,0.231,0.333,0.462,0.795,674003,codybradford,Bradford,Left,Cody Bradford,TEX,5.3,4.42,56.0,106.0,72.0,101.0,0.79,8.2,1.93,9.0,1.77,0.69,0.259,0.406,0.135,0.365,0.441,91.0,100.0,102.0,,,,64.0,109.0,99.0,,,,66.0,104.0,103.0,,0.546,0.044,,0.276,0.16,,-6.76,,0.74,90.4,82.1,,83.1,,0.5,0.9,0.15,,,,0.26,0.535,0.186,0.2,0.283,0.3389999999999999,,,,,,,0.134,-1.23,86.6,0.316,0.737,0.17,,,,,,,,,,,,,,,,,,
2023-07-28,7:01 PM.,TEX,SD,home,Clear.,73,641540,2B,1,0,0,0,0,0,0,0,0,0,2,0.3,0.417,0.6,1.017,641540,danedunning,Dunning,Right,Dane Dunning,TEX,3.7,4.48,172.2,102.0,84.0,96.0,0.794,7.3,2.87,8.5,1.04,1.41,0.203,0.443,0.146,0.315,0.415,65.0,102.0,92.0,78.0,82.0,84.0,71.0,96.0,85.0,79.0,104.0,94.0,101.0,106.0,106.0,0.331,0.032,0.234,0.016,0.156,-3.75,1.37,0.14,-3.56,-0.87,90.5,85.7,91.0,82.1,78.1,0.212,0.364,0.345,0.246,0.354,0.08,0.294,0.765,0.235,0.301,0.478,0.258,0.25,0.25,0.5,90.0,100.0,95.0,0.2,0.82,88.9,0.258,0.393,0.231,,,,,,,,,,0.032,-0.43,77.5,,,,,,
2023-07-25,6:41 PM.,PIT,SD,home,Clear.,75,448179,1B,3,0,1,0,0,0,0,0,0,0,2,0.333,0.455,0.667,1.122,448179,richhill,Hill,Left,Rich Hill,- - -,5.41,5.66,146.1,97.0,94.0,97.0,0.832,7.93,3.57,10.15,1.41,1.01,0.196,0.459,0.14,0.336,0.448,80.0,81.0,80.0,116.0,94.0,103.0,77.0,102.0,94.0,98.0,101.0,98.0,90.0,92.0,97.0,0.04,0.342,0.088,0.354,0.023,-0.32,2.5,-2.52,-1.16,-0.06,88.4,83.0,86.1,71.1,72.0,0.5,0.929,0.125,0.105,0.105,0.226,0.249,0.454,0.218,0.263,0.421,0.037,0.283,0.47,0.174,85.0,97.0,93.0,0.147,-1.27,83.3,0.39,0.701,0.1989999999999999,,,,,,,,,,0.008,-3.65,67.1,,,,,,
2023-07-24,6:40 PM.,PIT,SD,home,Clear.,72,682990,1B,1,0,0,0,0,0,0,0,0,1,1,0.333,0.5,0.833,1.333,682990,quinnpriester,Priester,Right,Quinn Priester,PIT,7.74,6.28,50.0,98.0,95.0,96.0,0.786,6.48,4.86,10.44,2.16,1.93,0.167,0.524,0.179,0.357,0.41,69.0,90.0,86.0,113.0,98.0,104.0,76.0,95.0,91.0,99.0,101.0,95.0,106.0,99.0,101.0,0.342,0.191,0.233,0.13,0.104,-4.2,0.97,-2.71,-3.03,-1.98,92.7,89.1,93.6,85.3,80.6,0.295,0.659,0.414,0.261,0.406,0.1119999999999999,0.386,0.818,0.143,0.263,0.316,0.25,0.208,0.5,0.306,,,,,,,,,,,,,,,,,,,,,,,,,,,
2023-07-22,6:10 PM.,DET,SD,away,Partly Cloudy.,80,666159,3B,1,0,0,0,0,0,0,0,0,0,2,0.4,0.571,1.0,1.571,666159,mattmanning,Manning,Right,Matt Manning,DET,3.58,5.48,78.0,102.0,104.0,102.0,0.831,5.77,2.42,6.92,1.27,0.83,0.272,0.423,0.142,0.389,0.492,62.0,96.0,84.0,102.0,99.0,101.0,103.0,104.0,100.0,,,,112.0,102.0,107.0,,0.478,0.315,0.172,0.036,0.58,,1.21,-0.9,0.93,93.4,87.7,,81.9,79.5,0.185,0.383,0.261,,,,0.214,0.366,0.182,0.111,0.111,0.063,0.258,0.419,0.094,,,,,,,,,,,,,,,,,,,,,,,,,,,
2023-07-16,4:31 PM.,PHI,SD,away,Cloudy.,77,554430,DH,0,0,0,0,0,0,0,0,0,0,0,0.5,0.667,1.25,1.917,554430,zackwheeler,Wheeler,Right,Zack Wheeler,PHI,3.61,3.18,192.0,105.0,107.0,110.0,0.74,9.94,1.83,7.88,0.94,1.07,0.279,0.38,0.214,0.313,0.421,48.0,106.0,77.0,116.0,105.0,114.0,112.0,109.0,114.0,105.0,105.0,107.0,107.0,101.0,111.0,0.18,0.435,0.123,0.115,0.004,1.69,1.62,0.36,-1.61,-6.22,95.8,90.8,95.2,84.4,81.4,0.198,0.36,0.392,0.252,0.308,0.192,0.199,0.333,0.314,,,,0.264,0.473,0.33,96.0,102.0,102.0,0.144,-0.63,90.9,0.27,0.426,0.228,,,,,,,,,,,,,,,,,,
2023-07-15,7:09 PM.,PHI,SD,away,Partly Cloudy.,86,592836,PH,1,0,0,0,0,0,0,0,0,0,1,0.5,0.667,1.25,1.917,592836,taijuanwalker,"Walker, T",Right,Taijuan Walker,PHI,4.38,4.36,172.2,99.0,94.0,97.0,0.808,7.19,3.7,8.08,1.04,1.21,0.217,0.43,0.167,0.326,0.382,,,,92.0,91.0,94.0,79.0,98.0,90.0,81.0,100.0,93.0,124.0,109.0,114.0,0.233,0.176,0.026,0.057,,-0.82,0.53,-1.43,-1.07,,92.8,,92.4,82.5,74.8,0.158,0.632,0.342,0.273,0.429,0.1,0.257,0.541,0.254,,,,0.212,0.485,0.36,99.0,103.0,100.0,0.176,-0.44,87.1,0.284,0.441,0.158,104.0,97.0,100.0,0.332,0.48,87.9,0.205,0.295,0.244,,,,,,,,,
2023-07-15,1:10 PM.,PHI,SD,away,Sunny.,90,624133,3B,1,1,1,0,0,0,0,0,1,0,0,0.667,0.8,1.667,2.467,624133,rangersuarez,"Suárez, R",Left,Ranger Suárez,PHI,4.18,4.36,125.0,101.0,85.0,97.0,0.79,8.57,3.46,9.29,0.94,1.58,0.232,0.394,0.164,0.34,0.393,70.0,98.0,99.0,95.0,104.0,102.0,69.0,98.0,88.0,96.0,104.0,102.0,91.0,113.0,108.0,0.28,0.215,0.005,0.19,0.184,-0.65,0.52,4.65,1.95,-1.45,93.4,82.9,92.8,84.1,75.8,0.2,0.2,0.0,0.289,0.409,0.1,0.304,0.478,0.2189999999999999,0.267,0.444,0.311,0.143,0.226,0.377,97.0,97.0,94.0,0.126,-1.27,87.5,0.34,0.585,0.179,,,,,,,,,,,,,,,,,,
2023-07-08,7:10 PM.,NYM,SD,home,Partly Cloudy.,65,656849,2B,2,1,1,0,0,1,2,0,1,1,1,0.5,0.667,2.0,2.667,656849,davidpeterson,"Peterson, D",Left,David Peterson,NYM,5.03,4.96,111.0,97.0,90.0,94.0,0.727,10.38,4.05,10.05,1.3,2.18,0.256,0.422,0.13,0.338,0.378,84.0,97.0,93.0,89.0,97.0,99.0,76.0,95.0,87.0,97.0,97.0,95.0,105.0,99.0,102.0,0.253,0.273,0.197,0.088,0.189,-0.83,0.66,-2.58,2.63,-1.35,92.7,85.3,91.5,85.3,78.6,0.268,0.472,0.3939999999999999,0.314,0.486,0.165,0.287,0.425,0.281,0.325,0.55,0.309,0.2,0.2,0.365,,,,,,,,,,,,,,,,,,,,,,,,,,,
2024-04-17,12:10 PM.,MIL,SD,away,Roof Closed.,66,669060,1B,3,0,1,0,1,0,0,0,0,0,0,0.333,0.333,1.0,1.333,669060,brysewilson,"Wilson, B",Right,Bryse Wilson,MIL,4.04,5.35,104.2,105.0,93.0,98.0,0.818,7.05,2.67,8.77,1.72,0.88,0.252,0.369,0.157,0.375,0.453,54.0,96.0,85.0,106.0,107.0,106.0,85.0,113.0,105.0,92.0,106.0,96.0,,,,0.32,0.15,,0.139,0.042,-3.09,1.31,,-3.29,-0.91,93.6,88.0,93.1,,80.4,,,,0.236,0.368,0.134,0.288,0.493,0.229,0.182,0.273,0.174,0.309,0.709,0.229,98.0,101.0,95.0,0.349,1.16,88.8,0.23,0.361,0.263,,,,,,,,,,,,,,,,,,
