date,time,opponent,team,location,weather,temp,opposingPitcherId,position,ab,r,h,doubles,triples,hr,rbi,sb,bb,k,lob,avg,obp,slg,ops,id,fullName,boxscoreName,PitchingHand,PlayerName,Team,ERA,xERA,IP,Location+,Stuff+,Pitching+,Contact%,K/9,BB/9,H/9,HR/9,GB/FB,Oppo%,Pull%,Soft%,Hard%,Zone%,Stf+ CH,Loc+ CH,Pit+ CH,Stf+ CU,Loc+ CU,Pit+ CU,Stf+ SI,Loc+ SI,Pit+ SI,Stf+ SL,Loc+ SL,Pit+ SL,Stf+ FC,Loc+ FC,Pit+ FC,SI%,FC%,SL%,CU%,CH%,wFC/C,wSI/C,wSL/C,wCU/C,wCH/C,vFC,vCH,vSI,vSL,vCU,FC_ba,FC_slg,FC_whiff,CH_ba,CH_slg,CH_whiff,CU_ba,CU_slg,CU_whiff,SL_ba,SL_slg,SL_whiff,SI_ba,SI_slg,SI_whiff,Stf+ FA,Loc+ FA,Pit+ FA,FA%,wFA/C,vFA,FF_ba,FF_slg,FF_whiff,Stf+ FS,Loc+ FS,Pit+ FS,FS%,wFS/C,vFS,FS_ba,FS_slg,FS_whiff,Stf+ KC,Loc+ KC,Pit+ KC,KC%,wKC/C,vKC,SV_ba,SV_slg,SV_whiff
2023-07-31,7:06 PM.,CIN,CHC,home,Clear.,74,671096,1B,1,0,0,0,0,0,0,0,1,1,0,0.234,0.299,0.336,0.635,671096,andrewabbott,"Abbott, A",Left,Andrew Abbott,CIN,3.87,3.93,109.1,101.0,87.0,97.0,0.765,9.88,3.62,8.23,1.32,0.55,0.255,0.381,0.133,0.347,0.404,72.0,96.0,91.0,99.0,103.0,103.0,,,,106.0,107.0,113.0,,,,,,0.165,0.171,0.163,,,1.61,-2.27,0.99,,86.6,,82.9,80.9,,,,0.203,0.27,0.3939999999999999,0.367,0.65,0.26,0.174,0.304,0.29,,,,81.0,99.0,91.0,0.501,-0.02,92.7,0.249,0.459,0.198,,,,,,,,,,,,,,,,,,
2023-07-30,1:16 PM.,STL,CHC,away,Partly Cloudy.,86,571927,1B,2,0,0,0,0,0,0,0,0,0,2,0.235,0.297,0.338,0.635,571927,stevenmatz,Matz,Left,Steven Matz,STL,3.86,3.87,105.0,102.0,95.0,100.0,0.776,8.4,2.74,9.26,0.94,1.4,0.291,0.37,0.146,0.31,0.446,106.0,109.0,107.0,108.0,96.0,100.0,87.0,101.0,96.0,62.0,82.0,90.0,,,,0.561,,0.018,0.148,0.274,,0.41,-1.27,-0.6,-0.09,,84.2,94.1,88.9,78.5,,,,0.291,0.405,0.289,0.259,0.407,0.2,0.5,0.75,0.1,0.24,0.397,0.247,,,,,,,,,,,,,,,,,,,,,,,,,,,
2023-07-28,7:16 PM.,STL,CHC,away,Clear.,96,656756,1B,3,0,1,0,0,0,1,0,0,0,1,0.237,0.3,0.341,0.641,656756,jordanmontgomery,Montgomery,Left,Jordan Montgomery,- - -,3.2,3.98,188.2,101.0,97.0,96.0,0.76,7.92,2.29,8.44,0.86,1.24,0.277,0.392,0.143,0.322,0.405,99.0,101.0,98.0,116.0,108.0,111.0,91.0,99.0,91.0,,,,101.0,102.0,87.0,0.426,0.016,,0.222,0.229,-4.4,1.22,,0.84,0.2,88.2,83.5,93.3,,80.5,0.417,0.667,0.31,0.239,0.405,0.392,0.191,0.357,0.371,,,,0.255,0.374,0.141,75.0,95.0,84.0,0.106,-0.68,93.4,0.333,0.5,0.195,,,,,,,,,,,,,,,,,,
2023-07-27,6:46 PM.,STL,CHC,away,Clear.,99,571945,1B,1,0,0,0,0,0,0,0,0,1,2,0.236,0.299,0.341,0.64,571945,milesmikolas,Mikolas,Right,Miles Mikolas,STL,4.78,5.44,201.1,108.0,88.0,101.0,0.852,6.12,1.74,10.1,1.16,0.99,0.251,0.375,0.128,0.349,0.475,58.0,96.0,93.0,95.0,105.0,102.0,86.0,108.0,99.0,108.0,107.0,108.0,,,,0.243,,0.243,0.198,0.054,,-1.61,0.62,-0.92,2.68,,84.4,92.7,86.4,75.9,,,,0.182,0.382,0.085,0.261,0.387,0.198,0.245,0.375,0.2239999999999999,0.34,0.54,0.085,74.0,112.0,99.0,0.26,-0.19,93.3,0.29,0.495,0.1889999999999999,,,,,,,,,,,,,0.002,-0.89,68.1,,,
2023-07-23,1:20 PM.,STL,CHC,home,Sunny.,78,656756,1B,4,0,1,1,0,0,1,0,0,1,1,0.237,0.3,0.342,0.642,656756,jordanmontgomery,Montgomery,Left,Jordan Montgomery,- - -,3.2,3.98,188.2,101.0,97.0,96.0,0.76,7.92,2.29,8.44,0.86,1.24,0.277,0.392,0.143,0.322,0.405,99.0,101.0,98.0,116.0,108.0,111.0,91.0,99.0,91.0,,,,101.0,102.0,87.0,0.426,0.016,,0.222,0.229,-4.4,1.22,,0.84,0.2,88.2,83.5,93.3,,80.5,0.417,0.667,0.31,0.239,0.405,0.392,0.191,0.357,0.371,,,,0.255,0.374,0.141,75.0,95.0,84.0,0.106,-0.68,93.4,0.333,0.5,0.195,,,,,,,,,,,,,,,,,,
2023-07-20,7:05 PM.,STL,CHC,home,Partly Cloudy.,80,571927,1B,4,0,1,1,0,0,0,0,0,2,1,0.237,0.301,0.339,0.64,571927,stevenmatz,Matz,Left,Steven Matz,STL,3.86,3.87,105.0,102.0,95.0,100.0,0.776,8.4,2.74,9.26,0.94,1.4,0.291,0.37,0.146,0.31,0.446,106.0,109.0,107.0,108.0,96.0,100.0,87.0,101.0,96.0,62.0,82.0,90.0,,,,0.561,,0.018,0.148,0.274,,0.41,-1.27,-0.6,-0.09,,84.2,94.1,88.9,78.5,,,,0.291,0.405,0.289,0.259,0.407,0.2,0.5,0.75,0.1,0.24,0.397,0.247,,,,,,,,,,,,,,,,,,,,,,,,,,,
2023-07-19,7:05 PM.,WSH,CHC,home,Partly Cloudy.,77,592866,DH,3,0,0,0,0,0,0,0,0,1,1,0.236,0.302,0.336,0.638,592866,trevorwilliams,Williams,Right,Trevor Williams,WSN,5.55,5.66,144.1,104.0,81.0,96.0,0.831,6.92,3.3,11.1,2.12,0.96,0.253,0.4,0.163,0.329,0.387,68.0,105.0,96.0,97.0,95.0,95.0,91.0,100.0,95.0,94.0,114.0,103.0,,,,0.146,,0.182,0.069,0.171,,-0.45,-1.7,-1.93,-2.25,,83.3,88.2,80.9,76.7,,,,0.315,0.483,0.1989999999999999,0.314,0.629,0.2,0.313,0.5,0.281,0.325,0.458,0.188,80.0,107.0,96.0,0.433,-0.77,89.7,0.283,0.563,0.1669999999999999,,,,,,,,,,,,,,,,,,
2023-07-18,7:04 PM.,WSH,CHC,home,Clear.,73,571578,1B,2,0,0,0,0,0,0,0,0,1,1,0.24,0.306,0.341,0.647,571578,patrickcorbin,Corbin,Left,Patrick Corbin,WSN,5.2,6.16,180.0,101.0,81.0,95.0,0.797,6.2,2.85,10.5,1.65,1.3,0.24,0.392,0.127,0.344,0.411,66.0,101.0,96.0,,,,86.0,102.0,93.0,84.0,99.0,100.0,,,,0.417,,0.35,,0.064,,-0.89,-0.51,,-2.07,,81.2,92.1,80.5,,,,,0.29,0.645,0.4,,,,0.233,0.461,0.397,0.32,0.463,0.074,65.0,103.0,88.0,0.169,-0.69,91.8,0.327,0.541,0.121,,,,,,,,,,,,,,,,,,
2023-07-17,7:05 PM.,WSH,CHC,home,Clear.,72,669022,1B,3,1,1,0,0,0,0,0,0,0,2,0.242,0.308,0.344,0.652,669022,mackenziegore,Gore,Left,MacKenzie Gore,WSN,4.42,5.2,136.1,97.0,100.0,101.0,0.749,9.97,3.76,8.85,1.78,0.97,0.26,0.391,0.158,0.354,0.409,69.0,88.0,90.0,72.0,99.0,104.0,,,,101.0,97.0,102.0,,,,,,0.188,0.188,0.029,,,0.77,-0.85,1.1,,86.5,,88.5,83.2,,,,0.188,0.25,0.382,0.257,0.416,0.379,0.213,0.415,0.375,,,,112.0,98.0,100.0,0.595,-0.27,95.0,0.279,0.503,0.216,,,,,,,,,,,,,,,,,,
2023-07-16,1:20 PM.,BOS,CHC,home,Partly Cloudy.,81,676710,DH,3,2,1,0,0,0,0,0,1,2,1,0.241,0.308,0.344,0.652,676710,kuttercrawford,"Crawford, K",Right,Kutter Crawford,BOS,4.04,3.25,129.1,102.0,105.0,104.0,0.761,9.39,2.51,7.45,1.18,0.71,0.219,0.427,0.188,0.319,0.418,,,,,,,,,,113.0,110.0,113.0,108.0,94.0,95.0,,0.281,0.132,,,0.35,,1.5,,,88.6,,,82.5,,0.289,0.43,0.244,,,,0.34,0.642,0.2,0.15,0.25,0.376,,,,111.0,107.0,108.0,0.391,1.44,93.6,0.163,0.326,0.258,88.0,95.0,103.0,0.077,-0.82,82.4,0.214,0.357,0.214,92.0,101.0,103.0,0.119,-1.47,79.4,,,
2023-07-15,1:20 PM.,BOS,CHC,home,Partly Cloudy.,83,572020,1B,4,1,1,0,0,0,0,0,0,1,1,0.239,0.305,0.344,0.649,572020,jamespaxton,Paxton,Left,James Paxton,BOS,4.5,3.77,96.0,100.0,89.0,96.0,0.744,9.47,3.09,8.72,1.69,1.15,0.311,0.392,0.136,0.337,0.437,112.0,88.0,93.0,,,,98.0,92.0,90.0,,,,63.0,101.0,91.0,0.007,0.165,,,0.067,-0.15,-0.01,,,-0.96,85.8,84.4,94.9,,,0.191,0.426,0.331,0.316,0.421,0.467,0.231,0.338,0.376,,,,,,,95.0,103.0,98.0,0.566,0.04,95.2,0.269,0.498,0.217,,,,,,,,,,87.0,93.0,94.0,0.195,-0.31,81.3,,,
2023-07-08,1:08 PM.,NYY,CHC,away,Cloudy.,83,543037,1B,3,0,0,0,0,0,0,0,0,0,2,0.239,0.306,0.346,0.652,543037,gerritcole,Cole,Right,Gerrit Cole,NYY,2.63,3.48,209.0,104.0,121.0,109.0,0.765,9.56,2.07,6.76,0.86,1.01,0.243,0.366,0.151,0.311,0.425,72.0,100.0,96.0,,,,,,,136.0,105.0,114.0,107.0,103.0,102.0,,0.07,0.208,,0.071,0.61,,1.69,,-0.54,92.7,89.1,,89.1,,0.262,0.377,0.311,0.235,0.51,0.286,0.215,0.269,0.244,0.186,0.251,0.327,,,,125.0,104.0,108.0,0.53,1.66,96.7,0.201,0.332,0.228,,,,,,,,,,114.0,103.0,113.0,0.121,0.94,82.9,,,
2023-07-07,7:08 PM.,NYY,CHC,away,Cloudy.,80,607074,1B,3,1,0,0,0,0,0,0,1,1,2,0.243,0.31,0.351,0.661,607074,carlosrodon,Rodón,Left,Carlos Rodón,NYY,6.85,5.34,64.1,97.0,111.0,100.0,0.764,8.95,3.92,9.09,2.1,0.52,0.212,0.402,0.116,0.381,0.429,84.0,67.0,81.0,102.0,92.0,96.0,,,,126.0,95.0,104.0,,,,,,0.29,0.065,0.043,,,-0.06,-3.96,0.96,,85.5,,85.4,79.7,,,,0.0,0.0,0.421,0.375,1.25,0.211,0.2,0.347,0.372,,,,106.0,101.0,100.0,0.603,-1.05,95.3,0.294,0.55,0.217,,,,,,,,,,,,,,,,,,
2023-07-06,1:10 PM.,MIL,CHC,away,Partly Cloudy.,76,642547,PH,1,0,1,0,0,0,0,0,0,0,0,0.246,0.311,0.357,0.668,642547,freddyperalta,"Peralta, F",Right,Freddy Peralta,MIL,3.86,3.35,165.2,102.0,103.0,105.0,0.698,11.41,2.93,7.12,1.41,1.04,0.267,0.455,0.171,0.308,0.405,50.0,97.0,85.0,85.0,103.0,110.0,,,,115.0,99.0,104.0,,,,,,0.218,0.124,0.146,,,0.36,0.2,0.15,,88.6,,82.4,76.9,,,,0.224,0.388,0.312,0.214,0.381,0.3379999999999999,0.203,0.392,0.46,,,,117.0,104.0,110.0,0.512,0.89,94.4,0.213,0.387,0.292,,,,,,,,,,,,,,,,,,
2023-07-04,3:09 PM.,MIL,CHC,away,Partly Cloudy.,86,489119,1B,3,0,1,0,0,0,1,0,0,2,2,0.242,0.308,0.354,0.662,489119,wademiley,Miley,Left,Wade Miley,MIL,3.14,4.33,120.1,104.0,92.0,100.0,0.828,5.91,2.84,7.4,1.2,1.23,0.237,0.422,0.166,0.319,0.406,84.0,108.0,104.0,79.0,99.0,98.0,88.0,109.0,96.0,113.0,108.0,103.0,101.0,103.0,101.0,0.046,0.443,0.049,0.022,0.246,1.07,-2.53,0.62,2.01,0.6,87.1,83.7,90.7,79.1,75.8,0.232,0.446,0.172,0.219,0.281,0.239,,,,0.192,0.308,0.349,0.333,0.375,0.125,78.0,106.0,99.0,0.195,0.46,90.4,0.198,0.453,0.134,,,,,,,,,,,,,,,,,,
2023-07-02,6:00 PM.,CLE,CHC,home,Rain.,65,650644,DH,4,1,2,0,0,0,1,0,0,1,2,0.241,0.309,0.354,0.663,650644,aaroncivale,Civale,Right,Aaron Civale,- - -,3.46,3.69,122.1,106.0,105.0,104.0,0.786,8.53,2.43,8.02,0.88,1.0,0.212,0.458,0.149,0.307,0.413,,,,153.0,113.0,120.0,75.0,101.0,89.0,128.0,111.0,116.0,96.0,104.0,103.0,0.185,0.372,0.058,0.244,,1.13,1.59,0.15,0.77,,87.7,,92.4,82.5,78.1,0.261,0.406,0.2339999999999999,,,,0.188,0.323,0.273,0.172,0.345,0.2319999999999999,0.202,0.292,0.144,76.0,101.0,91.0,0.123,-0.65,91.8,0.359,0.436,0.243,58.0,95.0,95.0,0.017,-6.33,85.2,0.5,0.625,0.182,,,,,,,,,
2023-07-01,9:00 PM.,CLE,CHC,home,Overcast.,73,676440,1B,2,0,0,0,0,0,0,0,0,1,1,0.236,0.305,0.351,0.656,676440,tannerbibee,Bibee,Right,Tanner Bibee,CLE,2.98,3.69,142.0,100.0,98.0,101.0,0.763,8.94,2.85,7.73,0.82,0.88,0.244,0.383,0.168,0.302,0.427,101.0,98.0,105.0,88.0,98.0,102.0,,,,110.0,106.0,115.0,,,,,,0.27,0.093,0.166,,,1.35,-1.11,1.07,,83.8,,84.7,78.3,,,,0.213,0.298,0.3779999999999999,0.271,0.479,0.233,0.206,0.355,0.317,,,,91.0,97.0,91.0,0.471,0.6,94.9,0.243,0.348,0.19,,,,,,,,,,,,,,,,,,
2023-06-30,1:20 PM.,CLE,CHC,home,Cloudy.,86,615698,1B,0,0,0,0,0,0,1,0,0,0,0,0.238,0.308,0.354,0.662,615698,calquantrill,Quantrill,Right,Cal Quantrill,CLE,5.24,5.85,99.2,98.0,95.0,95.0,0.83,5.24,3.16,10.02,0.99,1.12,0.224,0.451,0.186,0.311,0.384,85.0,94.0,91.0,103.0,110.0,111.0,86.0,96.0,90.0,,,,103.0,94.0,93.0,0.416,0.241,,0.109,0.101,-0.89,0.18,,1.28,-2.42,88.1,86.1,93.7,,82.0,0.33,0.495,0.221,0.344,0.625,0.182,0.188,0.313,0.158,,,,0.277,0.428,0.1689999999999999,75.0,77.0,73.0,0.01,-2.44,93.8,0.333,0.667,0.2,113.0,104.0,104.0,0.123,-1.13,86.8,0.241,0.362,0.225,,,,,,,,,
2023-06-28,7:05 PM.,PHI,CHC,home,Overcast.,74,605400,PH,1,0,0,0,0,0,0,0,0,1,2,0.238,0.31,0.354,0.664,605400,aaronnola,"Nola, Aa",Right,Aaron Nola,PHI,4.46,3.71,193.2,107.0,101.0,106.0,0.76,9.39,2.09,8.27,1.49,1.13,0.215,0.477,0.156,0.323,0.419,70.0,111.0,103.0,,,,100.0,107.0,101.0,,,,111.0,110.0,105.0,0.188,0.075,,,0.126,0.4,0.46,,,0.14,86.3,85.9,91.8,,,0.246,0.508,0.301,0.22,0.319,0.319,0.221,0.398,0.3329999999999999,,,,0.279,0.416,0.106,95.0,107.0,103.0,0.295,-0.03,92.7,0.246,0.503,0.217,,,,,,,,,,118.0,105.0,113.0,0.316,0.47,79.4,,,
2023-06-27,7:04 PM.,PHI,CHC,home,Overcast.,66,624133,DH,4,0,0,0,0,0,0,0,0,3,2,0.239,0.311,0.356,0.667,624133,rangersuarez,"Suárez, R",Left,Ranger Suárez,PHI,4.18,4.36,125.0,101.0,85.0,97.0,0.79,8.57,3.46,9.29,0.94,1.58,0.232,0.394,0.164,0.34,0.393,70.0,98.0,99.0,95.0,104.0,102.0,96.0,104.0,102.0,91.0,113.0,108.0,97.0,97.0,94.0,0.28,0.126,0.005,0.19,0.184,-1.27,0.52,4.65,1.95,-1.45,87.5,82.9,92.8,84.1,75.8,0.34,0.585,0.179,0.267,0.444,0.311,0.143,0.226,0.377,0.2,0.2,0.0,0.289,0.409,0.1,69.0,98.0,88.0,0.215,-0.65,93.4,0.304,0.478,0.2189999999999999,,,,,,,,,,,,,,,,,,
2023-06-25,3:11 PM.,STL,CHC,away,Sunny.,87,669461,1B,1,1,1,1,0,0,2,0,0,0,0,0.245,0.317,0.364,0.681,669461,matthewliberatore,Liberatore,Left,Matthew Liberatore,STL,5.25,5.96,61.2,93.0,88.0,93.0,0.825,6.71,3.65,9.63,0.73,1.28,0.322,0.342,0.131,0.372,0.426,72.0,100.0,96.0,101.0,87.0,97.0,91.0,92.0,91.0,117.0,88.0,99.0,,,,0.185,,0.127,0.224,0.081,,1.76,-2.12,-1.62,-0.64,,87.3,94.3,86.6,76.6,,,,0.278,0.389,0.125,0.222,0.472,0.3379999999999999,0.333,0.533,0.286,0.208,0.302,0.098,72.0,98.0,90.0,0.382,-0.74,94.2,0.308,0.49,0.161,,,,,,,,,,,,,,,,,,
2023-06-24,6:12 PM.,STL,CHC,away,Cloudy.,81,425794,1B,2,0,0,0,0,0,0,0,0,2,0,0.24,0.314,0.355,0.669,425794,adamwainwright,Wainwright,Right,Adam Wainwright,STL,7.4,7.35,101.0,99.0,103.0,97.0,0.88,4.9,3.65,13.46,1.78,1.07,0.186,0.439,0.129,0.339,0.425,66.0,84.0,80.0,129.0,102.0,110.0,87.0,99.0,89.0,83.0,78.0,71.0,107.0,99.0,95.0,0.314,0.226,0.003,0.306,0.05,-0.27,-3.36,-13.9,-1.5,-3.6,82.9,81.4,86.9,75.6,71.5,0.344,0.473,0.152,0.389,0.611,0.1,0.291,0.475,0.153,,,,0.394,0.746,0.093,80.0,94.0,84.0,0.099,-1.48,85.7,0.326,0.512,0.1169999999999999,,,,,,,,,,,,,0.002,6.39,65.7,,,
2023-06-21,12:35 PM.,PIT,CHC,away,Sunny.,77,448179,1B,2,1,0,0,0,0,0,0,0,0,0,0.243,0.317,0.359,0.676,448179,richhill,Hill,Left,Rich Hill,- - -,5.41,5.66,146.1,97.0,94.0,97.0,0.832,7.93,3.57,10.15,1.41,1.01,0.196,0.459,0.14,0.336,0.448,80.0,81.0,80.0,116.0,94.0,103.0,98.0,101.0,98.0,90.0,92.0,97.0,85.0,97.0,93.0,0.04,0.147,0.088,0.354,0.023,-1.27,2.5,-2.52,-1.16,-0.06,83.3,83.0,86.1,71.1,72.0,0.39,0.701,0.1989999999999999,0.263,0.421,0.037,0.283,0.47,0.174,0.5,0.929,0.125,0.105,0.105,0.226,77.0,102.0,94.0,0.342,-0.32,88.4,0.249,0.454,0.218,,,,,,,,,,,,,0.008,-3.65,67.1,,,
2023-06-16,1:21 PM.,BAL,CHC,home,Cloudy.,57,608344,1B,2,2,2,2,0,0,0,0,2,0,0,0.246,0.317,0.363,0.68,608344,coleirvin,"Irvin, C",Left,Cole Irvin,BAL,4.42,5.59,77.1,104.0,80.0,97.0,0.811,7.91,2.44,9.08,1.28,1.11,0.267,0.379,0.163,0.321,0.447,75.0,106.0,101.0,92.0,94.0,91.0,75.0,103.0,97.0,,,,99.0,99.0,94.0,0.207,0.159,,0.143,0.211,2.29,0.95,,-0.89,-2.77,85.5,84.2,91.9,,77.2,0.18,0.279,0.26,0.324,0.568,0.168,0.229,0.343,0.23,,,,0.28,0.36,0.195,68.0,110.0,99.0,0.28,0.22,92.2,0.247,0.459,0.204,,,,,,,,,,,,,,,,,,
2023-06-14,7:05 PM.,PIT,CHC,home,Clear.,64,674370,1B,2,0,1,0,0,0,1,0,0,1,0,0.237,0.303,0.345,0.648,674370,osvaldobido,Bido,Right,Osvaldo Bido,PIT,5.86,4.7,50.2,96.0,97.0,95.0,0.803,8.53,3.73,9.77,0.71,0.98,0.283,0.39,0.201,0.302,0.421,75.0,91.0,87.0,,,,95.0,97.0,90.0,98.0,98.0,103.0,138.0,100.0,94.0,0.234,0.034,0.353,,0.099,1.44,0.11,0.45,,0.67,85.7,89.1,94.6,84.5,,0.333,0.333,0.444,0.136,0.273,0.341,,,,0.233,0.337,0.21,0.3,0.4,0.1169999999999999,101.0,95.0,93.0,0.28,-2.05,94.7,0.358,0.472,0.27,,,,,,,,,,,,,,,,,,
2023-06-13,8:15 PM.,PIT,CHC,home,Overcast.,61,682847,1B,1,0,0,0,0,0,0,0,0,1,3,0.234,0.301,0.343,0.644,682847,luislortiz,"Ortiz, L.L.",Right,Luis L. Ortiz,,,,,,,,,,,,,,,,,,,,,,,,,,,,,,,,,,,,,,,,,,,,,,,,,,,,0.209,0.209,0.341,,,,0.246,0.449,0.312,0.294,0.343,0.135,,,,,,,0.383,0.704,0.156,,,,,,,,,,,,,,,,,,
2023-06-11,1:06 PM.,SF,CHC,away,Partly Cloudy.,61,605154,RF,1,0,0,0,0,0,0,0,0,0,2,0.236,0.302,0.345,0.647,605154,johnbrebbia,Brebbia,Right,John Brebbia,SFG,3.99,3.25,38.1,105.0,108.0,105.0,0.748,11.03,3.29,7.28,1.41,0.54,0.34,0.34,0.14,0.35,0.43,114.0,-42.0,-5.0,,,,,,,108.0,107.0,107.0,,,,,,0.539,,0.003,,,-0.13,,6.56,,89.2,,82.8,,,,,,,,,,,0.227,0.511,0.256,,,,107.0,104.0,104.0,0.458,1.09,94.5,0.2,0.236,0.297,,,,,,,,,,,,,,,,,,
2023-06-10,4:35 PM.,SF,CHC,away,Cloudy.,60,605154,DH,4,0,0,0,0,0,0,0,0,1,1,0.237,0.304,0.347,0.651,605154,johnbrebbia,Brebbia,Right,John Brebbia,SFG,3.99,3.25,38.1,105.0,108.0,105.0,0.748,11.03,3.29,7.28,1.41,0.54,0.34,0.34,0.14,0.35,0.43,114.0,-42.0,-5.0,,,,,,,108.0,107.0,107.0,,,,,,0.539,,0.003,,,-0.13,,6.56,,89.2,,82.8,,,,,,,,,,,0.227,0.511,0.256,,,,107.0,104.0,104.0,0.458,1.09,94.5,0.2,0.236,0.297,,,,,,,,,,,,,,,,,,
2023-06-08,6:40 PM.,LAA,CHC,away,Clear.,71,672282,1B,3,0,1,1,0,0,1,0,0,0,0,0.243,0.31,0.355,0.665,672282,reiddetmers,Detmers,Left,Reid Detmers,LAA,4.48,4.55,148.2,99.0,101.0,99.0,0.749,10.17,3.63,8.54,1.15,0.91,0.223,0.444,0.139,0.362,0.438,92.0,101.0,97.0,93.0,94.0,105.0,,,,124.0,100.0,102.0,,,,,,0.319,0.194,0.054,,,0.91,0.14,-2.03,,84.8,,88.7,74.7,,,,0.242,0.424,0.246,0.191,0.326,0.286,0.0,0.0,0.267,,,,87.0,101.0,95.0,0.432,-0.38,94.3,0.291,0.505,0.212,,,,,,,,,,,,,,,,,,
2023-06-07,6:38 PM.,LAA,CHC,away,Cloudy.,68,642545,DH,4,1,1,1,0,0,1,0,0,0,3,0.241,0.31,0.349,0.659,642545,jaimebarria,Barria,Right,Jaime Barria,LAA,5.68,5.41,82.1,100.0,96.0,99.0,0.787,6.78,3.28,9.95,2.19,0.81,0.213,0.463,0.175,0.302,0.424,87.0,100.0,98.0,,,,85.0,72.0,71.0,107.0,101.0,103.0,,,,0.047,,0.507,,0.141,,-6.47,0.32,,0.67,,84.6,92.2,85.9,,,,,0.227,0.25,0.349,,,,0.242,0.452,0.26,0.389,0.889,0.118,84.0,101.0,97.0,0.306,-2.05,93.0,0.362,0.713,0.146,,,,,,,,,,,,,,,,,,
2023-06-05,6:12 PM.,SD,CHC,away,Partly Cloudy.,63,605483,1B,4,0,0,0,0,0,0,0,0,2,2,0.241,0.311,0.346,0.657,605483,blakesnell,Snell,Left,Blake Snell,SDP,2.25,3.77,180.0,95.0,107.0,100.0,0.642,11.7,4.95,5.75,0.75,1.3,0.262,0.388,0.168,0.309,0.326,72.0,103.0,106.0,106.0,102.0,110.0,,,,107.0,91.0,94.0,,,,,,0.131,0.198,0.184,,,0.68,2.55,2.65,,86.7,,88.4,81.0,,,,0.185,0.266,0.4679999999999999,0.079,0.14,0.563,0.123,0.26,0.536,,,,120.0,91.0,96.0,0.486,0.07,95.5,0.255,0.389,0.195,,,,,,,,,,,,,,,,,,
2023-06-04,2:32 PM.,SD,CHC,away,Sunny.,66,677960,1B,4,1,1,0,0,1,1,0,0,1,1,0.247,0.318,0.354,0.672,677960,ryanweathers,Weathers,Left,Ryan Weathers,- - -,6.55,4.67,57.2,98.0,88.0,94.0,0.789,6.71,4.53,10.61,1.87,0.87,0.293,0.413,0.185,0.299,0.43,67.0,97.0,88.0,,,,,,,105.0,99.0,100.0,,,,0.01,,0.203,,0.236,,9.15,-1.09,,-1.24,,86.8,94.9,80.8,,,,,0.304,0.507,0.2789999999999999,,,,0.229,0.521,0.261,0.0,0.0,0.0,91.0,99.0,93.0,0.551,-1.58,95.1,0.35,0.592,0.206,,,,,,,,,,,,,,,,,,
2023-06-02,6:43 PM.,SD,CHC,away,Partly Cloudy.,66,608379,1B,4,0,0,0,0,0,0,0,0,4,3,0.247,0.32,0.338,0.658,608379,michaelwacha,Wacha,Right,Michael Wacha,SDP,3.22,4.27,134.1,102.0,89.0,101.0,0.775,8.31,2.88,7.57,1.0,0.8,0.17,0.488,0.154,0.3,0.43,101.0,106.0,110.0,86.0,92.0,94.0,84.0,103.0,103.0,,,,96.0,100.0,96.0,0.133,0.124,,0.11,0.345,-2.13,-0.36,,1.04,1.06,86.9,81.6,91.9,,74.0,0.364,0.582,0.165,0.207,0.346,0.359,0.172,0.31,0.27,,,,0.25,0.45,0.111,73.0,104.0,94.0,0.288,1.23,92.0,0.188,0.323,0.1669999999999999,,,,,,,,,,,,,,,,,,
2023-05-31,1:19 PM.,TB,CHC,home,Sunny.,83,621107,1B,1,0,1,0,0,0,1,0,0,0,0,0.253,0.327,0.347,0.674,621107,zacheflin,Eflin,Right,Zach Eflin,TBR,3.5,3.02,177.2,108.0,98.0,106.0,0.775,9.42,1.22,8.0,0.96,1.48,0.21,0.449,0.159,0.343,0.449,75.0,99.0,94.0,100.0,110.0,107.0,98.0,107.0,105.0,122.0,120.0,127.0,100.0,106.0,102.0,0.319,0.261,0.044,0.263,0.051,-0.01,1.09,0.79,1.27,-0.61,88.5,86.4,92.2,80.0,79.1,0.307,0.588,0.1669999999999999,0.192,0.308,0.283,0.185,0.339,0.349,0.6,0.6,0.5,0.259,0.315,0.129,83.0,123.0,112.0,0.062,2.53,92.9,0.104,0.208,0.32,,,,,,,,,,,,,,,,,,
2023-05-30,7:05 PM.,TB,CHC,home,Partly Cloudy.,71,663556,1B,4,0,0,0,0,0,0,0,0,2,6,0.248,0.323,0.342,0.665,663556,shanemcclanahan,McClanahan,Left,Shane McClanahan,TBR,3.29,4.13,115.0,102.0,112.0,106.0,0.694,9.47,3.21,7.43,1.17,1.18,0.28,0.384,0.134,0.355,0.455,115.0,104.0,109.0,115.0,101.0,107.0,,,,107.0,102.0,105.0,,,,,,0.153,0.17,0.258,,,-0.27,1.12,2.65,,86.9,,89.3,83.5,,,,0.153,0.191,0.541,0.197,0.344,0.314,0.261,0.58,0.291,,,,111.0,100.0,104.0,0.419,-0.34,96.8,0.269,0.479,0.233,,,,,,,,,,,,,,,,,,
2023-05-28,1:20 PM.,CIN,CHC,home,Sunny.,69,668933,1B,3,1,2,1,0,0,0,0,1,1,1,0.255,0.331,0.352,0.683,668933,grahamashcraft,Ashcraft,Right,Graham Ashcraft,CIN,4.76,4.96,145.2,99.0,128.0,103.0,0.799,6.86,3.21,9.14,1.42,1.55,0.231,0.353,0.164,0.302,0.435,,,,,,,57.0,90.0,82.0,166.0,102.0,114.0,116.0,98.0,100.0,0.097,0.529,0.373,,0.0,0.15,-1.17,-0.37,,-25.75,95.8,90.4,96.5,88.3,,0.292,0.436,0.171,,,,,,,0.221,0.461,0.3289999999999999,0.286,0.429,0.1,,,,,,,,,,,,,,,,,,,,,,,,,,,
2023-05-27,6:16 PM.,CIN,CHC,home,Partly Cloudy.,64,682227,1B,3,0,0,0,0,0,0,0,1,1,2,0.246,0.321,0.338,0.659,682227,brandonwilliamson,Williamson,Left,Brandon Williamson,CIN,4.46,4.77,117.0,99.0,93.0,96.0,0.801,7.54,3.0,8.54,1.38,0.88,0.287,0.384,0.139,0.324,0.444,97.0,94.0,99.0,98.0,96.0,103.0,,,,132.0,104.0,113.0,106.0,102.0,98.0,,0.298,0.102,0.064,0.165,1.71,,-1.33,-1.75,-0.51,89.3,84.0,,81.7,73.1,0.252,0.433,0.185,0.183,0.39,0.3989999999999999,0.333,0.6,0.143,0.0,0.0,0.273,,,,64.0,99.0,86.0,0.372,-0.15,92.8,0.269,0.433,0.171,,,,,,,,,,,,,,,,,,
2023-05-26,1:20 PM.,CIN,CHC,home,Sunny.,59,668881,DH,3,0,0,0,0,0,0,0,0,2,1,0.252,0.323,0.345,0.668,668881,huntergreene,"Greene, H",Right,Hunter Greene,CIN,4.82,3.82,112.0,103.0,124.0,107.0,0.725,12.21,3.86,8.92,1.53,0.74,0.241,0.407,0.128,0.345,0.42,69.0,88.0,90.0,,,,,,,126.0,104.0,112.0,,,,,,0.404,,0.053,,,0.16,,-2.39,,91.1,,87.3,,,,,0.304,0.478,0.242,,,,0.229,0.416,0.392,,,,127.0,103.0,105.0,0.544,-0.95,98.3,0.265,0.518,0.252,,,,,,,,,,,,,,,,,,
2023-05-21,1:38 PM.,PHI,CHC,away,Partly Cloudy.,70,592836,1B,1,0,0,0,0,0,0,0,1,1,1,0.257,0.329,0.353,0.682,592836,taijuanwalker,"Walker, T",Right,Taijuan Walker,PHI,4.38,4.36,172.2,99.0,94.0,97.0,0.808,7.19,3.7,8.08,1.04,1.21,0.217,0.43,0.167,0.326,0.382,,,,92.0,91.0,94.0,81.0,100.0,93.0,124.0,109.0,114.0,99.0,103.0,100.0,0.233,0.176,0.026,0.057,,-0.44,0.53,-1.43,-1.07,,87.1,,92.4,82.5,74.8,0.284,0.441,0.158,,,,0.212,0.485,0.36,0.158,0.632,0.342,0.273,0.429,0.1,79.0,98.0,90.0,0.176,-0.82,92.8,0.257,0.541,0.254,104.0,97.0,100.0,0.332,0.48,87.9,0.205,0.295,0.244,,,,,,,,,
2023-05-20,4:07 PM.,PHI,CHC,away,Cloudy.,69,605400,DH,3,0,0,0,0,0,0,0,1,0,0,0.259,0.327,0.356,0.683,605400,aaronnola,"Nola, Aa",Right,Aaron Nola,PHI,4.46,3.71,193.2,107.0,101.0,106.0,0.76,9.39,2.09,8.27,1.49,1.13,0.215,0.477,0.156,0.323,0.419,70.0,111.0,103.0,,,,100.0,107.0,101.0,,,,111.0,110.0,105.0,0.188,0.075,,,0.126,0.4,0.46,,,0.14,86.3,85.9,91.8,,,0.246,0.508,0.301,0.22,0.319,0.319,0.221,0.398,0.3329999999999999,,,,0.279,0.416,0.106,95.0,107.0,103.0,0.295,-0.03,92.7,0.246,0.503,0.217,,,,,,,,,,118.0,105.0,113.0,0.316,0.47,79.4,,,
2023-05-19,7:07 PM.,PHI,CHC,away,Partly Cloudy.,69,624133,1B,2,1,1,0,0,0,0,0,0,0,0,0.265,0.329,0.364,0.693,624133,rangersuarez,"Suárez, R",Left,Ranger Suárez,PHI,4.18,4.36,125.0,101.0,85.0,97.0,0.79,8.57,3.46,9.29,0.94,1.58,0.232,0.394,0.164,0.34,0.393,70.0,98.0,99.0,95.0,104.0,102.0,96.0,104.0,102.0,91.0,113.0,108.0,97.0,97.0,94.0,0.28,0.126,0.005,0.19,0.184,-1.27,0.52,4.65,1.95,-1.45,87.5,82.9,92.8,84.1,75.8,0.34,0.585,0.179,0.267,0.444,0.311,0.143,0.226,0.377,0.2,0.2,0.0,0.289,0.409,0.1,69.0,98.0,88.0,0.215,-0.65,93.4,0.304,0.478,0.2189999999999999,,,,,,,,,,,,,,,,,,
2023-05-17,7:10 PM.,HOU,CHC,away,Roof Closed.,73,641585,DH,5,0,2,0,0,0,0,0,0,1,0,0.262,0.326,0.362,0.688,641585,jpfrance,"France, J",Right,J.P. France,HOU,3.83,4.86,136.1,100.0,103.0,102.0,0.797,6.67,3.1,9.11,1.25,1.14,0.244,0.392,0.135,0.309,0.454,75.0,102.0,112.0,116.0,98.0,100.0,,,,109.0,99.0,105.0,116.0,108.0,103.0,,0.189,0.091,0.137,0.152,0.33,,-2.09,0.16,2.51,86.8,81.8,,80.1,76.0,0.317,0.446,0.22,0.183,0.237,0.308,0.145,0.273,0.422,0.25,0.533,0.298,,,,101.0,97.0,98.0,0.431,-0.26,93.0,0.308,0.481,0.106,,,,,,,,,,,,,,,,,,
2023-05-16,7:11 PM.,HOU,CHC,away,Roof Closed.,73,664299,DH,1,0,0,0,0,0,0,0,0,0,0,0.256,0.324,0.36,0.684,664299,cristianjavier,Javier,Right,Cristian Javier,HOU,4.56,4.42,162.0,98.0,102.0,100.0,0.762,8.83,3.44,7.94,1.39,0.46,0.266,0.368,0.15,0.331,0.399,78.0,101.0,98.0,,,,,,,108.0,95.0,102.0,,,,,,0.3,,0.041,,,-0.09,,-1.29,,83.7,,79.5,,,,,0.28,0.36,0.392,0.268,0.366,0.195,0.211,0.367,0.287,,,,101.0,98.0,98.0,0.584,0.44,92.7,0.236,0.455,0.265,,,,,,,,,,91.0,99.0,102.0,0.075,-1.17,76.6,,,
2023-05-15,7:11 PM.,HOU,CHC,away,Roof Closed.,73,664285,1B,3,1,1,0,0,0,0,0,1,1,1,0.258,0.326,0.363,0.689,664285,frambervaldez,"Valdez, F",Left,Framber Valdez,HOU,3.45,4.33,198.0,98.0,106.0,100.0,0.752,9.09,2.59,7.55,0.86,2.13,0.246,0.443,0.109,0.374,0.445,96.0,98.0,94.0,118.0,98.0,106.0,97.0,98.0,96.0,,,,99.0,99.0,95.0,0.468,0.034,0.087,0.253,0.157,0.45,0.93,-0.32,1.07,0.73,89.1,90.1,95.3,84.7,80.2,0.182,0.182,0.435,0.231,0.342,0.311,0.158,0.211,0.402,0.189,0.405,0.4379999999999999,0.274,0.455,0.126,98.0,-63.0,-49.0,0.001,-16.35,95.7,,,,,,,,,,,,,,,,,,,,,
2023-05-14,1:11 PM.,MIN,CHC,away,Cloudy.,60,686973,DH,3,1,0,0,0,0,0,0,1,2,0,0.256,0.321,0.364,0.685,686973,louievarland,Varland,Right,Louie Varland,MIN,4.63,4.58,68.0,106.0,99.0,105.0,0.767,9.4,2.25,8.74,2.12,1.12,0.263,0.376,0.082,0.381,0.467,86.0,91.0,95.0,,,,104.0,93.0,94.0,107.0,107.0,107.0,89.0,105.0,102.0,0.009,0.319,0.132,,0.113,0.85,6.39,-2.34,,-1.07,89.3,85.9,95.7,83.9,,0.25,0.405,0.285,0.267,0.6,0.264,,,,0.22,0.512,0.263,,,,107.0,111.0,110.0,0.427,-0.42,95.3,0.267,0.533,0.237,,,,,,,,,,,,,,,,,,
2023-05-12,7:11 PM.,MIN,CHC,away,Overcast.,69,543243,DH,3,0,1,0,0,0,0,0,0,2,0,0.263,0.323,0.373,0.696,543243,sonnygray,"Gray, So",Right,Sonny Gray,MIN,2.79,3.66,184.0,101.0,103.0,104.0,0.759,8.95,2.69,7.63,0.39,1.55,0.255,0.424,0.143,0.3,0.422,84.0,95.0,89.0,91.0,98.0,101.0,82.0,99.0,94.0,122.0,108.0,121.0,118.0,102.0,102.0,0.157,0.131,0.205,0.168,0.067,1.3,-0.46,3.25,0.87,-0.63,87.6,87.9,92.8,84.3,79.6,0.265,0.368,0.278,0.27,0.405,0.174,0.257,0.371,0.282,0.096,0.117,0.413,0.275,0.413,0.177,105.0,99.0,100.0,0.271,0.61,92.9,0.301,0.422,0.1639999999999999,,,,,,,,,,,,,0.001,-0.41,72.9,,,
2023-05-10,6:39 PM.,STL,CHC,home,Clear.,65,656756,1B,1,3,1,0,0,0,0,0,3,0,0,0.261,0.323,0.374,0.697,656756,jordanmontgomery,Montgomery,Left,Jordan Montgomery,- - -,3.2,3.98,188.2,101.0,97.0,96.0,0.76,7.92,2.29,8.44,0.86,1.24,0.277,0.392,0.143,0.322,0.405,99.0,101.0,98.0,116.0,108.0,111.0,91.0,99.0,91.0,,,,101.0,102.0,87.0,0.426,0.016,,0.222,0.229,-4.4,1.22,,0.84,0.2,88.2,83.5,93.3,,80.5,0.417,0.667,0.31,0.239,0.405,0.392,0.191,0.357,0.371,,,,0.255,0.374,0.141,75.0,95.0,84.0,0.106,-0.68,93.4,0.333,0.5,0.195,,,,,,,,,,,,,,,,,,
2023-05-08,6:39 PM.,STL,CHC,home,Cloudy.,48,571945,DH,4,0,0,0,0,0,0,0,0,2,1,0.254,0.301,0.368,0.669,571945,milesmikolas,Mikolas,Right,Miles Mikolas,STL,4.78,5.44,201.1,108.0,88.0,101.0,0.852,6.12,1.74,10.1,1.16,0.99,0.251,0.375,0.128,0.349,0.475,58.0,96.0,93.0,95.0,105.0,102.0,86.0,108.0,99.0,108.0,107.0,108.0,,,,0.243,,0.243,0.198,0.054,,-1.61,0.62,-0.92,2.68,,84.4,92.7,86.4,75.9,,,,0.182,0.382,0.085,0.261,0.387,0.198,0.245,0.375,0.2239999999999999,0.34,0.54,0.085,74.0,112.0,99.0,0.26,-0.19,93.3,0.29,0.495,0.1889999999999999,,,,,,,,,,,,,0.002,-0.89,68.1,,,
2023-05-07,1:20 PM.,MIA,CHC,home,Sunny.,77,645261,RF,2,0,0,0,0,0,0,0,0,0,4,0.264,0.311,0.382,0.693,645261,sandyalcantara,"Alcantara, S",Right,Sandy Alcantara,MIA,4.14,4.33,184.2,105.0,113.0,108.0,0.771,7.36,2.34,8.58,1.07,1.69,0.23,0.4,0.149,0.343,0.452,108.0,104.0,107.0,134.0,99.0,105.0,115.0,106.0,108.0,116.0,103.0,110.0,,,,0.29,,0.201,0.022,0.273,,1.72,0.72,-0.52,-0.43,,91.1,97.6,89.9,86.1,,,,0.282,0.401,0.299,0.308,0.308,0.182,0.227,0.364,0.352,0.237,0.366,0.124,111.0,111.0,107.0,0.213,-0.27,98.0,0.253,0.448,0.267,,,,,,,,,,,,,,,,,,
2023-05-06,1:19 PM.,MIA,CHC,home,Overcast.,65,598264,DH,4,0,1,1,0,0,0,0,0,2,1,0.269,0.316,0.389,0.705,598264,mattbarnes,"Barnes, M",Right,Matt Barnes,MIA,5.48,4.7,21.1,96.0,101.0,96.0,0.805,8.44,4.22,10.55,0.84,1.74,0.206,0.441,0.118,0.279,0.358,,,,,,,,,,,,,,,,,,,,,,,,,,,,,,,,,,,,,0.205,0.273,0.28,,,,,,,86.0,90.0,84.0,0.455,-2.58,93.4,0.395,0.553,0.106,194.0,109.0,118.0,0.06,1.32,87.9,0.167,0.167,0.273,102.0,100.0,105.0,0.485,2.23,83.4,,,
2023-05-05,1:20 PM.,MIA,CHC,home,Partly Cloudy.,69,665795,DH,3,0,1,0,0,0,0,0,1,1,0,0.269,0.319,0.385,0.704,665795,edwardcabrera,"Cabrera, E",Right,Edward Cabrera,MIA,4.24,3.77,99.2,97.0,103.0,97.0,0.718,10.66,5.96,7.04,0.99,1.68,0.159,0.488,0.163,0.293,0.347,91.0,98.0,99.0,109.0,102.0,103.0,109.0,86.0,82.0,115.0,98.0,104.0,,,,0.093,,0.081,0.234,0.314,,-0.3,-0.71,-0.37,1.29,,92.9,96.1,88.2,84.6,,,,0.186,0.3,0.363,0.24,0.38,0.38,0.222,0.444,0.306,0.28,0.44,0.233,106.0,95.0,92.0,0.279,0.19,96.2,0.211,0.366,0.191,,,,,,,,,,,,,,,,,,
2023-05-04,1:05 PM.,WSH,CHC,away,Partly Cloudy.,60,571578,1B,4,1,1,1,0,0,1,0,0,0,3,0.267,0.312,0.386,0.698,571578,patrickcorbin,Corbin,Left,Patrick Corbin,WSN,5.2,6.16,180.0,101.0,81.0,95.0,0.797,6.2,2.85,10.5,1.65,1.3,0.24,0.392,0.127,0.344,0.411,66.0,101.0,96.0,,,,86.0,102.0,93.0,84.0,99.0,100.0,,,,0.417,,0.35,,0.064,,-0.89,-0.51,,-2.07,,81.2,92.1,80.5,,,,,0.29,0.645,0.4,,,,0.233,0.461,0.397,0.32,0.463,0.074,65.0,103.0,88.0,0.169,-0.69,91.8,0.327,0.541,0.121,,,,,,,,,,,,,,,,,,
2023-05-03,7:05 PM.,WSH,CHC,away,Cloudy.,54,663623,1B,4,0,2,0,0,0,0,0,0,0,3,0.268,0.314,0.381,0.695,663623,jakeirvin,"Irvin, J",Right,Jake Irvin,WSN,4.61,5.1,121.0,101.0,99.0,98.0,0.839,7.36,4.02,8.78,1.49,1.08,0.252,0.369,0.125,0.374,0.427,78.0,99.0,95.0,110.0,100.0,103.0,101.0,101.0,98.0,,,,,,,0.287,,,0.306,0.051,,-0.75,,0.08,1.21,,87.8,93.9,,80.9,,,,0.25,0.5,0.156,0.197,0.362,0.257,,,,0.348,0.525,0.093,92.0,100.0,94.0,0.356,-0.01,94.5,0.208,0.376,0.192,,,,,,,,,,,,,,,,,,
2023-05-02,7:05 PM.,WSH,CHC,away,Overcast.,53,592866,DH,1,0,0,0,0,0,0,0,1,1,3,0.258,0.307,0.376,0.683,592866,trevorwilliams,Williams,Right,Trevor Williams,WSN,5.55,5.66,144.1,104.0,81.0,96.0,0.831,6.92,3.3,11.1,2.12,0.96,0.253,0.4,0.163,0.329,0.387,68.0,105.0,96.0,97.0,95.0,95.0,91.0,100.0,95.0,94.0,114.0,103.0,,,,0.146,,0.182,0.069,0.171,,-0.45,-1.7,-1.93,-2.25,,83.3,88.2,80.9,76.7,,,,0.315,0.483,0.1989999999999999,0.314,0.629,0.2,0.313,0.5,0.281,0.325,0.458,0.188,80.0,107.0,96.0,0.433,-0.77,89.7,0.283,0.563,0.1669999999999999,,,,,,,,,,,,,,,,,,
2023-05-01,7:05 PM.,WSH,CHC,away,Cloudy.,57,669022,1B,4,0,1,1,0,0,1,0,0,2,3,0.261,0.303,0.38,0.683,669022,mackenziegore,Gore,Left,MacKenzie Gore,WSN,4.42,5.2,136.1,97.0,100.0,101.0,0.749,9.97,3.76,8.85,1.78,0.97,0.26,0.391,0.158,0.354,0.409,69.0,88.0,90.0,72.0,99.0,104.0,,,,101.0,97.0,102.0,,,,,,0.188,0.188,0.029,,,0.77,-0.85,1.1,,86.5,,88.5,83.2,,,,0.188,0.25,0.382,0.257,0.416,0.379,0.213,0.415,0.375,,,,112.0,98.0,100.0,0.595,-0.27,95.0,0.279,0.503,0.216,,,,,,,,,,,,,,,,,,
2023-04-30,12:05 PM.,MIA,CHC,away,Roof Closed.,72,663773,1B,1,0,1,0,0,0,0,0,0,0,0,0.261,0.305,0.375,0.68,663773,bryanhoeing,Hoeing,Right,Bryan Hoeing,MIA,5.48,5.3,70.2,101.0,97.0,100.0,0.805,6.75,3.18,9.04,1.66,1.17,0.268,0.357,0.121,0.335,0.395,41.0,99.0,76.0,,,,106.0,100.0,99.0,97.0,104.0,108.0,,,,0.526,,0.318,,0.026,,-0.76,0.98,,-5.28,,87.2,94.1,83.2,,,,,0.6,0.8,0.231,,,,0.179,0.333,0.3289999999999999,0.275,0.55,0.1639999999999999,80.0,97.0,87.0,0.089,-2.17,93.9,0.333,0.619,0.095,,,,0.042,-5.4,84.9,0.333,0.733,0.25,,,,,,,,,
2023-04-29,4:07 PM.,MIA,CHC,away,Roof Closed.,72,665795,1B,4,2,2,0,0,0,0,0,1,1,4,0.253,0.298,0.368,0.666,665795,edwardcabrera,"Cabrera, E",Right,Edward Cabrera,MIA,4.24,3.77,99.2,97.0,103.0,97.0,0.718,10.66,5.96,7.04,0.99,1.68,0.159,0.488,0.163,0.293,0.347,91.0,98.0,99.0,109.0,102.0,103.0,109.0,86.0,82.0,115.0,98.0,104.0,,,,0.093,,0.081,0.234,0.314,,-0.3,-0.71,-0.37,1.29,,92.9,96.1,88.2,84.6,,,,0.186,0.3,0.363,0.24,0.38,0.38,0.222,0.444,0.306,0.28,0.44,0.233,106.0,95.0,92.0,0.279,0.19,96.2,0.211,0.366,0.191,,,,,,,,,,,,,,,,,,
2023-04-28,6:41 PM.,MIA,CHC,away,Roof Closed.,72,666200,1B,4,0,1,0,0,0,0,0,0,2,0,0.241,0.281,0.361,0.642,666200,jesusluzardo,Luzardo,Left,Jesús Luzardo,MIA,3.58,3.96,178.2,100.0,104.0,102.0,0.708,10.48,2.77,8.16,1.11,0.98,0.286,0.383,0.163,0.373,0.402,93.0,99.0,100.0,,,,82.0,100.0,97.0,111.0,97.0,105.0,68.0,87.0,76.0,0.04,0.004,0.289,,0.21,0.74,-0.81,-0.26,,-0.09,91.4,88.3,96.5,85.1,,,,,0.248,0.429,0.361,,,,0.233,0.389,0.518,0.314,0.686,0.102,106.0,103.0,100.0,0.457,0.93,96.7,0.232,0.384,0.1939999999999999,,,,,,,,,,,,,,,,,,
2023-04-27,1:21 PM.,SD,CHC,home,Sunny.,60,607625,DH,4,0,0,0,0,0,0,0,0,1,4,0.241,0.282,0.367,0.649,607625,sethlugo,"Lugo, S",Right,Seth Lugo,SDP,3.57,4.42,146.1,102.0,103.0,103.0,0.805,8.61,2.21,8.61,1.17,1.34,0.209,0.438,0.139,0.351,0.459,85.0,96.0,97.0,122.0,100.0,105.0,97.0,102.0,97.0,114.0,96.0,108.0,,,,0.199,,0.111,0.313,0.059,,1.87,-0.6,0.26,-2.89,,86.3,93.2,85.2,79.6,,,,0.303,0.576,0.3429999999999999,0.287,0.384,0.265,0.25,0.417,0.286,0.208,0.36,0.089,87.0,108.0,103.0,0.318,0.36,93.4,0.246,0.464,0.214,,,,,,,,,,,,,,,,0.0,0.0,0.226
2023-04-26,6:39 PM.,SD,CHC,home,Clear.,43,608379,1B,4,1,2,0,0,1,2,0,0,0,1,0.253,0.296,0.387,0.683,608379,michaelwacha,Wacha,Right,Michael Wacha,SDP,3.22,4.27,134.1,102.0,89.0,101.0,0.775,8.31,2.88,7.57,1.0,0.8,0.17,0.488,0.154,0.3,0.43,101.0,106.0,110.0,86.0,92.0,94.0,84.0,103.0,103.0,,,,96.0,100.0,96.0,0.133,0.124,,0.11,0.345,-2.13,-0.36,,1.04,1.06,86.9,81.6,91.9,,74.0,0.364,0.582,0.165,0.207,0.346,0.359,0.172,0.31,0.27,,,,0.25,0.45,0.111,73.0,104.0,94.0,0.288,1.23,92.0,0.188,0.323,0.1669999999999999,,,,,,,,,,,,,,,,,,
2023-04-25,6:39 PM.,SD,CHC,home,Clear.,41,605483,1B,2,2,1,0,0,0,0,0,2,0,0,0.239,0.286,0.338,0.624,605483,blakesnell,Snell,Left,Blake Snell,SDP,2.25,3.77,180.0,95.0,107.0,100.0,0.642,11.7,4.95,5.75,0.75,1.3,0.262,0.388,0.168,0.309,0.326,72.0,103.0,106.0,106.0,102.0,110.0,,,,107.0,91.0,94.0,,,,,,0.131,0.198,0.184,,,0.68,2.55,2.65,,86.7,,88.4,81.0,,,,0.185,0.266,0.4679999999999999,0.079,0.14,0.563,0.123,0.26,0.536,,,,120.0,91.0,96.0,0.486,0.07,95.5,0.255,0.389,0.195,,,,,,,,,,,,,,,,,,
2023-04-23,1:21 PM.,LAD,CHC,home,Cloudy.,42,477132,1B,0,0,0,0,0,0,0,0,1,0,0,0.232,0.26,0.333,0.593,477132,claytonkershaw,Kershaw,Left,Clayton Kershaw,LAD,2.46,3.77,131.2,100.0,101.0,101.0,0.733,9.36,2.73,6.84,1.3,1.43,0.23,0.493,0.155,0.332,0.425,34.0,98.0,91.0,94.0,100.0,106.0,90.0,115.0,107.0,112.0,102.0,104.0,,,,0.002,,0.434,0.175,0.017,,14.84,2.06,0.13,-0.46,,84.6,90.9,86.5,73.4,,,,0.2,0.2,0.6,0.212,0.338,0.3379999999999999,0.167,0.338,0.362,0.0,0.0,0.0,96.0,97.0,96.0,0.369,0.23,90.7,0.281,0.451,0.0969999999999999,116.0,127.0,165.0,0.002,13.51,84.4,0.0,0.0,0.0,,,,,,,,,
2023-04-22,1:20 PM.,LAD,CHC,home,Overcast.,41,669160,DH,4,0,0,0,0,0,0,0,0,2,2,0.232,0.25,0.333,0.583,669160,dustinmay,May,Right,Dustin May,LAD,2.63,3.4,48.0,103.0,120.0,109.0,0.872,6.38,3.0,5.44,0.19,1.3,0.252,0.43,0.156,0.244,0.459,66.0,93.0,97.0,149.0,102.0,118.0,117.0,102.0,108.0,,,,113.0,111.0,107.0,0.335,0.148,,0.203,0.045,3.03,3.59,,0.6,2.6,93.0,90.9,96.6,,86.3,0.161,0.226,0.143,0.1,0.1,0.077,0.167,0.2,0.226,,,,0.161,0.25,0.125,117.0,103.0,106.0,0.269,0.48,97.3,0.22,0.341,0.178,,,,,,,,,,,,,,,,,,
2023-04-21,1:20 PM.,LAD,CHC,home,Partly Cloudy.,53,628711,1B,5,2,3,0,0,1,3,0,0,0,2,0.246,0.265,0.354,0.619,628711,juliourias,"Urías, J",Left,Julio Urías,LAD,4.6,4.16,117.1,105.0,105.0,107.0,0.788,8.97,1.84,8.59,1.84,0.82,0.234,0.471,0.192,0.312,0.453,91.0,109.0,108.0,132.0,103.0,112.0,,,,,,,109.0,124.0,127.0,,0.092,,0.3,0.157,-0.42,,,0.84,-3.03,87.1,86.1,,,79.2,0.186,0.322,0.278,0.296,0.593,0.299,,,,,,,,,,90.0,101.0,98.0,0.451,0.02,92.7,0.267,0.503,0.218,,,,,,,,,,,,,,,,0.233,0.457,0.2289999999999999
2023-04-20,7:44 PM.,LAD,CHC,home,Cloudy.,70,675627,1B,4,0,2,1,0,0,0,0,0,2,0,0.217,0.238,0.283,0.521,675627,michaelgrove,Grove,Right,Michael Grove,LAD,6.13,5.0,69.0,102.0,98.0,103.0,0.742,9.52,2.48,10.83,1.57,1.07,0.188,0.42,0.164,0.343,0.44,123.0,129.0,150.0,,,,,,,106.0,106.0,111.0,94.0,103.0,105.0,0.042,0.075,0.382,,0.003,0.93,1.99,1.07,,-16.59,89.2,88.0,94.7,85.6,,0.261,0.565,0.264,,,,0.308,0.423,0.176,0.2,0.331,0.449,0.286,0.357,0.148,86.0,102.0,95.0,0.327,-3.57,94.8,0.442,0.779,0.083,,,,,,,,,,98.0,93.0,98.0,0.17,-0.36,78.3,,,
2023-04-17,6:41 PM.,OAK,CHC,away,Partly Cloudy.,56,666205,1B,5,0,0,0,0,0,0,0,0,3,7,0.196,0.22,0.25,0.47,666205,kylemuller,Muller,Left,Kyle Muller,OAK,7.6,7.4,77.0,97.0,88.0,94.0,0.811,6.55,4.56,13.09,1.87,1.2,0.197,0.46,0.113,0.391,0.453,74.0,72.0,74.0,97.0,103.0,104.0,,,,90.0,98.0,99.0,,,,,,0.253,0.149,0.081,,,-0.45,-2.07,-3.21,,87.9,,87.1,81.2,,,,0.333,0.5,0.387,0.268,0.415,0.284,0.293,0.475,0.242,,,,87.0,99.0,92.0,0.517,-2.52,93.5,0.395,0.663,0.161,,,,,,,,,,,,,,,,,,
2023-04-16,1:10 PM.,LAD,CHC,away,Partly Cloudy.,63,628711,1B,4,0,0,0,0,0,0,0,0,2,2,0.216,0.241,0.275,0.516,628711,juliourias,"Urías, J",Left,Julio Urías,LAD,4.6,4.16,117.1,105.0,105.0,107.0,0.788,8.97,1.84,8.59,1.84,0.82,0.234,0.471,0.192,0.312,0.453,91.0,109.0,108.0,132.0,103.0,112.0,,,,,,,109.0,124.0,127.0,,0.092,,0.3,0.157,-0.42,,,0.84,-3.03,87.1,86.1,,,79.2,0.186,0.322,0.278,0.296,0.593,0.299,,,,,,,,,,90.0,101.0,98.0,0.451,0.02,92.7,0.267,0.503,0.218,,,,,,,,,,,,,,,,0.233,0.457,0.2289999999999999
2023-04-15,6:10 PM.,LAD,CHC,away,Clear.,64,675627,1B,3,0,0,0,0,0,0,0,1,1,2,0.234,0.26,0.298,0.558,675627,michaelgrove,Grove,Right,Michael Grove,LAD,6.13,5.0,69.0,102.0,98.0,103.0,0.742,9.52,2.48,10.83,1.57,1.07,0.188,0.42,0.164,0.343,0.44,123.0,129.0,150.0,,,,,,,106.0,106.0,111.0,94.0,103.0,105.0,0.042,0.075,0.382,,0.003,0.93,1.99,1.07,,-16.59,89.2,88.0,94.7,85.6,,0.261,0.565,0.264,,,,0.308,0.423,0.176,0.2,0.331,0.449,0.286,0.357,0.148,86.0,102.0,95.0,0.327,-3.57,94.8,0.442,0.779,0.083,,,,,,,,,,98.0,93.0,98.0,0.17,-0.36,78.3,,,
2023-04-12,1:21 PM.,SEA,CHC,home,Sunny.,77,669302,DH,4,0,0,0,0,0,0,0,0,2,2,0.25,0.261,0.318,0.579,669302,logangilbert,"Gilbert, L",Right,Logan Gilbert,SEA,3.73,3.69,190.2,102.0,106.0,102.0,0.767,8.92,1.7,7.98,1.37,1.02,0.238,0.427,0.125,0.333,0.47,,,,,,,55.0,90.0,81.0,133.0,101.0,99.0,,,,0.003,,0.297,,,,-11.33,1.84,,,,,93.7,88.7,,,,,,,,0.214,0.371,0.306,0.211,0.349,0.322,0.667,1.0,0.25,88.0,103.0,99.0,0.419,0.01,95.7,0.28,0.491,0.177,98.0,103.0,117.0,0.148,0.25,85.6,0.174,0.34,0.35,110.0,95.0,103.0,0.134,0.39,80.3,,,
2023-04-11,6:40 PM.,SEA,CHC,home,Partly Cloudy.,76,623167,1B,5,1,2,0,0,1,3,0,0,1,3,0.275,0.286,0.35,0.636,623167,chrisflexen,Flexen,Right,Chris Flexen,- - -,6.86,6.2,102.1,99.0,83.0,93.0,0.794,6.51,3.34,11.7,2.2,1.05,0.257,0.417,0.137,0.346,0.401,93.0,97.0,97.0,92.0,95.0,111.0,49.0,106.0,76.0,122.0,107.0,111.0,87.0,100.0,94.0,0.019,0.293,0.097,0.022,0.16,-0.47,-7.15,-2.44,2.61,0.72,87.9,81.0,90.9,80.8,71.6,0.287,0.504,0.2019999999999999,0.213,0.32,0.397,0.125,0.125,0.357,0.389,0.444,0.148,0.6,0.7,0.111,65.0,98.0,84.0,0.409,-2.66,91.9,0.379,0.739,0.174,,,,,,,,,,,,,,,,,,
2023-04-10,6:39 PM.,SEA,CHC,home,Clear.,67,622491,1B,4,0,1,0,0,0,0,0,0,0,0,0.257,0.27,0.257,0.527,622491,luiscastillo,"Castillo, L",Right,Luis Castillo,SEA,3.34,3.82,197.0,103.0,96.0,102.0,0.717,10.01,2.56,7.31,1.28,0.92,0.268,0.375,0.182,0.333,0.422,83.0,108.0,105.0,,,,82.0,103.0,95.0,117.0,100.0,108.0,,,,0.179,,0.221,,0.156,,0.6,-0.12,,-1.6,,88.3,95.9,85.7,,,,,0.28,0.42,0.325,,,,0.234,0.455,0.3779999999999999,0.239,0.337,0.136,95.0,104.0,100.0,0.444,1.31,96.3,0.165,0.384,0.33,,,,,,,,,,,,,,,,,,
2023-04-09,1:19 PM.,TEX,CHC,home,Partly Cloudy.,63,592351,1B,4,0,1,0,0,0,0,0,0,1,2,0.258,0.273,0.258,0.531,592351,jongray,"Gray, Jn",Right,Jon Gray,TEX,4.12,4.48,157.1,101.0,97.0,100.0,0.758,8.12,3.09,8.52,1.26,1.1,0.288,0.348,0.157,0.324,0.437,77.0,96.0,97.0,99.0,90.0,98.0,,,,116.0,103.0,109.0,,,,,,0.398,0.062,0.116,,,2.33,-1.69,1.71,,88.8,,87.2,78.2,,,,0.211,0.268,0.213,0.263,0.737,0.27,0.105,0.211,0.324,,,,82.0,100.0,92.0,0.424,-1.83,95.7,0.346,0.551,0.179,,,,,,,,,,,,,,,,,,
2023-04-08,3:05 PM.,TEX,CHC,home,Sunny.,57,527048,1B,5,1,3,0,0,0,1,0,0,0,1,0.259,0.276,0.259,0.535,527048,martinperez,"Pérez, M",Left,Martín Pérez,TEX,4.45,4.9,141.2,104.0,74.0,95.0,0.837,5.91,3.11,9.53,1.33,1.28,0.223,0.431,0.139,0.294,0.399,71.0,110.0,99.0,78.0,101.0,100.0,73.0,102.0,95.0,88.0,94.0,96.0,79.0,99.0,88.0,0.428,0.221,0.01,0.037,0.265,-2.02,0.44,2.0,3.35,-0.75,89.2,84.1,91.6,83.4,79.1,0.342,0.64,0.1169999999999999,0.316,0.447,0.278,0.063,0.063,0.353,0.0,0.0,0.2,0.244,0.394,0.0969999999999999,75.0,102.0,99.0,0.04,3.25,91.8,0.167,0.222,0.146,,,,,,,,,,,,,,,,,,
2023-04-07,1:20 PM.,TEX,CHC,home,Sunny.,43,543135,DH,3,0,0,0,0,0,0,0,0,2,1,0.182,0.208,0.182,0.39,543135,nathaneovaldi,Eovaldi,Right,Nathan Eovaldi,TEX,3.63,3.98,144.0,100.0,101.0,98.0,0.758,8.25,2.94,7.31,0.94,1.59,0.196,0.469,0.14,0.367,0.397,,,,99.0,104.0,102.0,,,,101.0,113.0,109.0,86.0,98.0,92.0,,0.176,0.04,0.135,,1.33,,-3.23,0.86,,90.6,,,83.9,76.0,0.238,0.417,0.198,,,,0.2,0.22,0.417,0.303,0.606,0.1369999999999999,,,,92.0,97.0,93.0,0.372,0.41,95.1,0.234,0.423,0.183,125.0,101.0,106.0,0.276,1.26,87.9,0.196,0.314,0.355,,,,,,,,,
2023-04-04,6:41 PM.,CIN,CHC,away,Cloudy.,76,570666,DH,5,2,1,0,0,0,3,0,0,2,3,0.211,0.238,0.211,0.449,570666,luiscessa,Cessa,Right,Luis Cessa,CIN,9.0,9.18,26.0,102.0,84.0,98.0,0.876,3.81,4.15,15.92,1.04,1.52,0.213,0.398,0.167,0.333,0.432,88.0,105.0,110.0,,,,87.0,105.0,96.0,102.0,103.0,104.0,,,,0.166,,0.376,,0.222,,-7.56,-2.29,,-1.48,,86.3,92.0,81.2,,,,,0.346,0.462,0.259,,,,0.389,0.5,0.125,0.522,0.957,0.136,50.0,97.0,77.0,0.235,-1.2,91.9,0.355,0.581,0.053,,,,,,,,,,,,,,,,,,
2023-04-03,6:41 PM.,CIN,CHC,away,Clear.,71,656818,RF,4,0,1,0,0,0,1,0,0,0,1,0.214,0.267,0.214,0.481,656818,connoroverton,Overton,Right,Connor Overton,CIN,11.45,6.61,11.0,93.0,77.0,89.0,0.734,7.36,5.73,15.55,2.45,0.94,0.179,0.564,0.103,0.308,0.412,64.0,94.0,92.0,,,,83.0,90.0,82.0,98.0,96.0,102.0,61.0,63.0,64.0,0.135,0.125,0.23,,0.235,-6.73,-2.74,-8.32,,-3.39,88.7,84.5,90.6,81.5,,0.5,1.25,0.0,0.308,0.692,0.28,,,,0.8,1.8,0.1669999999999999,0.667,0.667,0.1,76.0,101.0,89.0,0.275,-1.27,91.1,0.308,0.615,0.24,,,,,,,,,,,,,,,,,,
2023-04-02,1:20 PM.,MIL,CHC,home,Sunny.,47,641778,1B,4,0,1,0,0,0,0,0,0,2,2,0.2,0.273,0.2,0.473,641778,ericlauer,Lauer,Left,Eric Lauer,MIL,6.56,7.54,46.2,97.0,82.0,90.0,0.811,8.29,4.63,10.41,3.09,0.49,0.201,0.465,0.09,0.438,0.431,59.0,99.0,91.0,89.0,91.0,90.0,,,,89.0,105.0,100.0,82.0,93.0,87.0,,0.358,0.078,0.124,0.007,-2.06,,2.07,-6.37,-17.68,86.7,82.8,,82.6,75.3,0.309,0.568,0.212,,,,0.412,1.235,0.138,0.188,0.188,0.111,,,,79.0,101.0,93.0,0.432,-1.01,90.8,0.261,0.58,0.258,,,,,,,,,,,,,,,,,,
2023-04-01,1:19 PM.,MIL,CHC,home,Cloudy.,39,605540,RF,3,0,0,0,0,0,0,0,0,1,1,0.167,0.286,0.167,0.453,605540,brandonwoodruff,Woodruff,Right,Brandon Woodruff,MIL,2.28,2.82,67.0,107.0,114.0,110.0,0.749,9.94,2.01,5.37,1.21,0.81,0.236,0.416,0.168,0.298,0.474,111.0,104.0,118.0,89.0,103.0,105.0,108.0,100.0,96.0,108.0,107.0,108.0,,,,0.22,,0.095,0.079,0.197,,2.76,-0.33,-0.01,3.2,,85.8,95.0,86.9,82.9,,,,0.098,0.118,0.38,0.182,0.455,0.409,0.278,0.611,0.268,0.193,0.281,0.124,125.0,112.0,115.0,0.41,0.95,95.8,0.177,0.385,0.314,,,,,,,,,,,,,,,,,,
2023-03-30,1:20 PM.,MIL,CHC,home,Sunny.,42,669203,DH,3,0,1,0,0,0,1,0,0,1,4,0.333,0.5,0.333,0.833,669203,corbinburnes,Burnes,Right,Corbin Burnes,MIL,3.39,3.38,193.2,102.0,127.0,107.0,0.736,9.29,3.07,6.55,1.02,1.3,0.21,0.459,0.19,0.29,0.38,82.0,105.0,112.0,160.0,104.0,113.0,103.0,97.0,90.0,144.0,110.0,127.0,127.0,101.0,103.0,0.077,0.554,0.085,0.171,0.112,1.51,-2.42,1.12,1.35,1.07,94.4,89.3,95.3,86.0,79.8,0.209,0.34,0.2269999999999999,0.204,0.258,0.306,0.133,0.211,0.488,0.159,0.275,0.4379999999999999,0.291,0.564,0.129,,,,,,,,,,,,,,,,,,,,,,,,,,,
