date,time,opponent,team,location,weather,temp,opposingPitcherId,position,ab,r,h,doubles,triples,hr,rbi,sb,bb,k,lob,avg,obp,slg,ops,id,fullName,boxscoreName,PitchingHand,PlayerName,Team,ERA,xERA,IP,Location+,Stuff+,Pitching+,Contact%,K/9,BB/9,H/9,HR/9,GB/FB,Oppo%,Pull%,Soft%,Hard%,Zone%,Stf+ CH,Loc+ CH,Pit+ CH,Stf+ CU,Loc+ CU,Pit+ CU,Stf+ FA,Loc+ FA,Pit+ FA,Stf+ SL,Loc+ SL,Pit+ SL,FA%,SL%,CU%,CH%,wFA/C,wSL/C,wCU/C,wCH/C,vFA,vCH,vSL,vCU,FF_ba,FF_slg,FF_whiff,SL_ba,SL_slg,SL_whiff,CH_ba,CH_slg,CH_whiff,CU_ba,CU_slg,CU_whiff,Stf+ SI,Loc+ SI,Pit+ SI,SI%,wSI/C,vSI,SI_ba,SI_slg,SI_whiff,Stf+ FC,Loc+ FC,Pit+ FC,FC%,wFC/C,vFC,FC_ba,FC_slg,FC_whiff,Stf+ FS,Loc+ FS,Pit+ FS,FS%,wFS/C,vFS,FS_ba,FS_slg,FS_whiff,Stf+ KC,Loc+ KC,Pit+ KC,KC%,wKC/C,vKC,SV_ba,SV_slg,SV_whiff,FO%,wFO/C,vFO,ST_ba,ST_slg,ST_whiff,vKN (sc),KN%,wKN/C,KC_ba,KC_slg,KC_whiff
2023-08-16,7:05 PM.,CWS,CHC,home,Clear.,75,605182,C,2,0,0,0,0,0,0,0,0,2,0,0.202,0.285,0.257,0.542,605182,mikeclevinger,Clevinger,Right,Mike Clevinger,CHW,3.77,4.1,131.1,100.0,100.0,100.0,0.8,7.54,2.74,8.29,1.1,0.62,0.259,0.433,0.179,0.269,0.437,80.0,96.0,95.0,80.0,96.0,97.0,101.0,103.0,100.0,113.0,97.0,104.0,0.479,0.271,0.016,0.128,-0.21,0.5,0.55,1.69,94.3,86.1,79.4,76.0,0.283,0.494,0.174,0.203,0.366,0.306,0.175,0.206,0.293,0.167,0.167,0.2,91.0,100.0,90.0,0.024,1.47,93.1,0.2,0.2,0.2,90.0,100.0,100.0,0.082,-0.07,84.9,0.256,0.395,0.264,,,,,,,,,,,,,,,,,,,,,,,,,,,,,,
2023-08-06,1:20 PM.,ATL,CHC,home,Cloudy.,68,450203,C,0,0,0,0,0,0,0,0,0,0,0,0.206,0.289,0.262,0.551,450203,charliemorton,"Morton, C",Right,Charlie Morton,ATL,3.64,4.64,163.1,96.0,106.0,98.0,0.704,10.08,4.57,8.27,0.77,1.26,0.222,0.389,0.137,0.343,0.379,100.0,91.0,88.0,139.0,100.0,111.0,74.0,95.0,89.0,,,,0.317,,0.432,0.103,-1.26,,1.79,0.86,94.9,86.0,,82.3,0.292,0.482,0.225,,,,0.25,0.339,0.336,0.177,0.258,0.42,81.0,89.0,83.0,0.068,-4.03,94.2,0.474,0.711,0.071,89.0,92.0,87.0,0.08,0.25,89.1,0.296,0.407,0.3,,,,,,,,,,,,,,,,,,,,,,,,,,,,,,
2023-08-01,7:05 PM.,CIN,CHC,home,Partly Cloudy.,84,594902,C,5,1,1,0,0,0,0,0,0,2,6,0.206,0.289,0.262,0.551,594902,benlively,Lively,Right,Ben Lively,CIN,5.38,5.03,88.2,101.0,79.0,95.0,0.814,8.02,2.54,9.74,2.03,1.02,0.301,0.38,0.163,0.312,0.449,59.0,94.0,89.0,101.0,105.0,103.0,80.0,99.0,90.0,71.0,102.0,102.0,0.321,0.243,0.066,0.102,-2.09,1.68,-4.42,-1.4,90.6,84.4,80.1,76.3,0.362,0.667,0.181,0.158,0.303,0.336,0.265,0.412,0.133,0.273,0.909,0.128,83.0,108.0,98.0,0.219,0.24,91.5,0.257,0.416,0.153,98.0,92.0,82.0,0.049,0.62,88.1,0.267,0.267,0.257,,,,,,,,,,,,,,,,,,,,,,,,,,,,,,
2023-07-26,7:10 PM.,CWS,CHC,away,Partly Cloudy.,88,458681,C,2,0,1,0,0,0,1,0,0,1,0,0.206,0.293,0.265,0.558,458681,lancelynn,Lynn,Right,Lance Lynn,- - -,5.73,4.86,183.2,102.0,94.0,100.0,0.74,9.36,3.28,9.26,2.16,0.82,0.241,0.419,0.17,0.32,0.403,56.0,95.0,90.0,109.0,97.0,106.0,92.0,105.0,104.0,97.0,98.0,106.0,0.437,0.063,0.074,0.07,-0.4,-3.65,-2.24,-1.23,92.4,84.9,83.0,80.8,0.255,0.52,0.316,0.286,0.446,0.308,0.302,0.372,0.296,0.208,0.453,0.354,93.0,95.0,87.0,0.126,1.21,91.4,0.239,0.394,0.177,104.0,105.0,99.0,0.23,-0.35,88.7,0.273,0.512,0.267,,,,,,,,,,,,,,,,,,,,,,,,,,,,,,
2023-07-19,7:05 PM.,WSH,CHC,home,Partly Cloudy.,77,592866,C,3,1,0,0,0,0,0,0,1,1,3,0.2,0.289,0.26,0.549,592866,trevorwilliams,Williams,Right,Trevor Williams,WSN,5.55,5.66,144.1,104.0,81.0,96.0,0.831,6.92,3.3,11.1,2.12,0.96,0.253,0.4,0.163,0.329,0.387,68.0,105.0,96.0,97.0,95.0,95.0,80.0,107.0,96.0,94.0,114.0,103.0,0.433,0.182,0.069,0.171,-0.77,-1.7,-1.93,-2.25,89.7,83.3,80.9,76.7,0.283,0.563,0.1669999999999999,0.313,0.5,0.281,0.315,0.483,0.1989999999999999,0.314,0.629,0.2,91.0,100.0,95.0,0.146,-0.45,88.2,0.325,0.458,0.188,,,,,,,,,,,,,,,,,,,,,,,,,,,,,,,,,,,,,,,
2023-07-17,7:05 PM.,WSH,CHC,home,Clear.,72,669022,C,0,0,0,0,0,0,0,0,0,0,0,0.206,0.291,0.268,0.559,669022,mackenziegore,Gore,Left,MacKenzie Gore,WSN,4.42,5.2,136.1,97.0,100.0,101.0,0.749,9.97,3.76,8.85,1.78,0.97,0.26,0.391,0.158,0.354,0.409,69.0,88.0,90.0,72.0,99.0,104.0,112.0,98.0,100.0,101.0,97.0,102.0,0.595,0.188,0.188,0.029,-0.27,0.77,-0.85,1.1,95.0,86.5,88.5,83.2,0.279,0.503,0.216,0.213,0.415,0.375,0.188,0.25,0.382,0.257,0.416,0.379,,,,,,,,,,,,,,,,,,,,,,,,,,,,,,,,,,,,,,,,,,,,,,,,
2023-07-14,7:05 PM.,BOS,CHC,home,Cloudy.,86,678394,C,3,1,2,1,0,0,0,0,1,1,0,0.206,0.291,0.268,0.559,678394,brayanbello,Bello,Right,Brayan Bello,BOS,4.24,4.16,157.0,100.0,90.0,98.0,0.778,7.57,2.58,9.46,1.38,1.94,0.194,0.48,0.144,0.351,0.408,80.0,103.0,99.0,,,,83.0,102.0,93.0,103.0,94.0,103.0,0.207,0.175,,0.239,-1.91,-1.86,,1.38,95.5,86.2,85.3,,0.31,0.646,0.1989999999999999,0.3,0.456,0.259,0.196,0.291,0.387,,,,93.0,101.0,98.0,0.364,0.52,95.0,0.278,0.435,0.16,88.0,100.0,88.0,0.015,-6.73,89.1,0.462,1.077,0.208,,,,,,,,,,,,,,,,,,,,,,,,,,,,,,
2023-07-09,1:38 PM.,NYY,CHC,away,Cloudy.,79,593334,C,4,0,1,1,0,0,1,0,0,2,2,0.191,0.274,0.245,0.519,593334,domingogerman,Germán,Right,Domingo Germán,NYY,4.56,4.3,108.2,100.0,92.0,98.0,0.707,9.44,2.82,6.87,1.66,0.97,0.159,0.486,0.166,0.328,0.416,96.0,98.0,95.0,94.0,102.0,104.0,89.0,100.0,97.0,,,,0.277,,0.409,0.209,-1.75,,1.5,1.01,92.3,85.8,,82.9,0.321,0.741,0.19,,,,0.2,0.306,0.322,0.174,0.344,0.3929999999999999,82.0,95.0,87.0,0.105,0.95,92.4,0.15,0.325,0.13,,,,,,,,,,,,,,,,,,,,,,,,,,,,,,,,,,,,,,,
2023-07-05,7:10 PM.,MIL,CHC,away,Roof Closed.,81,605288,C,2,0,0,0,0,0,0,0,0,1,2,0.189,0.275,0.233,0.508,605288,adrianhouser,Houser,Right,Adrian Houser,MIL,4.12,4.21,111.1,103.0,83.0,97.0,0.839,7.76,2.75,9.78,1.05,1.32,0.194,0.409,0.134,0.36,0.424,88.0,92.0,93.0,67.0,100.0,95.0,80.0,103.0,92.0,83.0,102.0,99.0,0.238,0.166,0.085,0.04,0.29,-0.89,-1.08,-2.07,93.4,84.3,82.3,79.4,0.227,0.34,0.237,0.258,0.484,0.284,0.294,0.471,0.2,0.269,0.538,0.127,86.0,104.0,100.0,0.471,0.46,92.1,0.296,0.396,0.129,,,,,,,,,,,,,,,,,,,,,,,,,,,,,,,,,,,,,,,
2023-07-03,1:11 PM.,MIL,CHC,away,Sunny.,83,527054,C,4,0,2,0,0,0,2,0,0,1,0,0.193,0.28,0.239,0.519,527054,julioteheran,Teheran,Right,Julio Teheran,MIL,4.4,4.93,71.2,104.0,85.0,98.0,0.813,6.28,1.63,8.54,1.63,0.97,0.249,0.362,0.118,0.339,0.428,94.0,107.0,89.0,82.0,103.0,103.0,99.0,109.0,105.0,,,,0.094,,0.115,0.118,-5.82,,1.98,-0.54,89.2,83.4,,77.4,0.368,1.105,0.265,,,,0.286,0.514,0.257,0.074,0.185,0.3279999999999999,90.0,104.0,100.0,0.387,-0.03,90.0,0.285,0.472,0.121,79.0,101.0,96.0,0.287,0.93,86.4,0.219,0.359,0.22,,,,,,,,,,,,,,,,,,,,,,,,,,,,,,
2023-07-01,9:00 PM.,CLE,CHC,home,Overcast.,73,676440,C,3,0,1,0,0,0,0,0,0,0,0,0.179,0.271,0.226,0.497,676440,tannerbibee,Bibee,Right,Tanner Bibee,CLE,2.98,3.69,142.0,100.0,98.0,101.0,0.763,8.94,2.85,7.73,0.82,0.88,0.244,0.383,0.168,0.302,0.427,101.0,98.0,105.0,88.0,98.0,102.0,91.0,97.0,91.0,110.0,106.0,115.0,0.471,0.27,0.093,0.166,0.6,1.35,-1.11,1.07,94.9,83.8,84.7,78.3,0.243,0.348,0.19,0.206,0.355,0.317,0.213,0.298,0.3779999999999999,0.271,0.479,0.233,,,,,,,,,,,,,,,,,,,,,,,,,,,,,,,,,,,,,,,,,,,,,,,,
2023-06-25,3:11 PM.,STL,CHC,away,Sunny.,87,669461,C,2,0,0,0,0,0,0,0,0,1,0,0.173,0.269,0.222,0.491,669461,matthewliberatore,Liberatore,Left,Matthew Liberatore,STL,5.25,5.96,61.2,93.0,88.0,93.0,0.825,6.71,3.65,9.63,0.73,1.28,0.322,0.342,0.131,0.372,0.426,72.0,100.0,96.0,101.0,87.0,97.0,72.0,98.0,90.0,117.0,88.0,99.0,0.382,0.127,0.224,0.081,-0.74,-2.12,-1.62,-0.64,94.2,87.3,86.6,76.6,0.308,0.49,0.161,0.333,0.533,0.286,0.278,0.389,0.125,0.222,0.472,0.3379999999999999,91.0,92.0,91.0,0.185,1.76,94.3,0.208,0.302,0.098,,,,,,,,,,,,,,,,,,,,,,,,,,,,,,,,,,,,,,,
2023-06-20,7:05 PM.,PIT,CHC,away,Cloudy.,77,670912,C,3,1,1,0,0,1,1,0,1,0,2,0.177,0.275,0.228,0.503,670912,johanoviedo,Oviedo,Right,Johan Oviedo,PIT,4.31,4.61,177.2,95.0,91.0,95.0,0.759,8.0,4.2,8.16,0.96,1.24,0.234,0.408,0.164,0.316,0.411,75.0,84.0,82.0,87.0,97.0,101.0,83.0,93.0,87.0,103.0,98.0,104.0,0.392,0.367,0.149,0.041,-1.25,0.8,0.82,-0.07,95.8,88.1,88.2,80.9,0.277,0.477,0.183,0.21,0.349,0.326,0.25,0.3,0.357,0.193,0.352,0.308,100.0,93.0,92.0,0.05,0.93,95.7,0.276,0.345,0.065,,,,,,,,,,,,,,,,,,,,,,,,,,,,,,,,,,,,,,,
2023-06-18,12:05 PM.,BAL,CHC,home,Partly Cloudy.,76,665152,C,1,0,0,0,0,0,0,0,0,1,0,0.171,0.264,0.184,0.448,665152,deankremer,Kremer,Right,Dean Kremer,BAL,4.12,4.93,172.2,102.0,99.0,100.0,0.785,8.18,2.87,8.91,1.41,1.05,0.282,0.38,0.145,0.311,0.423,86.0,91.0,93.0,93.0,94.0,98.0,106.0,103.0,102.0,116.0,98.0,105.0,0.371,0.033,0.089,0.123,0.43,-1.43,-2.29,-1.4,94.6,85.3,82.8,78.1,0.252,0.409,0.262,0.25,0.417,0.244,0.26,0.377,0.27,0.347,0.592,0.24,84.0,106.0,99.0,0.145,1.81,91.9,0.269,0.38,0.081,104.0,106.0,102.0,0.239,0.02,88.8,0.222,0.416,0.2769999999999999,,,,,,,,,,,,,,,,,,,,,,,,,,,,,,
2023-06-15,7:05 PM.,PIT,CHC,home,Partly Cloudy.,55,670912,C,3,0,0,0,0,0,0,1,1,3,4,0.173,0.267,0.187,0.454,670912,johanoviedo,Oviedo,Right,Johan Oviedo,PIT,4.31,4.61,177.2,95.0,91.0,95.0,0.759,8.0,4.2,8.16,0.96,1.24,0.234,0.408,0.164,0.316,0.411,75.0,84.0,82.0,87.0,97.0,101.0,83.0,93.0,87.0,103.0,98.0,104.0,0.392,0.367,0.149,0.041,-1.25,0.8,0.82,-0.07,95.8,88.1,88.2,80.9,0.277,0.477,0.183,0.21,0.349,0.326,0.25,0.3,0.357,0.193,0.352,0.308,100.0,93.0,92.0,0.05,0.93,95.7,0.276,0.345,0.065,,,,,,,,,,,,,,,,,,,,,,,,,,,,,,,,,,,,,,,
2023-06-13,8:15 PM.,PIT,CHC,home,Overcast.,61,682847,C,4,1,2,0,0,0,0,0,0,2,0,0.181,0.268,0.194,0.462,682847,luislortiz,"Ortiz, L.L.",Right,Luis L. Ortiz,,,,,,,,,,,,,,,,,,,,,,,,,,,,,,,,,,,,,,,,,,,0.383,0.704,0.156,0.246,0.449,0.312,0.209,0.209,0.341,,,,,,,,,,0.294,0.343,0.135,,,,,,,,,,,,,,,,,,,,,,,,,,,,,,,,,,,,,,,
2023-06-09,7:16 PM.,SF,CHC,away,Partly Cloudy.,60,543101,C,4,0,1,0,0,0,1,0,0,0,2,0.162,0.256,0.176,0.432,543101,anthonydesclafani,DeSclafani,Right,Anthony DeSclafani,SFG,4.88,5.16,99.2,99.0,94.0,97.0,0.818,7.13,1.81,9.48,1.35,1.22,0.257,0.387,0.162,0.365,0.417,75.0,92.0,86.0,,,,86.0,88.0,84.0,101.0,97.0,101.0,0.126,0.448,,0.098,-1.8,0.88,,-1.71,93.1,86.4,87.4,,0.306,0.528,0.132,0.257,0.429,0.2689999999999999,0.344,0.5,0.15,0.16,0.28,0.278,90.0,106.0,99.0,0.277,-0.66,93.1,0.283,0.5,0.1119999999999999,,,,,,,,,,,,,,,,,,,106.0,109.0,109.0,0.05,-0.59,82.2,,,,,,,,,,,,,,,
2023-06-03,7:10 PM.,SD,CHC,away,Partly Cloudy.,65,506433,C,3,0,0,0,0,0,0,0,0,3,0,0.156,0.257,0.172,0.429,506433,yudarvish,Darvish,Right,Yu Darvish,SDP,4.56,3.82,136.1,102.0,112.0,106.0,0.769,9.31,2.84,8.85,1.19,1.19,0.236,0.39,0.181,0.306,0.453,180.0,50.0,53.0,97.0,94.0,104.0,122.0,110.0,114.0,125.0,98.0,108.0,0.167,0.363,0.051,0.001,-1.74,-0.68,1.37,-1.35,94.7,82.3,84.0,72.3,0.253,0.538,0.159,0.432,0.703,0.244,,,,0.13,0.203,0.391,101.0,106.0,102.0,0.186,0.46,94.3,0.319,0.418,0.157,93.0,95.0,99.0,0.089,2.4,90.9,0.2,0.32,0.196,95.0,104.0,100.0,0.077,1.21,89.2,0.167,0.217,0.4,105.0,111.0,112.0,0.066,3.06,79.3,,,,,,,,,,,,,,,
2023-05-31,1:19 PM.,TB,CHC,home,Sunny.,83,621107,C,2,0,0,0,0,0,0,0,0,0,0,0.164,0.268,0.18,0.448,621107,zacheflin,Eflin,Right,Zach Eflin,TBR,3.5,3.02,177.2,108.0,98.0,106.0,0.775,9.42,1.22,8.0,0.96,1.48,0.21,0.449,0.159,0.343,0.449,75.0,99.0,94.0,100.0,110.0,107.0,83.0,123.0,112.0,122.0,120.0,127.0,0.062,0.044,0.263,0.051,2.53,0.79,1.27,-0.61,92.9,86.4,80.0,79.1,0.104,0.208,0.32,0.6,0.6,0.5,0.192,0.308,0.283,0.185,0.339,0.349,98.0,107.0,105.0,0.319,1.09,92.2,0.259,0.315,0.129,100.0,106.0,102.0,0.261,-0.01,88.5,0.307,0.588,0.1669999999999999,,,,,,,,,,,,,,,,,,,,,,,,,,,,,,
2023-05-29,1:20 PM.,TB,CHC,home,Sunny.,71,671737,C,3,0,0,0,0,0,0,0,0,1,2,0.169,0.275,0.186,0.461,671737,tajbradley,"Bradley, T",Right,Taj Bradley,TBR,5.59,4.45,104.2,101.0,110.0,105.0,0.775,11.09,3.35,9.11,1.98,0.88,0.268,0.405,0.158,0.392,0.449,,,,88.0,107.0,111.0,131.0,101.0,109.0,,,,0.449,,0.167,,-0.8,,0.04,,96.1,,,79.0,0.277,0.559,0.191,,,,,,,0.169,0.338,0.2239999999999999,,,,0.001,0.0,97.8,,,,106.0,99.0,99.0,0.248,-1.32,88.9,0.312,0.581,0.295,,,,0.136,0.62,89.3,0.19,0.333,0.41,,,,,,,,,,,,,,,,,,,,,
2023-05-26,1:20 PM.,CIN,CHC,home,Sunny.,59,668881,C,3,0,0,0,0,0,0,0,0,1,2,0.179,0.288,0.196,0.484,668881,huntergreene,"Greene, H",Right,Hunter Greene,CIN,4.82,3.82,112.0,103.0,124.0,107.0,0.725,12.21,3.86,8.92,1.53,0.74,0.241,0.407,0.128,0.345,0.42,69.0,88.0,90.0,,,,127.0,103.0,105.0,126.0,104.0,112.0,0.544,0.404,,0.053,-0.95,0.16,,-2.39,98.3,91.1,87.3,,0.265,0.518,0.252,0.229,0.416,0.392,0.304,0.478,0.242,,,,,,,,,,,,,,,,,,,,,,,,,,,,,,,,,,,,,,,,,,,,,,,,,,,
2023-05-24,6:40 PM.,NYM,CHC,home,Clear.,51,673540,C,3,0,0,0,0,0,0,0,1,1,2,0.189,0.302,0.208,0.51,673540,kodaisenga,Senga,Right,Kodai Senga,NYM,2.98,3.87,166.1,95.0,97.0,97.0,0.721,10.93,4.17,6.82,0.92,1.23,0.252,0.416,0.161,0.333,0.382,,,,91.0,90.0,87.0,109.0,97.0,97.0,100.0,93.0,102.0,0.37,0.116,0.027,,0.17,-0.96,-0.23,,95.7,,82.7,72.8,0.244,0.399,0.173,0.333,0.952,0.245,,,,0.125,0.5,0.444,,,,,,,,,,93.0,95.0,93.0,0.25,2.52,90.8,0.244,0.339,0.182,,,,,,,0.11,0.147,0.595,,,,,,,,,,0.237,0.95,83.2,,,,,,,,,
2023-05-21,1:38 PM.,PHI,CHC,away,Partly Cloudy.,70,592836,C,2,0,0,0,0,0,0,0,1,0,0,0.2,0.305,0.22,0.525,592836,taijuanwalker,"Walker, T",Right,Taijuan Walker,PHI,4.38,4.36,172.2,99.0,94.0,97.0,0.808,7.19,3.7,8.08,1.04,1.21,0.217,0.43,0.167,0.326,0.382,,,,92.0,91.0,94.0,79.0,98.0,90.0,124.0,109.0,114.0,0.176,0.026,0.057,,-0.82,-1.43,-1.07,,92.8,,82.5,74.8,0.257,0.541,0.254,0.158,0.632,0.342,,,,0.212,0.485,0.36,81.0,100.0,93.0,0.233,0.53,92.4,0.273,0.429,0.1,99.0,103.0,100.0,0.176,-0.44,87.1,0.284,0.441,0.158,104.0,97.0,100.0,0.332,0.48,87.9,0.205,0.295,0.244,,,,,,,,,,,,,,,,,,,,,
2023-05-16,7:11 PM.,HOU,CHC,away,Roof Closed.,73,664299,C,1,0,0,0,0,0,0,0,2,1,0,0.208,0.304,0.229,0.533,664299,cristianjavier,Javier,Right,Cristian Javier,HOU,4.56,4.42,162.0,98.0,102.0,100.0,0.762,8.83,3.44,7.94,1.39,0.46,0.266,0.368,0.15,0.331,0.399,78.0,101.0,98.0,,,,101.0,98.0,98.0,108.0,95.0,102.0,0.584,0.3,,0.041,0.44,-0.09,,-1.29,92.7,83.7,79.5,,0.236,0.455,0.265,0.211,0.367,0.287,0.28,0.36,0.392,0.268,0.366,0.195,,,,,,,,,,,,,,,,,,,,,,,,,,,,91.0,99.0,102.0,0.075,-1.17,76.6,,,,,,,,,,,,,,,
2023-05-13,2:31 PM.,MIN,CHC,away,Overcast.,63,657746,C,3,0,2,0,0,0,1,0,1,1,0,0.213,0.283,0.234,0.517,657746,joeryan,Ryan,Right,Joe Ryan,MIN,4.51,3.53,161.2,107.0,99.0,105.0,0.749,10.97,1.89,8.63,1.78,0.63,0.232,0.423,0.147,0.326,0.455,,,,,,,102.0,112.0,108.0,102.0,88.0,94.0,0.569,0.159,,,0.89,-2.12,,,92.3,,80.3,,0.24,0.457,0.287,0.32,0.56,0.241,,,,,,,,,,,,,,,,,,,,,,,,,91.0,104.0,102.0,0.272,-0.3,83.9,0.242,0.415,0.213,,,,,,,,,,,,,,,,,,,,,
2023-05-08,6:39 PM.,STL,CHC,home,Cloudy.,48,571945,C,1,0,0,0,0,0,0,0,1,1,2,0.182,0.245,0.205,0.45,571945,milesmikolas,Mikolas,Right,Miles Mikolas,STL,4.78,5.44,201.1,108.0,88.0,101.0,0.852,6.12,1.74,10.1,1.16,0.99,0.251,0.375,0.128,0.349,0.475,58.0,96.0,93.0,95.0,105.0,102.0,74.0,112.0,99.0,108.0,107.0,108.0,0.26,0.243,0.198,0.054,-0.19,0.62,-0.92,2.68,93.3,84.4,86.4,75.9,0.29,0.495,0.1889999999999999,0.245,0.375,0.2239999999999999,0.182,0.382,0.085,0.261,0.387,0.198,86.0,108.0,99.0,0.243,-1.61,92.7,0.34,0.54,0.085,,,,,,,,,,,,,,,,,,,,,,0.002,-0.89,68.1,,,,,,,,,,,,,,,
2023-05-07,1:20 PM.,MIA,CHC,home,Sunny.,77,645261,C,2,0,0,0,0,0,0,0,0,1,2,0.186,0.234,0.209,0.443,645261,sandyalcantara,"Alcantara, S",Right,Sandy Alcantara,MIA,4.14,4.33,184.2,105.0,113.0,108.0,0.771,7.36,2.34,8.58,1.07,1.69,0.23,0.4,0.149,0.343,0.452,108.0,104.0,107.0,134.0,99.0,105.0,111.0,111.0,107.0,116.0,103.0,110.0,0.213,0.201,0.022,0.273,-0.27,0.72,-0.52,-0.43,98.0,91.1,89.9,86.1,0.253,0.448,0.267,0.227,0.364,0.352,0.282,0.401,0.299,0.308,0.308,0.182,115.0,106.0,108.0,0.29,1.72,97.6,0.237,0.366,0.124,,,,,,,,,,,,,,,,,,,,,,,,,,,,,,,,,,,,,,,
2023-05-06,1:19 PM.,MIA,CHC,home,Overcast.,65,598264,C,3,0,1,0,0,0,0,0,0,1,1,0.195,0.244,0.22,0.464,598264,mattbarnes,"Barnes, M",Right,Matt Barnes,MIA,5.48,4.7,21.1,96.0,101.0,96.0,0.805,8.44,4.22,10.55,0.84,1.74,0.206,0.441,0.118,0.279,0.358,,,,,,,86.0,90.0,84.0,,,,0.455,,,,-2.58,,,,93.4,,,,0.395,0.553,0.106,,,,,,,0.205,0.273,0.28,,,,,,,,,,,,,,,,,,,194.0,109.0,118.0,0.06,1.32,87.9,0.167,0.167,0.273,102.0,100.0,105.0,0.485,2.23,83.4,,,,,,,,,,,,,,,
2023-05-03,7:05 PM.,WSH,CHC,away,Cloudy.,54,663623,C,3,0,0,0,0,0,0,0,0,0,2,0.184,0.238,0.211,0.449,663623,jakeirvin,"Irvin, J",Right,Jake Irvin,WSN,4.61,5.1,121.0,101.0,99.0,98.0,0.839,7.36,4.02,8.78,1.49,1.08,0.252,0.369,0.125,0.374,0.427,78.0,99.0,95.0,110.0,100.0,103.0,92.0,100.0,94.0,,,,0.356,,0.306,0.051,-0.01,,0.08,1.21,94.5,87.8,,80.9,0.208,0.376,0.192,,,,0.25,0.5,0.156,0.197,0.362,0.257,101.0,101.0,98.0,0.287,-0.75,93.9,0.348,0.525,0.093,,,,,,,,,,,,,,,,,,,,,,,,,,,,,,,,,,,,,,,
2023-05-02,7:05 PM.,WSH,CHC,away,Overcast.,53,592866,C,2,0,0,0,0,0,0,0,1,0,1,0.2,0.256,0.229,0.485,592866,trevorwilliams,Williams,Right,Trevor Williams,WSN,5.55,5.66,144.1,104.0,81.0,96.0,0.831,6.92,3.3,11.1,2.12,0.96,0.253,0.4,0.163,0.329,0.387,68.0,105.0,96.0,97.0,95.0,95.0,80.0,107.0,96.0,94.0,114.0,103.0,0.433,0.182,0.069,0.171,-0.77,-1.7,-1.93,-2.25,89.7,83.3,80.9,76.7,0.283,0.563,0.1669999999999999,0.313,0.5,0.281,0.315,0.483,0.1989999999999999,0.314,0.629,0.2,91.0,100.0,95.0,0.146,-0.45,88.2,0.325,0.458,0.188,,,,,,,,,,,,,,,,,,,,,,,,,,,,,,,,,,,,,,,
2023-05-01,7:05 PM.,WSH,CHC,away,Cloudy.,57,669022,C,3,0,1,1,0,0,0,0,0,1,1,0.212,0.25,0.242,0.492,669022,mackenziegore,Gore,Left,MacKenzie Gore,WSN,4.42,5.2,136.1,97.0,100.0,101.0,0.749,9.97,3.76,8.85,1.78,0.97,0.26,0.391,0.158,0.354,0.409,69.0,88.0,90.0,72.0,99.0,104.0,112.0,98.0,100.0,101.0,97.0,102.0,0.595,0.188,0.188,0.029,-0.27,0.77,-0.85,1.1,95.0,86.5,88.5,83.2,0.279,0.503,0.216,0.213,0.415,0.375,0.188,0.25,0.382,0.257,0.416,0.379,,,,,,,,,,,,,,,,,,,,,,,,,,,,,,,,,,,,,,,,,,,,,,,,
2023-04-29,4:07 PM.,MIA,CHC,away,Roof Closed.,72,665795,C,2,0,0,0,0,0,0,0,0,2,0,0.2,0.242,0.2,0.442,665795,edwardcabrera,"Cabrera, E",Right,Edward Cabrera,MIA,4.24,3.77,99.2,97.0,103.0,97.0,0.718,10.66,5.96,7.04,0.99,1.68,0.159,0.488,0.163,0.293,0.347,91.0,98.0,99.0,109.0,102.0,103.0,106.0,95.0,92.0,115.0,98.0,104.0,0.279,0.081,0.234,0.314,0.19,-0.71,-0.37,1.29,96.2,92.9,88.2,84.6,0.211,0.366,0.191,0.222,0.444,0.306,0.186,0.3,0.363,0.24,0.38,0.38,109.0,86.0,82.0,0.093,-0.3,96.1,0.28,0.44,0.233,,,,,,,,,,,,,,,,,,,,,,,,,,,,,,,,,,,,,,,
2023-04-27,1:21 PM.,SD,CHC,home,Sunny.,60,607625,C,3,0,1,0,0,0,1,0,0,2,0,0.214,0.258,0.214,0.472,607625,sethlugo,"Lugo, S",Right,Seth Lugo,SDP,3.57,4.42,146.1,102.0,103.0,103.0,0.805,8.61,2.21,8.61,1.17,1.34,0.209,0.438,0.139,0.351,0.459,85.0,96.0,97.0,122.0,100.0,105.0,87.0,108.0,103.0,114.0,96.0,108.0,0.318,0.111,0.313,0.059,0.36,-0.6,0.26,-2.89,93.4,86.3,85.2,79.6,0.246,0.464,0.214,0.25,0.417,0.286,0.303,0.576,0.3429999999999999,0.287,0.384,0.265,97.0,102.0,97.0,0.199,1.87,93.2,0.208,0.36,0.089,,,,,,,,,,,,,,,,,,,,,,,,,0.0,0.0,0.226,,,,,,,,,,,,
2023-04-22,1:20 PM.,LAD,CHC,home,Overcast.,41,669160,C,2,0,0,0,0,0,0,0,0,0,0,0.2,0.25,0.2,0.45,669160,dustinmay,May,Right,Dustin May,LAD,2.63,3.4,48.0,103.0,120.0,109.0,0.872,6.38,3.0,5.44,0.19,1.3,0.252,0.43,0.156,0.244,0.459,66.0,93.0,97.0,149.0,102.0,118.0,117.0,103.0,106.0,,,,0.269,,0.203,0.045,0.48,,0.6,2.6,97.3,90.9,,86.3,0.22,0.341,0.178,,,,0.1,0.1,0.077,0.167,0.2,0.226,117.0,102.0,108.0,0.335,3.59,96.6,0.161,0.25,0.125,113.0,111.0,107.0,0.148,3.03,93.0,0.161,0.226,0.143,,,,,,,,,,,,,,,,,,,,,,,,,,,,,,
2023-04-20,7:44 PM.,LAD,CHC,home,Cloudy.,70,675627,C,4,0,0,0,0,0,0,0,0,3,3,0.217,0.269,0.217,0.486,675627,michaelgrove,Grove,Right,Michael Grove,LAD,6.13,5.0,69.0,102.0,98.0,103.0,0.742,9.52,2.48,10.83,1.57,1.07,0.188,0.42,0.164,0.343,0.44,123.0,129.0,150.0,,,,86.0,102.0,95.0,106.0,106.0,111.0,0.327,0.382,,0.003,-3.57,1.07,,-16.59,94.8,88.0,85.6,,0.442,0.779,0.083,0.2,0.331,0.449,,,,0.308,0.423,0.176,,,,0.042,1.99,94.7,0.286,0.357,0.148,94.0,103.0,105.0,0.075,0.93,89.2,0.261,0.565,0.264,,,,,,,,,,98.0,93.0,98.0,0.17,-0.36,78.3,,,,,,,,,,,,,,,
2023-04-19,12:37 PM.,OAK,CHC,away,Partly Cloudy.,56,695243,C,3,0,0,0,0,0,1,0,0,1,2,0.263,0.318,0.263,0.581,695243,masonmiller,"Miller, M",Right,Mason Miller,OAK,3.78,3.18,33.1,96.0,125.0,103.0,0.762,10.26,4.32,6.48,0.54,0.5,0.39,0.268,0.183,0.268,0.433,83.0,80.0,77.0,,,,136.0,98.0,106.0,113.0,97.0,104.0,0.555,0.238,,0.049,0.94,1.87,,1.62,98.3,90.3,85.8,,0.219,0.391,0.21,0.118,0.147,0.471,0.0,0.0,0.429,,,,,,,,,,,,,117.0,95.0,100.0,0.158,-1.76,94.1,0.375,0.375,0.208,,,,,,,,,,,,,,,,,,,,,,,,,,,,,,
2023-04-15,6:10 PM.,LAD,CHC,away,Clear.,64,675627,C,2,0,1,0,0,0,0,0,1,1,0,0.313,0.353,0.313,0.666,675627,michaelgrove,Grove,Right,Michael Grove,LAD,6.13,5.0,69.0,102.0,98.0,103.0,0.742,9.52,2.48,10.83,1.57,1.07,0.188,0.42,0.164,0.343,0.44,123.0,129.0,150.0,,,,86.0,102.0,95.0,106.0,106.0,111.0,0.327,0.382,,0.003,-3.57,1.07,,-16.59,94.8,88.0,85.6,,0.442,0.779,0.083,0.2,0.331,0.449,,,,0.308,0.423,0.176,,,,0.042,1.99,94.7,0.286,0.357,0.148,94.0,103.0,105.0,0.075,0.93,89.2,0.261,0.565,0.264,,,,,,,,,,98.0,93.0,98.0,0.17,-0.36,78.3,,,,,,,,,,,,,,,
2023-04-12,1:21 PM.,SEA,CHC,home,Sunny.,77,669302,C,3,0,0,0,0,0,0,0,0,1,1,0.286,0.286,0.286,0.572,669302,logangilbert,"Gilbert, L",Right,Logan Gilbert,SEA,3.73,3.69,190.2,102.0,106.0,102.0,0.767,8.92,1.7,7.98,1.37,1.02,0.238,0.427,0.125,0.333,0.47,,,,,,,88.0,103.0,99.0,133.0,101.0,99.0,0.419,0.297,,,0.01,1.84,,,95.7,,88.7,,0.28,0.491,0.177,0.211,0.349,0.322,,,,0.214,0.371,0.306,55.0,90.0,81.0,0.003,-11.33,93.7,0.667,1.0,0.25,,,,,,,,,,98.0,103.0,117.0,0.148,0.25,85.6,0.174,0.34,0.35,110.0,95.0,103.0,0.134,0.39,80.3,,,,,,,,,,,,,,,
2023-04-10,6:39 PM.,SEA,CHC,home,Clear.,67,622491,PH,1,0,0,0,0,0,0,0,0,1,1,0.364,0.364,0.364,0.728,622491,luiscastillo,"Castillo, L",Right,Luis Castillo,SEA,3.34,3.82,197.0,103.0,96.0,102.0,0.717,10.01,2.56,7.31,1.28,0.92,0.268,0.375,0.182,0.333,0.422,83.0,108.0,105.0,,,,95.0,104.0,100.0,117.0,100.0,108.0,0.444,0.221,,0.156,1.31,-0.12,,-1.6,96.3,88.3,85.7,,0.165,0.384,0.33,0.234,0.455,0.3779999999999999,0.28,0.42,0.325,,,,82.0,103.0,95.0,0.179,0.6,95.9,0.239,0.337,0.136,,,,,,,,,,,,,,,,,,,,,,,,,,,,,,,,,,,,,,,
2023-04-09,1:19 PM.,TEX,CHC,home,Partly Cloudy.,63,592351,C,2,0,2,0,0,0,0,0,0,0,0,0.4,0.4,0.4,0.8,592351,jongray,"Gray, Jn",Right,Jon Gray,TEX,4.12,4.48,157.1,101.0,97.0,100.0,0.758,8.12,3.09,8.52,1.26,1.1,0.288,0.348,0.157,0.324,0.437,77.0,96.0,97.0,99.0,90.0,98.0,82.0,100.0,92.0,116.0,103.0,109.0,0.424,0.398,0.062,0.116,-1.83,2.33,-1.69,1.71,95.7,88.8,87.2,78.2,0.346,0.551,0.179,0.105,0.211,0.324,0.211,0.268,0.213,0.263,0.737,0.27,,,,,,,,,,,,,,,,,,,,,,,,,,,,,,,,,,,,,,,,,,,,,,,,
2023-04-07,1:20 PM.,TEX,CHC,home,Sunny.,43,543135,C,3,1,1,0,0,0,0,0,0,0,3,0.25,0.25,0.25,0.5,543135,nathaneovaldi,Eovaldi,Right,Nathan Eovaldi,TEX,3.63,3.98,144.0,100.0,101.0,98.0,0.758,8.25,2.94,7.31,0.94,1.59,0.196,0.469,0.14,0.367,0.397,,,,99.0,104.0,102.0,92.0,97.0,93.0,101.0,113.0,109.0,0.372,0.04,0.135,,0.41,-3.23,0.86,,95.1,,83.9,76.0,0.234,0.423,0.183,0.303,0.606,0.1369999999999999,,,,0.2,0.22,0.417,,,,,,,,,,86.0,98.0,92.0,0.176,1.33,90.6,0.238,0.417,0.198,125.0,101.0,106.0,0.276,1.26,87.9,0.196,0.314,0.355,,,,,,,,,,,,,,,,,,,,,
2023-04-03,6:41 PM.,CIN,CHC,away,Clear.,71,656818,C,3,0,1,0,0,0,0,0,0,0,0,0.2,0.2,0.2,0.4,656818,connoroverton,Overton,Right,Connor Overton,CIN,11.45,6.61,11.0,93.0,77.0,89.0,0.734,7.36,5.73,15.55,2.45,0.94,0.179,0.564,0.103,0.308,0.412,64.0,94.0,92.0,,,,76.0,101.0,89.0,98.0,96.0,102.0,0.275,0.23,,0.235,-1.27,-8.32,,-3.39,91.1,84.5,81.5,,0.308,0.615,0.24,0.8,1.8,0.1669999999999999,0.308,0.692,0.28,,,,83.0,90.0,82.0,0.135,-2.74,90.6,0.667,0.667,0.1,61.0,63.0,64.0,0.125,-6.73,88.7,0.5,1.25,0.0,,,,,,,,,,,,,,,,,,,,,,,,,,,,,,
2023-04-01,1:19 PM.,MIL,CHC,home,Cloudy.,39,605540,C,2,0,0,0,0,0,0,0,0,1,1,0.0,0.0,0.0,0.0,605540,brandonwoodruff,Woodruff,Right,Brandon Woodruff,MIL,2.28,2.82,67.0,107.0,114.0,110.0,0.749,9.94,2.01,5.37,1.21,0.81,0.236,0.416,0.168,0.298,0.474,111.0,104.0,118.0,89.0,103.0,105.0,125.0,112.0,115.0,108.0,107.0,108.0,0.41,0.095,0.079,0.197,0.95,-0.33,-0.01,3.2,95.8,85.8,86.9,82.9,0.177,0.385,0.314,0.278,0.611,0.268,0.098,0.118,0.38,0.182,0.455,0.409,108.0,100.0,96.0,0.22,2.76,95.0,0.193,0.281,0.124,,,,,,,,,,,,,,,,,,,,,,,,,,,,,,,,,,,,,,,
2023-03-28,12:05 PM.,CWS,CHC,home,Partly Cloudy.,74,656629,C,2,0,0,0,0,0,0,0,0,0,2,0.161,0.2,0.161,0.361,656629,michaelkopech,Kopech,Right,Michael Kopech,CHW,5.43,5.77,129.1,91.0,108.0,94.0,0.755,9.32,6.33,8.0,2.02,0.75,0.243,0.41,0.155,0.347,0.384,73.0,82.0,76.0,96.0,97.0,97.0,116.0,89.0,94.0,102.0,97.0,99.0,0.614,0.272,0.04,0.074,-0.71,-1.5,-0.94,0.15,95.2,88.7,84.8,80.6,0.244,0.462,0.264,0.258,0.516,0.2739999999999999,0.133,0.3,0.3389999999999999,0.158,0.474,0.1939999999999999,,,,,,,,,,,,,,,,,,,,,,,,,,,,,,,,,,,,,,,,,,,,,,,,
2024-06-30,1:10 PM.,OAK,AZ,home,Roof Closed.,78,665622,C,2,0,1,1,0,0,0,0,0,0,3,0.173,0.287,0.21,0.497,665622,luismedina,Medina,Right,Luis Medina,OAK,5.18,4.65,40.0,95.0,105.0,96.0,0.81,7.2,4.5,9.68,0.9,0.94,0.291,0.457,0.173,0.307,0.438,103.0,88.0,87.0,107.0,101.0,104.0,100.0,98.0,95.0,111.0,90.0,95.0,0.425,0.251,0.101,0.079,0.46,-0.28,-0.19,-2.61,95.9,89.6,85.8,81.2,0.238,0.365,0.122,0.262,0.357,0.308,0.353,0.529,0.067,0.154,0.308,0.433,108.0,97.0,97.0,0.143,-2.88,95.9,0.429,0.667,0.118,,,,,,,,,,,,,,,,,,,,,,,,,,,,,,,,,,,,,,,
2024-06-28,6:40 PM.,OAK,AZ,home,Roof Closed.,79,676664,C,2,0,0,0,0,0,0,0,0,1,0,0.165,0.283,0.19,0.473,676664,jpsears,Sears,Left,JP Sears,OAK,4.38,4.43,180.2,99.0,90.0,94.0,0.8,6.82,2.44,8.57,1.39,0.79,0.244,0.413,0.171,0.325,0.443,84.0,94.0,83.0,,,,70.0,102.0,92.0,118.0,100.0,105.0,0.363,0.339,,0.192,-0.8,-0.1,,-0.21,91.9,84.0,78.9,,0.23,0.476,0.256,0.23,0.525,0.259,0.297,0.428,0.188,,,,84.0,100.0,87.0,0.106,1.37,90.0,0.276,0.395,0.104,,,,,,,,,,,,,,,,,,,,,,,,,,,,,,,0.239,0.381,0.213,,,,,,
2024-06-27,12:40 PM.,MIN,AZ,home,Roof Closed.,78,701581,C,1,1,0,0,0,0,0,0,1,1,1,0.169,0.289,0.195,0.484,701581,davidfesta,"Festa, D",Right,David Festa,MIN,4.9,4.14,64.1,101.0,100.0,103.0,0.735,10.77,3.22,8.67,1.26,0.9,0.229,0.451,0.166,0.331,0.405,72.0,105.0,105.0,,,,107.0,96.0,99.0,118.0,103.0,105.0,0.402,0.318,,0.28,-0.79,1.48,,-1.14,94.7,88.4,86.1,,0.304,0.544,0.194,0.207,0.315,0.291,0.237,0.463,0.394,,,,,,,,,,,,,,,,,,,,,,,,,,,,,,,,,,,,,,,,,,,,,,,,,,,
2024-06-26,6:40 PM.,MIN,AZ,home,Roof Closed.,74,680573,C,3,0,0,0,0,0,0,0,0,1,0,0.171,0.284,0.197,0.481,680573,simeonwoodsrichardson,Woods Richardson,Right,Simeon Woods Richardson,MIN,4.17,4.05,133.2,104.0,87.0,100.0,0.807,7.88,3.23,8.42,1.08,0.8,0.289,0.421,0.155,0.282,0.436,103.0,106.0,113.0,106.0,103.0,102.0,71.0,100.0,88.0,92.0,108.0,106.0,0.403,0.312,0.093,0.193,0.82,0.76,1.68,-3.33,93.1,82.8,86.4,76.1,0.258,0.356,0.219,0.214,0.313,0.239,0.311,0.622,0.205,0.186,0.326,0.221,,,,,,,,,,,,,,,,,,,,,,,,,,,,,,,,,,,,,,,,,,,,,,,,
2024-06-25,6:40 PM.,MIN,AZ,home,Roof Closed.,78,657746,C,3,0,1,0,0,0,1,0,0,2,0,0.178,0.294,0.205,0.499,657746,joeryan,Ryan,Right,Joe Ryan,MIN,3.6,2.87,135.0,107.0,99.0,104.0,0.752,9.8,1.53,7.33,1.27,0.79,0.242,0.427,0.198,0.281,0.481,,,,,,,94.0,110.0,105.0,108.0,103.0,112.0,0.485,0.234,,,1.38,-0.09,,,94.0,,83.1,,0.194,0.379,0.275,0.343,0.6,0.216,,,,,,,110.0,108.0,105.0,0.06,-0.77,92.9,0.345,0.483,0.094,,,,,,,,,,101.0,103.0,94.0,0.221,0.2,88.6,0.202,0.387,0.258,,,,,,,,,,,,,0.207,0.37,0.337,,,,,,
2024-06-22,4:05 PM.,PHI,AZ,away,Partly Cloudy.,97,554430,P,3,0,1,0,0,0,1,0,0,1,0,0.171,0.293,0.2,0.493,554430,zackwheeler,Wheeler,Right,Zack Wheeler,PHI,2.57,2.8,200.0,104.0,106.0,108.0,0.747,10.08,2.34,6.26,0.9,1.09,0.245,0.35,0.209,0.29,0.42,,,,110.0,101.0,107.0,101.0,106.0,109.0,128.0,106.0,115.0,0.416,0.125,0.1,,0.88,1.04,-0.98,,95.3,,84.9,81.8,0.209,0.395,0.296,,,,,,,0.205,0.397,0.387,111.0,103.0,107.0,0.192,2.68,94.6,0.189,0.259,0.142,92.0,97.0,94.0,0.093,-0.23,91.1,0.226,0.371,0.183,94.0,110.0,110.0,0.074,1.47,86.1,0.137,0.196,0.402,,,,,,,,,,,,,0.152,0.273,0.335,,,,,,
2024-06-21,7:06 PM.,PHI,AZ,away,Clear.,93,592836,C,2,0,0,0,0,0,0,0,0,0,2,0.164,0.291,0.194,0.485,592836,taijuanwalker,"Walker, T",Right,Taijuan Walker,PHI,7.1,7.09,83.2,98.0,88.0,95.0,0.847,6.24,3.98,11.51,2.58,0.93,0.184,0.442,0.131,0.389,0.429,,,,87.0,96.0,97.0,61.0,93.0,83.0,56.0,108.0,104.0,0.126,0.178,0.108,,-2.65,2.03,1.99,,91.5,,85.1,74.7,0.346,0.615,0.232,,,,,,,0.172,0.31,0.149,78.0,98.0,91.0,0.275,-2.96,91.1,0.378,0.684,0.082,95.0,91.0,87.0,0.094,-4.99,87.3,0.435,1.087,0.093,108.0,101.0,106.0,0.219,-4.16,86.7,0.38,0.652,0.163,,,,,,,,,,,,,0.157,0.314,0.28,,,,,,
2024-06-20,1:05 PM.,WSH,AZ,away,Partly Cloudy.,84,669022,C,4,1,1,0,0,0,1,0,0,1,4,0.169,0.299,0.2,0.499,669022,mackenziegore,Gore,Left,MacKenzie Gore,WSN,3.9,4.2,166.1,98.0,110.0,101.0,0.752,9.79,3.52,9.25,0.81,1.11,0.26,0.376,0.156,0.3,0.433,92.0,91.0,94.0,104.0,104.0,102.0,124.0,98.0,103.0,89.0,92.0,92.0,0.553,0.158,0.196,0.093,-0.02,-0.77,0.62,-1.35,96.0,85.9,90.6,82.8,0.281,0.418,0.226,0.255,0.422,0.323,0.28,0.48,0.512,0.218,0.296,0.34,,,,,,,,,,,,,,,,,,,,,,,,,,,,,,,,,,,,,,,,0.333,0.5,0.417,,,,,,
2024-06-14,6:40 PM.,CWS,AZ,home,Roof Closed.,79,623167,C,4,1,2,0,0,0,2,0,0,0,1,0.164,0.301,0.197,0.498,623167,chrisflexen,Flexen,Right,Chris Flexen,CHW,4.95,4.71,160.0,97.0,56.0,92.0,0.789,6.92,3.54,10.13,1.35,0.79,0.249,0.41,0.154,0.308,0.373,126.0,99.0,104.0,83.0,98.0,101.0,2.0,93.0,82.0,148.0,102.0,103.0,0.37,0.087,0.122,0.157,-0.64,-2.65,0.43,-1.32,91.3,81.3,80.0,72.0,0.261,0.473,0.132,0.361,0.475,0.271,0.257,0.436,0.379,0.246,0.393,0.308,74.0,108.0,87.0,0.002,2.01,91.4,,,,47.0,101.0,90.0,0.261,-0.75,87.4,0.319,0.536,0.218,,,,,,,,,,,,,,,,,,,,,,,,,,,,,,
2024-06-08,5:40 PM.,SD,AZ,away,Partly Cloudy.,66,663362,C,3,0,0,0,0,0,0,0,0,1,4,0.14,0.29,0.175,0.465,663362,mattwaldron,Waldron,Right,Matt Waldron,SDP,4.91,4.11,146.2,104.0,83.0,98.0,0.806,8.16,2.45,8.9,1.29,0.91,0.207,0.402,0.164,0.302,0.441,,,,,,,57.0,108.0,91.0,115.0,101.0,107.0,0.19,0.198,,,-0.77,0.5,,,90.6,,79.3,,0.265,0.513,0.224,,,,,,,,,,73.0,108.0,102.0,0.144,0.64,90.0,0.303,0.404,0.067,83.0,98.0,90.0,0.086,1.88,87.0,0.231,0.385,0.144,,,,,,,,,,,,,,,,,,,,,,0.227,0.454,0.201,77.6,0.382,-1.09,0.246,0.394,0.275
2024-06-05,12:40 PM.,SF,AZ,home,Roof Closed.,74,663855,C,2,0,0,0,0,0,0,0,1,1,2,0.148,0.303,0.185,0.488,663855,jordanhicks,"Hicks, J",Right,Jordan Hicks,SFG,4.1,4.91,109.2,94.0,107.0,97.0,0.765,7.88,3.86,9.19,0.98,1.64,0.219,0.422,0.125,0.337,0.403,,,,,,,79.0,85.0,79.0,125.0,93.0,101.0,0.054,0.241,,,-3.85,-0.1,,,95.4,,81.1,,0.238,0.381,0.31,,,,,,,,,,95.0,95.0,94.0,0.515,-0.02,94.5,0.341,0.498,0.111,,,,,,,,,,121.0,92.0,106.0,0.191,-0.41,84.3,0.181,0.287,0.408,,,,,,,,,,,,,0.152,0.329,0.376,,,,,,
2024-06-02,1:41 PM.,NYM,AZ,away,Sunny.,81,500779,C,3,0,0,0,0,0,0,0,0,2,2,0.154,0.302,0.192,0.494,500779,josequintana,Quintana,Left,Jose Quintana,NYM,3.75,4.52,170.1,97.0,83.0,93.0,0.801,7.13,3.33,7.93,1.16,1.35,0.224,0.407,0.173,0.344,0.337,70.0,100.0,97.0,110.0,100.0,99.0,70.0,92.0,85.0,,,,0.225,,0.278,0.193,-0.32,,-0.04,0.5,90.7,85.7,,77.7,0.227,0.427,0.169,,,,0.203,0.26,0.367,0.265,0.444,0.264,76.0,97.0,91.0,0.304,0.82,90.8,0.249,0.431,0.131,,,,,,,,,,,,,,,,,,,,,,,,,0.195,0.366,0.284,,,,,,,,,,,,
2024-05-29,1:37 PM.,TEX,AZ,away,Roof Closed.,74,641540,C,3,0,0,0,0,0,0,0,0,3,0,0.163,0.317,0.204,0.521,641540,danedunning,Dunning,Right,Dane Dunning,TEX,5.31,5.28,95.0,98.0,82.0,94.0,0.785,8.62,3.79,9.19,1.71,1.15,0.158,0.5,0.127,0.345,0.425,83.0,94.0,86.0,,,,40.0,103.0,91.0,102.0,100.0,97.0,0.028,0.234,,0.125,-2.6,-1.44,,-1.22,89.2,85.0,80.6,,0.25,0.583,0.259,0.274,0.512,0.304,0.233,0.488,0.327,0.0,0.0,0.429,79.0,102.0,97.0,0.377,0.0,89.7,0.276,0.442,0.133,74.0,99.0,94.0,0.188,-0.73,88.1,0.254,0.46,0.242,,,,,,,,,,58.0,89.0,98.0,0.047,0.09,75.6,,,,0.001,-6.34,76.4,,,,,,,,,
2024-05-25,7:10 PM.,MIA,AZ,home,Clear.,89,664350,C,2,0,0,0,0,0,0,0,1,1,1,0.174,0.333,0.217,0.55,664350,sixtosanchez,"Sánchez, S",Right,Sixto Sánchez,MIA,6.06,5.11,35.2,101.0,82.0,96.0,0.878,4.29,3.53,10.85,0.76,1.56,0.305,0.414,0.109,0.305,0.464,93.0,100.0,100.0,,,,77.0,98.0,88.0,,,,0.298,,,0.314,-1.21,,,1.58,93.8,85.4,,,0.267,0.433,0.104,,,,0.22,0.22,0.17,,,,84.0,110.0,106.0,0.048,-4.7,92.7,0.5,1.333,0.167,58.0,108.0,100.0,0.34,-1.57,83.6,0.375,0.518,0.114,,,,,,,,,,,,,,,,,,,,,,,,,,,,,,
2024-05-19,1:10 PM.,DET,AZ,home,Roof Closed.,77,666159,C,3,1,0,0,0,0,0,0,1,2,4,0.182,0.333,0.227,0.56,666159,mattmanning,Manning,Right,Matt Manning,DET,4.88,4.68,27.2,98.0,99.0,98.0,0.791,7.48,3.9,10.08,0.98,0.61,0.239,0.341,0.159,0.318,0.482,,,,109.0,96.0,99.0,95.0,100.0,100.0,100.0,96.0,97.0,0.482,0.379,0.098,,-1.33,1.28,-3.42,,93.8,,84.4,81.6,0.327,0.519,0.213,0.375,0.375,0.0,,,,0.385,0.538,0.273,,,,,,,,,,,,,,,,,,,82.0,98.0,87.0,0.041,-0.32,87.8,0.25,0.25,0.2,,,,,,,,,,,,,0.161,0.258,0.292,,,,,,
2024-05-14,6:40 PM.,CIN,AZ,home,Roof Closed.,78,668881,C,2,0,0,0,0,0,0,0,0,1,2,0.195,0.34,0.244,0.584,668881,huntergreene,"Greene, H",Right,Hunter Greene,CIN,2.75,3.03,150.1,99.0,124.0,104.0,0.741,10.12,3.41,5.75,0.72,0.7,0.284,0.388,0.199,0.265,0.429,,,,118.0,96.0,101.0,123.0,102.0,104.0,125.0,96.0,103.0,0.552,0.346,0.018,,1.56,0.62,-2.87,,97.6,,86.8,80.9,0.184,0.273,0.248,0.161,0.3,0.39,,,,0.4,1.0,0.2,,,,,,,,,,,,,,,,,,,120.0,89.0,103.0,0.083,-0.79,87.0,0.243,0.405,0.284,,,,,,,,,,,,,,,,,,,,,
2024-05-12,1:37 PM.,BAL,AZ,away,Cloudy.,68,665152,C,2,1,0,0,0,0,0,0,2,1,1,0.205,0.354,0.256,0.61,665152,deankremer,Kremer,Right,Dean Kremer,BAL,4.1,4.49,129.2,100.0,88.0,98.0,0.798,8.54,3.54,7.63,1.25,0.99,0.25,0.394,0.231,0.285,0.423,,,,92.0,98.0,96.0,91.0,100.0,99.0,,,,0.32,,0.114,,-0.18,,0.29,,93.4,,,77.0,0.245,0.503,0.232,,,,,,,0.225,0.3,0.198,79.0,105.0,97.0,0.151,0.67,92.3,0.247,0.353,0.072,99.0,102.0,98.0,0.23,0.33,86.9,0.25,0.355,0.237,72.0,99.0,99.0,0.184,0.73,84.1,0.139,0.248,0.36,,,,,,,,,,,,,,,,,,,,,
2024-05-09,1:11 PM.,CIN,AZ,away,Overcast.,71,668881,C,2,1,0,0,0,0,0,0,2,1,2,0.216,0.341,0.27,0.611,668881,huntergreene,"Greene, H",Right,Hunter Greene,CIN,2.75,3.03,150.1,99.0,124.0,104.0,0.741,10.12,3.41,5.75,0.72,0.7,0.284,0.388,0.199,0.265,0.429,,,,118.0,96.0,101.0,123.0,102.0,104.0,125.0,96.0,103.0,0.552,0.346,0.018,,1.56,0.62,-2.87,,97.6,,86.8,80.9,0.184,0.273,0.248,0.161,0.3,0.39,,,,0.4,1.0,0.2,,,,,,,,,,,,,,,,,,,120.0,89.0,103.0,0.083,-0.79,87.0,0.243,0.405,0.284,,,,,,,,,,,,,,,,,,,,,
2024-05-07,6:40 PM.,CIN,AZ,away,Cloudy.,75,593423,C,3,2,1,0,0,0,0,0,1,0,1,0.229,0.325,0.286,0.611,593423,frankiemontas,Montas,Right,Frankie Montas,- - -,4.84,4.71,150.2,101.0,98.0,99.0,0.777,8.84,3.94,8.36,1.43,1.1,0.235,0.376,0.147,0.311,0.418,,,,,,,83.0,105.0,98.0,117.0,103.0,106.0,0.332,0.107,,,-0.02,-1.94,,,95.6,,85.4,,0.206,0.367,0.231,0.288,0.577,0.325,,,,,,,83.0,100.0,98.0,0.191,1.13,94.8,0.248,0.407,0.113,109.0,95.0,95.0,0.187,-1.4,90.4,0.326,0.609,0.223,119.0,99.0,105.0,0.183,-0.23,86.0,0.218,0.297,0.426,,,,,,,,,,,,,,,,,,,,,
2024-05-05,1:11 PM.,SD,AZ,home,Roof Closed.,76,663362,C,3,2,2,1,0,0,1,0,1,0,0,0.219,0.306,0.281,0.587,663362,mattwaldron,Waldron,Right,Matt Waldron,SDP,4.91,4.11,146.2,104.0,83.0,98.0,0.806,8.16,2.45,8.9,1.29,0.91,0.207,0.402,0.164,0.302,0.441,,,,,,,57.0,108.0,91.0,115.0,101.0,107.0,0.19,0.198,,,-0.77,0.5,,,90.6,,79.3,,0.265,0.513,0.224,,,,,,,,,,73.0,108.0,102.0,0.144,0.64,90.0,0.303,0.404,0.067,83.0,98.0,90.0,0.086,1.88,87.0,0.231,0.385,0.144,,,,,,,,,,,,,,,,,,,,,,0.227,0.454,0.201,77.6,0.382,-1.09,0.246,0.394,0.275
2024-05-01,6:40 PM.,LAD,AZ,home,Partly Cloudy.,88,808967,C,4,0,0,0,0,0,0,0,0,3,3,0.172,0.25,0.207,0.457,808967,yoshinobuyamamoto,Yamamoto,Right,Yoshinobu Yamamoto,LAD,3.0,3.44,90.0,105.0,100.0,106.0,0.75,10.5,2.2,7.8,0.7,1.52,0.246,0.396,0.146,0.325,0.434,,,,109.0,103.0,112.0,84.0,103.0,96.0,116.0,110.0,120.0,0.404,0.033,0.231,,0.77,0.53,1.14,,95.5,,86.3,78.0,0.262,0.413,0.176,0.158,0.211,0.357,,,,0.214,0.371,0.333,101.0,110.0,103.0,0.029,-1.65,94.9,0.364,0.545,0.13,91.0,97.0,91.0,0.061,0.28,91.5,0.35,0.55,0.2,121.0,112.0,119.0,0.242,0.25,90.2,0.17,0.266,0.386,,,,,,,,,,,,,,,,,,,,,
2024-04-28,1:10 PM.,SEA,AZ,away,Roof Closed.,54,669302,C,1,0,0,0,0,0,0,0,1,1,0,0.2,0.286,0.24,0.526,669302,logangilbert,"Gilbert, L",Right,Logan Gilbert,SEA,3.23,3.14,208.2,101.0,121.0,106.0,0.705,9.49,1.6,6.38,1.12,1.2,0.236,0.45,0.135,0.325,0.429,,,,124.0,99.0,107.0,106.0,101.0,97.0,146.0,102.0,115.0,0.308,0.32,0.118,,1.41,1.72,0.81,,96.6,,88.4,83.2,0.204,0.383,0.193,0.21,0.375,0.368,,,,0.181,0.301,0.354,91.0,102.0,97.0,0.015,0.32,95.5,0.286,0.286,0.05,116.0,104.0,103.0,0.106,0.14,92.3,0.247,0.483,0.272,99.0,96.0,104.0,0.134,1.18,84.5,0.101,0.162,0.506,,,,,,,,,,,,,,,,,,,,,
2024-04-24,12:15 PM.,STL,AZ,away,Sunny.,65,502043,C,2,0,1,0,0,0,0,0,0,0,1,0.208,0.269,0.25,0.519,502043,kylegibson,Gibson,Right,Kyle Gibson,STL,4.24,4.87,169.2,98.0,93.0,95.0,0.756,8.01,3.61,8.54,1.22,1.29,0.218,0.431,0.166,0.351,0.359,99.0,92.0,89.0,102.0,103.0,104.0,80.0,88.0,83.0,104.0,102.0,105.0,0.132,0.207,0.086,0.099,-1.39,0.92,-2.21,1.2,91.4,84.9,80.7,78.3,0.268,0.563,0.065,,,,0.19,0.254,0.39,0.325,0.675,0.462,84.0,101.0,96.0,0.264,0.22,90.7,0.267,0.422,0.092,96.0,95.0,91.0,0.211,0.21,88.6,0.299,0.479,0.181,,,,,,,,,,,,,,,,,,,,,,0.2,0.312,0.412,,,,,,
2024-04-20,1:08 PM.,SF,AZ,away,Sunny.,63,690986,C,3,0,0,0,0,0,0,0,0,2,1,0.182,0.25,0.227,0.477,690986,kyleharrison,Harrison,Left,Kyle Harrison,SFG,4.56,4.87,124.1,98.0,89.0,92.0,0.793,8.54,3.04,9.05,1.3,1.01,0.282,0.329,0.142,0.345,0.431,70.0,96.0,88.0,84.0,95.0,95.0,98.0,100.0,92.0,93.0,107.0,97.0,0.577,0.003,0.223,0.197,0.2,-11.71,-0.22,-1.64,92.5,84.8,88.2,80.6,0.249,0.425,0.23,0.333,0.667,0.5,0.287,0.435,0.215,,,,,,,,,,,,,,,,,,,,,,,,,,,,,,,,,,,,,0.274,0.452,0.277,,,,,,,,,,,,
2024-04-17,12:40 PM.,CHC,AZ,home,Roof Closed.,75,696136,C,3,1,1,1,0,0,0,0,0,1,2,0.211,0.286,0.263,0.549,696136,jordanwicks,Wicks,Left,Jordan Wicks,CHC,5.48,5.18,46.0,102.0,92.0,100.0,0.779,8.22,3.91,10.76,1.76,1.0,0.223,0.426,0.115,0.284,0.378,100.0,100.0,102.0,93.0,92.0,90.0,90.0,105.0,104.0,117.0,96.0,98.0,0.448,0.087,0.061,0.258,-0.12,-4.44,-5.0,1.18,92.6,82.2,84.2,78.4,0.264,0.425,0.163,0.444,0.889,0.217,0.17,0.358,0.419,0.667,1.167,0.154,71.0,101.0,90.0,0.131,-3.86,91.7,0.419,0.677,0.161,78.0,103.0,88.0,0.014,-9.26,87.5,0.667,0.667,0.0,,,,,,,,,,,,,,,,,,,,,,,,,,,,,,
2024-04-16,6:40 PM.,CHC,AZ,home,Clear.,83,543294,C,4,0,0,0,0,0,0,0,0,1,4,0.188,0.278,0.188,0.466,543294,kylehendricks,Hendricks,Right,Kyle Hendricks,CHC,5.92,4.81,130.2,105.0,95.0,100.0,0.828,5.99,2.96,10.13,1.45,1.31,0.233,0.412,0.194,0.288,0.402,108.0,106.0,106.0,87.0,109.0,108.0,59.0,94.0,86.0,,,,0.127,,0.131,0.387,-1.51,,0.52,-0.72,87.7,80.9,,74.3,0.237,0.553,0.209,,,,0.267,0.409,0.239,0.22,0.3,0.244,97.0,106.0,96.0,0.355,-0.77,87.6,0.333,0.493,0.106,,,,,,,,,,,,,,,,,,,,,,,,,,,,,,,,,,,,,,,
2024-04-14,1:12 PM.,STL,AZ,home,Roof Closed.,78,571945,C,2,1,0,0,0,0,0,0,1,1,0,0.25,0.357,0.25,0.607,571945,milesmikolas,Mikolas,Right,Miles Mikolas,STL,5.35,4.65,171.2,109.0,87.0,103.0,0.859,6.4,1.31,10.17,1.36,1.15,0.243,0.406,0.152,0.33,0.495,85.0,103.0,98.0,94.0,109.0,106.0,65.0,107.0,98.0,116.0,112.0,114.0,0.279,0.283,0.116,0.085,0.23,-1.19,-1.97,-4.2,93.2,85.6,85.7,76.6,0.287,0.446,0.178,0.301,0.506,0.164,0.394,0.742,0.159,0.267,0.52,0.231,80.0,111.0,99.0,0.231,1.42,92.4,0.237,0.382,0.108,,,,,,,,,,,,,,,,,,,,,,0.005,4.24,69.6,,,,,,,0.273,0.545,0.275,,,,,,
2024-04-10,1:10 PM.,COL,AZ,away,Cloudy.,56,596295,C,4,0,1,0,0,0,0,0,0,0,2,0.3,0.364,0.3,0.664,596295,austingomber,Gomber,Left,Austin Gomber,COL,4.75,5.07,165.0,102.0,82.0,98.0,0.821,6.33,2.07,9.71,1.64,0.92,0.213,0.423,0.122,0.394,0.446,82.0,103.0,99.0,,,,71.0,98.0,91.0,91.0,103.0,102.0,0.404,0.167,,0.205,-1.23,-0.17,,-0.15,90.4,81.1,83.8,,0.305,0.6,0.096,0.274,0.513,0.22,0.28,0.409,0.273,0.22,0.368,0.269,51.0,110.0,96.0,0.001,-42.96,90.1,,,,,,,,,,,,,,,,,,,,,,93.0,109.0,107.0,0.224,-0.08,77.6,,,,,,,,,,,,,,,
2024-04-07,1:37 PM.,ATL,AZ,away,Sunny.,65,519242,C,1,0,0,0,0,0,0,0,0,1,0,0.333,0.429,0.333,0.762,519242,chrissale,Sale,Left,Chris Sale,ATL,2.38,2.8,177.2,103.0,96.0,102.0,0.711,11.4,1.98,7.14,0.46,1.34,0.247,0.435,0.167,0.249,0.435,64.0,107.0,98.0,,,,96.0,105.0,101.0,105.0,100.0,104.0,0.378,0.403,,0.147,-0.12,2.16,,2.97,94.8,87.1,78.6,,0.281,0.443,0.241,0.171,0.236,0.427,0.159,0.195,0.236,,,,113.0,100.0,96.0,0.072,-1.99,94.2,0.327,0.551,0.133,,,,,,,,,,,,,,,,,,,,,,,,,,,,,,,,,,,,,,,
2024-04-03,12:40 PM.,NYY,AZ,home,Sunny.,77,607074,C,3,0,1,0,0,0,0,0,0,1,0,0.4,0.5,0.4,0.9,607074,carlosrodon,Rodón,Left,Carlos Rodón,NYY,3.96,4.14,175.0,97.0,122.0,103.0,0.716,10.03,2.93,8.07,1.59,0.69,0.257,0.399,0.143,0.329,0.396,129.0,92.0,106.0,103.0,86.0,93.0,114.0,98.0,101.0,144.0,104.0,113.0,0.494,0.26,0.083,0.129,0.05,-0.4,-1.32,1.44,95.4,85.5,86.8,81.0,0.262,0.514,0.214,0.199,0.361,0.393,0.188,0.247,0.495,0.281,0.531,0.276,,,,,,,,,,100.0,83.0,82.0,0.035,-3.11,91.8,0.353,0.647,0.255,,,,,,,,,,,,,,,,,,,,,,,,,,,,,,
2024-03-31,1:10 PM.,COL,AZ,home,Roof Closed.,74,663372,C,2,1,1,0,0,0,0,1,1,0,0,0.5,0.667,0.5,1.167,663372,ryanfeltner,Feltner,Right,Ryan Feltner,COL,4.49,4.31,162.1,100.0,97.0,99.0,0.781,7.65,2.88,9.15,1.11,1.28,0.226,0.394,0.158,0.327,0.452,117.0,95.0,102.0,108.0,107.0,113.0,81.0,102.0,96.0,109.0,99.0,104.0,0.37,0.254,0.101,0.147,0.63,-0.87,1.28,-1.02,94.6,85.2,87.4,79.2,0.24,0.376,0.177,0.355,0.523,0.226,0.299,0.485,0.394,0.164,0.26,0.248,93.0,93.0,89.0,0.128,-0.45,94.2,0.299,0.403,0.159,,,,,,,,,,,,,,,,,,,,,,,,,,,,,,,0.156,0.375,0.35,,,,,,
