date,time,opponent,team,location,weather,temp,opposingPitcherId,position,ab,r,h,doubles,triples,hr,rbi,sb,bb,k,lob,avg,obp,slg,ops,id,fullName,boxscoreName,PitchingHand,PlayerName,Team,ERA,xERA,IP,Location+,Stuff+,Pitching+,Contact%,K/9,BB/9,H/9,HR/9,GB/FB,Oppo%,Pull%,Soft%,Hard%,Zone%,Stf+ CH,Loc+ CH,Pit+ CH,Stf+ CU,Loc+ CU,Pit+ CU,Stf+ FA,Loc+ FA,Pit+ FA,Stf+ SI,Loc+ SI,Pit+ SI,Stf+ SL,Loc+ SL,Pit+ SL,Stf+ FC,Loc+ FC,Pit+ FC,Stf+ FS,Loc+ FS,Pit+ FS,SI%,FA%,FC%,FS%,SL%,CU%,CH%,wFA/C,wFC/C,wFS/C,wSI/C,wSL/C,wCU/C,wCH/C,vFA,vFC,vFS,vCH,vSI,vSL,vCU,SI_ba,SI_slg,SI_whiff,FC_ba,FC_slg,FC_whiff,CU_ba,CU_slg,CU_whiff,SL_ba,SL_slg,SL_whiff,FF_ba,FF_slg,FF_whiff,CH_ba,CH_slg,CH_whiff,FS_ba,FS_slg,FS_whiff,KC%,wKC/C,vKC,Stf+ KC,Loc+ KC,Pit+ KC,ST_ba,ST_slg,ST_whiff,SV_ba,SV_slg,SV_whiff,vKN (sc),KN%,wKN/C
2023-09-28,3:10 PM.,KC,DET,home,Overcast.,63,666142,1B,4,0,1,0,1,0,0,0,0,1,0,0.202,0.309,0.319,0.628,666142,coleragans,Ragans,Left,Cole Ragans,- - -,3.47,3.33,96.0,99.0,101.0,101.0,0.713,10.59,3.84,6.56,0.66,1.21,0.284,0.364,0.178,0.284,0.409,90.0,97.0,103.0,,,,108.0,100.0,100.0,,,,126.0,114.0,125.0,89.0,92.0,87.0,,,,,0.401,0.134,,0.104,,0.237,0.24,1.47,,,2.79,,2.84,96.5,91.8,,86.6,,86.6,,,,,0.27,0.378,0.238,0.194,0.306,0.295,0.18,0.2,0.4,0.234,0.411,0.2789999999999999,0.152,0.192,0.344,,,,0.124,-0.05,81.8,,,,,,,,,,,,
2023-09-27,6:40 PM.,KC,DET,home,Overcast.,64,680742,3B,2,2,1,0,0,1,3,0,1,1,2,0.2,0.311,0.3,0.611,680742,jonathanbowlan,Bowlan,Right,Jonathan Bowlan,KCR,3.0,5.37,3.0,104.0,106.0,106.0,0.727,9.0,0.0,15.0,3.0,0.6,0.364,0.273,0.273,0.273,0.482,88.0,114.0,115.0,87.0,79.0,98.0,112.0,100.0,103.0,86.0,109.0,99.0,109.0,105.0,109.0,,,,,,,0.125,0.393,,,0.411,0.018,0.054,-2.56,,,-5.38,1.68,-48.81,2.63,94.9,,,87.3,94.7,85.7,76.7,,,,,,,,,,0.333,0.333,0.5379999999999999,0.25,0.625,0.231,,,,,,,,,,,,,,,,,,,,,
2023-09-26,6:40 PM.,KC,DET,home,Cloudy.,65,425844,DH,0,1,0,0,0,0,0,0,0,0,0,0.193,0.301,0.261,0.562,425844,zackgreinke,Greinke,Right,Zack Greinke,KCR,5.06,5.06,142.1,104.0,85.0,100.0,0.848,6.13,1.45,9.99,1.58,1.19,0.26,0.39,0.147,0.29,0.425,84.0,109.0,109.0,96.0,97.0,104.0,72.0,103.0,92.0,76.0,106.0,93.0,94.0,103.0,106.0,100.0,113.0,103.0,,,,0.157,0.265,0.07,,0.2,0.141,0.166,0.25,-0.94,,-0.92,1.12,-2.99,0.06,89.5,85.2,,86.5,89.8,79.2,72.5,0.333,0.609,0.081,0.32,0.5,0.186,0.386,0.729,0.155,0.214,0.282,0.231,0.276,0.472,0.159,0.241,0.37,0.207,,,,0.0,-3.64,57.9,,,,,,,,,,,,
2023-09-24,1:07 PM.,OAK,DET,away,Sunny.,69,676664,3B,2,0,0,0,0,0,0,0,0,1,3,0.193,0.301,0.261,0.562,676664,jpsears,Sears,Left,JP Sears,OAK,4.54,4.64,172.1,101.0,93.0,100.0,0.779,8.41,2.77,8.62,1.78,0.55,0.283,0.416,0.178,0.301,0.438,83.0,100.0,102.0,,,,93.0,102.0,96.0,,,,93.0,102.0,106.0,,,,,,,0.001,0.501,,,0.346,,0.151,-0.84,,,0.63,-0.06,,0.36,93.1,,,84.1,92.1,81.4,,,,,,,,,,,0.21,0.395,0.283,0.256,0.478,0.217,0.277,0.438,0.225,,,,,,,,,,,,,,,,,,
2023-09-22,6:40 PM.,OAK,DET,away,Clear.,63,686610,3B,4,0,0,0,0,0,0,0,0,2,0,0.198,0.307,0.267,0.574,686610,kenwaldichuk,Waldichuk,Left,Ken Waldichuk,OAK,5.36,4.67,141.0,95.0,91.0,93.0,0.767,8.43,4.53,9.51,1.53,0.99,0.223,0.401,0.155,0.31,0.414,92.0,90.0,88.0,93.0,77.0,85.0,89.0,95.0,92.0,,,,96.0,99.0,100.0,,,,,,,,0.543,,,0.271,0.02,0.166,-0.52,,,,-0.79,-3.62,-1.4,93.3,,,84.2,,81.1,74.5,,,,,,,0.333,0.833,0.0,0.218,0.423,0.3279999999999999,0.275,0.493,0.178,0.34,0.515,0.374,,,,,,,,,,,,,,,,,,
2023-09-20,7:10 PM.,LAD,DET,away,Partly Cloudy.,68,676272,DH,4,0,2,0,0,0,1,0,0,0,1,0.207,0.32,0.28,0.6,676272,bobbymiller,"Miller, Bo",Right,Bobby Miller,LAD,3.76,3.4,124.1,102.0,123.0,110.0,0.764,8.61,2.32,7.6,0.87,1.46,0.256,0.428,0.147,0.299,0.426,105.0,100.0,117.0,115.0,100.0,110.0,130.0,102.0,105.0,107.0,99.0,100.0,153.0,110.0,121.0,,,,,,,0.192,0.289,,,0.174,0.185,0.16,1.2,,,1.75,-1.0,1.25,0.6,99.0,,,88.2,98.8,89.7,80.6,0.258,0.382,0.178,,,,0.184,0.303,0.36,0.5,0.75,0.25,0.258,0.367,0.206,0.133,0.307,0.3989999999999999,,,,,,,,,,,,,,,,,,
2023-09-19,7:10 PM.,LAD,DET,away,Clear.,68,657571,3B,4,0,2,1,0,0,0,0,0,0,0,0.192,0.312,0.269,0.581,657571,calebferguson,Ferguson,Left,Caleb Ferguson,LAD,3.43,3.85,60.1,101.0,108.0,100.0,0.767,10.44,3.43,9.55,0.6,1.84,0.296,0.361,0.166,0.32,0.451,,,,,,,108.0,102.0,101.0,,,,120.0,87.0,98.0,107.0,101.0,99.0,,,,,0.665,0.307,,0.028,,,0.19,-0.37,,,0.92,,,95.8,86.6,,,,80.0,,,,,0.253,0.427,0.271,,,,0.25,0.25,0.125,0.277,0.34,0.26,,,,,,,,,,,,,,,,,,,,,
2023-09-18,7:11 PM.,LAD,DET,away,Partly Cloudy.,69,458681,1B,4,0,1,0,0,0,0,0,0,0,0,0.176,0.303,0.243,0.546,458681,lancelynn,Lynn,Right,Lance Lynn,- - -,5.73,4.86,183.2,102.0,94.0,100.0,0.74,9.36,3.28,9.26,2.16,0.82,0.241,0.419,0.17,0.32,0.403,56.0,95.0,90.0,109.0,97.0,106.0,92.0,105.0,104.0,93.0,95.0,87.0,97.0,98.0,106.0,104.0,105.0,99.0,,,,0.126,0.437,0.23,,0.063,0.074,0.07,-0.4,-0.35,,1.21,-3.65,-2.24,-1.23,92.4,88.7,,84.9,91.4,83.0,80.8,0.239,0.394,0.177,0.273,0.512,0.267,0.208,0.453,0.354,0.286,0.446,0.308,0.255,0.52,0.316,0.302,0.372,0.296,,,,,,,,,,,,,,,,,,
2023-09-17,1:08 PM.,LAA,DET,away,Cloudy.,74,623474,3B,4,0,1,0,0,0,0,0,0,1,1,0.171,0.306,0.243,0.549,623474,jimmyherget,Herget,Right,Jimmy Herget,LAA,4.66,4.39,29.0,97.0,102.0,103.0,0.808,8.07,2.48,10.24,2.17,0.58,0.253,0.429,0.154,0.385,0.479,64.0,85.0,85.0,131.0,101.0,117.0,73.0,93.0,82.0,54.0,95.0,83.0,108.0,96.0,106.0,,,,,,,0.193,0.055,,,0.31,0.383,0.059,-1.47,,,0.08,-0.54,-0.51,-5.07,92.6,,,85.7,91.7,85.2,77.2,0.333,0.583,0.083,,,,0.233,0.45,0.2689999999999999,0.343,0.657,0.132,0.25,0.25,0.4,0.333,1.0,0.286,,,,,,,,,,,,,,,,,,
2023-09-16,6:08 PM.,LAA,DET,away,Overcast.,69,542881,3B,4,1,2,1,0,0,0,0,1,1,2,0.167,0.309,0.242,0.551,542881,tyleranderson,Anderson,Left,Tyler Anderson,LAA,5.43,4.96,141.0,99.0,91.0,96.0,0.747,7.6,4.09,9.32,1.28,0.64,0.246,0.401,0.182,0.289,0.406,92.0,101.0,106.0,105.0,84.0,83.0,81.0,96.0,89.0,92.0,93.0,81.0,105.0,76.0,95.0,104.0,103.0,98.0,,,,0.055,0.374,0.224,0.001,0.007,0.002,0.338,-1.25,0.48,-4.72,-3.61,-1.06,-0.33,0.08,90.1,85.1,90.1,80.0,88.5,78.1,72.9,0.36,0.68,0.102,0.239,0.366,0.268,,,,0.2,0.2,0.3329999999999999,0.301,0.566,0.193,0.238,0.381,0.3979999999999999,,,,,,,,,,,,,,,,,,
2023-09-15,6:38 PM.,LAA,DET,away,Clear.,73,656288,DH,0,1,0,0,0,0,0,0,1,0,0,0.145,0.289,0.21,0.499,656288,griffincanning,Canning,Right,Griffin Canning,LAA,4.32,4.01,127.0,102.0,96.0,101.0,0.734,9.85,2.55,8.57,1.56,1.1,0.239,0.41,0.129,0.382,0.442,89.0,101.0,101.0,91.0,98.0,103.0,78.0,101.0,93.0,81.0,95.0,86.0,124.0,105.0,110.0,,,,,,,0.006,0.348,,,0.299,0.134,0.213,-0.21,,,-8.61,0.1,-0.53,1.6,94.7,,,90.2,95.0,88.4,81.8,0.333,1.333,0.0,,,,0.271,0.667,0.252,0.261,0.344,0.34,0.235,0.5,0.283,0.213,0.339,0.248,,,,,,,,,,,,,,,,,,
2023-09-14,1:10 PM.,CIN,DET,home,Sunny.,67,571882,1B,3,2,1,0,0,0,0,0,0,1,2,0.145,0.28,0.21,0.49,571882,dereklaw,"Law, D",Right,Derek Law,CIN,3.6,4.77,55.0,100.0,101.0,97.0,0.76,7.36,4.25,8.18,0.98,1.08,0.277,0.38,0.181,0.259,0.401,78.0,96.0,91.0,116.0,104.0,100.0,83.0,110.0,101.0,95.0,101.0,93.0,118.0,103.0,106.0,104.0,94.0,94.0,,,,0.121,0.189,0.365,,0.173,0.104,0.048,-0.99,0.58,,0.69,1.87,0.16,-2.28,95.5,92.1,,88.7,95.1,86.5,78.7,0.241,0.31,0.21,0.254,0.388,0.223,0.222,0.389,0.289,0.22,0.268,0.369,0.262,0.5,0.295,0.167,0.167,0.2269999999999999,,,,,,,,,,,,,,,,,,
2023-09-13,6:39 PM.,CIN,DET,home,Partly Cloudy.,64,683175,DH,1,0,0,0,0,0,0,0,0,1,1,0.136,0.268,0.203,0.471,683175,connorphillips,Phillips,Right,Connor Phillips,CIN,6.97,4.67,20.2,93.0,128.0,98.0,0.78,11.32,5.66,7.84,2.18,0.68,0.339,0.357,0.179,0.268,0.402,59.0,70.0,70.0,119.0,95.0,94.0,125.0,93.0,95.0,,,,142.0,95.0,108.0,,,,,,,,0.633,,,0.255,0.1,0.013,-1.48,,,,3.39,-2.94,-2.97,96.4,,,91.2,,84.4,82.2,,,,,,,0.667,0.667,0.111,0.111,0.111,0.489,0.25,0.558,0.131,,,,,,,,,,,,,,,,,,,,,
2023-09-09,6:10 PM.,CWS,DET,home,Cloudy.,67,570632,1B,1,0,0,0,0,0,0,0,2,0,3,0.138,0.271,0.207,0.478,570632,joseurena,Ureña,Right,José Ureña,- - -,6.45,5.77,44.2,99.0,90.0,93.0,0.803,5.84,4.43,10.07,2.62,1.34,0.205,0.53,0.093,0.411,0.372,61.0,98.0,82.0,,,,90.0,95.0,88.0,107.0,98.0,98.0,101.0,103.0,105.0,,,,,,,0.288,0.217,,,0.253,,0.243,-4.06,,,-1.62,-0.94,,-0.46,95.4,,,87.4,95.0,86.2,,0.339,0.589,0.171,,,,,,,0.214,0.452,0.36,0.351,1.0,0.075,0.22,0.39,0.258,,,,,,,,,,,,,,,,,,
2023-09-07,7:09 PM.,NYY,DET,away,Partly Cloudy.,90,607074,LF,4,1,1,1,0,0,1,0,0,1,2,0.14,0.242,0.211,0.453,607074,carlosrodon,Rodón,Left,Carlos Rodón,NYY,6.85,5.34,64.1,97.0,111.0,100.0,0.764,8.95,3.92,9.09,2.1,0.52,0.212,0.402,0.116,0.381,0.429,84.0,67.0,81.0,102.0,92.0,96.0,106.0,101.0,100.0,,,,126.0,95.0,104.0,,,,,,,,0.603,,,0.29,0.065,0.043,-1.05,,,,-0.06,-3.96,0.96,95.3,,,85.5,,85.4,79.7,,,,,,,0.375,1.25,0.211,0.2,0.347,0.372,0.294,0.55,0.217,0.0,0.0,0.421,,,,,,,,,,,,,,,,,,
2023-09-05,7:08 PM.,NYY,DET,away,Partly Cloudy.,87,543037,DH,1,0,0,0,0,0,0,0,0,1,0,0.132,0.242,0.189,0.431,543037,gerritcole,Cole,Right,Gerrit Cole,NYY,2.63,3.48,209.0,104.0,121.0,109.0,0.765,9.56,2.07,6.76,0.86,1.01,0.243,0.366,0.151,0.311,0.425,72.0,100.0,96.0,,,,125.0,104.0,108.0,,,,136.0,105.0,114.0,107.0,103.0,102.0,,,,,0.53,0.07,,0.208,,0.071,1.66,0.61,,,1.69,,-0.54,96.7,92.7,,89.1,,89.1,,,,,0.262,0.377,0.311,0.215,0.269,0.244,0.186,0.251,0.327,0.201,0.332,0.228,0.235,0.51,0.286,,,,0.121,0.94,82.9,114.0,103.0,113.0,,,,,,,,,
2023-09-03,1:10 PM.,CWS,DET,away,Sunny.,90,656629,1B,2,0,1,0,0,0,0,0,2,1,2,0.135,0.246,0.192,0.438,656629,michaelkopech,Kopech,Right,Michael Kopech,CHW,5.43,5.77,129.1,91.0,108.0,94.0,0.755,9.32,6.33,8.0,2.02,0.75,0.243,0.41,0.155,0.347,0.384,73.0,82.0,76.0,96.0,97.0,97.0,116.0,89.0,94.0,,,,102.0,97.0,99.0,,,,,,,,0.614,,,0.272,0.04,0.074,-0.71,,,,-1.5,-0.94,0.15,95.2,,,88.7,,84.8,80.6,,,,,,,0.158,0.474,0.1939999999999999,0.258,0.516,0.2739999999999999,0.244,0.462,0.264,0.133,0.3,0.3389999999999999,,,,,,,,,,,,,,,,,,
2023-09-02,6:11 PM.,CWS,DET,away,Partly Cloudy.,86,605182,1B,1,0,0,0,0,0,0,0,0,0,0,0.12,0.211,0.18,0.391,605182,mikeclevinger,Clevinger,Right,Mike Clevinger,CHW,3.77,4.1,131.1,100.0,100.0,100.0,0.8,7.54,2.74,8.29,1.1,0.62,0.259,0.433,0.179,0.269,0.437,80.0,96.0,95.0,80.0,96.0,97.0,101.0,103.0,100.0,91.0,100.0,90.0,113.0,97.0,104.0,90.0,100.0,100.0,,,,0.024,0.479,0.082,,0.271,0.016,0.128,-0.21,-0.07,,1.47,0.5,0.55,1.69,94.3,84.9,,86.1,93.1,79.4,76.0,0.2,0.2,0.2,0.256,0.395,0.264,0.167,0.167,0.2,0.203,0.366,0.306,0.283,0.494,0.174,0.175,0.206,0.293,,,,,,,,,,,,,,,,,,
2023-07-06,1:11 PM.,OAK,DET,home,Cloudy.,80,663687,3B,1,0,0,0,0,0,0,0,0,0,2,0.122,0.214,0.184,0.398,663687,hoganharris,"Harris, H",Left,Hogan Harris,OAK,7.14,5.13,63.0,98.0,82.0,94.0,0.804,8.0,4.0,9.57,1.43,0.9,0.306,0.357,0.184,0.316,0.496,75.0,93.0,96.0,69.0,92.0,89.0,84.0,98.0,92.0,,,,,,,87.0,104.0,98.0,,,,,0.47,0.188,,0.078,0.06,0.203,-0.58,-1.58,,,-2.5,-1.37,0.61,92.6,90.5,,80.1,,77.4,74.9,,,,0.351,0.544,0.1669999999999999,0.3,0.5,0.2,0.278,0.556,0.188,0.25,0.442,0.217,0.205,0.409,0.368,,,,,,,,,,,,,,,,,,
2023-07-05,6:40 PM.,OAK,DET,home,Clear.,89,643493,LF,1,1,0,0,0,0,0,0,1,1,1,0.125,0.218,0.188,0.406,643493,austinpruitt,Pruitt,Right,Austin Pruitt,OAK,2.98,4.01,48.1,104.0,113.0,104.0,0.831,5.59,2.23,8.19,0.93,0.85,0.261,0.366,0.203,0.261,0.395,60.0,105.0,88.0,127.0,108.0,112.0,73.0,97.0,90.0,89.0,114.0,97.0,149.0,103.0,114.0,,,,,,,0.14,0.26,,,0.38,0.16,0.06,-1.17,,,3.55,0.34,2.21,1.29,91.8,,,87.1,91.3,87.6,81.2,0.216,0.297,0.135,,,,0.143,0.314,0.22,0.238,0.365,0.245,0.344,0.469,0.182,0.308,0.385,0.2,,,,,,,,,,,,,,,,,,
2023-07-02,1:11 PM.,COL,DET,away,Partly Cloudy.,86,657756,3B,3,0,0,0,0,0,0,0,0,1,0,0.128,0.208,0.191,0.399,657756,connorseabold,Seabold,Right,Connor Seabold,COL,7.52,5.13,87.1,102.0,80.0,95.0,0.8,6.9,2.89,11.95,1.96,0.72,0.297,0.366,0.157,0.395,0.46,72.0,88.0,86.0,100.0,101.0,103.0,74.0,104.0,93.0,,,,93.0,104.0,102.0,,,,,,,,0.544,,,0.305,0.018,0.133,-1.53,,,,-2.41,-8.0,0.41,92.6,,,80.6,,85.3,78.7,,,,,,,0.5,0.6,0.231,0.313,0.616,0.262,0.338,0.605,0.186,0.204,0.265,0.2269999999999999,,,,,,,,,,,,,,,,,,
2023-07-01,7:12 PM.,COL,DET,away,Partly Cloudy.,79,663567,DH,0,0,0,0,0,0,0,0,1,0,0,0.136,0.22,0.205,0.425,663567,peterlambert,"Lambert, P",Right,Peter Lambert,COL,5.36,5.44,87.1,99.0,90.0,95.0,0.796,7.32,2.89,9.58,1.85,0.99,0.273,0.365,0.122,0.435,0.424,86.0,98.0,92.0,74.0,108.0,101.0,82.0,97.0,89.0,,,,109.0,104.0,109.0,,,,,,,,0.446,,,0.323,0.032,0.2,-0.78,,,,-1.15,1.04,-1.74,93.2,,,86.2,,86.2,78.0,,,,,,,0.267,0.267,0.208,0.308,0.641,0.198,0.271,0.586,0.1669999999999999,0.235,0.459,0.325,,,,,,,,,,,,,,,,,,
2023-06-28,7:08 PM.,TEX,DET,away,Roof Closed.,74,641540,1B,3,0,0,0,0,0,0,0,0,0,0,0.136,0.204,0.205,0.409,641540,danedunning,Dunning,Right,Dane Dunning,TEX,3.7,4.48,172.2,102.0,84.0,96.0,0.794,7.3,2.87,8.5,1.04,1.41,0.203,0.443,0.146,0.315,0.415,65.0,102.0,92.0,78.0,82.0,84.0,71.0,96.0,85.0,79.0,104.0,94.0,101.0,106.0,106.0,90.0,100.0,95.0,,,,0.331,0.032,0.2,,0.234,0.016,0.156,-3.75,0.82,,1.37,0.14,-3.56,-0.87,90.5,88.9,,85.7,91.0,82.1,78.1,0.246,0.354,0.08,0.258,0.393,0.231,0.25,0.25,0.5,0.212,0.364,0.345,0.294,0.765,0.235,0.301,0.478,0.258,,,,0.032,-0.43,77.5,,,,,,,,,,,,
2023-06-27,7:08 PM.,TEX,DET,away,Roof Closed.,74,527048,LF,2,0,1,0,0,0,1,0,0,0,1,0.146,0.217,0.22,0.437,527048,martinperez,"Pérez, M",Left,Martín Pérez,TEX,4.45,4.9,141.2,104.0,74.0,95.0,0.837,5.91,3.11,9.53,1.33,1.28,0.223,0.431,0.139,0.294,0.399,71.0,110.0,99.0,78.0,101.0,100.0,75.0,102.0,99.0,73.0,102.0,95.0,88.0,94.0,96.0,79.0,99.0,88.0,,,,0.428,0.04,0.221,,0.01,0.037,0.265,3.25,-2.02,,0.44,2.0,3.35,-0.75,91.8,89.2,,84.1,91.6,83.4,79.1,0.244,0.394,0.0969999999999999,0.342,0.64,0.1169999999999999,0.063,0.063,0.353,0.0,0.0,0.2,0.167,0.222,0.146,0.316,0.447,0.278,,,,,,,,,,,,,,,,,,
2023-06-08,6:07 PM.,PHI,DET,away,Overcast.,75,554430,LF,4,0,1,0,0,0,0,0,0,0,3,0.128,0.205,0.205,0.41,554430,zackwheeler,Wheeler,Right,Zack Wheeler,PHI,3.61,3.18,192.0,105.0,107.0,110.0,0.74,9.94,1.83,7.88,0.94,1.07,0.279,0.38,0.214,0.313,0.421,48.0,106.0,77.0,116.0,105.0,114.0,112.0,109.0,114.0,105.0,105.0,107.0,107.0,101.0,111.0,96.0,102.0,102.0,,,,0.18,0.435,0.144,,0.123,0.115,0.004,1.69,-0.63,,1.62,0.36,-1.61,-6.22,95.8,90.9,,90.8,95.2,84.4,81.4,0.252,0.308,0.192,0.27,0.426,0.228,0.264,0.473,0.33,0.198,0.36,0.392,0.199,0.333,0.314,,,,,,,,,,,,,,,,,,,,,
2023-06-05,6:43 PM.,PHI,DET,away,Cloudy.,76,605400,LF,1,0,0,0,0,0,0,0,0,0,1,0.114,0.2,0.2,0.4,605400,aaronnola,"Nola, Aa",Right,Aaron Nola,PHI,4.46,3.71,193.2,107.0,101.0,106.0,0.76,9.39,2.09,8.27,1.49,1.13,0.215,0.477,0.156,0.323,0.419,70.0,111.0,103.0,,,,95.0,107.0,103.0,100.0,107.0,101.0,,,,111.0,110.0,105.0,,,,0.188,0.295,0.075,,,,0.126,-0.03,0.4,,0.46,,,0.14,92.7,86.3,,85.9,91.8,,,0.279,0.416,0.106,0.246,0.508,0.301,0.221,0.398,0.3329999999999999,,,,0.246,0.503,0.217,0.22,0.319,0.319,,,,0.316,0.47,79.4,118.0,105.0,113.0,,,,,,,,,
2023-06-04,1:10 PM.,CWS,DET,away,Overcast.,71,656629,DH,4,0,0,0,0,0,0,0,0,2,0,0.118,0.205,0.206,0.411,656629,michaelkopech,Kopech,Right,Michael Kopech,CHW,5.43,5.77,129.1,91.0,108.0,94.0,0.755,9.32,6.33,8.0,2.02,0.75,0.243,0.41,0.155,0.347,0.384,73.0,82.0,76.0,96.0,97.0,97.0,116.0,89.0,94.0,,,,102.0,97.0,99.0,,,,,,,,0.614,,,0.272,0.04,0.074,-0.71,,,,-1.5,-0.94,0.15,95.2,,,88.7,,84.8,80.6,,,,,,,0.158,0.474,0.1939999999999999,0.258,0.516,0.2739999999999999,0.244,0.462,0.264,0.133,0.3,0.3389999999999999,,,,,,,,,,,,,,,,,,
2023-06-02,7:10 PM.,CWS,DET,away,Clear.,76,605182,LF,2,0,0,0,0,0,0,0,0,0,2,0.133,0.229,0.233,0.462,605182,mikeclevinger,Clevinger,Right,Mike Clevinger,CHW,3.77,4.1,131.1,100.0,100.0,100.0,0.8,7.54,2.74,8.29,1.1,0.62,0.259,0.433,0.179,0.269,0.437,80.0,96.0,95.0,80.0,96.0,97.0,101.0,103.0,100.0,91.0,100.0,90.0,113.0,97.0,104.0,90.0,100.0,100.0,,,,0.024,0.479,0.082,,0.271,0.016,0.128,-0.21,-0.07,,1.47,0.5,0.55,1.69,94.3,84.9,,86.1,93.1,79.4,76.0,0.2,0.2,0.2,0.256,0.395,0.264,0.167,0.167,0.2,0.203,0.366,0.306,0.283,0.494,0.174,0.175,0.206,0.293,,,,,,,,,,,,,,,,,,
2023-05-31,1:10 PM.,TEX,DET,home,Sunny.,85,641540,DH,4,1,2,0,0,0,0,0,0,1,3,0.143,0.242,0.25,0.492,641540,danedunning,Dunning,Right,Dane Dunning,TEX,3.7,4.48,172.2,102.0,84.0,96.0,0.794,7.3,2.87,8.5,1.04,1.41,0.203,0.443,0.146,0.315,0.415,65.0,102.0,92.0,78.0,82.0,84.0,71.0,96.0,85.0,79.0,104.0,94.0,101.0,106.0,106.0,90.0,100.0,95.0,,,,0.331,0.032,0.2,,0.234,0.016,0.156,-3.75,0.82,,1.37,0.14,-3.56,-0.87,90.5,88.9,,85.7,91.0,82.1,78.1,0.246,0.354,0.08,0.258,0.393,0.231,0.25,0.25,0.5,0.212,0.364,0.345,0.294,0.765,0.235,0.301,0.478,0.258,,,,0.032,-0.43,77.5,,,,,,,,,,,,
2023-05-30,6:40 PM.,TEX,DET,home,Clear.,86,527048,RF,2,0,0,0,0,0,0,0,0,0,2,0.083,0.207,0.208,0.415,527048,martinperez,"Pérez, M",Left,Martín Pérez,TEX,4.45,4.9,141.2,104.0,74.0,95.0,0.837,5.91,3.11,9.53,1.33,1.28,0.223,0.431,0.139,0.294,0.399,71.0,110.0,99.0,78.0,101.0,100.0,75.0,102.0,99.0,73.0,102.0,95.0,88.0,94.0,96.0,79.0,99.0,88.0,,,,0.428,0.04,0.221,,0.01,0.037,0.265,3.25,-2.02,,0.44,2.0,3.35,-0.75,91.8,89.2,,84.1,91.6,83.4,79.1,0.244,0.394,0.0969999999999999,0.342,0.64,0.1169999999999999,0.063,0.063,0.353,0.0,0.0,0.2,0.167,0.222,0.146,0.316,0.447,0.278,,,,,,,,,,,,,,,,,,
2023-04-29,5:10 PM.,BAL,DET,home,Cloudy.,63,680570,1B,2,1,1,0,0,1,3,0,0,0,0,0.091,0.222,0.227,0.449,680570,graysonrodriguez,"Rodriguez, G",Right,Grayson Rodriguez,BAL,4.35,4.21,122.0,102.0,117.0,108.0,0.759,9.52,3.1,8.93,1.18,1.4,0.226,0.408,0.12,0.372,0.44,110.0,102.0,115.0,146.0,97.0,101.0,116.0,104.0,106.0,,,,126.0,103.0,114.0,76.0,90.0,86.0,,,,,0.496,0.052,,0.148,0.081,0.224,-0.83,-1.59,,,1.92,-0.49,1.7,97.4,90.0,,83.9,,82.4,79.9,,,,0.333,0.889,0.143,0.176,0.353,0.281,0.153,0.169,0.34,0.342,0.535,0.241,0.201,0.318,0.283,,,,,,,,,,,,,,,,,,
2023-04-27,6:41 PM.,BAL,DET,home,Clear.,58,502043,3B,1,0,0,0,0,0,0,0,1,1,3,0.05,0.2,0.05,0.25,502043,kylegibson,Gibson,Right,Kyle Gibson,BAL,4.73,4.8,192.0,100.0,93.0,97.0,0.768,7.36,2.58,9.28,1.08,1.57,0.205,0.452,0.136,0.311,0.394,88.0,99.0,96.0,90.0,102.0,99.0,78.0,96.0,89.0,93.0,101.0,97.0,110.0,105.0,107.0,90.0,95.0,92.0,,,,0.261,0.134,0.166,,0.184,0.084,0.17,-0.69,-1.02,,-0.08,2.01,0.01,-0.29,92.1,89.8,,85.5,91.9,81.6,79.5,0.289,0.459,0.11,0.345,0.552,0.154,0.279,0.419,0.4039999999999999,0.147,0.228,0.471,0.287,0.55,0.156,0.288,0.453,0.291,,,,,,,,,,,,,,,,,,
2023-04-26,12:40 PM.,MIL,DET,away,Roof Closed.,63,642547,3B,1,0,0,0,0,0,0,0,0,1,1,0.053,0.174,0.053,0.227,642547,freddyperalta,"Peralta, F",Right,Freddy Peralta,MIL,3.86,3.35,165.2,102.0,103.0,105.0,0.698,11.41,2.93,7.12,1.41,1.04,0.267,0.455,0.171,0.308,0.405,50.0,97.0,85.0,85.0,103.0,110.0,117.0,104.0,110.0,,,,115.0,99.0,104.0,,,,,,,,0.512,,,0.218,0.124,0.146,0.89,,,,0.36,0.2,0.15,94.4,,,88.6,,82.4,76.9,,,,,,,0.214,0.381,0.3379999999999999,0.203,0.392,0.46,0.213,0.387,0.292,0.224,0.388,0.312,,,,,,,,,,,,,,,,,,
2023-04-25,6:41 PM.,MIL,DET,away,Roof Closed.,64,641778,3B,2,0,0,0,0,0,0,0,0,0,4,0.056,0.182,0.056,0.238,641778,ericlauer,Lauer,Left,Eric Lauer,MIL,6.56,7.54,46.2,97.0,82.0,90.0,0.811,8.29,4.63,10.41,3.09,0.49,0.201,0.465,0.09,0.438,0.431,59.0,99.0,91.0,89.0,91.0,90.0,79.0,101.0,93.0,,,,89.0,105.0,100.0,82.0,93.0,87.0,,,,,0.432,0.358,,0.078,0.124,0.007,-1.01,-2.06,,,2.07,-6.37,-17.68,90.8,86.7,,82.8,,82.6,75.3,,,,0.309,0.568,0.212,0.412,1.235,0.138,0.188,0.188,0.111,0.261,0.58,0.258,,,,,,,,,,,,,,,,,,,,,
2023-04-23,1:36 PM.,BAL,DET,away,Cloudy.,64,680570,3B,3,0,0,0,0,0,0,0,0,0,2,0.063,0.2,0.063,0.263,680570,graysonrodriguez,"Rodriguez, G",Right,Grayson Rodriguez,BAL,4.35,4.21,122.0,102.0,117.0,108.0,0.759,9.52,3.1,8.93,1.18,1.4,0.226,0.408,0.12,0.372,0.44,110.0,102.0,115.0,146.0,97.0,101.0,116.0,104.0,106.0,,,,126.0,103.0,114.0,76.0,90.0,86.0,,,,,0.496,0.052,,0.148,0.081,0.224,-0.83,-1.59,,,1.92,-0.49,1.7,97.4,90.0,,83.9,,82.4,79.9,,,,0.333,0.889,0.143,0.176,0.353,0.281,0.153,0.169,0.34,0.342,0.535,0.241,0.201,0.318,0.283,,,,,,,,,,,,,,,,,,
2023-04-22,7:05 PM.,BAL,DET,away,Overcast.,59,502043,DH,3,0,0,0,0,0,0,0,0,2,1,0.077,0.235,0.077,0.312,502043,kylegibson,Gibson,Right,Kyle Gibson,BAL,4.73,4.8,192.0,100.0,93.0,97.0,0.768,7.36,2.58,9.28,1.08,1.57,0.205,0.452,0.136,0.311,0.394,88.0,99.0,96.0,90.0,102.0,99.0,78.0,96.0,89.0,93.0,101.0,97.0,110.0,105.0,107.0,90.0,95.0,92.0,,,,0.261,0.134,0.166,,0.184,0.084,0.17,-0.69,-1.02,,-0.08,2.01,0.01,-0.29,92.1,89.8,,85.5,91.9,81.6,79.5,0.289,0.459,0.11,0.345,0.552,0.154,0.279,0.419,0.4039999999999999,0.147,0.228,0.471,0.287,0.55,0.156,0.288,0.453,0.291,,,,,,,,,,,,,,,,,,
2023-04-19,1:11 PM.,CLE,DET,home,Sunny.,47,615698,3B,4,0,0,0,0,0,0,0,0,1,4,0.1,0.286,0.1,0.386,615698,calquantrill,Quantrill,Right,Cal Quantrill,CLE,5.24,5.85,99.2,98.0,95.0,95.0,0.83,5.24,3.16,10.02,0.99,1.12,0.224,0.451,0.186,0.311,0.384,85.0,94.0,91.0,103.0,110.0,111.0,75.0,77.0,73.0,86.0,96.0,90.0,,,,103.0,94.0,93.0,113.0,104.0,104.0,0.416,0.01,0.241,0.123,,0.109,0.101,-2.44,-0.89,-1.13,0.18,,1.28,-2.42,93.8,88.1,86.8,86.1,93.7,,82.0,0.277,0.428,0.1689999999999999,0.33,0.495,0.221,0.188,0.313,0.158,,,,0.333,0.667,0.2,0.344,0.625,0.182,0.241,0.362,0.225,,,,,,,,,,,,,,,
2023-04-18,4:17 PM.,CLE,DET,home,Partly Cloudy.,46,685410,LF,2,0,1,0,0,0,0,0,1,0,0,0.167,0.4,0.167,0.567,685410,peytonbattenfield,Battenfield,Right,Peyton Battenfield,CLE,5.19,6.16,34.2,100.0,88.0,94.0,0.756,7.01,3.12,8.83,1.82,1.05,0.168,0.495,0.056,0.439,0.39,72.0,88.0,86.0,72.0,97.0,98.0,73.0,94.0,89.0,,,,,,,109.0,109.0,98.0,,,,,0.446,0.408,,,0.107,0.038,-2.36,2.7,,,,0.03,-4.8,90.8,87.3,,84.7,,,79.7,,,,0.164,0.279,0.318,0.4,0.4,0.429,,,,0.323,0.645,0.129,0.4,0.8,0.3329999999999999,,,,,,,,,,,,,,,,,,
2023-04-14,6:41 PM.,SF,DET,home,Partly Cloudy.,80,640455,3B,2,0,0,0,0,0,0,0,0,1,1,0.0,0.286,0.0,0.286,640455,seanmanaea,Manaea,Left,Sean Manaea,SFG,4.44,4.21,117.2,101.0,91.0,96.0,0.777,9.79,3.21,7.95,1.07,1.1,0.255,0.371,0.143,0.305,0.448,90.0,97.0,94.0,,,,90.0,105.0,95.0,121.0,109.0,108.0,92.0,95.0,98.0,,,,,,,0.008,0.562,0.0,,0.26,,0.17,0.91,-5.8,,-6.19,-0.93,,1.06,93.6,90.3,,86.6,94.0,82.3,,0.4,0.8,0.25,,,,,,,0.122,0.143,0.367,0.235,0.39,0.233,0.224,0.342,0.183,,,,,,,,,,,,,,,,,,
2023-04-13,7:08 PM.,TOR,DET,away,Clear.,59,605135,DH,2,0,0,0,0,0,1,0,1,1,4,0.0,0.4,0.0,0.4,605135,chrisbassitt,Bassitt,Right,Chris Bassitt,TOR,3.6,4.04,200.0,100.0,92.0,99.0,0.8,8.37,2.66,7.92,1.26,1.12,0.271,0.381,0.165,0.285,0.459,72.0,93.0,91.0,93.0,92.0,100.0,74.0,106.0,98.0,92.0,104.0,98.0,106.0,93.0,102.0,95.0,105.0,102.0,78.0,84.0,84.0,0.393,0.093,0.153,0.033,0.136,0.126,0.065,-3.9,-1.13,-3.07,2.11,-0.72,0.67,1.71,92.4,87.8,82.6,84.1,91.9,75.6,70.7,0.22,0.336,0.144,0.274,0.496,0.253,0.192,0.295,0.318,0.227,0.636,0.191,0.333,0.652,0.206,0.189,0.351,0.1009999999999999,0.375,0.563,0.226,,,,,,,,,,,,,,,
2024-09-29,12:11 PM.,SEA,OAK,away,Partly Cloudy.,56,669302,3B,3,0,1,1,0,0,2,0,0,1,0,0.204,0.288,0.331,0.619,669302,logangilbert,"Gilbert, L",Right,Logan Gilbert,SEA,3.23,3.14,208.2,101.0,121.0,106.0,0.705,9.49,1.6,6.38,1.12,1.2,0.236,0.45,0.135,0.325,0.429,,,,124.0,99.0,107.0,106.0,101.0,97.0,91.0,102.0,97.0,146.0,102.0,115.0,116.0,104.0,103.0,99.0,96.0,104.0,0.015,0.308,0.106,0.134,0.32,0.118,,1.41,0.14,1.18,0.32,1.72,0.81,,96.6,92.3,84.5,,95.5,88.4,83.2,0.286,0.286,0.05,0.247,0.483,0.272,0.181,0.301,0.354,0.21,0.375,0.368,0.204,0.383,0.193,,,,0.101,0.162,0.506,,,,,,,,,,,,,,,
2024-09-28,6:41 PM.,SEA,OAK,away,Roof Closed.,55,676106,3B,4,0,1,0,0,0,0,0,0,1,2,0.202,0.287,0.326,0.613,676106,emersonhancock,Hancock,Right,Emerson Hancock,SEA,4.75,5.94,60.2,102.0,86.0,98.0,0.809,5.79,2.82,9.2,1.78,0.82,0.272,0.411,0.198,0.317,0.436,86.0,108.0,105.0,,,,76.0,103.0,94.0,90.0,100.0,94.0,97.0,94.0,95.0,,,,,,,0.298,0.326,,,0.165,,0.211,0.6,,,-1.17,-3.11,,0.03,93.4,,,86.5,93.2,84.1,,0.323,0.538,0.149,,,,,,,0.3,0.6,0.317,0.253,0.443,0.226,0.185,0.323,0.239,,,,,,,,,,,,,,,,,,
2024-09-25,6:40 PM.,TEX,OAK,home,Partly Cloudy.,64,674003,LF,2,0,1,0,0,0,0,0,0,0,2,0.202,0.288,0.328,0.616,674003,codybradford,Bradford,Left,Cody Bradford,TEX,3.54,3.54,76.1,105.0,94.0,100.0,0.793,8.25,1.53,7.55,1.18,0.82,0.263,0.357,0.138,0.304,0.427,105.0,104.0,109.0,96.0,103.0,104.0,94.0,105.0,93.0,,,,49.0,114.0,107.0,70.0,112.0,85.0,,,,,0.523,0.007,,0.07,0.128,0.273,1.75,-3.68,,,-0.79,-2.32,0.86,89.8,86.4,,80.9,,82.7,74.9,,,,,,,0.306,0.556,0.129,0.32,0.48,0.182,0.185,0.344,0.213,0.21,0.333,0.338,,,,,,,,,,,,,,,,,,
2024-09-22,1:08 PM.,NYY,OAK,home,Sunny.,69,661563,3B,0,0,0,0,0,0,0,0,0,0,0,0.199,0.286,0.326,0.612,661563,luisgil,Gil,Right,Luis Gil,NYY,3.5,3.8,151.2,95.0,110.0,100.0,0.742,10.15,4.57,6.17,1.07,0.76,0.266,0.429,0.168,0.321,0.398,80.0,93.0,93.0,,,,128.0,96.0,102.0,,,,108.0,94.0,105.0,,,,,,,,0.488,,,0.259,,0.253,0.06,,,,1.37,,0.37,96.6,,,91.6,,87.5,,,,,,,,,,,0.171,0.312,0.315,0.205,0.395,0.285,0.179,0.282,0.269,,,,,,,,,,,,,,,,,,
2024-09-21,6:07 PM.,NYY,OAK,home,Clear.,66,607074,1B,3,0,0,0,0,0,0,0,0,1,1,0.199,0.286,0.326,0.612,607074,carlosrodon,Rodón,Left,Carlos Rodón,NYY,3.96,4.14,175.0,97.0,122.0,103.0,0.716,10.03,2.93,8.07,1.59,0.69,0.257,0.399,0.143,0.329,0.396,129.0,92.0,106.0,103.0,86.0,93.0,114.0,98.0,101.0,,,,144.0,104.0,113.0,100.0,83.0,82.0,,,,,0.494,0.035,,0.26,0.083,0.129,0.05,-3.11,,,-0.4,-1.32,1.44,95.4,91.8,,85.5,,86.8,81.0,,,,0.353,0.647,0.255,0.281,0.531,0.276,0.199,0.361,0.393,0.262,0.514,0.214,0.188,0.247,0.495,,,,,,,,,,,,,,,,,,
2024-09-18,1:20 PM.,CHC,OAK,away,Sunny.,81,657006,LF,3,1,1,0,0,0,0,0,0,0,0,0.202,0.289,0.33,0.619,657006,justinsteele,Steele,Left,Justin Steele,CHC,3.07,2.74,134.2,103.0,99.0,102.0,0.792,9.02,2.47,7.42,0.8,1.2,0.288,0.38,0.174,0.264,0.513,70.0,92.0,94.0,92.0,120.0,108.0,89.0,102.0,100.0,64.0,104.0,95.0,130.0,105.0,109.0,,,,,,,0.053,0.595,,,0.297,0.022,0.033,0.38,,,0.43,1.81,2.76,0.32,91.6,,,86.2,91.6,83.3,79.9,0.292,0.458,0.182,,,,0.0,0.0,0.2,0.16,0.243,0.282,0.253,0.396,0.223,0.222,0.222,0.172,,,,,,,,,,,,,,,,,,
2024-09-17,6:40 PM.,CHC,OAK,away,Clear.,74,696136,1B,4,0,2,1,0,0,0,0,0,1,1,0.2,0.289,0.33,0.619,696136,jordanwicks,Wicks,Left,Jordan Wicks,CHC,5.48,5.18,46.0,102.0,92.0,100.0,0.779,8.22,3.91,10.76,1.76,1.0,0.223,0.426,0.115,0.284,0.378,100.0,100.0,102.0,93.0,92.0,90.0,90.0,105.0,104.0,71.0,101.0,90.0,117.0,96.0,98.0,78.0,103.0,88.0,,,,0.131,0.448,0.014,,0.087,0.061,0.258,-0.12,-9.26,,-3.86,-4.44,-5.0,1.18,92.6,87.5,,82.2,91.7,84.2,78.4,0.419,0.677,0.161,0.667,0.667,0.0,0.667,1.167,0.154,0.444,0.889,0.217,0.264,0.425,0.163,0.17,0.358,0.419,,,,,,,,,,,,,,,,,,
2024-09-16,6:40 PM.,CHC,OAK,away,Partly Cloudy.,79,684007,LF,3,0,0,0,0,0,0,0,1,1,4,0.195,0.286,0.323,0.609,684007,shotaimanaga,Imanaga,Left,Shota Imanaga,CHC,2.91,3.39,173.1,105.0,90.0,103.0,0.739,9.03,1.45,7.74,1.4,0.82,0.217,0.45,0.166,0.309,0.438,82.0,105.0,104.0,70.0,96.0,97.0,96.0,104.0,106.0,76.0,102.0,91.0,103.0,105.0,104.0,50.0,107.0,96.0,81.0,106.0,100.0,0.021,0.52,0.005,0.306,0.077,0.032,0.039,0.36,-6.3,1.39,0.77,0.14,-0.59,0.48,91.7,89.8,82.9,81.6,88.7,81.6,72.7,0.25,0.333,0.37,0.333,1.333,0.143,0.444,0.556,0.0,,,,0.229,0.47,0.176,0.194,0.226,0.333,0.204,0.283,0.431,0.0,-76.55,53.9,,,,0.267,0.311,0.347,,,,,,
2024-09-15,1:10 PM.,CWS,OAK,away,Sunny.,90,680732,1B,2,0,0,0,0,0,0,0,0,1,0,0.197,0.286,0.327,0.613,680732,seanburke,"Burke, S",Right,Sean Burke,CHW,1.42,3.83,19.0,100.0,106.0,105.0,0.739,10.42,3.32,5.68,0.95,0.79,0.34,0.404,0.17,0.34,0.414,125.0,79.0,88.0,105.0,113.0,110.0,111.0,101.0,109.0,,,,96.0,92.0,101.0,,,,,,,,0.405,,,0.285,0.249,0.061,1.08,,,,-0.72,1.87,2.3,95.3,,,84.6,,86.9,79.7,,,,,,,0.077,0.077,0.188,0.25,0.375,0.432,0.172,0.448,0.236,0.0,0.0,0.4,,,,,,,,,,,,,,,,,,
2024-09-13,6:40 PM.,CWS,OAK,away,Partly Cloudy.,78,676979,1B,2,1,1,0,0,0,0,0,0,0,0,0.199,0.289,0.33,0.619,676979,garrettcrochet,Crochet,Left,Garrett Crochet,CHW,3.58,2.85,146.0,103.0,102.0,103.0,0.694,12.88,2.03,7.58,1.11,1.25,0.259,0.394,0.175,0.33,0.458,66.0,101.0,102.0,,,,104.0,103.0,103.0,123.0,98.0,97.0,138.0,102.0,107.0,94.0,105.0,103.0,,,,0.021,0.537,0.284,,0.098,,0.059,1.66,-0.14,,4.04,-2.29,,-0.36,97.2,91.6,,91.0,97.9,84.3,,0.154,0.154,0.321,0.268,0.458,0.334,,,,,,,0.198,0.295,0.314,0.184,0.289,0.339,,,,,,,,,,0.228,0.561,0.422,,,,,,
2024-09-12,1:11 PM.,HOU,OAK,away,Roof Closed.,73,664285,3B,4,1,1,0,0,1,1,0,0,1,2,0.196,0.287,0.329,0.616,664285,frambervaldez,"Valdez, F",Left,Framber Valdez,HOU,2.91,3.41,176.1,97.0,114.0,102.0,0.744,8.63,2.81,7.15,0.66,3.02,0.205,0.416,0.129,0.321,0.425,130.0,96.0,104.0,129.0,96.0,108.0,60.0,102.0,94.0,98.0,99.0,97.0,107.0,102.0,110.0,,,,,,,0.458,0.012,,,0.043,0.313,0.175,-4.64,,,1.46,-0.2,1.59,0.62,94.5,,,89.9,94.1,85.1,79.7,0.276,0.399,0.116,,,,0.121,0.187,0.398,0.233,0.467,0.383,0.4,1.0,0.273,0.226,0.278,0.354,,,,,,,,,,,,,,,,,,
2024-09-10,7:10 PM.,HOU,OAK,away,Roof Closed.,73,681293,1B,1,0,0,0,0,0,0,0,0,0,1,0.195,0.287,0.316,0.603,681293,spencerarrighetti,Arrighetti,Right,Spencer Arrighetti,HOU,4.53,4.05,145.0,99.0,95.0,99.0,0.739,10.61,4.03,8.63,1.3,0.85,0.247,0.437,0.147,0.314,0.444,89.0,97.0,90.0,118.0,98.0,104.0,91.0,100.0,99.0,,,,117.0,93.0,101.0,66.0,98.0,96.0,,,,,0.41,0.196,,0.108,0.2,0.086,-1.33,0.57,,,0.99,0.8,-2.52,94.1,88.2,,85.5,,80.8,78.4,,,,0.248,0.444,0.228,0.171,0.282,0.424,,,,0.303,0.528,0.198,0.395,0.512,0.378,,,,,,,,,,0.113,0.226,0.386,,,,,,
2024-09-07,1:07 PM.,DET,OAK,home,Sunny.,74,669724,PH,1,0,1,0,0,0,0,0,0,0,0,0.196,0.289,0.318,0.607,669724,brenanhanifee,Hanifee,Right,Brenan Hanifee,DET,1.84,3.07,29.1,104.0,91.0,100.0,0.863,7.06,1.84,8.28,0.61,1.88,0.242,0.473,0.242,0.319,0.445,88.0,95.0,97.0,,,,84.0,111.0,102.0,80.0,103.0,98.0,120.0,105.0,107.0,,,,,,,0.539,0.141,,,0.224,,0.096,-0.24,,,2.09,0.13,,-3.75,95.6,,,88.6,94.8,87.4,,0.231,0.246,0.088,,,,,,,0.227,0.409,0.133,0.222,0.5,0.359,0.333,0.778,0.391,,,,,,,,,,,,,,,,,,
2024-09-06,6:41 PM.,DET,OAK,home,Clear.,73,669373,1B,4,0,0,0,0,0,0,0,0,2,4,0.192,0.286,0.315,0.601,669373,tarikskubal,Skubal,Left,Tarik Skubal,DET,2.39,2.72,192.0,103.0,103.0,106.0,0.717,10.69,1.64,6.66,0.7,1.27,0.256,0.387,0.181,0.254,0.475,97.0,104.0,114.0,,,,112.0,104.0,103.0,95.0,105.0,104.0,111.0,99.0,103.0,,,,,,,0.205,0.332,,,0.149,,0.271,1.84,,,1.25,0.78,,1.13,96.8,,,86.3,96.6,88.7,,0.207,0.305,0.16,,,,0.158,0.316,0.175,0.169,0.364,0.346,0.197,0.286,0.277,0.216,0.322,0.461,,,,0.042,1.26,78.5,95.0,91.0,101.0,,,,,,,,,
2024-09-04,6:40 PM.,SEA,OAK,home,Clear.,72,669923,RF,1,0,0,0,0,0,0,0,0,1,1,0.196,0.29,0.321,0.611,669923,georgekirby,Kirby,Right,George Kirby,SEA,3.53,3.44,191.0,106.0,106.0,106.0,0.786,8.43,1.08,8.53,1.04,1.01,0.298,0.342,0.178,0.294,0.446,,,,,,,102.0,107.0,101.0,106.0,108.0,108.0,110.0,104.0,110.0,97.0,99.0,93.0,109.0,100.0,108.0,0.236,0.339,0.004,0.102,0.237,,,0.46,0.79,-2.05,1.5,1.28,,,96.0,92.3,86.0,,96.0,87.2,,0.263,0.354,0.105,,,,0.333,0.439,0.286,0.226,0.316,0.271,0.221,0.458,0.291,,,,0.253,0.413,0.295,0.082,-1.95,83.4,114.0,110.0,113.0,,,,,,,73.9,0.0,-3.5
2024-09-02,4:07 PM.,SEA,OAK,home,Sunny.,73,669302,1B,3,0,0,0,0,0,0,0,0,2,0,0.197,0.292,0.322,0.614,669302,logangilbert,"Gilbert, L",Right,Logan Gilbert,SEA,3.23,3.14,208.2,101.0,121.0,106.0,0.705,9.49,1.6,6.38,1.12,1.2,0.236,0.45,0.135,0.325,0.429,,,,124.0,99.0,107.0,106.0,101.0,97.0,91.0,102.0,97.0,146.0,102.0,115.0,116.0,104.0,103.0,99.0,96.0,104.0,0.015,0.308,0.106,0.134,0.32,0.118,,1.41,0.14,1.18,0.32,1.72,0.81,,96.6,92.3,84.5,,95.5,88.4,83.2,0.286,0.286,0.05,0.247,0.483,0.272,0.181,0.301,0.354,0.21,0.375,0.368,0.204,0.383,0.193,,,,0.101,0.162,0.506,,,,,,,,,,,,,,,
2024-09-01,1:36 PM.,TEX,OAK,away,Roof Closed.,74,679156,1B,2,0,0,0,0,0,0,0,0,0,1,0.2,0.295,0.327,0.622,679156,walterpennington,Pennington,Left,Walter Pennington,- - -,3.0,5.42,18.0,94.0,80.0,88.0,0.773,8.5,5.5,9.5,0.5,1.41,0.185,0.5,0.074,0.278,0.406,,,,,,,47.0,99.0,76.0,61.0,91.0,77.0,87.0,96.0,92.0,93.0,95.0,93.0,,,,0.297,0.024,0.27,,0.409,,,1.21,-0.81,,1.32,-1.69,,,90.4,89.4,,,91.5,83.8,,0.167,0.222,0.128,0.333,0.444,0.143,,,,0.286,0.429,0.409,,,,,,,,,,,,,,,,,,,,,,,,
2024-08-31,6:08 PM.,TEX,OAK,away,Roof Closed.,74,674003,1B,3,0,0,0,0,0,0,0,0,1,1,0.202,0.298,0.33,0.628,674003,codybradford,Bradford,Left,Cody Bradford,TEX,3.54,3.54,76.1,105.0,94.0,100.0,0.793,8.25,1.53,7.55,1.18,0.82,0.263,0.357,0.138,0.304,0.427,105.0,104.0,109.0,96.0,103.0,104.0,94.0,105.0,93.0,,,,49.0,114.0,107.0,70.0,112.0,85.0,,,,,0.523,0.007,,0.07,0.128,0.273,1.75,-3.68,,,-0.79,-2.32,0.86,89.8,86.4,,80.9,,82.7,74.9,,,,,,,0.306,0.556,0.129,0.32,0.48,0.182,0.185,0.344,0.213,0.21,0.333,0.338,,,,,,,,,,,,,,,,,,
2024-08-24,1:07 PM.,MIL,OAK,home,Partly Cloudy.,73,607067,3B,3,0,0,0,0,0,0,0,0,1,1,0.205,0.302,0.335,0.637,607067,colinrea,Rea,Right,Colin Rea,MIL,4.29,4.91,167.2,102.0,84.0,97.0,0.827,7.25,2.31,9.07,1.56,0.95,0.24,0.456,0.137,0.329,0.443,,,,100.0,109.0,104.0,70.0,109.0,95.0,82.0,103.0,96.0,109.0,106.0,108.0,76.0,94.0,88.0,78.0,98.0,96.0,0.311,0.193,0.194,0.088,0.172,0.042,,0.49,-1.34,-2.02,-0.28,1.41,-3.64,,92.9,87.6,86.5,,92.3,82.0,78.7,0.298,0.482,0.115,0.287,0.656,0.168,0.394,0.636,0.18,,,,0.207,0.314,0.248,,,,0.286,0.492,0.277,,,,,,,0.159,0.234,0.227,,,,,,
2024-08-22,12:37 PM.,TB,OAK,home,Partly Cloudy.,68,605488,1B,3,1,1,0,0,0,0,0,1,0,1,0.208,0.306,0.34,0.646,605488,jeffreysprings,Springs,Left,Jeffrey Springs,TBR,3.27,3.7,33.0,99.0,87.0,96.0,0.733,10.09,3.0,9.27,1.36,0.9,0.226,0.441,0.151,0.344,0.351,107.0,102.0,100.0,,,,77.0,98.0,93.0,47.0,55.0,53.0,92.0,106.0,107.0,18.0,84.0,80.0,,,,0.002,0.423,0.023,,0.235,,0.317,-0.7,-1.54,,-3.5,2.84,,-1.59,89.8,85.3,,79.6,89.8,82.3,,,,,,,,,,,0.222,0.222,0.236,0.216,0.49,0.17,0.333,0.439,0.442,,,,,,,,,,0.0,0.0,0.571,,,,,,
2024-08-21,6:40 PM.,TB,OAK,home,Clear.,68,686752,1B,4,0,0,0,0,0,0,0,0,0,1,0.206,0.302,0.34,0.642,686752,ryanpepiot,Pepiot,Right,Ryan Pepiot,TBR,3.6,3.64,130.0,99.0,116.0,106.0,0.73,9.83,3.32,7.06,1.18,0.77,0.276,0.405,0.17,0.308,0.422,118.0,105.0,117.0,140.0,75.0,84.0,115.0,98.0,102.0,,,,119.0,95.0,106.0,100.0,103.0,100.0,,,,,0.506,0.06,,0.173,0.027,0.235,1.07,-0.88,,,0.51,-1.47,-0.47,94.9,91.6,,85.8,,89.0,80.6,,,,0.276,0.586,0.141,0.167,0.167,0.5,0.267,0.407,0.317,0.181,0.33,0.316,0.216,0.353,0.286,,,,,,,,,,,,,,,,,,
2024-08-18,1:07 PM.,SF,OAK,home,Partly Cloudy.,73,605483,1B,3,0,1,0,0,0,0,0,0,1,0,0.211,0.308,0.347,0.655,605483,blakesnell,Snell,Left,Blake Snell,SFG,3.12,2.57,104.0,98.0,122.0,104.0,0.641,12.55,3.81,5.63,0.52,1.03,0.263,0.404,0.171,0.254,0.356,110.0,108.0,116.0,148.0,99.0,109.0,116.0,96.0,100.0,,,,106.0,87.0,91.0,,,,,,,,0.464,,,0.101,0.26,0.176,1.16,,,,0.11,2.25,0.95,95.9,,,85.5,,88.7,81.1,,,,,,,0.111,0.183,0.498,0.167,0.267,0.446,0.2,0.303,0.244,0.236,0.319,0.476,,,,,,,,,,,,,,,,,,
2024-08-17,4:09 PM.,SF,OAK,home,Partly Cloudy.,73,806185,1B,1,0,0,0,0,0,0,0,0,1,1,0.209,0.307,0.348,0.655,806185,haydenbirdsong,Birdsong,Right,Hayden Birdsong,SFG,4.75,4.65,72.0,92.0,111.0,97.0,0.728,11.0,5.38,7.13,1.38,0.96,0.239,0.394,0.1,0.417,0.382,155.0,91.0,114.0,111.0,102.0,104.0,90.0,89.0,85.0,,,,119.0,90.0,100.0,,,,,,,,0.446,,,0.184,0.187,0.184,-0.02,,,,-0.26,0.82,-0.87,95.8,,,88.1,,86.4,80.5,,,,,,,0.145,0.218,0.327,0.244,0.512,0.487,0.216,0.44,0.182,0.269,0.365,0.349,,,,,,,,,,,,,,,,,,
2024-08-15,1:11 PM.,NYM,OAK,away,Sunny.,85,500779,DH,4,0,2,1,0,0,1,0,2,1,2,0.21,0.309,0.349,0.658,500779,josequintana,Quintana,Left,Jose Quintana,NYM,3.75,4.52,170.1,97.0,83.0,93.0,0.801,7.13,3.33,7.93,1.16,1.35,0.224,0.407,0.173,0.344,0.337,70.0,100.0,97.0,110.0,100.0,99.0,70.0,92.0,85.0,76.0,97.0,91.0,,,,,,,,,,0.304,0.225,,,,0.278,0.193,-0.32,,,0.82,,-0.04,0.5,90.7,,,85.7,90.8,,77.7,0.249,0.431,0.131,,,,0.265,0.444,0.264,,,,0.227,0.427,0.169,0.203,0.26,0.367,,,,,,,,,,,,,0.195,0.366,0.284,,,
2024-08-14,7:11 PM.,NYM,OAK,away,Clear.,82,656849,1B,4,0,1,0,0,0,0,0,0,0,0,0.203,0.299,0.341,0.64,656849,davidpeterson,"Peterson, D",Left,David Peterson,NYM,2.9,4.59,121.0,98.0,94.0,96.0,0.77,7.51,3.42,8.18,0.6,1.72,0.247,0.362,0.138,0.306,0.412,97.0,90.0,93.0,83.0,102.0,100.0,70.0,103.0,94.0,102.0,98.0,95.0,115.0,99.0,104.0,,,,,,,0.31,0.265,,,0.184,0.076,0.164,0.39,,,1.83,-1.81,0.11,0.03,93.1,,,84.7,91.9,85.1,79.1,0.253,0.36,0.16,,,,0.207,0.345,0.259,0.287,0.447,0.339,0.22,0.266,0.287,0.211,0.324,0.271,,,,,,,,,,,,,,,,,,
2024-08-10,3:07 PM.,TOR,OAK,away,Partly Cloudy.,73,684320,1B,3,0,0,0,0,0,0,0,0,1,2,0.202,0.3,0.343,0.643,684320,yarielrodriguez,Rodríguez,Right,Yariel Rodríguez,TOR,4.47,4.0,86.2,97.0,97.0,97.0,0.765,8.83,4.15,7.68,1.14,0.9,0.268,0.393,0.184,0.272,0.392,,,,97.0,95.0,100.0,86.0,93.0,87.0,84.0,94.0,92.0,120.0,104.0,111.0,,,,85.0,102.0,102.0,0.108,0.409,,0.096,0.282,0.105,,-0.12,,-1.17,2.98,0.67,-2.85,,93.9,,88.9,,93.4,84.6,78.3,0.167,0.167,0.149,,,,0.348,0.739,0.25,0.213,0.36,0.335,0.255,0.439,0.22,,,,0.194,0.306,0.215,,,,,,,,,,,,,,,
2024-08-05,6:40 PM.,CWS,OAK,home,Partly Cloudy.,66,681066,1B,2,0,0,0,0,0,1,0,1,0,1,0.206,0.304,0.349,0.653,681066,kybush,Bush,Left,Ky Bush,CHW,5.6,5.35,17.2,91.0,81.0,89.0,0.793,5.6,8.15,10.19,1.02,0.81,0.322,0.39,0.119,0.356,0.388,69.0,91.0,89.0,76.0,101.0,94.0,75.0,92.0,87.0,,,,103.0,83.0,88.0,,,,,,,,0.509,,,0.244,0.149,0.098,-3.27,,,,-0.25,-1.98,4.54,91.7,,,85.9,,82.5,73.4,,,,,,,0.364,0.364,0.263,0.118,0.294,0.257,0.412,0.647,0.188,0.0,0.0,0.308,,,,,,,,,,,,,,,,,,
2024-08-02,6:40 PM.,LAD,OAK,home,Cloudy.,72,694813,1B,1,0,1,0,0,0,0,0,0,0,0,0.208,0.305,0.353,0.658,694813,gavinstone,Stone,Right,Gavin Stone,LAD,3.53,3.94,140.1,103.0,99.0,101.0,0.768,7.44,2.37,8.53,1.15,1.21,0.247,0.409,0.169,0.292,0.409,81.0,102.0,98.0,93.0,102.0,102.0,101.0,100.0,97.0,97.0,103.0,98.0,136.0,111.0,117.0,80.0,101.0,94.0,,,,0.226,0.247,0.053,,0.165,0.042,0.266,0.1,0.49,,-0.69,0.96,1.45,0.82,94.9,92.3,,87.5,95.3,88.7,83.3,0.314,0.504,0.136,0.32,0.48,0.183,0.267,0.333,0.167,0.239,0.326,0.355,0.246,0.41,0.162,0.178,0.356,0.372,,,,,,,,,,0.182,0.182,0.133,,,,,,
2024-07-30,6:45 PM.,SF,OAK,away,Partly Cloudy.,63,592662,1B,1,0,0,0,0,0,0,0,1,1,0,0.203,0.302,0.349,0.651,592662,robbieray,Ray,Left,Robbie Ray,SFG,4.7,3.72,30.2,95.0,102.0,95.0,0.667,12.62,4.4,5.87,1.76,0.53,0.344,0.391,0.281,0.219,0.377,,,,,,,96.0,98.0,96.0,,,,99.0,91.0,91.0,,,,,,,,0.528,,,0.322,,,0.46,,,,0.18,,,94.1,,,,,88.4,,,,,,,,0.316,0.684,0.489,0.148,0.222,0.458,0.167,0.367,0.264,,,,,,,0.15,-2.65,83.5,133.0,96.0,100.0,,,,,,,,,
2024-07-28,1:08 PM.,LAA,OAK,away,Sunny.,80,667755,3B,4,1,1,1,0,0,0,0,0,2,1,0.205,0.299,0.351,0.65,667755,josesoriano,"Soriano, J",Right,José Soriano,LAA,3.42,4.14,113.0,95.0,100.0,99.0,0.779,7.73,3.58,7.25,0.64,2.69,0.212,0.399,0.171,0.294,0.404,,,,,,,96.0,92.0,86.0,95.0,95.0,96.0,117.0,92.0,99.0,,,,120.0,100.0,112.0,0.464,0.146,,0.081,0.055,,,-2.05,,0.8,2.22,0.02,,,98.8,,92.7,,97.7,91.5,,0.214,0.26,0.167,,,,0.226,0.376,0.402,0.143,0.214,0.463,0.356,0.622,0.103,,,,0.15,0.3,0.329,0.254,-0.42,86.4,98.0,96.0,108.0,,,,,,,,,
2024-07-27,6:38 PM.,LAA,OAK,away,Clear.,80,542881,1B,3,0,0,0,0,0,0,0,1,2,1,0.204,0.301,0.347,0.648,542881,tyleranderson,Anderson,Left,Tyler Anderson,LAA,3.81,4.37,179.1,99.0,96.0,99.0,0.741,7.13,3.66,7.93,1.2,0.88,0.193,0.51,0.157,0.267,0.396,105.0,100.0,105.0,,,,89.0,99.0,96.0,66.0,95.0,83.0,80.0,141.0,142.0,99.0,100.0,96.0,,,,0.033,0.396,0.185,,0.013,0.001,0.371,-0.73,-0.41,,-3.87,-0.06,-3.14,1.32,89.4,84.3,,78.9,88.1,81.3,71.6,0.261,0.696,0.152,0.264,0.455,0.247,,,,0.0,0.0,0.357,0.272,0.494,0.183,0.185,0.259,0.396,,,,,,,,,,,,,,,,,,
2024-07-25,6:39 PM.,LAA,OAK,away,Clear.,88,670046,1B,2,1,1,1,0,0,0,0,0,0,0,0.207,0.302,0.354,0.656,670046,kennyrosenberg,Rosenberg,Left,Kenny Rosenberg,LAA,6.0,5.9,24.0,98.0,78.0,93.0,0.782,6.38,3.0,10.5,1.88,0.85,0.152,0.443,0.114,0.38,0.424,92.0,102.0,99.0,92.0,98.0,92.0,74.0,93.0,87.0,,,,,,,55.0,102.0,100.0,,,,,0.486,0.136,,,0.05,0.328,-1.59,-2.78,,,,-3.34,1.81,90.2,83.6,,81.1,,,76.3,,,,0.357,0.571,0.172,,,,,,,0.341,0.568,0.19,0.189,0.405,0.29,,,,,,,,,,,,,,,,,,
2024-07-20,1:07 PM.,LAA,OAK,home,Sunny.,75,686799,1B,2,0,0,0,0,0,0,0,0,0,3,0.204,0.296,0.346,0.642,686799,jackkochanowicz,Kochanowicz,Right,Jack Kochanowicz,LAA,3.99,4.97,65.1,101.0,100.0,102.0,0.867,3.44,1.38,9.37,0.96,2.33,0.202,0.39,0.152,0.35,0.513,74.0,103.0,98.0,111.0,95.0,106.0,87.0,95.0,90.0,99.0,103.0,102.0,,,,,,,,,,0.724,0.062,,,,0.184,0.03,-1.87,,,0.89,,-1.06,-3.35,96.3,,,88.3,95.8,,85.0,0.286,0.411,0.121,,,,0.235,0.412,0.25,,,,0.167,0.5,0.364,0.333,0.444,0.067,,,,,,,,,,,,,,,,,,
2024-07-19,6:40 PM.,LAA,OAK,home,Clear.,80,656288,DH,1,0,0,0,0,0,0,0,0,0,1,0.206,0.299,0.35,0.649,656288,griffincanning,Canning,Right,Griffin Canning,LAA,5.19,4.74,171.2,98.0,88.0,97.0,0.772,6.82,3.46,9.12,1.63,1.04,0.225,0.434,0.128,0.367,0.401,96.0,102.0,102.0,75.0,96.0,96.0,73.0,94.0,86.0,76.0,89.0,78.0,107.0,100.0,110.0,,,,,,,0.01,0.376,,,0.24,0.107,0.267,-0.85,,,-6.83,-0.91,-0.86,0.48,93.4,,,88.6,93.0,87.7,80.6,0.429,0.857,0.0,,,,0.271,0.438,0.241,0.284,0.444,0.331,0.251,0.529,0.147,0.259,0.387,0.288,,,,,,,,,,,,,,,,,,
2024-07-12,6:42 PM.,PHI,OAK,away,Drizzle.,78,624133,RF,3,0,0,0,0,0,0,0,0,0,3,0.208,0.301,0.352,0.653,624133,rangersuarez,"Suárez, R",Left,Ranger Suárez,PHI,3.46,3.67,150.2,103.0,82.0,100.0,0.799,8.66,2.45,8.36,0.84,2.01,0.194,0.461,0.154,0.283,0.395,73.0,100.0,98.0,84.0,107.0,108.0,68.0,101.0,91.0,87.0,106.0,104.0,22.0,85.0,77.0,101.0,98.0,93.0,,,,0.315,0.195,0.121,,0.001,0.205,0.163,0.67,-1.68,,0.84,-4.62,1.02,-0.63,91.8,86.5,,80.0,90.8,81.3,74.4,0.27,0.381,0.101,0.302,0.642,0.162,0.189,0.342,0.339,,,,0.224,0.327,0.18,0.229,0.323,0.35,,,,,,,,,,,,,,,,,,
2024-07-10,7:11 PM.,BOS,OAK,away,Partly Cloudy.,83,601713,1B,3,0,0,0,0,0,1,0,0,2,1,0.212,0.306,0.359,0.665,601713,nickpivetta,Pivetta,Right,Nick Pivetta,BOS,4.14,3.51,145.2,104.0,133.0,108.0,0.775,10.63,2.22,7.91,1.73,0.69,0.238,0.42,0.142,0.378,0.449,,,,118.0,104.0,104.0,122.0,105.0,108.0,,,,155.0,103.0,111.0,104.0,96.0,82.0,,,,,0.486,0.059,,0.291,0.163,,0.73,-4.63,,,-0.1,0.61,,93.9,88.3,,,,82.6,80.0,,,,0.394,0.879,0.211,0.167,0.4,0.206,0.143,0.393,0.326,0.239,0.399,0.218,,,,,,,,,,,,,0.224,0.436,0.35,,,,,,
2024-07-06,1:07 PM.,BAL,OAK,home,Sunny.,82,700249,LF,5,3,3,1,0,1,1,0,0,1,3,0.216,0.313,0.366,0.679,700249,cadepovich,Povich,Left,Cade Povich,BAL,5.2,4.11,79.2,99.0,87.0,97.0,0.788,7.79,3.84,9.04,1.36,0.75,0.22,0.447,0.179,0.289,0.454,63.0,101.0,95.0,93.0,101.0,104.0,81.0,97.0,93.0,80.0,98.0,90.0,113.0,107.0,108.0,97.0,94.0,94.0,,,,0.084,0.407,0.075,,0.13,0.196,0.109,0.56,-3.12,,0.86,-0.43,-2.26,-2.05,92.4,88.3,,86.1,91.5,82.6,76.3,0.2,0.24,0.103,0.333,0.81,0.288,0.333,0.517,0.269,,,,0.223,0.379,0.185,0.25,0.542,0.235,,,,,,,,,,0.232,0.411,0.276,,,,,,
2024-06-30,1:10 PM.,AZ,OAK,away,Roof Closed.,78,694297,3B,3,0,0,0,0,0,0,0,1,1,3,0.203,0.304,0.331,0.635,694297,brandonpfaadt,Pfaadt,Right,Brandon Pfaadt,ARI,4.71,3.78,181.2,106.0,107.0,107.0,0.768,9.17,2.08,9.07,1.19,1.07,0.25,0.427,0.131,0.306,0.449,92.0,102.0,96.0,106.0,102.0,104.0,95.0,106.0,103.0,89.0,106.0,104.0,143.0,109.0,119.0,,,,,,,0.222,0.334,,0.006,0.273,0.053,0.112,0.37,,0.45,-0.09,-0.12,-1.37,0.84,93.8,,89.6,87.5,93.7,84.8,80.8,0.286,0.365,0.119,,,,0.429,0.571,0.295,,,,0.265,0.466,0.224,0.25,0.289,0.312,0.2,0.8,0.0,,,,,,,0.215,0.455,0.362,,,,,,
2024-06-26,1:06 PM.,LAA,OAK,away,Sunny.,80,672710,3B,3,0,0,0,0,0,0,0,1,2,2,0.207,0.305,0.338,0.643,672710,roansycontreras,Contreras,Right,Roansy Contreras,- - -,4.35,4.94,68.1,98.0,100.0,98.0,0.807,7.38,4.08,8.3,1.45,1.1,0.232,0.42,0.164,0.353,0.452,78.0,92.0,93.0,88.0,97.0,101.0,93.0,100.0,96.0,95.0,93.0,81.0,118.0,102.0,107.0,,,,,,,0.101,0.376,,,0.324,0.094,0.105,1.22,,,-1.42,-1.41,1.14,-1.83,94.7,,,89.0,94.5,84.5,77.9,0.37,0.407,0.08,,,,0.167,0.25,0.393,0.274,0.645,0.258,0.231,0.346,0.16,0.235,0.441,0.231,,,,,,,,,,0.1,0.25,0.302,,,,,,
2024-06-25,6:38 PM.,LAA,OAK,away,Clear.,79,542881,1B,1,0,0,0,0,0,1,0,1,0,0,0.211,0.307,0.345,0.652,542881,tyleranderson,Anderson,Left,Tyler Anderson,LAA,3.81,4.37,179.1,99.0,96.0,99.0,0.741,7.13,3.66,7.93,1.2,0.88,0.193,0.51,0.157,0.267,0.396,105.0,100.0,105.0,,,,89.0,99.0,96.0,66.0,95.0,83.0,80.0,141.0,142.0,99.0,100.0,96.0,,,,0.033,0.396,0.185,,0.013,0.001,0.371,-0.73,-0.41,,-3.87,-0.06,-3.14,1.32,89.4,84.3,,78.9,88.1,81.3,71.6,0.261,0.696,0.152,0.264,0.455,0.247,,,,0.0,0.0,0.357,0.272,0.494,0.183,0.185,0.259,0.396,,,,,,,,,,,,,,,,,,
2024-06-24,6:38 PM.,LAA,OAK,away,Clear.,84,656288,3B,3,1,1,0,0,1,1,0,1,0,0,0.213,0.3,0.348,0.648,656288,griffincanning,Canning,Right,Griffin Canning,LAA,5.19,4.74,171.2,98.0,88.0,97.0,0.772,6.82,3.46,9.12,1.63,1.04,0.225,0.434,0.128,0.367,0.401,96.0,102.0,102.0,75.0,96.0,96.0,73.0,94.0,86.0,76.0,89.0,78.0,107.0,100.0,110.0,,,,,,,0.01,0.376,,,0.24,0.107,0.267,-0.85,,,-6.83,-0.91,-0.86,0.48,93.4,,,88.6,93.0,87.7,80.6,0.429,0.857,0.0,,,,0.271,0.438,0.241,0.284,0.444,0.331,0.251,0.529,0.147,0.259,0.387,0.288,,,,,,,,,,,,,,,,,,
2024-06-23,1:30 PM.,MIN,OAK,home,Sunny.,75,641154,3B,3,0,0,0,0,0,0,0,0,2,0,0.21,0.295,0.326,0.621,641154,pablolopez,"López, P",Right,Pablo López,MIN,4.08,3.67,185.1,104.0,98.0,105.0,0.749,9.62,1.99,8.74,1.26,1.19,0.245,0.438,0.134,0.298,0.432,95.0,104.0,105.0,92.0,103.0,108.0,97.0,105.0,101.0,97.0,107.0,107.0,106.0,103.0,110.0,,,,,,,0.073,0.407,,,0.219,0.1,0.201,1.65,,,-2.77,-0.84,-1.28,-0.14,95.0,,,88.5,94.5,84.5,82.4,0.426,0.639,0.142,,,,0.23,0.446,0.341,,,,0.208,0.352,0.259,0.281,0.359,0.249,,,,,,,,,,0.239,0.436,0.331,,,,,,
2024-06-22,1:07 PM.,MIN,OAK,home,Sunny.,76,641927,LF,3,0,0,0,0,0,0,0,0,0,1,0.215,0.301,0.333,0.634,641927,baileyober,Ober,Right,Bailey Ober,MIN,3.98,3.22,178.2,105.0,91.0,102.0,0.728,9.62,2.17,6.85,1.36,0.67,0.22,0.439,0.183,0.303,0.416,116.0,111.0,111.0,94.0,99.0,103.0,81.0,104.0,96.0,,,,74.0,100.0,101.0,84.0,104.0,100.0,,,,,0.381,0.195,,0.118,0.011,0.294,-0.01,-0.86,,,2.03,4.57,1.98,91.7,86.2,,83.4,,80.3,76.0,,,,0.279,0.504,0.229,0.0,0.0,0.375,0.095,0.162,0.307,0.258,0.506,0.222,0.154,0.285,0.395,,,,,,,,,,,,,,,,,,
2024-06-21,6:41 PM.,MIN,OAK,home,Clear.,63,663978,3B,1,0,0,0,0,0,0,0,0,0,1,0.22,0.307,0.341,0.648,663978,chrispaddack,Paddack,Right,Chris Paddack,MIN,4.99,4.84,88.1,106.0,89.0,104.0,0.781,8.05,2.14,10.39,1.43,0.9,0.233,0.35,0.141,0.311,0.425,108.0,107.0,112.0,106.0,102.0,103.0,79.0,111.0,103.0,,,,71.0,97.0,96.0,,,,,,,,0.429,,,0.177,0.136,0.259,0.63,,,,-0.21,-1.69,-1.51,93.3,,,82.9,,85.9,78.2,,,,,,,0.326,0.435,0.19,0.264,0.434,0.254,0.277,0.4,0.243,0.283,0.519,0.248,,,,,,,,,,,,,,,,,,
2024-06-20,12:37 PM.,KC,OAK,home,Partly Cloudy.,63,607625,1B,1,0,0,0,0,0,0,0,0,0,2,0.221,0.309,0.344,0.653,607625,sethlugo,"Lugo, S",Right,Seth Lugo,KCR,3.0,3.75,206.2,101.0,97.0,100.0,0.795,7.88,2.09,7.71,0.7,1.2,0.212,0.386,0.156,0.303,0.43,93.0,100.0,98.0,126.0,100.0,110.0,75.0,103.0,95.0,68.0,101.0,92.0,125.0,97.0,105.0,97.0,103.0,103.0,93.0,107.0,106.0,0.185,0.24,0.082,0.026,0.135,0.262,0.069,0.7,2.86,0.07,0.65,-0.67,1.44,0.08,92.2,90.1,85.7,87.4,92.1,85.2,79.4,0.274,0.381,0.129,0.228,0.228,0.23,0.178,0.271,0.339,0.213,0.387,0.2,0.234,0.392,0.176,0.208,0.333,0.291,0.105,0.421,0.351,,,,,,,0.375,0.75,0.109,0.215,0.28,0.285,,,
2024-06-19,6:42 PM.,KC,OAK,home,Partly Cloudy.,60,666142,3B,4,0,1,0,0,0,1,0,0,2,4,0.223,0.311,0.346,0.657,666142,coleragans,Ragans,Left,Cole Ragans,KCR,3.14,3.31,186.1,100.0,108.0,104.0,0.705,10.77,3.24,7.05,0.72,1.01,0.281,0.395,0.176,0.3,0.409,114.0,98.0,103.0,,,,105.0,101.0,106.0,,,,132.0,106.0,114.0,88.0,94.0,91.0,,,,,0.418,0.113,,0.128,,0.237,0.85,0.26,,,-0.34,,1.43,95.4,90.7,,84.8,,86.0,,,,,0.348,0.455,0.228,0.14,0.256,0.352,0.21,0.305,0.337,0.213,0.361,0.231,0.183,0.28,0.478,,,,0.104,0.9,80.8,101.0,97.0,101.0,,,,,,,,,
2024-06-18,6:40 PM.,KC,OAK,home,Partly Cloudy.,69,679525,3B,3,1,1,1,0,0,0,0,1,0,0,0.222,0.313,0.349,0.662,679525,alecmarsh,Marsh,Right,Alec Marsh,KCR,4.53,4.97,129.0,99.0,100.0,99.0,0.789,8.58,2.72,8.58,1.33,0.92,0.249,0.42,0.182,0.329,0.429,88.0,95.0,94.0,103.0,105.0,103.0,93.0,98.0,95.0,98.0,99.0,97.0,117.0,99.0,107.0,,,,,,,0.138,0.37,,,0.228,0.164,0.1,0.34,,,-1.16,-0.57,-1.2,0.84,94.2,,,86.3,93.6,86.5,82.8,0.317,0.524,0.099,,,,0.263,0.5,0.274,0.29,0.462,0.294,0.208,0.383,0.223,0.204,0.296,0.177,,,,,,,,,,0.2,0.433,0.464,,,,,,
2024-05-26,1:07 PM.,HOU,OAK,home,Sunny.,67,669854,PH,1,0,0,0,0,0,0,0,0,1,0,0.22,0.307,0.341,0.648,669854,ronelblanco,Blanco,Right,Ronel Blanco,HOU,2.8,4.0,167.1,100.0,94.0,98.0,0.733,8.93,3.66,6.13,1.18,0.95,0.21,0.453,0.178,0.317,0.405,119.0,104.0,108.0,75.0,96.0,100.0,85.0,95.0,90.0,,,,89.0,103.0,101.0,,,,,,,,0.383,,,0.302,0.094,0.221,-0.42,,,,2.24,2.55,-0.16,93.4,,,85.2,,86.4,80.1,,,,,,,0.071,0.071,0.376,0.18,0.284,0.333,0.232,0.497,0.192,0.188,0.356,0.343,,,,,,,,,,,,,,,,,,
2024-05-22,6:40 PM.,COL,OAK,home,Clear.,64,596295,RF,4,0,0,0,0,0,0,0,1,0,4,0.221,0.309,0.344,0.653,596295,austingomber,Gomber,Left,Austin Gomber,COL,4.75,5.07,165.0,102.0,82.0,98.0,0.821,6.33,2.07,9.71,1.64,0.92,0.213,0.423,0.122,0.394,0.446,82.0,103.0,99.0,,,,71.0,98.0,91.0,51.0,110.0,96.0,91.0,103.0,102.0,,,,,,,0.001,0.404,,,0.167,,0.205,-1.23,,,-42.96,-0.17,,-0.15,90.4,,,81.1,90.1,83.8,,,,,,,,0.22,0.368,0.269,0.274,0.513,0.22,0.305,0.6,0.096,0.28,0.409,0.273,,,,0.224,-0.08,77.6,93.0,109.0,107.0,,,,,,,,,
2024-05-18,6:10 PM.,KC,OAK,away,Clear.,87,607625,RF,1,0,0,0,0,0,0,0,0,0,0,0.229,0.313,0.356,0.669,607625,sethlugo,"Lugo, S",Right,Seth Lugo,KCR,3.0,3.75,206.2,101.0,97.0,100.0,0.795,7.88,2.09,7.71,0.7,1.2,0.212,0.386,0.156,0.303,0.43,93.0,100.0,98.0,126.0,100.0,110.0,75.0,103.0,95.0,68.0,101.0,92.0,125.0,97.0,105.0,97.0,103.0,103.0,93.0,107.0,106.0,0.185,0.24,0.082,0.026,0.135,0.262,0.069,0.7,2.86,0.07,0.65,-0.67,1.44,0.08,92.2,90.1,85.7,87.4,92.1,85.2,79.4,0.274,0.381,0.129,0.228,0.228,0.23,0.178,0.271,0.339,0.213,0.387,0.2,0.234,0.392,0.176,0.208,0.333,0.291,0.105,0.421,0.351,,,,,,,0.375,0.75,0.109,0.215,0.28,0.285,,,
2024-05-17,6:40 PM.,KC,OAK,away,Clear.,78,666142,RF,2,0,0,0,0,0,0,0,1,0,0,0.231,0.316,0.359,0.675,666142,coleragans,Ragans,Left,Cole Ragans,KCR,3.14,3.31,186.1,100.0,108.0,104.0,0.705,10.77,3.24,7.05,0.72,1.01,0.281,0.395,0.176,0.3,0.409,114.0,98.0,103.0,,,,105.0,101.0,106.0,,,,132.0,106.0,114.0,88.0,94.0,91.0,,,,,0.418,0.113,,0.128,,0.237,0.85,0.26,,,-0.34,,1.43,95.4,90.7,,84.8,,86.0,,,,,0.348,0.455,0.228,0.14,0.256,0.352,0.21,0.305,0.337,0.213,0.361,0.231,0.183,0.28,0.478,,,,0.104,0.9,80.8,101.0,97.0,101.0,,,,,,,,,
2024-05-15,7:12 PM.,HOU,OAK,away,Roof Closed.,73,664285,3B,3,0,0,0,0,0,0,0,0,2,2,0.235,0.315,0.365,0.68,664285,frambervaldez,"Valdez, F",Left,Framber Valdez,HOU,2.91,3.41,176.1,97.0,114.0,102.0,0.744,8.63,2.81,7.15,0.66,3.02,0.205,0.416,0.129,0.321,0.425,130.0,96.0,104.0,129.0,96.0,108.0,60.0,102.0,94.0,98.0,99.0,97.0,107.0,102.0,110.0,,,,,,,0.458,0.012,,,0.043,0.313,0.175,-4.64,,,1.46,-0.2,1.59,0.62,94.5,,,89.9,94.1,85.1,79.7,0.276,0.399,0.116,,,,0.121,0.187,0.398,0.233,0.467,0.383,0.4,1.0,0.273,0.226,0.278,0.354,,,,,,,,,,,,,,,,,,
2024-05-14,7:10 PM.,HOU,OAK,away,Roof Closed.,73,669854,RF,4,0,0,0,0,0,0,0,0,1,1,0.241,0.323,0.375,0.698,669854,ronelblanco,Blanco,Right,Ronel Blanco,HOU,2.8,4.0,167.1,100.0,94.0,98.0,0.733,8.93,3.66,6.13,1.18,0.95,0.21,0.453,0.178,0.317,0.405,119.0,104.0,108.0,75.0,96.0,100.0,85.0,95.0,90.0,,,,89.0,103.0,101.0,,,,,,,,0.383,,,0.302,0.094,0.221,-0.42,,,,2.24,2.55,-0.16,93.4,,,85.2,,86.4,80.1,,,,,,,0.071,0.071,0.376,0.18,0.284,0.333,0.232,0.497,0.192,0.188,0.356,0.343,,,,,,,,,,,,,,,,,,
2024-05-13,7:10 PM.,HOU,OAK,away,Roof Closed.,73,681293,3B,1,0,0,0,0,0,0,0,0,1,1,0.25,0.333,0.389,0.722,681293,spencerarrighetti,Arrighetti,Right,Spencer Arrighetti,HOU,4.53,4.05,145.0,99.0,95.0,99.0,0.739,10.61,4.03,8.63,1.3,0.85,0.247,0.437,0.147,0.314,0.444,89.0,97.0,90.0,118.0,98.0,104.0,91.0,100.0,99.0,,,,117.0,93.0,101.0,66.0,98.0,96.0,,,,,0.41,0.196,,0.108,0.2,0.086,-1.33,0.57,,,0.99,0.8,-2.52,94.1,88.2,,85.5,,80.8,78.4,,,,0.248,0.444,0.228,0.171,0.282,0.424,,,,0.303,0.528,0.198,0.395,0.512,0.378,,,,,,,,,,0.113,0.226,0.386,,,,,,
2024-05-12,1:11 PM.,SEA,OAK,away,Sunny.,65,622491,1B,3,0,0,0,0,0,0,0,1,1,1,0.252,0.336,0.393,0.729,622491,luiscastillo,"Castillo, L",Right,Luis Castillo,SEA,3.64,3.91,175.1,105.0,101.0,102.0,0.768,8.98,2.41,8.11,1.28,0.94,0.26,0.409,0.159,0.319,0.406,89.0,104.0,97.0,,,,120.0,105.0,103.0,100.0,102.0,98.0,72.0,106.0,108.0,,,,,,,0.179,0.454,,,0.224,,0.143,0.97,,,-0.41,0.65,,-1.63,95.6,,,88.1,95.6,85.7,,0.298,0.457,0.105,,,,,,,0.207,0.357,0.358,0.203,0.365,0.273,0.287,0.545,0.265,,,,,,,,,,,,,,,,,,
2024-05-11,6:41 PM.,SEA,OAK,away,Clear.,76,682243,LF,4,0,1,1,0,0,0,0,0,1,2,0.26,0.339,0.404,0.743,682243,brycemiller,"Miller, B",Right,Bryce Miller,SEA,2.94,3.72,180.1,101.0,112.0,105.0,0.774,8.53,2.25,6.54,1.05,0.86,0.249,0.404,0.14,0.318,0.442,,,,,,,124.0,102.0,106.0,100.0,102.0,99.0,122.0,96.0,101.0,93.0,80.0,85.0,95.0,107.0,111.0,0.171,0.423,0.023,0.171,0.168,,,1.53,0.14,1.51,1.55,-0.21,,,95.2,92.1,84.4,,94.7,84.5,,0.248,0.358,0.092,0.25,0.333,0.207,0.231,0.308,0.378,0.243,0.568,0.261,0.184,0.348,0.266,,,,0.148,0.225,0.29,0.044,-0.4,85.0,92.0,104.0,111.0,0.24,0.4,0.188,,,,,,
2024-05-08,3:35 PM.,TEX,OAK,home,Clear.,79,683004,LF,2,0,0,0,0,0,0,0,2,1,3,0.26,0.342,0.4,0.742,683004,jackleiter,Leiter,Right,Jack Leiter,TEX,8.83,6.25,35.2,97.0,121.0,103.0,0.745,7.82,4.29,11.1,1.77,0.88,0.248,0.38,0.149,0.322,0.402,106.0,77.0,85.0,90.0,95.0,100.0,133.0,98.0,105.0,,,,118.0,104.0,109.0,58.0,65.0,57.0,,,,,0.519,0.018,,0.291,0.114,0.058,-2.71,-13.12,,,-0.99,0.97,1.36,96.4,91.1,,89.5,,86.8,81.4,,,,,,,0.118,0.294,0.387,0.286,0.429,0.218,0.35,0.625,0.289,0.125,0.125,0.357,,,,,,,,,,,,,,,,,,
2024-05-08,12:37 PM.,TEX,OAK,home,Sunny.,75,547179,1B,4,0,0,0,0,0,0,0,0,1,1,0.265,0.336,0.408,0.744,547179,michaellorenzen,Lorenzen,Right,Michael Lorenzen,- - -,3.31,4.59,130.1,97.0,93.0,95.0,0.796,6.7,4.14,6.97,1.17,1.03,0.249,0.386,0.188,0.322,0.411,93.0,101.0,99.0,102.0,93.0,96.0,84.0,95.0,89.0,81.0,102.0,94.0,126.0,98.0,108.0,94.0,92.0,91.0,,,,0.212,0.272,0.1,,0.149,0.079,0.188,1.0,0.04,,-0.25,-1.51,0.02,1.94,93.8,90.1,,84.6,93.6,83.9,81.7,0.291,0.441,0.062,0.235,0.51,0.236,0.217,0.348,0.352,0.368,0.632,0.253,0.155,0.309,0.184,0.122,0.173,0.373,,,,,,,,,,0.19,0.429,0.291,,,,,,
2024-05-06,6:41 PM.,TEX,OAK,home,Partly Cloudy.,59,571760,1B,4,0,0,0,0,0,0,0,0,1,3,0.277,0.349,0.426,0.775,571760,andrewheaney,Heaney,Left,Andrew Heaney,TEX,4.28,4.46,160.0,102.0,80.0,99.0,0.76,8.94,2.31,8.94,1.29,0.75,0.247,0.407,0.148,0.306,0.428,83.0,102.0,94.0,126.0,105.0,103.0,77.0,102.0,98.0,34.0,82.0,74.0,79.0,100.0,103.0,20.0,51.0,51.0,,,,0.014,0.501,0.001,,0.278,0.036,0.17,0.15,-19.13,,-4.52,-0.26,-3.31,0.46,91.5,86.6,,83.7,92.2,82.5,75.6,0.455,0.455,0.125,,,,0.5,1.1,0.188,0.26,0.385,0.365,0.23,0.412,0.213,0.239,0.384,0.243,,,,,,,,,,,,,,,,,,
2024-05-05,1:07 PM.,MIA,OAK,home,Partly Cloudy.,59,664350,1B,4,0,0,0,0,0,0,0,0,1,0,0.289,0.363,0.444,0.807,664350,sixtosanchez,"Sánchez, S",Right,Sixto Sánchez,MIA,6.06,5.11,35.2,101.0,82.0,96.0,0.878,4.29,3.53,10.85,0.76,1.56,0.305,0.414,0.109,0.305,0.464,93.0,100.0,100.0,,,,77.0,98.0,88.0,84.0,110.0,106.0,,,,58.0,108.0,100.0,,,,0.048,0.298,0.34,,,,0.314,-1.21,-1.57,,-4.7,,,1.58,93.8,83.6,,85.4,92.7,,,0.5,1.333,0.167,0.375,0.518,0.114,,,,,,,0.267,0.433,0.104,0.22,0.22,0.17,,,,,,,,,,,,,,,,,,
2024-05-04,4:30 PM.,MIA,OAK,home,Cloudy.,56,669432,1B,3,1,0,0,0,0,0,0,3,1,3,0.302,0.378,0.465,0.843,669432,trevorrogers,"Rogers, Tr",Left,Trevor Rogers,- - -,4.92,5.18,124.1,100.0,83.0,98.0,0.811,7.02,4.05,10.13,1.01,1.38,0.215,0.422,0.131,0.358,0.392,111.0,108.0,115.0,,,,66.0,101.0,93.0,86.0,97.0,92.0,74.0,93.0,91.0,,,,,,,0.24,0.317,,,0.206,,0.238,-0.26,,,-0.36,-1.99,,-1.32,91.9,,,85.6,91.5,82.4,,0.292,0.492,0.1,,,,,,,0.312,0.506,0.259,0.252,0.467,0.234,0.295,0.396,0.238,,,,,,,,,,,,,,,,,,
2024-05-03,6:40 PM.,MIA,OAK,home,Clear.,61,677960,1B,3,0,0,0,0,0,0,0,0,2,1,0.313,0.37,0.482,0.852,677960,ryanweathers,Weathers,Left,Ryan Weathers,MIA,3.63,4.2,86.2,96.0,94.0,97.0,0.761,8.31,2.49,8.1,1.14,1.3,0.264,0.413,0.193,0.295,0.41,84.0,102.0,103.0,,,,96.0,97.0,96.0,82.0,98.0,95.0,120.0,87.0,98.0,,,,,,,0.121,0.397,,,0.222,,0.26,-0.81,,,0.13,0.49,,1.39,95.9,,,86.4,94.5,82.9,,0.259,0.5,0.063,,,,,,,0.25,0.5,0.5,0.319,0.451,0.141,0.193,0.367,0.379,,,,,,,,,,0.118,0.176,0.51,,,,,,
2024-05-01,12:37 PM.,PIT,OAK,home,Sunny.,71,682990,3B,4,2,2,0,0,1,1,0,0,0,0,0.325,0.375,0.5,0.875,682990,quinnpriester,Priester,Right,Quinn Priester,- - -,4.71,4.43,49.2,100.0,94.0,98.0,0.793,5.98,2.54,10.15,1.27,2.41,0.164,0.456,0.158,0.316,0.425,87.0,91.0,92.0,98.0,99.0,101.0,59.0,103.0,93.0,99.0,100.0,94.0,108.0,103.0,106.0,,,,,,,0.302,0.144,,,0.279,0.145,0.129,-1.72,,,0.06,-0.99,-1.2,1.51,93.0,,,88.5,93.1,87.1,80.6,0.29,0.493,0.132,,,,0.375,0.5,0.438,0.246,0.443,0.254,0.4,0.4,0.186,0.161,0.194,0.212,,,,,,,,,,,,,,,,,,
2024-04-30,6:40 PM.,PIT,OAK,home,Clear.,64,656605,3B,3,0,2,0,0,0,1,0,0,1,0,0.316,0.369,0.461,0.83,656605,mitchkeller,"Keller, M",Right,Mitch Keller,PIT,4.25,4.31,178.0,101.0,99.0,100.0,0.805,8.39,2.53,9.2,1.16,1.07,0.285,0.376,0.135,0.331,0.442,88.0,103.0,102.0,111.0,96.0,104.0,86.0,103.0,96.0,82.0,102.0,94.0,129.0,100.0,109.0,96.0,99.0,98.0,,,,0.22,0.304,0.122,,0.25,0.096,0.008,0.3,-1.0,,-0.26,-1.04,-0.11,-12.5,94.4,90.4,,89.8,93.4,84.7,78.4,0.266,0.405,0.125,0.272,0.593,0.195,0.233,0.442,0.293,0.338,0.636,0.248,0.257,0.4,0.24,0.667,1.333,0.0,,,,,,,,,,0.204,0.331,0.25,,,,,,
2024-04-29,6:40 PM.,PIT,OAK,home,Clear.,63,663559,RF,3,1,2,0,0,1,2,0,0,1,0,0.301,0.35,0.452,0.802,663559,baileyfalter,Falter,Left,Bailey Falter,PIT,4.43,4.81,142.1,99.0,90.0,97.0,0.824,6.13,2.85,8.73,1.07,0.86,0.292,0.369,0.144,0.324,0.477,,,,100.0,99.0,98.0,85.0,100.0,97.0,99.0,101.0,99.0,91.0,96.0,96.0,,,,43.0,95.0,70.0,0.142,0.484,,0.006,0.216,0.152,,0.38,,-7.04,1.23,0.27,-1.24,,91.8,,86.9,,92.0,86.1,77.7,0.26,0.448,0.157,,,,0.305,0.61,0.207,0.245,0.304,0.287,0.255,0.41,0.166,,,,0.333,1.333,0.125,,,,,,,,,,,,,,,
2024-04-28,1:37 PM.,BAL,OAK,away,Sunny.,78,544150,3B,5,2,2,0,0,1,1,0,0,2,2,0.286,0.342,0.4,0.742,544150,albertsuarez,"Suárez, A",Right,Albert Suárez,BAL,3.7,4.05,133.2,100.0,89.0,97.0,0.786,7.27,2.9,8.75,1.14,0.8,0.241,0.426,0.136,0.304,0.391,99.0,100.0,106.0,94.0,99.0,98.0,90.0,101.0,96.0,,,,,,,74.0,99.0,92.0,,,,,0.5,0.195,,,0.132,0.172,-0.36,0.73,,,,0.41,-0.5,94.8,86.3,,86.1,,,79.0,,,,0.24,0.365,0.308,0.174,0.348,0.252,,,,0.276,0.469,0.228,0.274,0.434,0.228,,,,,,,,,,,,,,,,,,
2024-04-27,4:06 PM.,BAL,OAK,away,Cloudy.,61,608344,RF,4,0,1,0,0,0,0,0,0,0,3,0.277,0.338,0.354,0.692,608344,coleirvin,"Irvin, C",Left,Cole Irvin,- - -,5.11,5.78,111.0,101.0,79.0,94.0,0.849,6.32,2.35,10.7,1.46,0.96,0.251,0.414,0.121,0.34,0.478,65.0,108.0,100.0,102.0,98.0,102.0,62.0,99.0,85.0,75.0,101.0,89.0,85.0,121.0,119.0,86.0,102.0,91.0,,,,0.2,0.264,0.109,,0.041,0.252,0.134,-1.16,-0.64,,-0.49,-3.18,-0.38,-1.52,91.9,85.9,,84.9,91.5,78.1,77.3,0.307,0.485,0.088,0.327,0.551,0.181,0.283,0.424,0.189,0.25,0.438,0.196,0.296,0.592,0.163,0.282,0.474,0.243,,,,,,,,,,,,,,,,,,
2024-04-26,7:05 PM.,BAL,OAK,away,Clear.,60,669203,3B,5,0,1,0,0,0,0,1,0,1,1,0.279,0.343,0.361,0.704,669203,corbinburnes,Burnes,Right,Corbin Burnes,BAL,2.92,3.34,194.1,103.0,120.0,107.0,0.735,8.38,2.22,7.64,1.02,1.4,0.21,0.425,0.19,0.289,0.399,110.0,98.0,103.0,109.0,101.0,106.0,,,,104.0,95.0,89.0,133.0,105.0,120.0,125.0,105.0,108.0,,,,0.078,,0.45,,0.146,0.215,0.11,,1.37,,-0.5,0.7,0.44,0.2,,95.3,,89.2,97.0,87.2,80.3,0.235,0.412,0.157,0.251,0.362,0.19,0.2,0.326,0.378,0.196,0.268,0.463,,,,0.194,0.339,0.377,,,,,,,,,,0.125,0.5,0.457,,,,,,
2024-04-25,7:08 PM.,NYY,OAK,away,Clear.,51,641482,RF,4,1,1,0,0,1,2,0,0,1,3,0.286,0.355,0.375,0.73,641482,nestorcortes,Cortes,Left,Nestor Cortes,NYY,3.77,3.62,174.1,101.0,101.0,101.0,0.79,8.36,2.01,8.36,1.24,0.64,0.253,0.37,0.164,0.317,0.432,86.0,102.0,94.0,,,,99.0,103.0,100.0,86.0,116.0,113.0,99.0,98.0,101.0,109.0,100.0,102.0,,,,0.014,0.442,0.28,,0.168,,0.097,0.25,1.32,,1.37,-1.27,,-0.89,92.1,87.5,,83.6,90.3,78.2,,0.143,0.143,0.316,0.249,0.378,0.251,,,,0.364,0.727,0.167,0.235,0.443,0.215,0.226,0.369,0.326,,,,,,,,,,0.284,0.511,0.25,,,,,,
2024-04-24,7:09 PM.,NYY,OAK,away,Clear.,63,657376,3B,4,1,1,1,0,0,0,0,0,1,0,0.288,0.362,0.327,0.689,657376,clarkeschmidt,Schmidt,Right,Clarke Schmidt,NYY,2.85,3.78,85.1,98.0,116.0,100.0,0.724,9.81,3.16,7.49,0.84,1.01,0.271,0.407,0.208,0.281,0.401,36.0,89.0,96.0,,,,,,,83.0,94.0,85.0,136.0,94.0,102.0,106.0,102.0,100.0,,,,0.21,,0.35,,0.252,,0.006,,0.53,,-0.75,1.21,,-13.05,,92.4,,87.1,94.3,85.2,,0.267,0.483,0.203,0.256,0.38,0.322,0.143,0.19,0.33,,,,,,,0.667,1.0,0.0,,,,0.182,0.89,83.8,150.0,102.0,113.0,0.21,0.323,0.297,,,,,,
2024-04-23,7:08 PM.,NYY,OAK,away,Partly Cloudy.,53,573186,1B,4,0,2,0,0,0,0,0,0,1,1,0.292,0.37,0.313,0.683,573186,marcusstroman,Stroman,Right,Marcus Stroman,NYY,4.31,4.94,154.2,96.0,92.0,94.0,0.82,6.58,3.49,9.72,1.11,1.6,0.207,0.4,0.148,0.325,0.359,,,,94.0,89.0,94.0,48.0,88.0,79.0,90.0,94.0,90.0,93.0,102.0,102.0,106.0,101.0,99.0,82.0,99.0,93.0,0.351,0.032,0.182,0.111,0.16,0.165,,-4.01,-0.26,-0.31,-0.03,-2.37,-0.03,,89.9,88.1,83.3,,90.0,85.3,81.3,0.306,0.466,0.12,0.296,0.519,0.187,0.0,0.0,0.265,0.258,0.386,0.272,0.455,0.636,0.259,,,,0.235,0.309,0.241,,,,,,,,,,0.309,0.515,0.313,,,
2024-04-22,1:07 PM.,NYY,OAK,away,Sunny.,54,607074,RF,2,0,0,0,0,0,0,0,0,0,1,0.273,0.36,0.295,0.655,607074,carlosrodon,Rodón,Left,Carlos Rodón,NYY,3.96,4.14,175.0,97.0,122.0,103.0,0.716,10.03,2.93,8.07,1.59,0.69,0.257,0.399,0.143,0.329,0.396,129.0,92.0,106.0,103.0,86.0,93.0,114.0,98.0,101.0,,,,144.0,104.0,113.0,100.0,83.0,82.0,,,,,0.494,0.035,,0.26,0.083,0.129,0.05,-3.11,,,-0.4,-1.32,1.44,95.4,91.8,,85.5,,86.8,81.0,,,,0.353,0.647,0.255,0.281,0.531,0.276,0.199,0.361,0.393,0.262,0.514,0.214,0.188,0.247,0.495,,,,,,,,,,,,,,,,,,
2024-04-21,1:41 PM.,CLE,OAK,away,Cloudy.,44,676440,RF,2,0,0,0,0,0,0,0,0,0,2,0.286,0.362,0.31,0.672,676440,tannerbibee,Bibee,Right,Tanner Bibee,CLE,3.47,3.78,173.2,103.0,99.0,104.0,0.76,9.69,2.28,7.77,1.14,0.78,0.285,0.408,0.153,0.297,0.445,82.0,100.0,108.0,119.0,109.0,112.0,92.0,103.0,98.0,89.0,64.0,93.0,113.0,102.0,109.0,,,,,,,0.003,0.434,,,0.278,0.105,0.18,-0.69,,,-1.41,1.74,-0.9,0.13,94.6,,,82.5,93.9,86.2,81.3,,,,0.141,0.225,0.368,0.208,0.458,0.184,0.196,0.411,0.299,0.282,0.476,0.213,0.238,0.431,0.291,,,,,,,,,,,,,,,,,,
2024-04-20,6:10 PM.,CLE,OAK,away,Partly Cloudy.,47,671106,3B,3,0,1,0,0,0,0,0,1,1,1,0.3,0.378,0.325,0.703,671106,loganallen,"Allen, L.T.",Left,Logan Allen,CLE,5.73,5.9,97.1,96.0,77.0,91.0,0.803,7.3,3.79,10.45,2.03,1.13,0.234,0.396,0.136,0.328,0.405,99.0,92.0,94.0,,,,60.0,98.0,88.0,,,,89.0,98.0,86.0,91.0,97.0,96.0,,,,,0.484,0.146,,0.187,,0.183,-1.54,-0.03,,,-2.55,,-0.92,91.2,85.3,,81.7,,78.6,,,,,0.245,0.491,0.202,,,,,,,0.342,0.609,0.147,0.237,0.438,0.269,,,,,,,,,,0.273,0.576,0.333,,,,,,
2024-04-19,7:10 PM.,CLE,OAK,away,Partly Cloudy.,55,663474,DH,4,0,1,0,0,0,0,0,0,1,0,0.297,0.366,0.324,0.69,663474,tristonmckenzie,McKenzie,Right,Triston McKenzie,CLE,5.11,5.67,75.2,90.0,99.0,90.0,0.784,8.8,5.83,8.21,2.26,0.68,0.251,0.386,0.149,0.321,0.406,,,,97.0,102.0,100.0,98.0,86.0,87.0,,,,106.0,87.0,90.0,,,,,,,,0.524,,,0.21,0.266,,-2.18,,,,1.48,-0.16,,91.1,,,,,85.4,77.7,,,,,,,0.176,0.341,0.373,0.143,0.143,0.376,0.303,0.652,0.103,,,,,,,,,,,,,,,,,,,,,
2024-04-17,12:37 PM.,STL,OAK,home,Partly Cloudy.,68,571927,RF,4,1,3,1,0,0,1,0,0,0,0,0.303,0.378,0.333,0.711,571927,stevenmatz,Matz,Left,Steven Matz,STL,5.08,4.65,44.1,104.0,86.0,100.0,0.832,6.7,3.05,9.95,1.42,1.12,0.271,0.357,0.207,0.214,0.456,99.0,107.0,102.0,108.0,102.0,106.0,,,,78.0,105.0,100.0,85.0,90.0,94.0,,,,,,,0.598,,,,0.069,0.076,0.257,,,,0.6,-1.16,-1.14,-2.61,,,,83.3,93.9,88.1,77.6,0.247,0.412,0.15,,,,0.385,0.385,0.048,0.385,0.462,0.192,,,,0.3,0.567,0.272,,,,,,,,,,,,,,,,,,
2024-04-16,6:40 PM.,STL,OAK,home,Partly Cloudy.,68,458681,DH,4,1,1,0,0,0,0,0,0,1,2,0.241,0.333,0.241,0.574,458681,lancelynn,Lynn,Right,Lance Lynn,STL,3.84,4.94,117.1,100.0,83.0,94.0,0.795,8.36,3.38,8.67,1.23,0.88,0.243,0.384,0.161,0.308,0.401,61.0,88.0,82.0,112.0,96.0,99.0,85.0,102.0,97.0,66.0,93.0,84.0,102.0,101.0,109.0,91.0,101.0,94.0,,,,0.167,0.472,0.223,,0.013,0.062,0.063,0.87,-1.03,,-0.46,-1.62,-1.98,-2.47,92.3,88.1,,84.8,91.2,82.0,80.4,0.284,0.469,0.11,0.317,0.426,0.262,0.211,0.342,0.203,,,,0.199,0.393,0.287,0.292,0.292,0.225,,,,,,,,,,0.25,0.25,0.0,,,,,,
2024-04-15,6:40 PM.,STL,OAK,home,Partly Cloudy.,61,543243,DH,3,0,0,0,0,0,0,0,1,1,2,0.24,0.345,0.24,0.585,543243,sonnygray,"Gray, S",Right,Sonny Gray,STL,3.84,3.67,166.1,103.0,110.0,105.0,0.723,10.98,2.11,7.68,1.14,1.2,0.219,0.421,0.151,0.341,0.426,69.0,91.0,86.0,119.0,96.0,97.0,107.0,97.0,101.0,93.0,114.0,112.0,152.0,114.0,125.0,92.0,98.0,96.0,,,,0.178,0.239,0.178,,0.201,0.139,0.064,-0.05,0.19,,1.64,0.94,0.7,-2.25,92.4,87.7,,88.3,92.7,84.8,80.0,0.2,0.385,0.208,0.287,0.494,0.308,0.21,0.452,0.331,,,,0.333,0.567,0.182,0.357,0.714,0.328,,,,0.0,-2.42,75.4,,,,0.142,0.205,0.444,,,,,,
2024-04-14,1:07 PM.,WSH,OAK,home,Cloudy.,57,592866,3B,2,1,2,0,0,0,1,0,0,0,0,0.273,0.36,0.273,0.633,592866,trevorwilliams,Williams,Right,Trevor Williams,WSN,2.03,3.17,66.2,104.0,81.0,94.0,0.796,7.97,2.43,6.89,0.41,1.17,0.279,0.41,0.148,0.311,0.382,70.0,102.0,91.0,,,,63.0,110.0,96.0,90.0,101.0,94.0,100.0,99.0,93.0,,,,,,,0.121,0.364,,,0.347,,0.168,2.46,,,1.1,0.78,,-0.36,88.9,,,82.8,87.7,78.7,,0.261,0.391,0.214,,,,,,,0.296,0.407,0.059,0.196,0.271,0.178,0.25,0.341,0.225,,,,,,,,,,0.135,0.162,0.459,,,,,,
2024-04-13,1:07 PM.,WSH,OAK,home,Overcast.,53,669022,LF,2,0,1,0,0,0,0,0,1,0,2,0.2,0.304,0.2,0.504,669022,mackenziegore,Gore,Left,MacKenzie Gore,WSN,3.9,4.2,166.1,98.0,110.0,101.0,0.752,9.79,3.52,9.25,0.81,1.11,0.26,0.376,0.156,0.3,0.433,92.0,91.0,94.0,104.0,104.0,102.0,124.0,98.0,103.0,,,,89.0,92.0,92.0,,,,,,,,0.553,,,0.158,0.196,0.093,-0.02,,,,-0.77,0.62,-1.35,96.0,,,85.9,,90.6,82.8,,,,,,,0.218,0.296,0.34,0.255,0.422,0.323,0.281,0.418,0.226,0.28,0.48,0.512,,,,,,,,,,0.333,0.5,0.417,,,,,,
2024-04-12,6:40 PM.,WSH,OAK,home,Cloudy.,60,663623,1B,2,0,0,0,0,0,0,0,0,1,3,0.167,0.25,0.167,0.417,663623,jakeirvin,"Irvin, J",Right,Jake Irvin,WSN,4.41,4.31,187.2,103.0,94.0,101.0,0.803,7.48,2.49,8.3,1.39,1.2,0.241,0.424,0.181,0.334,0.462,99.0,91.0,93.0,110.0,104.0,106.0,82.0,104.0,97.0,97.0,102.0,102.0,110.0,115.0,117.0,78.0,102.0,93.0,,,,0.205,0.379,0.065,,0.003,0.313,0.035,0.44,0.06,,-0.64,-14.34,0.24,1.34,93.9,89.9,,88.4,93.3,85.9,81.1,0.325,0.497,0.149,0.283,0.522,0.204,0.226,0.42,0.251,,,,0.204,0.381,0.235,0.125,0.125,0.349,,,,,,,,,,,,,,,,,,
2024-04-11,1:38 PM.,TEX,OAK,away,Roof Closed.,74,592351,1B,3,0,0,0,0,0,0,0,1,2,0,0.188,0.278,0.188,0.466,592351,jongray,"Gray, Jn",Right,Jon Gray,TEX,4.47,4.65,102.2,103.0,85.0,98.0,0.777,7.54,2.45,9.38,0.96,0.98,0.228,0.412,0.145,0.366,0.457,72.0,100.0,94.0,97.0,97.0,102.0,73.0,103.0,91.0,,,,97.0,105.0,105.0,,,,,,,,0.444,,,0.439,0.046,0.071,-0.71,,,,0.77,-0.7,-1.39,94.9,,,88.7,,88.6,78.9,,,,,,,0.333,0.333,0.267,0.213,0.344,0.334,0.311,0.443,0.15,0.257,0.543,0.19,,,,,,,,,,,,,,,,,,
2024-04-10,7:06 PM.,TEX,OAK,away,Roof Closed.,74,674003,1B,4,0,2,0,0,0,1,0,0,1,1,0.231,0.286,0.231,0.517,674003,codybradford,Bradford,Left,Cody Bradford,TEX,3.54,3.54,76.1,105.0,94.0,100.0,0.793,8.25,1.53,7.55,1.18,0.82,0.263,0.357,0.138,0.304,0.427,105.0,104.0,109.0,96.0,103.0,104.0,94.0,105.0,93.0,,,,49.0,114.0,107.0,70.0,112.0,85.0,,,,,0.523,0.007,,0.07,0.128,0.273,1.75,-3.68,,,-0.79,-2.32,0.86,89.8,86.4,,80.9,,82.7,74.9,,,,,,,0.306,0.556,0.129,0.32,0.48,0.182,0.185,0.344,0.213,0.21,0.333,0.338,,,,,,,,,,,,,,,,,,
2024-04-09,7:09 PM.,TEX,OAK,away,Roof Closed.,74,543135,LF,4,0,0,0,0,0,0,0,0,1,0,0.111,0.2,0.111,0.311,543135,nathaneovaldi,Eovaldi,Right,Nathan Eovaldi,TEX,3.8,3.91,170.2,104.0,98.0,103.0,0.751,8.75,2.21,7.75,1.21,1.47,0.227,0.399,0.119,0.341,0.458,,,,99.0,104.0,104.0,75.0,105.0,98.0,,,,114.0,102.0,102.0,91.0,108.0,99.0,127.0,101.0,110.0,,0.374,0.148,0.308,0.033,0.137,,0.83,-1.41,1.55,,-0.69,-0.79,,95.4,91.4,88.4,,,86.3,76.7,,,,0.327,0.624,0.2,0.214,0.471,0.355,0.269,0.462,0.25,0.212,0.335,0.178,,,,0.2,0.286,0.368,,,,,,,,,,,,,,,
2024-04-05,1:10 PM.,DET,OAK,away,Partly Cloudy.,43,669373,LF,2,0,0,0,0,0,0,0,1,0,0,0.2,0.333,0.2,0.533,669373,tarikskubal,Skubal,Left,Tarik Skubal,DET,2.39,2.72,192.0,103.0,103.0,106.0,0.717,10.69,1.64,6.66,0.7,1.27,0.256,0.387,0.181,0.254,0.475,97.0,104.0,114.0,,,,112.0,104.0,103.0,95.0,105.0,104.0,111.0,99.0,103.0,,,,,,,0.205,0.332,,,0.149,,0.271,1.84,,,1.25,0.78,,1.13,96.8,,,86.3,96.6,88.7,,0.207,0.305,0.16,,,,0.158,0.316,0.175,0.169,0.364,0.346,0.197,0.286,0.277,0.216,0.322,0.461,,,,0.042,1.26,78.5,95.0,91.0,101.0,,,,,,,,,
2024-04-03,12:37 PM.,BOS,OAK,home,Cloudy.,56,601713,LF,2,0,1,0,0,0,0,0,0,0,1,0.333,0.333,0.333,0.666,601713,nickpivetta,Pivetta,Right,Nick Pivetta,BOS,4.14,3.51,145.2,104.0,133.0,108.0,0.775,10.63,2.22,7.91,1.73,0.69,0.238,0.42,0.142,0.378,0.449,,,,118.0,104.0,104.0,122.0,105.0,108.0,,,,155.0,103.0,111.0,104.0,96.0,82.0,,,,,0.486,0.059,,0.291,0.163,,0.73,-4.63,,,-0.1,0.61,,93.9,88.3,,,,82.6,80.0,,,,0.394,0.879,0.211,0.167,0.4,0.206,0.143,0.393,0.326,0.239,0.399,0.218,,,,,,,,,,,,,0.224,0.436,0.35,,,,,,
2024-04-01,6:40 PM.,BOS,OAK,home,Clear.,64,656557,LF,1,0,0,0,0,0,0,0,0,0,1,0.0,0.0,0.0,0.0,656557,tannerhouck,Houck,Right,Tanner Houck,BOS,3.12,4.11,178.2,100.0,108.0,104.0,0.789,7.76,2.42,7.86,0.55,2.34,0.193,0.45,0.126,0.305,0.425,,,,,,,,,,93.0,102.0,97.0,116.0,98.0,108.0,95.0,93.0,93.0,116.0,103.0,109.0,0.324,,0.015,0.248,0.414,,,,-0.95,1.74,0.67,0.54,,,,87.1,88.4,,93.5,83.2,,0.27,0.325,0.142,0.2,0.4,0.235,,,,,,,,,,,,,0.195,0.265,0.208,,,,,,,0.23,0.357,0.302,,,,,,
