date,time,opponent,team,location,weather,temp,opposingPitcherId,position,ab,r,h,doubles,triples,hr,rbi,sb,bb,k,lob,avg,obp,slg,ops,id,fullName,boxscoreName,PitchingHand,PlayerName,Team,ERA,xERA,IP,Location+,Stuff+,Pitching+,Contact%,K/9,BB/9,H/9,HR/9,GB/FB,Oppo%,Pull%,Soft%,Hard%,Zone%,Stf+ CH,Loc+ CH,Pit+ CH,Stf+ CU,Loc+ CU,Pit+ CU,Stf+ FA,Loc+ FA,Pit+ FA,Stf+ SI,Loc+ SI,Pit+ SI,Stf+ SL,Loc+ SL,Pit+ SL,Stf+ FC,Loc+ FC,Pit+ FC,SI%,FA%,FC%,SL%,CU%,CH%,wFA/C,wFC/C,wSI/C,wSL/C,wCU/C,wCH/C,vFA,vFC,vCH,vSI,vSL,vCU,SI_ba,SI_slg,SI_whiff,FF_ba,FF_slg,FF_whiff,ST_ba,ST_slg,ST_whiff,FC_ba,FC_slg,FC_whiff,SL_ba,SL_slg,SL_whiff,CU_ba,CU_slg,CU_whiff,CH_ba,CH_slg,CH_whiff,Stf+ KC,Loc+ KC,Pit+ KC,FO%,KC%,wFO/C,wKC/C,vFO,vKC,Stf+ FS,Loc+ FS,Pit+ FS,FS%,wFS/C,vFS,FS_ba,FS_slg,FS_whiff,SV_ba,SV_slg,SV_whiff,vSC (sc),SC%,wSC/C,SC_ba,SC_slg,SC_whiff,vKN (sc),KN%,wKN/C
2024-10-12,1:09 PM.,CLE,DET,away,Sunny.,65,571510,RF,4,0,0,0,0,0,0,0,0,3,3,0.25,0.25,0.3,0.55,571510,matthewboyd,Boyd,Left,Matthew Boyd,CLE,2.72,3.1,39.2,102.0,75.0,95.0,0.715,10.44,2.95,7.26,0.91,0.66,0.286,0.324,0.21,0.295,0.411,83.0,105.0,100.0,85.0,100.0,98.0,66.0,100.0,91.0,78.0,101.0,90.0,74.0,101.0,98.0,,,,0.102,0.383,,0.173,0.081,0.262,1.47,,-2.47,1.14,1.41,0.04,92.0,,80.9,91.8,79.5,74.1,0.32,0.64,0.071,0.15,0.25,0.246,,,,,,,0.148,0.222,0.449,0.167,0.25,0.474,0.261,0.37,0.352,,,,,,,,,,,,,,,,,,,,,,,,,,,,,,
2024-10-10,6:08 PM.,CLE,DET,home,Clear.,61,676440,RF,2,0,2,0,0,0,1,0,0,0,0,0.313,0.313,0.375,0.688,676440,tannerbibee,Bibee,Right,Tanner Bibee,CLE,3.47,3.78,173.2,103.0,99.0,104.0,0.76,9.69,2.28,7.77,1.14,0.78,0.285,0.408,0.153,0.297,0.445,82.0,100.0,108.0,119.0,109.0,112.0,92.0,103.0,98.0,89.0,64.0,93.0,113.0,102.0,109.0,,,,0.003,0.434,,0.278,0.105,0.18,-0.69,,-1.41,1.74,-0.9,0.13,94.6,,82.5,93.9,86.2,81.3,,,,0.282,0.476,0.213,,,,0.141,0.225,0.368,0.196,0.411,0.299,0.208,0.458,0.184,0.238,0.431,0.291,,,,,,,,,,,,,,,,,,,,,,,,,,,,,,
2024-10-09,3:08 PM.,CLE,DET,home,Partly Cloudy.,65,502171,RF,4,0,0,0,0,0,0,0,0,2,1,0.214,0.214,0.286,0.5,502171,alexcobb,Cobb,Right,Alex Cobb,CLE,2.76,5.01,16.1,105.0,107.0,107.0,0.867,5.51,1.65,7.71,0.55,2.31,0.163,0.449,0.122,0.367,0.401,,,,,,,,,,83.0,105.0,104.0,,,,,,,0.43,,,,,,,,0.29,,,,,,,93.8,,,0.25,0.417,0.059,,,,,,,,,,,,,0.5,0.5,0.364,,,,130.0,89.0,97.0,,0.132,,-1.41,,83.2,123.0,111.0,114.0,0.438,2.81,89.2,0.2,0.267,0.2,,,,,,,,,,,,
2024-10-07,4:09 PM.,CLE,DET,away,Partly Cloudy.,61,571510,RF,4,0,1,1,0,0,0,0,0,1,2,0.3,0.3,0.4,0.7,571510,matthewboyd,Boyd,Left,Matthew Boyd,CLE,2.72,3.1,39.2,102.0,75.0,95.0,0.715,10.44,2.95,7.26,0.91,0.66,0.286,0.324,0.21,0.295,0.411,83.0,105.0,100.0,85.0,100.0,98.0,66.0,100.0,91.0,78.0,101.0,90.0,74.0,101.0,98.0,,,,0.102,0.383,,0.173,0.081,0.262,1.47,,-2.47,1.14,1.41,0.04,92.0,,80.9,91.8,79.5,74.1,0.32,0.64,0.071,0.15,0.25,0.246,,,,,,,0.148,0.222,0.449,0.167,0.25,0.474,0.261,0.37,0.352,,,,,,,,,,,,,,,,,,,,,,,,,,,,,,
2024-10-05,1:09 PM.,CLE,DET,away,Sunny.,68,676440,RF,1,0,0,0,0,0,0,0,0,0,1,0.333,0.333,0.333,0.666,676440,tannerbibee,Bibee,Right,Tanner Bibee,CLE,3.47,3.78,173.2,103.0,99.0,104.0,0.76,9.69,2.28,7.77,1.14,0.78,0.285,0.408,0.153,0.297,0.445,82.0,100.0,108.0,119.0,109.0,112.0,92.0,103.0,98.0,89.0,64.0,93.0,113.0,102.0,109.0,,,,0.003,0.434,,0.278,0.105,0.18,-0.69,,-1.41,1.74,-0.9,0.13,94.6,,82.5,93.9,86.2,81.3,,,,0.282,0.476,0.213,,,,0.141,0.225,0.368,0.196,0.411,0.299,0.208,0.458,0.184,0.238,0.431,0.291,,,,,,,,,,,,,,,,,,,,,,,,,,,,,,
2024-10-01,1:34 PM.,HOU,DET,away,Roof Closed.,73,664285,RF,5,1,2,0,0,0,0,0,0,1,4,0.4,0.4,0.4,0.8,664285,frambervaldez,"Valdez, F",Left,Framber Valdez,HOU,2.91,3.41,176.1,97.0,114.0,102.0,0.744,8.63,2.81,7.15,0.66,3.02,0.205,0.416,0.129,0.321,0.425,130.0,96.0,104.0,129.0,96.0,108.0,60.0,102.0,94.0,98.0,99.0,97.0,107.0,102.0,110.0,,,,0.458,0.012,,0.043,0.313,0.175,-4.64,,1.46,-0.2,1.59,0.62,94.5,,89.9,94.1,85.1,79.7,0.276,0.399,0.116,0.4,1.0,0.273,,,,,,,0.233,0.467,0.383,0.121,0.187,0.398,0.226,0.278,0.354,,,,,,,,,,,,,,,,,,,,,,,,,,,,,,
2024-09-29,3:12 PM.,CWS,DET,home,Overcast.,72,686563,RF,4,0,2,0,0,0,0,0,0,1,1,0.242,0.3,0.383,0.683,686563,jonathancannon,Cannon,Right,Jonathan Cannon,CHW,4.49,4.37,124.1,101.0,92.0,99.0,0.806,6.59,2.9,9.05,1.3,0.96,0.223,0.389,0.171,0.29,0.394,95.0,105.0,106.0,,,,73.0,104.0,97.0,86.0,100.0,93.0,117.0,100.0,107.0,79.0,101.0,93.0,0.28,0.123,0.192,0.218,,0.187,-1.13,0.39,0.44,-1.39,,-0.22,94.3,90.2,85.7,93.3,81.9,,0.287,0.449,0.132,0.25,0.411,0.252,0.255,0.489,0.282,0.263,0.45,0.191,,,,,,,0.248,0.394,0.269,,,,,,,,,,,,,,,,,,,,,,,,,,,,,,
2024-09-28,3:30 PM.,CWS,DET,home,Drizzle.,70,680732,CF,3,0,1,0,1,0,0,0,1,1,0,0.239,0.298,0.382,0.68,680732,seanburke,"Burke, S",Right,Sean Burke,CHW,1.42,3.83,19.0,100.0,106.0,105.0,0.739,10.42,3.32,5.68,0.95,0.79,0.34,0.404,0.17,0.34,0.414,125.0,79.0,88.0,105.0,113.0,110.0,111.0,101.0,109.0,,,,96.0,92.0,101.0,,,,,0.405,,0.285,0.249,0.061,1.08,,,-0.72,1.87,2.3,95.3,,84.6,,86.9,79.7,,,,0.172,0.448,0.236,,,,,,,0.25,0.375,0.432,0.077,0.077,0.188,0.0,0.0,0.4,,,,,,,,,,,,,,,,,,,,,,,,,,,,,,
2024-09-27,6:40 PM.,CWS,DET,home,Cloudy.,75,676979,RF,4,0,1,0,0,0,0,0,0,1,2,0.238,0.296,0.377,0.673,676979,garrettcrochet,Crochet,Left,Garrett Crochet,CHW,3.58,2.85,146.0,103.0,102.0,103.0,0.694,12.88,2.03,7.58,1.11,1.25,0.259,0.394,0.175,0.33,0.458,66.0,101.0,102.0,,,,104.0,103.0,103.0,123.0,98.0,97.0,138.0,102.0,107.0,94.0,105.0,103.0,0.021,0.537,0.284,0.098,,0.059,1.66,-0.14,4.04,-2.29,,-0.36,97.2,91.6,91.0,97.9,84.3,,0.154,0.154,0.321,0.198,0.295,0.314,0.228,0.561,0.422,0.268,0.458,0.334,,,,,,,0.184,0.289,0.339,,,,,,,,,,,,,,,,,,,,,,,,,,,,,,
2024-09-26,1:10 PM.,TB,DET,home,Cloudy.,72,641302,RF,4,0,0,0,0,0,0,0,0,2,0,0.238,0.297,0.378,0.675,641302,tyleralexander,"Alexander, T",Left,Tyler Alexander,TBR,5.1,4.68,107.2,106.0,94.0,104.0,0.815,7.52,2.01,9.2,1.92,0.62,0.28,0.372,0.155,0.351,0.441,102.0,103.0,103.0,,,,85.0,110.0,103.0,61.0,113.0,105.0,114.0,107.0,109.0,98.0,101.0,99.0,0.131,0.223,0.318,0.191,,0.137,-0.2,-0.5,-1.02,1.43,,-2.94,89.6,85.0,81.3,89.7,77.8,,0.288,0.492,0.109,0.232,0.495,0.244,0.227,0.364,0.188,0.265,0.549,0.216,,,,,,,0.339,0.5,0.181,,,,,,,,,,,,,,,,,,,,,,,,,,,,,,
2024-09-25,6:40 PM.,TB,DET,home,Cloudy.,75,641793,RF,3,1,1,0,0,0,1,0,1,1,2,0.241,0.3,0.382,0.682,641793,zacklittell,Littell,Right,Zack Littell,TBR,3.63,4.34,156.1,104.0,81.0,99.0,0.785,8.12,1.78,9.44,1.27,0.8,0.218,0.414,0.14,0.293,0.453,,,,,,,54.0,110.0,91.0,67.0,103.0,91.0,102.0,99.0,98.0,,,,0.148,0.221,,0.399,,,0.58,,-0.6,0.45,,,92.4,,,91.6,85.7,,0.265,0.439,0.141,0.245,0.358,0.191,0.406,0.594,0.115,,,,0.257,0.427,0.227,,,,,,,,,,,,,,,,104.0,106.0,112.0,0.232,-0.84,83.0,0.258,0.423,0.344,,,,,,,,,,,,
2024-09-24,1:59 PM.,TB,DET,home,Overcast.,68,686752,RF,2,0,1,1,0,0,2,0,2,1,0,0.24,0.298,0.383,0.681,686752,ryanpepiot,Pepiot,Right,Ryan Pepiot,TBR,3.6,3.64,130.0,99.0,116.0,106.0,0.73,9.83,3.32,7.06,1.18,0.77,0.276,0.405,0.17,0.308,0.422,118.0,105.0,117.0,140.0,75.0,84.0,115.0,98.0,102.0,,,,119.0,95.0,106.0,100.0,103.0,100.0,,0.506,0.06,0.173,0.027,0.235,1.07,-0.88,,0.51,-1.47,-0.47,94.9,91.6,85.8,,89.0,80.6,,,,0.181,0.33,0.316,,,,0.276,0.586,0.141,0.267,0.407,0.317,0.167,0.167,0.5,0.216,0.353,0.286,,,,,,,,,,,,,,,,,,,,,,,,,,,,,,
2024-09-22,1:37 PM.,BAL,DET,away,Cloudy.,75,544150,RF,0,0,0,0,0,0,0,0,0,0,0,0.238,0.293,0.379,0.672,544150,albertsuarez,"Suárez, A",Right,Albert Suárez,BAL,3.7,4.05,133.2,100.0,89.0,97.0,0.786,7.27,2.9,8.75,1.14,0.8,0.241,0.426,0.136,0.304,0.391,99.0,100.0,106.0,94.0,99.0,98.0,90.0,101.0,96.0,,,,,,,74.0,99.0,92.0,,0.5,0.195,,0.132,0.172,-0.36,0.73,,,0.41,-0.5,94.8,86.3,86.1,,,79.0,,,,0.276,0.469,0.228,,,,0.24,0.365,0.308,,,,0.174,0.348,0.252,0.274,0.434,0.228,,,,,,,,,,,,,,,,,,,,,,,,,,,,,,
2024-09-21,4:06 PM.,BAL,DET,away,Partly Cloudy.,79,700249,RF,5,0,0,0,0,0,0,0,0,2,2,0.238,0.293,0.379,0.672,700249,cadepovich,Povich,Left,Cade Povich,BAL,5.2,4.11,79.2,99.0,87.0,97.0,0.788,7.79,3.84,9.04,1.36,0.75,0.22,0.447,0.179,0.289,0.454,63.0,101.0,95.0,93.0,101.0,104.0,81.0,97.0,93.0,80.0,98.0,90.0,113.0,107.0,108.0,97.0,94.0,94.0,0.084,0.407,0.075,0.13,0.196,0.109,0.56,-3.12,0.86,-0.43,-2.26,-2.05,92.4,88.3,86.1,91.5,82.6,76.3,0.2,0.24,0.103,0.223,0.379,0.185,0.232,0.411,0.276,0.333,0.81,0.288,,,,0.333,0.517,0.269,0.25,0.542,0.235,,,,,,,,,,,,,,,,,,,,,,,,,,,,,,
2024-09-18,6:40 PM.,KC,DET,away,Clear.,86,679525,RF,4,0,1,0,0,0,0,0,1,2,4,0.242,0.297,0.385,0.682,679525,alecmarsh,Marsh,Right,Alec Marsh,KCR,4.53,4.97,129.0,99.0,100.0,99.0,0.789,8.58,2.72,8.58,1.33,0.92,0.249,0.42,0.182,0.329,0.429,88.0,95.0,94.0,103.0,105.0,103.0,93.0,98.0,95.0,98.0,99.0,97.0,117.0,99.0,107.0,,,,0.138,0.37,,0.228,0.164,0.1,0.34,,-1.16,-0.57,-1.2,0.84,94.2,,86.3,93.6,86.5,82.8,0.317,0.524,0.099,0.208,0.383,0.223,0.2,0.433,0.464,,,,0.29,0.462,0.294,0.263,0.5,0.274,0.204,0.296,0.177,,,,,,,,,,,,,,,,,,,,,,,,,,,,,,
2024-09-17,6:40 PM.,KC,DET,away,Clear.,86,666142,DH,2,0,1,1,0,0,0,0,0,1,2,0.242,0.296,0.386,0.682,666142,coleragans,Ragans,Left,Cole Ragans,KCR,3.14,3.31,186.1,100.0,108.0,104.0,0.705,10.77,3.24,7.05,0.72,1.01,0.281,0.395,0.176,0.3,0.409,114.0,98.0,103.0,,,,105.0,101.0,106.0,,,,132.0,106.0,114.0,88.0,94.0,91.0,,0.418,0.113,0.128,,0.237,0.85,0.26,,-0.34,,1.43,95.4,90.7,84.8,,86.0,,,,,0.213,0.361,0.231,,,,0.348,0.455,0.228,0.21,0.305,0.337,0.14,0.256,0.352,0.183,0.28,0.478,101.0,97.0,101.0,,0.104,,0.9,,80.8,,,,,,,,,,,,,,,,,,,,,
2024-09-16,6:40 PM.,KC,DET,away,Partly Cloudy.,86,607625,DH,2,1,1,1,0,0,2,0,0,1,0,0.24,0.295,0.383,0.678,607625,sethlugo,"Lugo, S",Right,Seth Lugo,KCR,3.0,3.75,206.2,101.0,97.0,100.0,0.795,7.88,2.09,7.71,0.7,1.2,0.212,0.386,0.156,0.303,0.43,93.0,100.0,98.0,126.0,100.0,110.0,75.0,103.0,95.0,68.0,101.0,92.0,125.0,97.0,105.0,97.0,103.0,103.0,0.185,0.24,0.082,0.135,0.262,0.069,0.7,2.86,0.65,-0.67,1.44,0.08,92.2,90.1,87.4,92.1,85.2,79.4,0.274,0.381,0.129,0.234,0.392,0.176,0.375,0.75,0.109,0.228,0.228,0.23,0.213,0.387,0.2,0.178,0.271,0.339,0.208,0.333,0.291,,,,,,,,,,93.0,107.0,106.0,0.026,0.07,85.7,0.105,0.421,0.351,0.215,0.28,0.285,,,,,,,,,
2024-09-15,12:10 PM.,BAL,DET,home,Sunny.,81,700249,DH,1,0,0,0,0,0,0,0,0,0,0,0.239,0.294,0.379,0.673,700249,cadepovich,Povich,Left,Cade Povich,BAL,5.2,4.11,79.2,99.0,87.0,97.0,0.788,7.79,3.84,9.04,1.36,0.75,0.22,0.447,0.179,0.289,0.454,63.0,101.0,95.0,93.0,101.0,104.0,81.0,97.0,93.0,80.0,98.0,90.0,113.0,107.0,108.0,97.0,94.0,94.0,0.084,0.407,0.075,0.13,0.196,0.109,0.56,-3.12,0.86,-0.43,-2.26,-2.05,92.4,88.3,86.1,91.5,82.6,76.3,0.2,0.24,0.103,0.223,0.379,0.185,0.232,0.411,0.276,0.333,0.81,0.288,,,,0.333,0.517,0.269,0.25,0.542,0.235,,,,,,,,,,,,,,,,,,,,,,,,,,,,,,
2024-09-14,6:10 PM.,BAL,DET,home,Clear.,81,669203,LF,4,0,0,0,0,0,0,0,0,2,1,0.239,0.294,0.38,0.674,669203,corbinburnes,Burnes,Right,Corbin Burnes,BAL,2.92,3.34,194.1,103.0,120.0,107.0,0.735,8.38,2.22,7.64,1.02,1.4,0.21,0.425,0.19,0.289,0.399,110.0,98.0,103.0,109.0,101.0,106.0,,,,104.0,95.0,89.0,133.0,105.0,120.0,125.0,105.0,108.0,0.078,,0.45,0.146,0.215,0.11,,1.37,-0.5,0.7,0.44,0.2,,95.3,89.2,97.0,87.2,80.3,0.235,0.412,0.157,,,,0.125,0.5,0.457,0.251,0.362,0.19,0.196,0.268,0.463,0.2,0.326,0.378,0.194,0.339,0.377,,,,,,,,,,,,,,,,,,,,,,,,,,,,,,
2024-09-13,6:41 PM.,BAL,DET,home,Clear.,81,621107,RF,3,0,1,0,0,0,0,0,0,0,1,0.242,0.297,0.385,0.682,621107,zacheflin,Eflin,Right,Zach Eflin,- - -,3.59,3.67,165.1,107.0,92.0,103.0,0.808,7.29,1.31,9.04,1.2,1.14,0.235,0.446,0.174,0.323,0.45,87.0,101.0,103.0,108.0,112.0,108.0,61.0,105.0,94.0,91.0,109.0,105.0,122.0,107.0,113.0,85.0,105.0,98.0,0.282,0.09,0.282,0.097,0.188,0.061,-0.64,1.54,0.0,0.46,-1.27,0.21,92.4,88.2,85.6,91.7,79.7,78.8,0.293,0.404,0.133,0.236,0.418,0.248,0.236,0.473,0.203,0.214,0.345,0.223,,,,0.291,0.472,0.333,0.188,0.354,0.105,,,,,,,,,,,,,,,,,,,,,,,,,,,,,,
2024-09-12,1:10 PM.,COL,DET,home,Sunny.,82,663372,PH,1,0,0,0,0,0,0,0,0,1,0,0.241,0.297,0.385,0.682,663372,ryanfeltner,Feltner,Right,Ryan Feltner,COL,4.49,4.31,162.1,100.0,97.0,99.0,0.781,7.65,2.88,9.15,1.11,1.28,0.226,0.394,0.158,0.327,0.452,117.0,95.0,102.0,108.0,107.0,113.0,81.0,102.0,96.0,93.0,93.0,89.0,109.0,99.0,104.0,,,,0.128,0.37,,0.254,0.101,0.147,0.63,,-0.45,-0.87,1.28,-1.02,94.6,,85.2,94.2,87.4,79.2,0.299,0.403,0.159,0.24,0.376,0.177,0.156,0.375,0.35,,,,0.355,0.523,0.226,0.164,0.26,0.248,0.299,0.485,0.394,,,,,,,,,,,,,,,,,,,,,,,,,,,,,,
2024-08-09,7:15 PM.,SF,DET,away,Cloudy.,61,592662,CF,1,0,0,0,0,0,0,0,1,1,0,0.242,0.298,0.386,0.684,592662,robbieray,Ray,Left,Robbie Ray,SFG,4.7,3.72,30.2,95.0,102.0,95.0,0.667,12.62,4.4,5.87,1.76,0.53,0.344,0.391,0.281,0.219,0.377,,,,,,,96.0,98.0,96.0,,,,99.0,91.0,91.0,,,,,0.528,,0.322,,,0.46,,,0.18,,,94.1,,,,88.4,,,,,0.167,0.367,0.264,,,,,,,0.148,0.222,0.458,0.316,0.684,0.489,,,,133.0,96.0,100.0,,0.15,,-2.65,,83.5,,,,,,,,,,,,,,,,,,,,,
2024-08-08,6:41 PM.,SEA,DET,away,Partly Cloudy.,80,693433,DH,4,0,0,0,0,0,0,0,0,2,1,0.243,0.297,0.387,0.684,693433,bryanwoo,Woo,Right,Bryan Woo,SEA,2.89,2.72,121.1,107.0,104.0,107.0,0.785,7.49,0.96,7.12,1.04,0.96,0.285,0.344,0.144,0.256,0.499,91.0,104.0,100.0,,,,97.0,109.0,107.0,116.0,109.0,109.0,113.0,101.0,107.0,,,,0.23,0.489,,0.187,,0.094,1.44,,1.85,1.23,,0.0,94.8,,89.6,94.7,84.2,,0.234,0.315,0.097,0.218,0.355,0.273,0.1,0.1,0.417,,,,0.265,0.529,0.241,,,,0.186,0.373,0.207,,,,,,,,,,,,,,,,,,,,,,,,,,,,,,
2024-08-07,6:42 PM.,SEA,DET,away,Clear.,73,669923,RF,4,2,1,0,0,1,1,0,1,2,2,0.246,0.3,0.392,0.692,669923,georgekirby,Kirby,Right,George Kirby,SEA,3.53,3.44,191.0,106.0,106.0,106.0,0.786,8.43,1.08,8.53,1.04,1.01,0.298,0.342,0.178,0.294,0.446,,,,,,,102.0,107.0,101.0,106.0,108.0,108.0,110.0,104.0,110.0,97.0,99.0,93.0,0.236,0.339,0.004,0.237,,,0.46,0.79,1.5,1.28,,,96.0,92.3,,96.0,87.2,,0.263,0.354,0.105,0.221,0.458,0.291,,,,,,,0.226,0.316,0.271,0.333,0.439,0.286,,,,114.0,110.0,113.0,,0.082,,-1.95,,83.4,109.0,100.0,108.0,0.102,-2.05,86.0,0.253,0.413,0.295,,,,,,,,,,73.9,0.0,-3.5
2024-08-06,6:42 PM.,SEA,DET,away,Clear.,68,622491,RF,4,1,2,0,0,0,1,0,0,0,1,0.246,0.299,0.385,0.684,622491,luiscastillo,"Castillo, L",Right,Luis Castillo,SEA,3.64,3.91,175.1,105.0,101.0,102.0,0.768,8.98,2.41,8.11,1.28,0.94,0.26,0.409,0.159,0.319,0.406,89.0,104.0,97.0,,,,120.0,105.0,103.0,100.0,102.0,98.0,72.0,106.0,108.0,,,,0.179,0.454,,0.224,,0.143,0.97,,-0.41,0.65,,-1.63,95.6,,88.1,95.6,85.7,,0.298,0.457,0.105,0.203,0.365,0.273,,,,,,,0.207,0.357,0.358,,,,0.287,0.545,0.265,,,,,,,,,,,,,,,,,,,,,,,,,,,,,,
2024-08-04,1:40 PM.,KC,DET,home,Sunny.,86,608379,RF,5,0,1,0,0,0,0,0,0,0,3,0.243,0.296,0.383,0.679,608379,michaelwacha,Wacha,Right,Michael Wacha,KCR,3.35,4.05,166.2,102.0,91.0,99.0,0.784,7.83,2.43,8.32,0.92,0.93,0.258,0.429,0.213,0.282,0.436,111.0,109.0,112.0,72.0,89.0,92.0,83.0,103.0,99.0,78.0,103.0,89.0,97.0,89.0,90.0,78.0,100.0,92.0,0.153,0.238,0.114,0.092,0.081,0.322,0.39,-0.94,0.29,-2.39,-1.64,2.26,93.6,88.8,81.2,93.6,84.1,75.2,0.252,0.301,0.099,0.279,0.449,0.169,,,,0.319,0.458,0.148,0.371,0.6,0.373,0.357,0.643,0.174,0.169,0.312,0.341,,,,,,,,,,,,,,,,,,,,,,,,,,,,,,
2024-08-03,6:35 PM.,KC,DET,home,Clear.,90,547179,RF,6,1,1,0,0,0,1,0,0,1,2,0.243,0.298,0.386,0.684,547179,michaellorenzen,Lorenzen,Right,Michael Lorenzen,- - -,3.31,4.59,130.1,97.0,93.0,95.0,0.796,6.7,4.14,6.97,1.17,1.03,0.249,0.386,0.188,0.322,0.411,93.0,101.0,99.0,102.0,93.0,96.0,84.0,95.0,89.0,81.0,102.0,94.0,126.0,98.0,108.0,94.0,92.0,91.0,0.212,0.272,0.1,0.149,0.079,0.188,1.0,0.04,-0.25,-1.51,0.02,1.94,93.8,90.1,84.6,93.6,83.9,81.7,0.291,0.441,0.062,0.155,0.309,0.184,0.19,0.429,0.291,0.235,0.51,0.236,0.368,0.632,0.253,0.217,0.348,0.352,0.122,0.173,0.373,,,,,,,,,,,,,,,,,,,,,,,,,,,,,,
2024-08-02,6:40 PM.,KC,DET,home,Partly Cloudy.,80,666142,RF,3,0,0,0,0,0,0,0,1,1,4,0.245,0.3,0.39,0.69,666142,coleragans,Ragans,Left,Cole Ragans,KCR,3.14,3.31,186.1,100.0,108.0,104.0,0.705,10.77,3.24,7.05,0.72,1.01,0.281,0.395,0.176,0.3,0.409,114.0,98.0,103.0,,,,105.0,101.0,106.0,,,,132.0,106.0,114.0,88.0,94.0,91.0,,0.418,0.113,0.128,,0.237,0.85,0.26,,-0.34,,1.43,95.4,90.7,84.8,,86.0,,,,,0.213,0.361,0.231,,,,0.348,0.455,0.228,0.21,0.305,0.337,0.14,0.256,0.352,0.183,0.28,0.478,101.0,97.0,101.0,,0.104,,0.9,,80.8,,,,,,,,,,,,,,,,,,,,,
2024-08-01,6:40 PM.,KC,DET,home,Partly Cloudy.,87,607625,RF,3,0,1,0,0,0,0,0,1,0,2,0.247,0.301,0.394,0.695,607625,sethlugo,"Lugo, S",Right,Seth Lugo,KCR,3.0,3.75,206.2,101.0,97.0,100.0,0.795,7.88,2.09,7.71,0.7,1.2,0.212,0.386,0.156,0.303,0.43,93.0,100.0,98.0,126.0,100.0,110.0,75.0,103.0,95.0,68.0,101.0,92.0,125.0,97.0,105.0,97.0,103.0,103.0,0.185,0.24,0.082,0.135,0.262,0.069,0.7,2.86,0.65,-0.67,1.44,0.08,92.2,90.1,87.4,92.1,85.2,79.4,0.274,0.381,0.129,0.234,0.392,0.176,0.375,0.75,0.109,0.228,0.228,0.23,0.213,0.387,0.2,0.178,0.271,0.339,0.208,0.333,0.291,,,,,,,,,,93.0,107.0,106.0,0.026,0.07,85.7,0.105,0.421,0.351,0.215,0.28,0.285,,,,,,,,,
2024-07-30,1:10 PM.,CLE,DET,home,Cloudy.,80,668909,RF,4,0,0,0,0,0,0,0,0,1,1,0.246,0.298,0.394,0.692,668909,gavinwilliams,"Williams, G",Right,Gavin Williams,CLE,4.86,4.22,76.0,101.0,99.0,102.0,0.788,9.36,3.79,8.53,0.83,1.06,0.317,0.349,0.142,0.317,0.42,66.0,96.0,101.0,121.0,101.0,105.0,97.0,102.0,102.0,,,,95.0,80.0,96.0,98.0,99.0,94.0,,0.515,0.12,0.113,0.198,0.054,0.08,0.56,,-0.16,-0.01,-3.82,96.6,91.6,89.2,,88.6,79.5,,,,0.286,0.421,0.22,,,,0.205,0.333,0.341,0.258,0.387,0.242,0.155,0.31,0.304,0.417,0.833,0.148,,,,,,,,,,,,,,,,,,,,,,,,,,,,,,
2024-07-29,6:40 PM.,CLE,DET,home,Partly Cloudy.,83,676440,RF,2,1,1,0,0,1,2,0,0,0,2,0.249,0.302,0.399,0.701,676440,tannerbibee,Bibee,Right,Tanner Bibee,CLE,3.47,3.78,173.2,103.0,99.0,104.0,0.76,9.69,2.28,7.77,1.14,0.78,0.285,0.408,0.153,0.297,0.445,82.0,100.0,108.0,119.0,109.0,112.0,92.0,103.0,98.0,89.0,64.0,93.0,113.0,102.0,109.0,,,,0.003,0.434,,0.278,0.105,0.18,-0.69,,-1.41,1.74,-0.9,0.13,94.6,,82.5,93.9,86.2,81.3,,,,0.282,0.476,0.213,,,,0.141,0.225,0.368,0.196,0.411,0.299,0.208,0.458,0.184,0.238,0.431,0.291,,,,,,,,,,,,,,,,,,,,,,,,,,,,,,
2024-07-28,1:40 PM.,MIN,DET,home,Sunny.,86,641927,RF,4,0,0,0,0,0,0,0,0,1,2,0.248,0.301,0.389,0.69,641927,baileyober,Ober,Right,Bailey Ober,MIN,3.98,3.22,178.2,105.0,91.0,102.0,0.728,9.62,2.17,6.85,1.36,0.67,0.22,0.439,0.183,0.303,0.416,116.0,111.0,111.0,94.0,99.0,103.0,81.0,104.0,96.0,,,,74.0,100.0,101.0,84.0,104.0,100.0,,0.381,0.195,0.118,0.011,0.294,-0.01,-0.86,,2.03,4.57,1.98,91.7,86.2,83.4,,80.3,76.0,,,,0.258,0.506,0.222,,,,0.279,0.504,0.229,0.095,0.162,0.307,0.0,0.0,0.375,0.154,0.285,0.395,,,,,,,,,,,,,,,,,,,,,,,,,,,,,,
2024-07-27,6:10 PM.,MIN,DET,home,Clear.,82,657746,RF,4,0,0,0,0,0,0,0,0,0,2,0.251,0.304,0.394,0.698,657746,joeryan,Ryan,Right,Joe Ryan,MIN,3.6,2.87,135.0,107.0,99.0,104.0,0.752,9.8,1.53,7.33,1.27,0.79,0.242,0.427,0.198,0.281,0.481,,,,,,,94.0,110.0,105.0,110.0,108.0,105.0,108.0,103.0,112.0,,,,0.06,0.485,,0.234,,,1.38,,-0.77,-0.09,,,94.0,,,92.9,83.1,,0.345,0.483,0.094,0.194,0.379,0.275,0.207,0.37,0.337,,,,0.343,0.6,0.216,,,,,,,,,,,,,,,,101.0,103.0,94.0,0.221,0.2,88.6,0.202,0.387,0.258,,,,,,,,,,,,
2024-07-26,6:40 PM.,MIN,DET,home,Clear.,79,641154,RF,4,0,0,0,0,0,0,0,0,1,3,0.254,0.308,0.399,0.707,641154,pablolopez,"López, P",Right,Pablo López,MIN,4.08,3.67,185.1,104.0,98.0,105.0,0.749,9.62,1.99,8.74,1.26,1.19,0.245,0.438,0.134,0.298,0.432,95.0,104.0,105.0,92.0,103.0,108.0,97.0,105.0,101.0,97.0,107.0,107.0,106.0,103.0,110.0,,,,0.073,0.407,,0.219,0.1,0.201,1.65,,-2.77,-0.84,-1.28,-0.14,95.0,,88.5,94.5,84.5,82.4,0.426,0.639,0.142,0.208,0.352,0.259,0.239,0.436,0.331,,,,,,,0.23,0.446,0.341,0.281,0.359,0.249,,,,,,,,,,,,,,,,,,,,,,,,,,,,,,
2024-07-25,1:11 PM.,CLE,DET,away,Cloudy.,75,668909,RF,4,0,1,0,0,0,0,0,0,1,0,0.258,0.312,0.405,0.717,668909,gavinwilliams,"Williams, G",Right,Gavin Williams,CLE,4.86,4.22,76.0,101.0,99.0,102.0,0.788,9.36,3.79,8.53,0.83,1.06,0.317,0.349,0.142,0.317,0.42,66.0,96.0,101.0,121.0,101.0,105.0,97.0,102.0,102.0,,,,95.0,80.0,96.0,98.0,99.0,94.0,,0.515,0.12,0.113,0.198,0.054,0.08,0.56,,-0.16,-0.01,-3.82,96.6,91.6,89.2,,88.6,79.5,,,,0.286,0.421,0.22,,,,0.205,0.333,0.341,0.258,0.387,0.242,0.155,0.31,0.304,0.417,0.833,0.148,,,,,,,,,,,,,,,,,,,,,,,,,,,,,,
2024-07-24,6:42 PM.,CLE,DET,away,Cloudy.,77,676440,RF,4,0,0,0,0,0,0,0,0,2,0,0.258,0.313,0.407,0.72,676440,tannerbibee,Bibee,Right,Tanner Bibee,CLE,3.47,3.78,173.2,103.0,99.0,104.0,0.76,9.69,2.28,7.77,1.14,0.78,0.285,0.408,0.153,0.297,0.445,82.0,100.0,108.0,119.0,109.0,112.0,92.0,103.0,98.0,89.0,64.0,93.0,113.0,102.0,109.0,,,,0.003,0.434,,0.278,0.105,0.18,-0.69,,-1.41,1.74,-0.9,0.13,94.6,,82.5,93.9,86.2,81.3,,,,0.282,0.476,0.213,,,,0.141,0.225,0.368,0.196,0.411,0.299,0.208,0.458,0.184,0.238,0.431,0.291,,,,,,,,,,,,,,,,,,,,,,,,,,,,,,
2024-07-23,6:41 PM.,CLE,DET,away,Partly Cloudy.,78,675540,RF,4,1,1,0,0,1,2,1,0,1,1,0.261,0.316,0.412,0.728,675540,xzavioncurry,Curry,Right,Xzavion Curry,- - -,4.64,5.07,42.2,104.0,84.0,101.0,0.837,5.91,1.48,8.02,1.69,0.42,0.263,0.321,0.146,0.401,0.46,76.0,94.0,90.0,78.0,98.0,100.0,73.0,102.0,97.0,,,,101.0,109.0,109.0,,,,,0.495,,0.344,0.139,0.014,-0.07,,,0.7,-0.65,4.86,92.1,,87.4,,84.6,73.9,,,,0.262,0.492,0.196,,,,,,,0.236,0.444,0.221,0.185,0.593,0.229,,,,,,,,,,,,,57.0,81.0,85.0,0.008,4.59,83.8,,,,,,,,,,,,,,,
2024-07-22,6:40 PM.,CLE,DET,away,Cloudy.,76,471911,RF,4,3,2,1,0,0,1,1,0,1,2,0.261,0.317,0.404,0.721,471911,carloscarrasco,Carrasco,Right,Carlos Carrasco,CLE,5.64,4.71,103.2,100.0,88.0,97.0,0.79,7.73,2.86,9.72,1.65,1.32,0.184,0.431,0.141,0.322,0.392,101.0,108.0,105.0,103.0,103.0,105.0,62.0,95.0,86.0,90.0,95.0,89.0,96.0,104.0,108.0,,,,0.165,0.26,,0.278,0.067,0.23,-0.84,,-1.96,-0.96,1.49,-1.09,91.6,,86.8,91.1,83.5,80.4,0.304,0.609,0.13,0.337,0.554,0.146,0.25,0.313,0.357,,,,0.284,0.52,0.288,0.053,0.158,0.213,0.241,0.472,0.282,,,,,,,,,,,,,,,,,,,,,,,,,,,,,,
2024-07-21,1:39 PM.,TOR,DET,away,Partly Cloudy.,74,592332,RF,3,1,0,0,0,0,0,0,1,0,1,0.258,0.315,0.399,0.714,592332,kevingausman,Gausman,Right,Kevin Gausman,TOR,3.83,4.71,181.0,105.0,94.0,104.0,0.791,8.06,2.78,8.2,0.99,0.91,0.262,0.417,0.136,0.363,0.417,,,,,,,99.0,105.0,105.0,90.0,102.0,94.0,88.0,90.0,95.0,,,,0.054,0.528,,0.084,,,0.43,,-3.21,-1.21,,,93.9,,,93.3,82.7,,0.316,0.579,0.117,0.277,0.466,0.175,,,,,,,0.268,0.439,0.266,,,,,,,,,,,,,,,,88.0,108.0,106.0,0.334,0.51,86.0,0.169,0.262,0.335,,,,,,,,,,,,
2024-07-20,3:07 PM.,TOR,DET,away,Partly Cloudy.,75,579328,RF,3,1,0,0,0,0,0,0,0,0,2,0.261,0.316,0.404,0.72,579328,yuseikikuchi,Kikuchi,Left,Yusei Kikuchi,- - -,4.05,3.7,175.2,101.0,109.0,105.0,0.734,10.55,2.25,8.56,1.28,1.1,0.273,0.405,0.136,0.36,0.443,99.0,93.0,91.0,99.0,105.0,105.0,114.0,103.0,107.0,,,,111.0,100.0,106.0,,,,,0.471,,0.235,0.183,0.111,-0.08,,,1.31,0.02,-0.15,95.5,,86.7,,88.3,82.4,,,,0.274,0.505,0.28,,,,,,,0.21,0.28,0.297,0.264,0.395,0.274,0.194,0.25,0.358,,,,,,,,,,,,,,,,,,,,,,,,,,,,,,
2024-07-19,7:09 PM.,TOR,DET,away,Clear.,73,605135,RF,4,1,2,0,0,1,2,0,0,2,0,0.264,0.317,0.408,0.725,605135,chrisbassitt,Bassitt,Right,Chris Bassitt,TOR,4.16,4.52,171.0,98.0,94.0,96.0,0.805,8.84,3.68,9.47,0.95,1.14,0.27,0.365,0.177,0.331,0.437,75.0,87.0,84.0,101.0,91.0,102.0,64.0,103.0,94.0,96.0,101.0,97.0,120.0,96.0,106.0,79.0,101.0,91.0,0.407,0.045,0.197,0.118,0.137,0.053,-1.6,0.44,-0.08,-0.88,-0.09,-2.29,92.6,89.6,84.5,92.5,77.2,71.0,0.327,0.423,0.128,0.242,0.394,0.25,0.154,0.231,0.458,0.188,0.316,0.268,0.375,0.781,0.096,0.221,0.351,0.292,0.321,0.607,0.158,,,,,,,,,,87.0,90.0,86.0,0.043,-2.64,84.1,0.303,0.364,0.167,,,,,,,,,,,,
2024-07-14,1:41 PM.,LAD,DET,home,Partly Cloudy.,85,641703,RF,5,0,0,0,0,0,0,0,0,1,4,0.26,0.314,0.396,0.71,641703,brenthoneywell,Honeywell,Right,Brent Honeywell,- - -,2.63,4.91,37.2,99.0,79.0,93.0,0.872,4.3,2.63,7.65,0.72,1.14,0.271,0.347,0.144,0.331,0.45,126.0,131.0,126.0,,,,66.0,93.0,82.0,70.0,127.0,112.0,107.0,105.0,109.0,,,,0.015,0.508,,0.237,,0.005,0.66,,5.27,2.77,,15.06,94.7,,84.9,94.9,85.7,,0.333,0.333,0.0,0.254,0.418,0.139,,,,,,,0.161,0.258,0.147,,,,,,,,,,,,,,,,,,,,,,,,,,,,80.5,0.235,-2.19,0.321,0.429,0.212,,,
2024-07-13,1:10 PM.,LAD,DET,home,Sunny.,86,680736,RF,2,1,1,0,0,0,0,0,0,1,0,0.265,0.32,0.403,0.723,680736,justinwrobleski,Wrobleski,Left,Justin Wrobleski,LAD,5.7,6.45,36.1,97.0,95.0,96.0,0.802,6.44,3.96,8.42,2.23,0.69,0.324,0.216,0.162,0.378,0.463,48.0,88.0,90.0,85.0,88.0,88.0,104.0,97.0,97.0,45.0,88.0,78.0,106.0,104.0,103.0,88.0,104.0,103.0,0.044,0.591,0.13,0.083,0.12,0.032,0.61,-0.17,-1.16,-6.42,-4.97,-3.53,95.1,87.7,83.9,91.4,84.4,82.5,0.333,0.5,0.0,0.205,0.386,0.23,,,,0.286,0.643,0.25,0.267,0.8,0.3,0.385,0.846,0.174,,,,,,,,,,,,,,,,,,,,,,,,,,,,,,,,,
2024-07-12,6:40 PM.,LAD,DET,home,Partly Cloudy.,83,572020,RF,1,0,1,0,0,0,0,0,1,0,0,0.263,0.318,0.402,0.72,572020,jamespaxton,Paxton,Left,James Paxton,- - -,4.4,4.74,100.1,98.0,74.0,91.0,0.812,6.55,4.49,8.52,1.08,0.88,0.272,0.329,0.144,0.355,0.424,72.0,95.0,95.0,,,,69.0,98.0,86.0,64.0,107.0,97.0,,,,82.0,95.0,83.0,0.05,0.551,0.031,,,0.066,-0.21,-3.38,-1.01,,,-2.12,93.2,84.0,82.6,92.8,,,0.308,0.423,0.091,0.264,0.431,0.144,,,,0.308,0.769,0.13,,,,0.2,0.3,0.362,0.25,0.375,0.326,82.0,98.0,97.0,,0.303,,0.57,,80.8,,,,,,,,,,,,,,,,,,,,,
2024-07-11,1:09 PM.,CLE,DET,home,Sunny.,83,675921,RF,4,1,1,0,0,0,0,1,1,1,4,0.26,0.314,0.4,0.714,675921,spencerhoward,Howard,Right,Spencer Howard,- - -,6.21,5.35,29.0,103.0,86.0,96.0,0.79,8.38,4.34,13.66,1.55,0.89,0.32,0.379,0.136,0.398,0.477,104.0,92.0,87.0,77.0,105.0,97.0,74.0,107.0,97.0,,,,101.0,104.0,101.0,,,,,0.51,,0.251,0.069,0.169,-1.3,,,-2.27,-1.96,-4.38,93.8,,80.1,,85.3,75.7,,,,0.353,0.5,0.188,,,,,,,0.394,0.606,0.333,0.167,0.167,0.091,0.286,0.714,0.3,,,,,,,,,,,,,,,,,,,,,,,,,,,,,,
2024-07-10,6:40 PM.,CLE,DET,home,Overcast.,67,676440,RF,4,1,1,1,0,0,0,0,0,2,2,0.261,0.312,0.402,0.714,676440,tannerbibee,Bibee,Right,Tanner Bibee,CLE,3.47,3.78,173.2,103.0,99.0,104.0,0.76,9.69,2.28,7.77,1.14,0.78,0.285,0.408,0.153,0.297,0.445,82.0,100.0,108.0,119.0,109.0,112.0,92.0,103.0,98.0,89.0,64.0,93.0,113.0,102.0,109.0,,,,0.003,0.434,,0.278,0.105,0.18,-0.69,,-1.41,1.74,-0.9,0.13,94.6,,82.5,93.9,86.2,81.3,,,,0.282,0.476,0.213,,,,0.141,0.225,0.368,0.196,0.411,0.299,0.208,0.458,0.184,0.238,0.431,0.291,,,,,,,,,,,,,,,,,,,,,,,,,,,,,,
2024-07-09,6:40 PM.,CLE,DET,home,Cloudy.,83,594902,RF,5,0,1,0,0,0,1,0,0,1,0,0.261,0.313,0.401,0.714,594902,benlively,Lively,Right,Ben Lively,CLE,3.81,4.0,151.0,102.0,67.0,92.0,0.83,7.03,2.92,8.28,1.37,1.02,0.228,0.407,0.128,0.309,0.433,75.0,108.0,95.0,43.0,106.0,93.0,57.0,94.0,83.0,57.0,108.0,94.0,105.0,102.0,101.0,,,,0.29,0.314,,0.218,0.088,0.091,-0.21,,0.56,-0.01,-0.11,-0.79,89.9,,83.9,90.4,79.4,76.9,0.227,0.392,0.133,0.268,0.504,0.166,0.231,0.413,0.241,,,,0.238,0.476,0.419,0.206,0.365,0.18,0.279,0.382,0.185,,,,,,,,,,,,,,,,,,,,,,,,,,,,,,
2024-07-08,6:40 PM.,CLE,DET,home,Partly Cloudy.,88,668909,RF,4,0,2,0,0,0,0,0,0,0,1,0.262,0.315,0.405,0.72,668909,gavinwilliams,"Williams, G",Right,Gavin Williams,CLE,4.86,4.22,76.0,101.0,99.0,102.0,0.788,9.36,3.79,8.53,0.83,1.06,0.317,0.349,0.142,0.317,0.42,66.0,96.0,101.0,121.0,101.0,105.0,97.0,102.0,102.0,,,,95.0,80.0,96.0,98.0,99.0,94.0,,0.515,0.12,0.113,0.198,0.054,0.08,0.56,,-0.16,-0.01,-3.82,96.6,91.6,89.2,,88.6,79.5,,,,0.286,0.421,0.22,,,,0.205,0.333,0.341,0.258,0.387,0.242,0.155,0.31,0.304,0.417,0.833,0.148,,,,,,,,,,,,,,,,,,,,,,,,,,,,,,
2024-07-07,1:41 PM.,CIN,DET,away,Partly Cloudy.,86,668933,RF,4,1,1,0,0,0,0,0,0,1,2,0.258,0.312,0.403,0.715,668933,grahamashcraft,Ashcraft,Right,Graham Ashcraft,CIN,5.24,5.18,77.1,98.0,113.0,96.0,0.795,6.63,3.14,10.36,1.28,1.54,0.273,0.369,0.154,0.285,0.43,87.0,78.0,79.0,,,,,,,71.0,100.0,83.0,119.0,98.0,109.0,125.0,99.0,92.0,0.172,,0.479,0.319,,0.03,,-1.57,-2.72,1.37,,-3.78,,95.6,90.5,94.8,88.4,,0.333,0.5,0.119,,,,,,,0.329,0.52,0.161,0.145,0.217,0.372,,,,0.333,0.333,0.2,,,,,,,,,,,,,,,,,,,,,,,,,,,,,,
2024-07-06,4:11 PM.,CIN,DET,away,Partly Cloudy.,85,668881,RF,2,1,1,0,0,1,2,0,0,0,0,0.258,0.313,0.406,0.719,668881,huntergreene,"Greene, H",Right,Hunter Greene,CIN,2.75,3.03,150.1,99.0,124.0,104.0,0.741,10.12,3.41,5.75,0.72,0.7,0.284,0.388,0.199,0.265,0.429,,,,118.0,96.0,101.0,123.0,102.0,104.0,,,,125.0,96.0,103.0,,,,,0.552,,0.346,0.018,,1.56,,,0.62,-2.87,,97.6,,,,86.8,80.9,,,,0.184,0.273,0.248,,,,,,,0.161,0.3,0.39,0.4,1.0,0.2,,,,,,,,,,,,,120.0,89.0,103.0,0.083,-0.79,87.0,0.243,0.405,0.284,,,,,,,,,,,,
2024-07-05,7:17 PM.,CIN,DET,away,Partly Cloudy.,80,686730,RF,4,0,1,0,0,0,0,0,1,0,2,0.256,0.312,0.393,0.705,686730,carsonspiers,Spiers,Right,Carson Spiers,CIN,5.46,4.84,90.2,103.0,89.0,100.0,0.805,7.94,2.68,11.12,1.99,0.79,0.265,0.413,0.195,0.339,0.452,69.0,102.0,90.0,,,,76.0,101.0,95.0,80.0,107.0,99.0,121.0,106.0,113.0,82.0,103.0,98.0,0.175,0.299,0.16,0.245,,0.121,-1.66,-0.84,0.68,-1.23,,-5.43,92.4,87.8,86.7,92.1,81.5,,0.3,0.5,0.122,0.256,0.462,0.205,0.291,0.544,0.319,0.321,0.547,0.195,0.0,0.0,0.4,,,,0.396,0.774,0.198,,,,,,,,,,,,,,,,,,,,,,,,,,,,,,
2024-07-04,12:11 PM.,MIN,DET,away,Drizzle.,69,641927,RF,3,0,0,0,0,0,0,0,0,0,3,0.256,0.31,0.395,0.705,641927,baileyober,Ober,Right,Bailey Ober,MIN,3.98,3.22,178.2,105.0,91.0,102.0,0.728,9.62,2.17,6.85,1.36,0.67,0.22,0.439,0.183,0.303,0.416,116.0,111.0,111.0,94.0,99.0,103.0,81.0,104.0,96.0,,,,74.0,100.0,101.0,84.0,104.0,100.0,,0.381,0.195,0.118,0.011,0.294,-0.01,-0.86,,2.03,4.57,1.98,91.7,86.2,83.4,,80.3,76.0,,,,0.258,0.506,0.222,,,,0.279,0.504,0.229,0.095,0.162,0.307,0.0,0.0,0.375,0.154,0.285,0.395,,,,,,,,,,,,,,,,,,,,,,,,,,,,,,
2024-07-03,7:11 PM.,MIN,DET,away,Partly Cloudy.,83,701581,RF,4,1,1,0,0,1,1,0,0,0,0,0.26,0.314,0.4,0.714,701581,davidfesta,"Festa, D",Right,David Festa,MIN,4.9,4.14,64.1,101.0,100.0,103.0,0.735,10.77,3.22,8.67,1.26,0.9,0.229,0.451,0.166,0.331,0.405,72.0,105.0,105.0,,,,107.0,96.0,99.0,,,,118.0,103.0,105.0,,,,,0.402,,0.318,,0.28,-0.79,,,1.48,,-1.14,94.7,,88.4,,86.1,,,,,0.304,0.544,0.194,,,,,,,0.207,0.315,0.291,,,,0.237,0.463,0.394,,,,,,,,,,,,,,,,,,,,,,,,,,,,,,
2024-07-02,6:41 PM.,MIN,DET,away,Overcast.,72,680573,RF,4,0,0,0,0,0,0,0,0,1,0,0.26,0.315,0.39,0.705,680573,simeonwoodsrichardson,Woods Richardson,Right,Simeon Woods Richardson,MIN,4.17,4.05,133.2,104.0,87.0,100.0,0.807,7.88,3.23,8.42,1.08,0.8,0.289,0.421,0.155,0.282,0.436,103.0,106.0,113.0,106.0,103.0,102.0,71.0,100.0,88.0,,,,92.0,108.0,106.0,,,,,0.403,,0.312,0.093,0.193,0.82,,,0.76,1.68,-3.33,93.1,,82.8,,86.4,76.1,,,,0.258,0.356,0.219,,,,,,,0.214,0.313,0.239,0.186,0.326,0.221,0.311,0.622,0.205,,,,,,,,,,,,,,,,,,,,,,,,,,,,,,
2024-06-30,1:08 PM.,LAA,DET,away,Partly Cloudy.,87,542881,RF,3,1,1,1,0,0,0,0,1,0,0,0.264,0.32,0.396,0.716,542881,tyleranderson,Anderson,Left,Tyler Anderson,LAA,3.81,4.37,179.1,99.0,96.0,99.0,0.741,7.13,3.66,7.93,1.2,0.88,0.193,0.51,0.157,0.267,0.396,105.0,100.0,105.0,,,,89.0,99.0,96.0,66.0,95.0,83.0,80.0,141.0,142.0,99.0,100.0,96.0,0.033,0.396,0.185,0.013,0.001,0.371,-0.73,-0.41,-3.87,-0.06,-3.14,1.32,89.4,84.3,78.9,88.1,81.3,71.6,0.261,0.696,0.152,0.272,0.494,0.183,,,,0.264,0.455,0.247,0.0,0.0,0.357,,,,0.185,0.259,0.396,,,,,,,,,,,,,,,,,,,,,,,,,,,,,,
2024-06-29,7:08 PM.,LAA,DET,away,Clear.,77,656288,RF,5,1,2,0,0,0,0,0,0,0,1,0.263,0.317,0.393,0.71,656288,griffincanning,Canning,Right,Griffin Canning,LAA,5.19,4.74,171.2,98.0,88.0,97.0,0.772,6.82,3.46,9.12,1.63,1.04,0.225,0.434,0.128,0.367,0.401,96.0,102.0,102.0,75.0,96.0,96.0,73.0,94.0,86.0,76.0,89.0,78.0,107.0,100.0,110.0,,,,0.01,0.376,,0.24,0.107,0.267,-0.85,,-6.83,-0.91,-0.86,0.48,93.4,,88.6,93.0,87.7,80.6,0.429,0.857,0.0,0.251,0.529,0.147,,,,,,,0.284,0.444,0.331,0.271,0.438,0.241,0.259,0.387,0.288,,,,,,,,,,,,,,,,,,,,,,,,,,,,,,
2024-06-28,6:38 PM.,LAA,DET,away,Clear.,76,668676,RF,3,1,0,0,0,0,0,0,1,0,0,0.26,0.315,0.393,0.708,668676,zachplesac,Plesac,Right,Zach Plesac,LAA,8.25,8.44,12.0,94.0,53.0,83.0,0.84,3.75,5.25,9.0,3.0,0.31,0.238,0.405,0.238,0.357,0.462,22.0,80.0,55.0,91.0,89.0,92.0,49.0,99.0,83.0,,,,76.0,97.0,100.0,,,,,0.442,,0.269,0.053,0.236,-2.74,,,-1.46,-5.16,0.77,90.2,,84.4,,83.8,75.9,,,,0.304,0.783,0.065,,,,,,,0.25,0.5,0.423,0.333,0.667,0.0,0.111,0.111,0.19,,,,,,,,,,,,,,,,,,,,,,,,,,,,,,
2024-06-27,6:37 PM.,LAA,DET,away,Clear.,77,669721,RF,3,0,1,0,0,0,0,0,0,0,0,0.264,0.316,0.398,0.714,669721,davisdaniel,Daniel,Right,Davis Daniel,LAA,6.23,4.34,30.1,105.0,81.0,101.0,0.808,8.31,1.78,11.57,1.48,0.84,0.293,0.424,0.162,0.313,0.435,74.0,112.0,104.0,94.0,89.0,85.0,61.0,107.0,98.0,,,,125.0,101.0,108.0,,,,,0.48,,0.238,0.077,0.205,-1.06,,,-0.4,2.13,-2.86,91.5,,84.6,,81.8,74.3,,,,0.328,0.586,0.147,,,,,,,0.226,0.419,0.239,0.125,0.25,0.333,0.4,0.533,0.226,,,,,,,,,,,,,,,,,,,,,,,,,,,,,,
2024-06-26,1:10 PM.,PHI,DET,home,Cloudy.,80,605513,RF,4,0,0,0,0,0,0,0,0,3,2,0.263,0.316,0.399,0.715,605513,spencerturnbull,Turnbull,Right,Spencer Turnbull,PHI,2.65,4.05,54.1,99.0,112.0,100.0,0.76,9.61,3.31,6.13,0.99,1.32,0.194,0.41,0.137,0.309,0.383,125.0,107.0,103.0,103.0,100.0,102.0,92.0,95.0,94.0,88.0,99.0,93.0,127.0,97.0,102.0,,,,0.123,0.348,,0.385,0.09,0.053,-0.44,,-1.59,1.98,2.0,1.35,92.0,,87.7,93.2,83.9,78.8,0.238,0.667,0.111,0.28,0.453,0.162,0.145,0.226,0.308,,,,0.071,0.071,0.4,0.067,0.067,0.594,0.0,0.0,0.167,,,,,,,,,,,,,,,,,,,,,,,,,,,,,,
2024-06-25,6:40 PM.,PHI,DET,home,Partly Cloudy.,84,624133,RF,4,0,2,0,0,0,0,0,0,0,0,0.268,0.322,0.407,0.729,624133,rangersuarez,"Suárez, R",Left,Ranger Suárez,PHI,3.46,3.67,150.2,103.0,82.0,100.0,0.799,8.66,2.45,8.36,0.84,2.01,0.194,0.461,0.154,0.283,0.395,73.0,100.0,98.0,84.0,107.0,108.0,68.0,101.0,91.0,87.0,106.0,104.0,22.0,85.0,77.0,101.0,98.0,93.0,0.315,0.195,0.121,0.001,0.205,0.163,0.67,-1.68,0.84,-4.62,1.02,-0.63,91.8,86.5,80.0,90.8,81.3,74.4,0.27,0.381,0.101,0.224,0.327,0.18,,,,0.302,0.642,0.162,,,,0.189,0.342,0.339,0.229,0.323,0.35,,,,,,,,,,,,,,,,,,,,,,,,,,,,,,
2024-06-24,6:40 PM.,PHI,DET,home,Partly Cloudy.,81,605400,RF,4,0,1,1,0,0,0,0,0,0,3,0.263,0.318,0.405,0.723,605400,aaronnola,"Nola, Aa",Right,Aaron Nola,PHI,3.57,3.72,199.1,105.0,104.0,103.0,0.772,8.89,2.26,8.53,1.35,1.31,0.209,0.477,0.16,0.305,0.399,78.0,102.0,91.0,,,,90.0,103.0,99.0,100.0,109.0,106.0,,,,69.0,99.0,92.0,0.204,0.278,0.092,,,0.096,0.81,-2.57,-0.34,,,-1.67,92.5,87.5,85.7,91.5,,,0.313,0.475,0.136,0.168,0.318,0.224,,,,0.389,0.796,0.178,,,,0.221,0.381,0.37,0.279,0.426,0.135,135.0,106.0,113.0,,0.329,,0.94,,79.1,,,,,,,,,,,,,,,,,,,,,
2024-06-23,1:40 PM.,CWS,DET,home,Partly Cloudy.,84,686563,RF,4,1,3,2,0,0,1,0,1,1,1,0.264,0.32,0.403,0.723,686563,jonathancannon,Cannon,Right,Jonathan Cannon,CHW,4.49,4.37,124.1,101.0,92.0,99.0,0.806,6.59,2.9,9.05,1.3,0.96,0.223,0.389,0.171,0.29,0.394,95.0,105.0,106.0,,,,73.0,104.0,97.0,86.0,100.0,93.0,117.0,100.0,107.0,79.0,101.0,93.0,0.28,0.123,0.192,0.218,,0.187,-1.13,0.39,0.44,-1.39,,-0.22,94.3,90.2,85.7,93.3,81.9,,0.287,0.449,0.132,0.25,0.411,0.252,0.255,0.489,0.282,0.263,0.45,0.191,,,,,,,0.248,0.394,0.269,,,,,,,,,,,,,,,,,,,,,,,,,,,,,,
2024-06-22,1:12 PM.,CWS,DET,home,Partly Cloudy.,91,689672,RF,4,0,1,1,0,0,0,0,0,2,0,0.254,0.308,0.386,0.694,689672,drewthorpe,Thorpe,Right,Drew Thorpe,CHW,5.48,4.71,44.1,99.0,81.0,93.0,0.772,5.08,4.26,7.11,1.62,0.76,0.232,0.408,0.225,0.239,0.38,89.0,106.0,103.0,,,,63.0,95.0,82.0,,,,99.0,99.0,102.0,83.0,94.0,88.0,,0.322,0.139,0.184,,0.355,-1.43,-0.44,,-1.97,,1.65,91.0,86.3,81.6,,81.2,,,,,0.245,0.566,0.077,0.0,0.0,0.25,0.182,0.409,0.071,0.333,0.5,0.28,,,,0.164,0.311,0.379,,,,,,,,,,,,,,,,,,,,,,,,,,,,,,
2024-06-21,6:40 PM.,CWS,DET,home,Clear.,85,607200,RF,3,0,0,0,0,0,0,0,0,0,0,0.254,0.31,0.383,0.693,607200,erickfedde,Fedde,Right,Erick Fedde,- - -,3.3,3.91,177.1,104.0,90.0,99.0,0.807,7.82,2.64,7.82,1.02,1.07,0.264,0.367,0.181,0.309,0.399,86.0,108.0,106.0,,,,17.0,112.0,76.0,76.0,105.0,93.0,126.0,101.0,106.0,78.0,104.0,97.0,0.308,0.003,0.323,0.202,,0.164,-6.18,0.43,0.59,1.28,,-0.54,92.9,89.9,87.7,93.0,83.5,,0.25,0.358,0.202,0.5,0.5,0.0,0.165,0.309,0.251,0.262,0.47,0.232,,,,,,,0.228,0.351,0.165,,,,,,,,,,,,,,,,,,,,,,,,,,,,,,
2024-06-19,12:21 PM.,ATL,DET,away,Partly Cloudy.,80,625643,RF,4,0,2,0,0,0,0,1,0,0,0,0.258,0.314,0.389,0.703,625643,reynaldolopez,"López, R",Right,Reynaldo López,ATL,1.99,3.94,135.2,102.0,96.0,101.0,0.75,9.82,2.79,7.16,0.66,1.03,0.279,0.365,0.142,0.305,0.439,75.0,110.0,105.0,84.0,99.0,104.0,91.0,103.0,99.0,,,,113.0,100.0,105.0,,,,,0.552,,0.294,0.116,0.038,1.19,,,1.45,1.61,-3.58,95.5,,86.1,,85.0,77.0,,,,0.266,0.369,0.165,,,,,,,0.168,0.257,0.443,0.151,0.264,0.364,0.263,0.737,0.349,,,,,,,,,,,,,,,,,,,,,,,,,,,,,,
2024-06-18,7:20 PM.,ATL,DET,away,Partly Cloudy.,84,680885,RF,4,0,0,0,0,0,0,0,0,0,2,0.253,0.31,0.387,0.697,680885,spencerschwellenbach,Schwellenbach,Right,Spencer Schwellenbach,ATL,3.35,3.44,123.2,107.0,101.0,108.0,0.744,9.24,1.67,7.71,1.02,1.14,0.247,0.413,0.183,0.299,0.462,,,,101.0,104.0,108.0,110.0,108.0,108.0,93.0,102.0,101.0,110.0,113.0,119.0,94.0,104.0,100.0,0.068,0.291,0.168,0.199,0.146,,0.27,0.53,-0.12,0.61,0.29,,96.1,92.9,,95.1,87.3,80.6,0.231,0.385,0.078,0.24,0.448,0.205,,,,0.27,0.5,0.199,0.225,0.333,0.279,0.236,0.436,0.409,,,,,,,,,,,,,84.0,107.0,109.0,0.128,1.96,84.5,0.147,0.235,0.463,,,,,,,,,,,,
2024-06-17,7:20 PM.,ATL,DET,away,Partly Cloudy.,89,608331,PH,1,0,0,0,0,0,0,0,0,1,0,0.258,0.317,0.396,0.713,608331,maxfried,Fried,Left,Max Fried,ATL,3.25,3.72,174.1,98.0,94.0,99.0,0.776,8.57,2.94,7.54,0.67,2.53,0.255,0.435,0.151,0.261,0.413,91.0,101.0,103.0,116.0,103.0,108.0,78.0,93.0,93.0,90.0,98.0,94.0,102.0,97.0,98.0,93.0,96.0,94.0,0.158,0.327,0.054,0.115,0.21,0.136,0.63,-1.33,1.47,0.5,1.39,1.7,93.9,88.5,85.7,93.6,82.1,74.6,0.265,0.299,0.137,0.266,0.36,0.182,0.167,0.2,0.358,0.286,0.476,0.286,0.22,0.293,0.297,0.154,0.285,0.371,0.196,0.283,0.251,,,,,,,,,,,,,,,,,,,,,,,,,,,,,,
2024-06-16,1:10 PM.,HOU,DET,away,Roof Closed.,73,669854,RF,4,0,1,0,0,0,0,0,0,1,0,0.26,0.318,0.398,0.716,669854,ronelblanco,Blanco,Right,Ronel Blanco,HOU,2.8,4.0,167.1,100.0,94.0,98.0,0.733,8.93,3.66,6.13,1.18,0.95,0.21,0.453,0.178,0.317,0.405,119.0,104.0,108.0,75.0,96.0,100.0,85.0,95.0,90.0,,,,89.0,103.0,101.0,,,,,0.383,,0.302,0.094,0.221,-0.42,,,2.24,2.55,-0.16,93.4,,85.2,,86.4,80.1,,,,0.232,0.497,0.192,,,,,,,0.18,0.284,0.333,0.071,0.071,0.376,0.188,0.356,0.343,,,,,,,,,,,,,,,,,,,,,,,,,,,,,,
2024-06-15,3:10 PM.,HOU,DET,away,Roof Closed.,73,681293,RF,6,2,4,0,0,0,2,1,0,2,0,0.26,0.32,0.401,0.721,681293,spencerarrighetti,Arrighetti,Right,Spencer Arrighetti,HOU,4.53,4.05,145.0,99.0,95.0,99.0,0.739,10.61,4.03,8.63,1.3,0.85,0.247,0.437,0.147,0.314,0.444,89.0,97.0,90.0,118.0,98.0,104.0,91.0,100.0,99.0,,,,117.0,93.0,101.0,66.0,98.0,96.0,,0.41,0.196,0.108,0.2,0.086,-1.33,0.57,,0.99,0.8,-2.52,94.1,88.2,85.5,,80.8,78.4,,,,0.303,0.528,0.198,0.113,0.226,0.386,0.248,0.444,0.228,,,,0.171,0.282,0.424,0.395,0.512,0.378,,,,,,,,,,,,,,,,,,,,,,,,,,,,,,
2024-06-14,7:10 PM.,HOU,DET,away,Roof Closed.,73,686613,RF,4,0,0,0,0,0,0,0,0,2,1,0.246,0.309,0.392,0.701,686613,hunterbrown,"Brown, H",Right,Hunter Brown,HOU,3.49,3.31,170.0,101.0,103.0,101.0,0.778,9.48,3.18,8.26,0.95,1.61,0.271,0.35,0.192,0.218,0.421,84.0,101.0,102.0,,,,110.0,101.0,102.0,93.0,102.0,98.0,110.0,103.0,107.0,90.0,103.0,101.0,0.182,0.347,0.17,0.051,,0.126,0.16,0.14,0.92,1.7,,0.95,96.0,92.4,88.4,95.6,89.1,,0.275,0.321,0.161,0.244,0.413,0.288,,,,0.23,0.363,0.216,0.2,0.2,0.236,0.237,0.421,0.305,0.221,0.26,0.296,127.0,100.0,106.0,,0.125,,-0.79,,82.9,,,,,,,,,,,,,,,,,,,,,
2024-06-13,1:09 PM.,WSH,DET,home,Sunny.,85,571578,RF,4,0,0,0,0,0,0,0,0,1,3,0.251,0.315,0.401,0.716,571578,patrickcorbin,Corbin,Left,Patrick Corbin,WSN,5.62,5.53,174.2,101.0,76.0,94.0,0.788,7.16,2.78,10.72,1.29,1.42,0.218,0.384,0.141,0.333,0.396,87.0,96.0,96.0,73.0,100.0,97.0,55.0,97.0,84.0,71.0,103.0,92.0,88.0,97.0,97.0,76.0,107.0,98.0,0.338,0.076,0.192,0.343,0.016,0.034,-1.46,-0.37,-1.9,0.41,-2.3,-5.53,91.3,85.7,81.0,91.5,80.0,70.0,0.339,0.567,0.091,0.311,0.578,0.133,,,,0.301,0.434,0.223,0.216,0.335,0.354,0.5,1.25,0.526,0.409,0.773,0.279,,,,,0.001,,4.71,,63.2,,,,,,,,,,,,,,,,,,,,,
2024-06-12,6:40 PM.,WSH,DET,home,Clear.,84,663623,RF,4,1,3,0,0,0,0,0,1,1,0,0.258,0.322,0.411,0.733,663623,jakeirvin,"Irvin, J",Right,Jake Irvin,WSN,4.41,4.31,187.2,103.0,94.0,101.0,0.803,7.48,2.49,8.3,1.39,1.2,0.241,0.424,0.181,0.334,0.462,99.0,91.0,93.0,110.0,104.0,106.0,82.0,104.0,97.0,97.0,102.0,102.0,110.0,115.0,117.0,78.0,102.0,93.0,0.205,0.379,0.065,0.003,0.313,0.035,0.44,0.06,-0.64,-14.34,0.24,1.34,93.9,89.9,88.4,93.3,85.9,81.1,0.325,0.497,0.149,0.204,0.381,0.235,,,,0.283,0.522,0.204,,,,0.226,0.42,0.251,0.125,0.125,0.349,,,,,,,,,,,,,,,,,,,,,,,,,,,,,,
2024-06-11,6:42 PM.,WSH,DET,home,Partly Cloudy.,72,680730,RF,4,0,0,0,0,0,0,0,0,1,3,0.245,0.309,0.403,0.712,680730,mitchellparker,Parker,Left,Mitchell Parker,WSN,4.29,4.37,151.0,99.0,87.0,97.0,0.801,7.93,2.56,9.18,1.07,0.94,0.248,0.444,0.132,0.321,0.441,,,,97.0,96.0,96.0,78.0,101.0,96.0,,,,106.0,107.0,110.0,,,,,0.486,,0.098,0.225,,0.07,,,-0.73,0.47,,92.5,,,,84.5,80.5,,,,0.276,0.425,0.12,,,,,,,0.238,0.429,0.364,0.252,0.36,0.263,,,,,,,,,,,,,89.0,94.0,94.0,0.191,-0.6,85.6,0.233,0.4,0.372,,,,,,,,,,,,
2024-06-09,1:40 PM.,MIL,DET,home,Sunny.,75,669060,RF,5,2,2,0,0,0,0,0,0,1,1,0.252,0.316,0.413,0.729,669060,brysewilson,"Wilson, B",Right,Bryse Wilson,MIL,4.04,5.35,104.2,105.0,93.0,98.0,0.818,7.05,2.67,8.77,1.72,0.88,0.252,0.369,0.157,0.375,0.453,54.0,96.0,85.0,106.0,107.0,106.0,85.0,113.0,105.0,92.0,106.0,96.0,,,,98.0,101.0,95.0,0.32,0.15,0.349,,0.139,0.042,-3.09,1.16,1.31,,-3.29,-0.91,93.6,88.8,88.0,93.1,,80.4,0.236,0.368,0.134,0.288,0.493,0.229,,,,0.23,0.361,0.263,,,,0.309,0.709,0.229,0.182,0.273,0.174,,,,,,,,,,,,,,,,,,,,,,,,,,,,,,
2024-06-08,4:11 PM.,MIL,DET,home,Cloudy.,77,642547,RF,1,0,0,0,0,0,0,0,0,1,0,0.247,0.313,0.413,0.726,642547,freddyperalta,"Peralta, F",Right,Freddy Peralta,MIL,3.68,3.88,173.2,98.0,103.0,100.0,0.719,10.36,3.52,7.41,1.35,0.82,0.262,0.376,0.197,0.318,0.373,84.0,92.0,88.0,104.0,106.0,110.0,112.0,99.0,101.0,,,,98.0,99.0,105.0,,,,,0.539,,0.217,0.07,0.175,0.05,,,-0.09,0.36,0.84,94.3,,87.7,,81.4,78.1,,,,0.239,0.424,0.252,,,,,,,0.203,0.384,0.41,0.182,0.341,0.372,0.218,0.291,0.369,,,,,,,,,,,,,,,,,,,,,,,,,,,,,,
2024-06-07,6:40 PM.,MIL,DET,home,Cloudy.,70,668964,RF,3,0,0,0,0,0,0,0,1,0,2,0.248,0.315,0.416,0.731,668964,tobiasmyers,Myers,Right,Tobias Myers,MIL,3.0,4.22,138.0,102.0,92.0,97.0,0.81,8.28,2.35,8.22,1.17,0.93,0.262,0.416,0.13,0.314,0.432,109.0,86.0,90.0,73.0,99.0,104.0,87.0,105.0,100.0,71.0,92.0,74.0,92.0,106.0,103.0,96.0,100.0,91.0,0.005,0.401,0.23,0.21,0.041,0.114,0.58,-0.75,11.28,1.43,-3.19,1.18,92.9,89.2,81.1,91.5,85.5,77.8,0.0,0.0,0.0,0.239,0.436,0.194,,,,0.336,0.518,0.123,0.198,0.255,0.248,0.421,0.579,0.194,0.083,0.083,0.444,,,,,,,,,,,,,,,,,,,,,,,,,,,,,,
2024-06-04,7:07 PM.,TEX,DET,away,Roof Closed.,74,641540,RF,4,0,0,0,0,0,0,0,0,1,0,0.253,0.317,0.425,0.742,641540,danedunning,Dunning,Right,Dane Dunning,TEX,5.31,5.28,95.0,98.0,82.0,94.0,0.785,8.62,3.79,9.19,1.71,1.15,0.158,0.5,0.127,0.345,0.425,83.0,94.0,86.0,,,,40.0,103.0,91.0,79.0,102.0,97.0,102.0,100.0,97.0,74.0,99.0,94.0,0.377,0.028,0.188,0.234,,0.125,-2.6,-0.73,0.0,-1.44,,-1.22,89.2,88.1,85.0,89.7,80.6,,0.276,0.442,0.133,0.25,0.583,0.259,,,,0.254,0.46,0.242,0.274,0.512,0.304,0.0,0.0,0.429,0.233,0.488,0.327,58.0,89.0,98.0,0.001,0.047,-6.34,0.09,76.4,75.6,,,,,,,,,,,,,,,,,,,,,
2024-06-03,7:09 PM.,TEX,DET,away,Roof Closed.,74,543135,RF,4,0,0,0,0,0,0,0,0,1,0,0.261,0.325,0.437,0.762,543135,nathaneovaldi,Eovaldi,Right,Nathan Eovaldi,TEX,3.8,3.91,170.2,104.0,98.0,103.0,0.751,8.75,2.21,7.75,1.21,1.47,0.227,0.399,0.119,0.341,0.458,,,,99.0,104.0,104.0,75.0,105.0,98.0,,,,114.0,102.0,102.0,91.0,108.0,99.0,,0.374,0.148,0.033,0.137,,0.83,-1.41,,-0.69,-0.79,,95.4,91.4,,,86.3,76.7,,,,0.212,0.335,0.178,,,,0.327,0.624,0.2,0.269,0.462,0.25,0.214,0.471,0.355,,,,,,,,,,,,,127.0,101.0,110.0,0.308,1.55,88.4,0.2,0.286,0.368,,,,,,,,,,,,
2024-06-02,1:37 PM.,BOS,DET,away,Partly Cloudy.,83,678394,RF,5,2,3,1,0,0,1,0,0,0,3,0.268,0.333,0.449,0.782,678394,brayanbello,Bello,Right,Brayan Bello,BOS,4.49,4.56,162.1,99.0,101.0,102.0,0.753,8.48,3.55,8.7,1.05,1.86,0.219,0.384,0.152,0.312,0.405,88.0,99.0,97.0,,,,74.0,108.0,101.0,103.0,100.0,101.0,114.0,98.0,110.0,,,,0.403,0.048,,0.28,,0.269,0.25,,-0.24,-0.58,,0.15,95.6,,87.6,95.7,86.8,,0.309,0.44,0.111,0.12,0.16,0.218,,,,,,,0.268,0.401,0.343,,,,0.177,0.354,0.369,,,,,,,,,,,,,,,,,,,,,,,,,,,,,,
2024-06-01,4:10 PM.,BOS,DET,away,Sunny.,80,681867,CF,3,0,0,0,0,0,0,0,1,0,3,0.256,0.324,0.436,0.76,681867,coopercriswell,Criswell,Right,Cooper Criswell,BOS,4.08,4.31,99.1,102.0,100.0,99.0,0.848,6.61,2.81,9.33,0.91,1.51,0.208,0.486,0.153,0.358,0.41,99.0,103.0,102.0,,,,,,,102.0,108.0,100.0,110.0,95.0,99.0,79.0,103.0,93.0,0.297,,0.154,0.288,,0.261,,0.64,0.48,-1.92,,0.55,,86.4,84.4,89.1,77.1,,0.33,0.511,0.073,,,,0.287,0.479,0.207,0.163,0.306,0.294,0.429,0.857,0.154,,,,0.256,0.338,0.171,,,,,,,,,,,,,,,,,,,,,,,,,,,,,,
2024-05-31,7:10 PM.,BOS,DET,away,Partly Cloudy.,73,656557,RF,5,0,1,1,0,0,0,0,0,1,2,0.262,0.326,0.446,0.772,656557,tannerhouck,Houck,Right,Tanner Houck,BOS,3.12,4.11,178.2,100.0,108.0,104.0,0.789,7.76,2.42,7.86,0.55,2.34,0.193,0.45,0.126,0.305,0.425,,,,,,,,,,93.0,102.0,97.0,116.0,98.0,108.0,95.0,93.0,93.0,0.324,,0.015,0.414,,,,-0.95,0.67,0.54,,,,87.1,,93.5,83.2,,0.27,0.325,0.142,,,,0.23,0.357,0.302,0.2,0.4,0.235,,,,,,,,,,,,,,,,,,,116.0,103.0,109.0,0.248,1.74,88.4,0.195,0.265,0.208,,,,,,,,,,,,
2024-05-29,12:40 PM.,PIT,DET,home,Cloudy.,68,683003,RF,5,2,1,0,1,0,0,0,0,1,4,0.273,0.341,0.463,0.804,683003,jaredjones,Jones,Right,Jared Jones,PIT,4.14,4.05,121.2,102.0,127.0,108.0,0.726,9.76,2.88,7.84,1.33,0.93,0.238,0.39,0.149,0.335,0.458,113.0,99.0,106.0,95.0,96.0,98.0,132.0,102.0,109.0,,,,130.0,103.0,111.0,,,,,0.493,,0.348,0.093,0.066,0.15,,,1.12,-2.53,-2.91,97.3,,89.9,,88.8,81.5,,,,0.224,0.425,0.257,,,,,,,0.208,0.354,0.373,0.348,0.87,0.327,0.317,0.561,0.229,,,,,,,,,,,,,,,,,,,,,,,,,,,,,,
2024-05-29,3:42 PM.,PIT,DET,home,Partly Cloudy.,70,694973,CF,4,0,0,0,0,0,0,0,0,2,1,0.264,0.331,0.448,0.779,694973,paulskenes,Skenes,Right,Paul Skenes,PIT,1.96,2.53,133.0,103.0,102.0,103.0,0.736,11.5,2.17,6.36,0.68,1.66,0.216,0.464,0.193,0.235,0.427,82.0,108.0,107.0,105.0,100.0,104.0,98.0,107.0,103.0,80.0,95.0,86.0,131.0,101.0,113.0,,,,0.284,0.392,,0.162,0.108,0.054,0.64,,3.52,0.8,-0.18,2.34,98.8,,87.3,94.0,85.4,83.0,0.184,0.234,0.293,0.23,0.351,0.242,0.104,0.188,0.226,,,,0.286,0.571,0.328,0.25,0.375,0.337,0.088,0.118,0.548,,,,,,,,,,,,,,,,,,,,,,,,,,,,,,
2024-05-26,11:35 AM.,TOR,DET,home,Partly Cloudy.,74,579328,CF,3,1,1,0,0,0,0,0,1,0,0,0.276,0.346,0.457,0.803,579328,yuseikikuchi,Kikuchi,Left,Yusei Kikuchi,- - -,4.05,3.7,175.2,101.0,109.0,105.0,0.734,10.55,2.25,8.56,1.28,1.1,0.273,0.405,0.136,0.36,0.443,99.0,93.0,91.0,99.0,105.0,105.0,114.0,103.0,107.0,,,,111.0,100.0,106.0,,,,,0.471,,0.235,0.183,0.111,-0.08,,,1.31,0.02,-0.15,95.5,,86.7,,88.3,82.4,,,,0.274,0.505,0.28,,,,,,,0.21,0.28,0.297,0.264,0.395,0.274,0.194,0.25,0.358,,,,,,,,,,,,,,,,,,,,,,,,,,,,,,
2024-05-25,1:10 PM.,TOR,DET,home,Partly Cloudy.,78,621244,CF,4,0,0,0,0,0,0,0,0,1,2,0.274,0.341,0.46,0.801,621244,joseberrios,Berríos,Right,José Berríos,TOR,3.6,4.74,192.1,103.0,92.0,99.0,0.808,7.16,2.53,7.86,1.45,1.17,0.257,0.421,0.15,0.352,0.414,86.0,104.0,101.0,111.0,102.0,106.0,82.0,99.0,92.0,85.0,103.0,95.0,,,,84.0,108.0,99.0,0.337,0.183,0.035,,0.286,0.16,-1.26,-1.83,1.02,,0.28,0.88,94.1,91.4,84.8,93.4,,83.2,0.268,0.366,0.125,0.305,0.558,0.189,,,,0.36,0.48,0.123,,,,,,,0.171,0.364,0.269,,,,,,,,,,,,,,,,,,,0.188,0.404,0.31,,,,,,,,,
2024-05-24,6:41 PM.,TOR,DET,home,Partly Cloudy.,80,666201,CF,4,0,0,0,0,0,0,0,0,1,1,0.284,0.352,0.477,0.829,666201,alekmanoah,Manoah,Right,Alek Manoah,TOR,3.7,4.14,24.1,95.0,86.0,92.0,0.737,9.62,2.96,6.29,1.85,0.85,0.215,0.508,0.123,0.292,0.416,82.0,98.0,103.0,,,,89.0,92.0,87.0,77.0,92.0,83.0,93.0,100.0,99.0,,,,0.272,0.275,,0.305,,0.148,-0.19,,1.91,-0.36,,-1.14,93.4,,87.5,93.5,81.0,,0.136,0.136,0.191,0.143,0.19,0.341,,,,,,,0.219,0.438,0.3,,,,0.267,0.867,0.297,,,,,,,,,,,,,,,,,,,,,,,,,,,,,,
2024-05-23,6:40 PM.,TOR,DET,home,Clear.,82,592332,CF,4,0,1,0,0,0,1,0,0,1,2,0.295,0.364,0.495,0.859,592332,kevingausman,Gausman,Right,Kevin Gausman,TOR,3.83,4.71,181.0,105.0,94.0,104.0,0.791,8.06,2.78,8.2,0.99,0.91,0.262,0.417,0.136,0.363,0.417,,,,,,,99.0,105.0,105.0,90.0,102.0,94.0,88.0,90.0,95.0,,,,0.054,0.528,,0.084,,,0.43,,-3.21,-1.21,,,93.9,,,93.3,82.7,,0.316,0.579,0.117,0.277,0.466,0.175,,,,,,,0.268,0.439,0.266,,,,,,,,,,,,,,,,88.0,108.0,106.0,0.334,0.51,86.0,0.169,0.262,0.335,,,,,,,,,,,,
2024-05-21,6:40 PM.,KC,DET,away,Partly Cloudy.,75,679525,CF,4,1,1,0,0,0,0,0,0,1,0,0.297,0.368,0.505,0.873,679525,alecmarsh,Marsh,Right,Alec Marsh,KCR,4.53,4.97,129.0,99.0,100.0,99.0,0.789,8.58,2.72,8.58,1.33,0.92,0.249,0.42,0.182,0.329,0.429,88.0,95.0,94.0,103.0,105.0,103.0,93.0,98.0,95.0,98.0,99.0,97.0,117.0,99.0,107.0,,,,0.138,0.37,,0.228,0.164,0.1,0.34,,-1.16,-0.57,-1.2,0.84,94.2,,86.3,93.6,86.5,82.8,0.317,0.524,0.099,0.208,0.383,0.223,0.2,0.433,0.464,,,,0.29,0.462,0.294,0.263,0.5,0.274,0.204,0.296,0.177,,,,,,,,,,,,,,,,,,,,,,,,,,,,,,
2024-05-20,6:41 PM.,KC,DET,away,Cloudy.,81,608379,CF,4,0,1,0,0,0,0,0,0,0,0,0.299,0.373,0.515,0.888,608379,michaelwacha,Wacha,Right,Michael Wacha,KCR,3.35,4.05,166.2,102.0,91.0,99.0,0.784,7.83,2.43,8.32,0.92,0.93,0.258,0.429,0.213,0.282,0.436,111.0,109.0,112.0,72.0,89.0,92.0,83.0,103.0,99.0,78.0,103.0,89.0,97.0,89.0,90.0,78.0,100.0,92.0,0.153,0.238,0.114,0.092,0.081,0.322,0.39,-0.94,0.29,-2.39,-1.64,2.26,93.6,88.8,81.2,93.6,84.1,75.2,0.252,0.301,0.099,0.279,0.449,0.169,,,,0.319,0.458,0.148,0.371,0.6,0.373,0.357,0.643,0.174,0.169,0.312,0.341,,,,,,,,,,,,,,,,,,,,,,,,,,,,,,
2024-05-19,1:10 PM.,AZ,DET,away,Roof Closed.,77,656756,RF,3,1,1,0,0,0,0,1,1,0,1,0.301,0.377,0.527,0.904,656756,jordanmontgomery,Montgomery,Left,Jordan Montgomery,ARI,6.23,5.18,117.0,99.0,92.0,96.0,0.748,6.38,3.38,11.46,1.08,1.24,0.194,0.428,0.137,0.346,0.37,97.0,100.0,92.0,106.0,102.0,107.0,66.0,98.0,89.0,89.0,95.0,93.0,104.0,95.0,90.0,,,,0.308,0.173,,0.018,0.307,0.193,-0.02,,-2.11,3.84,-0.83,-1.92,92.1,,83.1,91.8,84.2,79.2,0.374,0.577,0.159,0.284,0.375,0.184,,,,,,,0.0,0.0,0.5,0.27,0.453,0.353,0.321,0.593,0.386,,,,,,,,,,,,,,,,,,,,,,,,,,,,,,
2024-05-18,5:12 PM.,AZ,DET,away,Roof Closed.,78,668678,RF,4,1,2,0,2,0,4,0,0,0,1,0.3,0.373,0.533,0.906,668678,zacgallen,Gallen,Right,Zac Gallen,ARI,3.65,3.97,148.0,101.0,101.0,101.0,0.761,9.49,3.28,8.09,0.79,1.38,0.231,0.396,0.133,0.351,0.348,88.0,107.0,98.0,,,,101.0,95.0,96.0,132.0,80.0,80.0,107.0,102.0,102.0,89.0,87.0,79.0,0.001,0.463,0.031,0.087,,0.14,-0.55,-0.78,-1.02,-0.56,,0.43,93.7,90.3,86.6,94.7,87.0,,,,,0.28,0.46,0.133,,,,0.25,0.625,0.36,0.31,0.476,0.337,0.148,0.23,0.392,0.27,0.382,0.265,107.0,108.0,112.0,,0.277,,2.29,,81.0,,,,,,,,,,,,,,,,,,,,,
2024-05-17,6:40 PM.,AZ,DET,away,Roof Closed.,74,669194,CF,3,2,1,1,0,0,1,0,2,1,1,0.291,0.371,0.488,0.859,669194,rynenelson,"Nelson, R",Right,Ryne Nelson,ARI,4.24,4.17,150.2,106.0,100.0,104.0,0.838,7.53,2.03,9.26,1.02,1.14,0.274,0.39,0.14,0.338,0.463,108.0,99.0,107.0,91.0,94.0,94.0,105.0,107.0,106.0,,,,111.0,112.0,110.0,78.0,107.0,96.0,,0.557,0.184,0.103,0.057,0.099,0.64,-0.85,,-0.66,1.81,-2.35,95.2,91.2,83.0,,83.8,77.8,,,,0.249,0.418,0.195,0.4,0.733,0.167,0.317,0.508,0.154,0.226,0.34,0.156,0.138,0.207,0.148,0.302,0.587,0.203,,,,,,,,,,,,,,,,,,,,,,,,,,,,,,
2024-05-15,1:10 PM.,MIA,DET,home,Cloudy.,70,669432,CF,4,0,0,0,0,0,0,0,0,2,4,0.289,0.359,0.482,0.841,669432,trevorrogers,"Rogers, Tr",Left,Trevor Rogers,- - -,4.92,5.18,124.1,100.0,83.0,98.0,0.811,7.02,4.05,10.13,1.01,1.38,0.215,0.422,0.131,0.358,0.392,111.0,108.0,115.0,,,,66.0,101.0,93.0,86.0,97.0,92.0,74.0,93.0,91.0,,,,0.24,0.317,,0.206,,0.238,-0.26,,-0.36,-1.99,,-1.32,91.9,,85.6,91.5,82.4,,0.292,0.492,0.1,0.252,0.467,0.234,,,,,,,0.312,0.506,0.259,,,,0.295,0.396,0.238,,,,,,,,,,,,,,,,,,,,,,,,,,,,,,
2024-05-14,6:40 PM.,MIA,DET,home,Partly Cloudy.,68,677960,RF,4,0,2,0,0,0,0,0,0,0,1,0.304,0.375,0.506,0.881,677960,ryanweathers,Weathers,Left,Ryan Weathers,MIA,3.63,4.2,86.2,96.0,94.0,97.0,0.761,8.31,2.49,8.1,1.14,1.3,0.264,0.413,0.193,0.295,0.41,84.0,102.0,103.0,,,,96.0,97.0,96.0,82.0,98.0,95.0,120.0,87.0,98.0,,,,0.121,0.397,,0.222,,0.26,-0.81,,0.13,0.49,,1.39,95.9,,86.4,94.5,82.9,,0.259,0.5,0.063,0.319,0.451,0.141,0.118,0.176,0.51,,,,0.25,0.5,0.5,,,,0.193,0.367,0.379,,,,,,,,,,,,,,,,,,,,,,,,,,,,,,
2024-05-13,6:40 PM.,MIA,DET,home,Partly Cloudy.,80,664350,RF,4,1,2,1,0,0,0,0,0,1,0,0.293,0.369,0.507,0.876,664350,sixtosanchez,"Sánchez, S",Right,Sixto Sánchez,MIA,6.06,5.11,35.2,101.0,82.0,96.0,0.878,4.29,3.53,10.85,0.76,1.56,0.305,0.414,0.109,0.305,0.464,93.0,100.0,100.0,,,,77.0,98.0,88.0,84.0,110.0,106.0,,,,58.0,108.0,100.0,0.048,0.298,0.34,,,0.314,-1.21,-1.57,-4.7,,,1.58,93.8,83.6,85.4,92.7,,,0.5,1.333,0.167,0.267,0.433,0.104,,,,0.375,0.518,0.114,,,,,,,0.22,0.22,0.17,,,,,,,,,,,,,,,,,,,,,,,,,,,,,,
2024-05-11,6:10 PM.,HOU,DET,home,Overcast.,57,664299,CF,4,1,1,1,0,0,0,1,1,1,2,0.282,0.363,0.493,0.856,664299,cristianjavier,Javier,Right,Cristian Javier,HOU,3.89,4.56,34.2,92.0,113.0,96.0,0.765,7.01,4.93,7.79,1.04,0.49,0.221,0.433,0.115,0.288,0.391,137.0,96.0,104.0,,,,101.0,88.0,89.0,,,,113.0,93.0,99.0,,,,,0.393,,0.295,,0.268,-1.3,,,0.38,,1.39,91.7,,81.2,,77.5,,,,,0.256,0.535,0.27,,,,,,,0.205,0.341,0.25,0.5,0.667,0.143,0.194,0.306,0.276,81.0,95.0,97.0,,0.044,,-5.23,,75.2,,,,,,,,,,,,,,,,,,,,,
2024-05-10,6:40 PM.,HOU,DET,home,Partly Cloudy.,66,664285,CF,4,0,1,0,0,0,0,0,0,1,3,0.284,0.36,0.493,0.853,664285,frambervaldez,"Valdez, F",Left,Framber Valdez,HOU,2.91,3.41,176.1,97.0,114.0,102.0,0.744,8.63,2.81,7.15,0.66,3.02,0.205,0.416,0.129,0.321,0.425,130.0,96.0,104.0,129.0,96.0,108.0,60.0,102.0,94.0,98.0,99.0,97.0,107.0,102.0,110.0,,,,0.458,0.012,,0.043,0.313,0.175,-4.64,,1.46,-0.2,1.59,0.62,94.5,,89.9,94.1,85.1,79.7,0.276,0.399,0.116,0.4,1.0,0.273,,,,,,,0.233,0.467,0.383,0.121,0.187,0.398,0.226,0.278,0.354,,,,,,,,,,,,,,,,,,,,,,,,,,,,,,
2024-05-08,1:11 PM.,CLE,DET,away,Sunny.,72,676440,CF,4,0,0,0,0,0,0,0,0,2,1,0.286,0.366,0.508,0.874,676440,tannerbibee,Bibee,Right,Tanner Bibee,CLE,3.47,3.78,173.2,103.0,99.0,104.0,0.76,9.69,2.28,7.77,1.14,0.78,0.285,0.408,0.153,0.297,0.445,82.0,100.0,108.0,119.0,109.0,112.0,92.0,103.0,98.0,89.0,64.0,93.0,113.0,102.0,109.0,,,,0.003,0.434,,0.278,0.105,0.18,-0.69,,-1.41,1.74,-0.9,0.13,94.6,,82.5,93.9,86.2,81.3,,,,0.282,0.476,0.213,,,,0.141,0.225,0.368,0.196,0.411,0.299,0.208,0.458,0.184,0.238,0.431,0.291,,,,,,,,,,,,,,,,,,,,,,,,,,,,,,
2024-05-07,6:10 PM.,CLE,DET,away,Drizzle.,72,671106,CF,5,1,2,0,0,0,0,0,0,2,1,0.305,0.388,0.542,0.93,671106,loganallen,"Allen, L.T.",Left,Logan Allen,CLE,5.73,5.9,97.1,96.0,77.0,91.0,0.803,7.3,3.79,10.45,2.03,1.13,0.234,0.396,0.136,0.328,0.405,99.0,92.0,94.0,,,,60.0,98.0,88.0,,,,89.0,98.0,86.0,91.0,97.0,96.0,,0.484,0.146,0.187,,0.183,-1.54,-0.03,,-2.55,,-0.92,91.2,85.3,81.7,,78.6,,,,,0.342,0.609,0.147,0.273,0.576,0.333,0.245,0.491,0.202,,,,,,,0.237,0.438,0.269,,,,,,,,,,,,,,,,,,,,,,,,,,,,,,
2024-05-06,6:10 PM.,CLE,DET,away,Cloudy.,65,663474,CF,1,0,0,0,0,0,0,0,1,1,2,0.296,0.387,0.556,0.943,663474,tristonmckenzie,McKenzie,Right,Triston McKenzie,CLE,5.11,5.67,75.2,90.0,99.0,90.0,0.784,8.8,5.83,8.21,2.26,0.68,0.251,0.386,0.149,0.321,0.406,,,,97.0,102.0,100.0,98.0,86.0,87.0,,,,106.0,87.0,90.0,,,,,0.524,,0.21,0.266,,-2.18,,,1.48,-0.16,,91.1,,,,85.4,77.7,,,,0.303,0.652,0.103,,,,,,,0.143,0.143,0.376,0.176,0.341,0.373,,,,,,,,,,,,,,,,,,,,,,,,,,,,,,,,,
2024-05-04,1:09 PM.,NYY,DET,away,Partly Cloudy.,61,657376,CF,4,1,2,0,0,0,0,0,0,2,0,0.302,0.383,0.566,0.949,657376,clarkeschmidt,Schmidt,Right,Clarke Schmidt,NYY,2.85,3.78,85.1,98.0,116.0,100.0,0.724,9.81,3.16,7.49,0.84,1.01,0.271,0.407,0.208,0.281,0.401,36.0,89.0,96.0,,,,,,,83.0,94.0,85.0,136.0,94.0,102.0,106.0,102.0,100.0,0.21,,0.35,0.252,,0.006,,0.53,-0.75,1.21,,-13.05,,92.4,87.1,94.3,85.2,,0.267,0.483,0.203,,,,0.21,0.323,0.297,0.256,0.38,0.322,,,,0.143,0.19,0.33,0.667,1.0,0.0,150.0,102.0,113.0,,0.182,,0.89,,83.8,,,,,,,,,,,,,,,,,,,,,
2024-05-03,7:07 PM.,NYY,DET,away,Clear.,57,573186,CF,2,0,0,0,0,0,0,0,2,0,2,0.286,0.375,0.571,0.946,573186,marcusstroman,Stroman,Right,Marcus Stroman,NYY,4.31,4.94,154.2,96.0,92.0,94.0,0.82,6.58,3.49,9.72,1.11,1.6,0.207,0.4,0.148,0.325,0.359,,,,94.0,89.0,94.0,48.0,88.0,79.0,90.0,94.0,90.0,93.0,102.0,102.0,106.0,101.0,99.0,0.351,0.032,0.182,0.16,0.165,,-4.01,-0.26,-0.03,-2.37,-0.03,,89.9,88.1,,90.0,85.3,81.3,0.306,0.466,0.12,0.455,0.636,0.259,,,,0.296,0.519,0.187,0.258,0.386,0.272,0.0,0.0,0.265,,,,,,,,,,,,,82.0,99.0,93.0,0.111,-0.31,83.3,0.235,0.309,0.241,0.309,0.515,0.313,,,,,,,,,
2024-05-01,1:10 PM.,STL,DET,home,Partly Cloudy.,75,571945,RF,4,1,1,0,0,0,0,0,0,0,1,0.298,0.365,0.596,0.961,571945,milesmikolas,Mikolas,Right,Miles Mikolas,STL,5.35,4.65,171.2,109.0,87.0,103.0,0.859,6.4,1.31,10.17,1.36,1.15,0.243,0.406,0.152,0.33,0.495,85.0,103.0,98.0,94.0,109.0,106.0,65.0,107.0,98.0,80.0,111.0,99.0,116.0,112.0,114.0,,,,0.231,0.279,,0.283,0.116,0.085,0.23,,1.42,-1.19,-1.97,-4.2,93.2,,85.6,92.4,85.7,76.6,0.237,0.382,0.108,0.287,0.446,0.178,0.273,0.545,0.275,,,,0.301,0.506,0.164,0.267,0.52,0.231,0.394,0.742,0.159,,,,,0.005,,4.24,,69.6,,,,,,,,,,,,,,,,,,,,,
2024-04-30,3:39 PM.,STL,DET,home,Sunny.,72,502043,CF,4,0,0,0,0,0,0,0,0,0,1,0.256,0.326,0.462,0.788,502043,kylegibson,Gibson,Right,Kyle Gibson,STL,4.24,4.87,169.2,98.0,93.0,95.0,0.756,8.01,3.61,8.54,1.22,1.29,0.218,0.431,0.166,0.351,0.359,99.0,92.0,89.0,102.0,103.0,104.0,80.0,88.0,83.0,84.0,101.0,96.0,104.0,102.0,105.0,96.0,95.0,91.0,0.264,0.132,0.211,0.207,0.086,0.099,-1.39,0.21,0.22,0.92,-2.21,1.2,91.4,88.6,84.9,90.7,80.7,78.3,0.267,0.422,0.092,0.268,0.563,0.065,0.2,0.312,0.412,0.299,0.479,0.181,,,,0.325,0.675,0.462,0.19,0.254,0.39,,,,,,,,,,,,,,,,,,,,,,,,,,,,,,
2024-04-30,6:40 PM.,STL,DET,home,Clear.,73,571927,RF,4,3,3,0,0,2,3,0,1,1,1,0.302,0.375,0.628,1.003,571927,stevenmatz,Matz,Left,Steven Matz,STL,5.08,4.65,44.1,104.0,86.0,100.0,0.832,6.7,3.05,9.95,1.42,1.12,0.271,0.357,0.207,0.214,0.456,99.0,107.0,102.0,108.0,102.0,106.0,,,,78.0,105.0,100.0,85.0,90.0,94.0,,,,0.598,,,0.069,0.076,0.257,,,0.6,-1.16,-1.14,-2.61,,,83.3,93.9,88.1,77.6,0.247,0.412,0.15,,,,,,,,,,0.385,0.462,0.192,0.385,0.385,0.048,0.3,0.567,0.272,,,,,,,,,,,,,,,,,,,,,,,,,,,,,,
2024-04-28,1:40 PM.,KC,DET,home,Overcast.,70,608379,RF,4,1,2,0,0,1,2,0,0,0,1,0.286,0.359,0.514,0.873,608379,michaelwacha,Wacha,Right,Michael Wacha,KCR,3.35,4.05,166.2,102.0,91.0,99.0,0.784,7.83,2.43,8.32,0.92,0.93,0.258,0.429,0.213,0.282,0.436,111.0,109.0,112.0,72.0,89.0,92.0,83.0,103.0,99.0,78.0,103.0,89.0,97.0,89.0,90.0,78.0,100.0,92.0,0.153,0.238,0.114,0.092,0.081,0.322,0.39,-0.94,0.29,-2.39,-1.64,2.26,93.6,88.8,81.2,93.6,84.1,75.2,0.252,0.301,0.099,0.279,0.449,0.169,,,,0.319,0.458,0.148,0.371,0.6,0.373,0.357,0.643,0.174,0.169,0.312,0.341,,,,,,,,,,,,,,,,,,,,,,,,,,,,,,
2024-04-27,6:10 PM.,KC,DET,home,Partly Cloudy.,82,663903,CF,4,0,1,0,0,0,0,0,1,0,5,0.258,0.343,0.419,0.762,663903,bradysinger,Singer,Right,Brady Singer,KCR,3.71,4.65,179.2,99.0,84.0,94.0,0.769,8.52,2.71,8.77,1.1,1.62,0.191,0.419,0.159,0.326,0.414,80.0,77.0,69.0,,,,63.0,96.0,86.0,70.0,101.0,91.0,106.0,99.0,102.0,,,,0.413,0.113,,0.455,,0.019,-2.09,,0.77,0.0,,-5.71,91.6,,88.1,92.2,82.9,,0.267,0.389,0.127,0.326,0.609,0.197,0.327,0.571,0.35,,,,0.207,0.361,0.354,,,,0.429,0.5,0.111,,,,,,,,,,,,,,,,,,,,,,,,,,,,,,
2024-04-26,1:11 PM.,KC,DET,home,Sunny.,58,607625,CF,1,0,0,0,0,0,0,0,0,0,0,0.259,0.333,0.444,0.777,607625,sethlugo,"Lugo, S",Right,Seth Lugo,KCR,3.0,3.75,206.2,101.0,97.0,100.0,0.795,7.88,2.09,7.71,0.7,1.2,0.212,0.386,0.156,0.303,0.43,93.0,100.0,98.0,126.0,100.0,110.0,75.0,103.0,95.0,68.0,101.0,92.0,125.0,97.0,105.0,97.0,103.0,103.0,0.185,0.24,0.082,0.135,0.262,0.069,0.7,2.86,0.65,-0.67,1.44,0.08,92.2,90.1,87.4,92.1,85.2,79.4,0.274,0.381,0.129,0.234,0.392,0.176,0.375,0.75,0.109,0.228,0.228,0.23,0.213,0.387,0.2,0.178,0.271,0.339,0.208,0.333,0.291,,,,,,,,,,93.0,107.0,106.0,0.026,0.07,85.7,0.105,0.421,0.351,0.215,0.28,0.285,,,,,,,,,
2024-04-24,6:50 PM.,TB,DET,away,Dome.,72,542888,CF,3,0,0,0,0,0,0,0,1,1,1,0.269,0.345,0.462,0.807,542888,shawnarmstrong,Armstrong,Right,Shawn Armstrong,- - -,4.86,5.11,66.2,105.0,95.0,102.0,0.819,8.91,3.38,10.4,0.81,0.91,0.312,0.307,0.183,0.332,0.462,,,,,,,86.0,110.0,104.0,95.0,100.0,97.0,126.0,114.0,117.0,99.0,103.0,101.0,0.271,0.332,0.315,0.082,,,0.72,-1.23,-1.36,-0.2,,,93.3,90.5,,93.6,84.5,,0.388,0.459,0.107,0.198,0.341,0.333,0.214,0.357,0.25,0.314,0.557,0.205,0.167,0.333,0.273,,,,,,,,,,,,,,,,,,,,,,,,,,,,,,,,,,,,
2024-04-23,6:50 PM.,TB,DET,away,Dome.,72,686752,RF,3,0,1,0,0,0,0,0,1,0,1,0.304,0.36,0.522,0.882,686752,ryanpepiot,Pepiot,Right,Ryan Pepiot,TBR,3.6,3.64,130.0,99.0,116.0,106.0,0.73,9.83,3.32,7.06,1.18,0.77,0.276,0.405,0.17,0.308,0.422,118.0,105.0,117.0,140.0,75.0,84.0,115.0,98.0,102.0,,,,119.0,95.0,106.0,100.0,103.0,100.0,,0.506,0.06,0.173,0.027,0.235,1.07,-0.88,,0.51,-1.47,-0.47,94.9,91.6,85.8,,89.0,80.6,,,,0.181,0.33,0.316,,,,0.276,0.586,0.141,0.267,0.407,0.317,0.167,0.167,0.5,0.216,0.353,0.286,,,,,,,,,,,,,,,,,,,,,,,,,,,,,,
2024-04-20,1:11 PM.,MIN,DET,away,Partly Cloudy.,42,641927,RF,4,0,1,0,1,0,1,0,0,2,1,0.3,0.333,0.55,0.883,641927,baileyober,Ober,Right,Bailey Ober,MIN,3.98,3.22,178.2,105.0,91.0,102.0,0.728,9.62,2.17,6.85,1.36,0.67,0.22,0.439,0.183,0.303,0.416,116.0,111.0,111.0,94.0,99.0,103.0,81.0,104.0,96.0,,,,74.0,100.0,101.0,84.0,104.0,100.0,,0.381,0.195,0.118,0.011,0.294,-0.01,-0.86,,2.03,4.57,1.98,91.7,86.2,83.4,,80.3,76.0,,,,0.258,0.506,0.222,,,,0.279,0.504,0.229,0.095,0.162,0.307,0.0,0.0,0.375,0.154,0.285,0.395,,,,,,,,,,,,,,,,,,,,,,,,,,,,,,
2024-04-19,7:12 PM.,MIN,DET,away,Overcast.,38,657746,RF,5,2,3,0,1,0,2,1,0,2,0,0.313,0.353,0.5,0.853,657746,joeryan,Ryan,Right,Joe Ryan,MIN,3.6,2.87,135.0,107.0,99.0,104.0,0.752,9.8,1.53,7.33,1.27,0.79,0.242,0.427,0.198,0.281,0.481,,,,,,,94.0,110.0,105.0,110.0,108.0,105.0,108.0,103.0,112.0,,,,0.06,0.485,,0.234,,,1.38,,-0.77,-0.09,,,94.0,,,92.9,83.1,,0.345,0.483,0.094,0.194,0.379,0.275,0.207,0.37,0.337,,,,0.343,0.6,0.216,,,,,,,,,,,,,,,,101.0,103.0,94.0,0.221,0.2,88.6,0.202,0.387,0.258,,,,,,,,,,,,
2024-04-17,1:10 PM.,TEX,DET,home,Cloudy.,69,641540,PR,0,0,0,0,0,0,0,0,0,0,0,0.182,0.25,0.273,0.523,641540,danedunning,Dunning,Right,Dane Dunning,TEX,5.31,5.28,95.0,98.0,82.0,94.0,0.785,8.62,3.79,9.19,1.71,1.15,0.158,0.5,0.127,0.345,0.425,83.0,94.0,86.0,,,,40.0,103.0,91.0,79.0,102.0,97.0,102.0,100.0,97.0,74.0,99.0,94.0,0.377,0.028,0.188,0.234,,0.125,-2.6,-0.73,0.0,-1.44,,-1.22,89.2,88.1,85.0,89.7,80.6,,0.276,0.442,0.133,0.25,0.583,0.259,,,,0.254,0.46,0.242,0.274,0.512,0.304,0.0,0.0,0.429,0.233,0.488,0.327,58.0,89.0,98.0,0.001,0.047,-6.34,0.09,76.4,75.6,,,,,,,,,,,,,,,,,,,,,
2024-04-16,1:10 PM.,TEX,DET,home,Sunny.,64,592351,RF,4,0,0,0,0,0,0,0,0,1,3,0.182,0.25,0.273,0.523,592351,jongray,"Gray, Jn",Right,Jon Gray,TEX,4.47,4.65,102.2,103.0,85.0,98.0,0.777,7.54,2.45,9.38,0.96,0.98,0.228,0.412,0.145,0.366,0.457,72.0,100.0,94.0,97.0,97.0,102.0,73.0,103.0,91.0,,,,97.0,105.0,105.0,,,,,0.444,,0.439,0.046,0.071,-0.71,,,0.77,-0.7,-1.39,94.9,,88.7,,88.6,78.9,,,,0.311,0.443,0.15,,,,,,,0.213,0.344,0.334,0.333,0.333,0.267,0.257,0.543,0.19,,,,,,,,,,,,,,,,,,,,,,,,,,,,,,
2024-04-15,6:40 PM.,TEX,DET,home,Clear.,64,547179,RF,2,0,0,0,0,0,0,0,0,2,3,0.286,0.375,0.429,0.804,547179,michaellorenzen,Lorenzen,Right,Michael Lorenzen,- - -,3.31,4.59,130.1,97.0,93.0,95.0,0.796,6.7,4.14,6.97,1.17,1.03,0.249,0.386,0.188,0.322,0.411,93.0,101.0,99.0,102.0,93.0,96.0,84.0,95.0,89.0,81.0,102.0,94.0,126.0,98.0,108.0,94.0,92.0,91.0,0.212,0.272,0.1,0.149,0.079,0.188,1.0,0.04,-0.25,-1.51,0.02,1.94,93.8,90.1,84.6,93.6,83.9,81.7,0.291,0.441,0.062,0.155,0.309,0.184,0.19,0.429,0.291,0.235,0.51,0.236,0.368,0.632,0.253,0.217,0.348,0.352,0.122,0.173,0.373,,,,,,,,,,,,,,,,,,,,,,,,,,,,,,
2024-04-13,5:05 PM.,MIN,DET,home,Clear.,64,680573,RF,3,0,2,1,0,0,0,1,0,1,0,0.4,0.5,0.6,1.1,680573,simeonwoodsrichardson,Woods Richardson,Right,Simeon Woods Richardson,MIN,4.17,4.05,133.2,104.0,87.0,100.0,0.807,7.88,3.23,8.42,1.08,0.8,0.289,0.421,0.155,0.282,0.436,103.0,106.0,113.0,106.0,103.0,102.0,71.0,100.0,88.0,,,,92.0,108.0,106.0,,,,,0.403,,0.312,0.093,0.193,0.82,,,0.76,1.68,-3.33,93.1,,82.8,,86.4,76.1,,,,0.258,0.356,0.219,,,,,,,0.214,0.313,0.239,0.186,0.326,0.221,0.311,0.622,0.205,,,,,,,,,,,,,,,,,,,,,,,,,,,,,,
2024-04-12,7:45 PM.,MIN,DET,home,Cloudy.,50,641154,RF,0,1,0,0,0,0,0,0,1,0,0,0.0,0.333,0.0,0.333,641154,pablolopez,"López, P",Right,Pablo López,MIN,4.08,3.67,185.1,104.0,98.0,105.0,0.749,9.62,1.99,8.74,1.26,1.19,0.245,0.438,0.134,0.298,0.432,95.0,104.0,105.0,92.0,103.0,108.0,97.0,105.0,101.0,97.0,107.0,107.0,106.0,103.0,110.0,,,,0.073,0.407,,0.219,0.1,0.201,1.65,,-2.77,-0.84,-1.28,-0.14,95.0,,88.5,94.5,84.5,82.4,0.426,0.639,0.142,0.208,0.352,0.259,0.239,0.436,0.331,,,,,,,0.23,0.446,0.341,0.281,0.359,0.249,,,,,,,,,,,,,,,,,,,,,,,,,,,,,,
2024-04-08,6:42 PM.,PIT,DET,away,Cloudy.,74,656605,CF,2,0,0,0,0,0,0,0,0,1,3,0.0,0.0,0.0,0.0,656605,mitchkeller,"Keller, M",Right,Mitch Keller,PIT,4.25,4.31,178.0,101.0,99.0,100.0,0.805,8.39,2.53,9.2,1.16,1.07,0.285,0.376,0.135,0.331,0.442,88.0,103.0,102.0,111.0,96.0,104.0,86.0,103.0,96.0,82.0,102.0,94.0,129.0,100.0,109.0,96.0,99.0,98.0,0.22,0.304,0.122,0.25,0.096,0.008,0.3,-1.0,-0.26,-1.04,-0.11,-12.5,94.4,90.4,89.8,93.4,84.7,78.4,0.266,0.405,0.125,0.257,0.4,0.24,0.204,0.331,0.25,0.272,0.593,0.195,0.338,0.636,0.248,0.233,0.442,0.293,0.667,1.333,0.0,,,,,,,,,,,,,,,,,,,,,,,,,,,,,,
