date,time,opponent,team,location,weather,temp,opposingPitcherId,position,ab,r,h,doubles,triples,hr,rbi,sb,bb,k,lob,avg,obp,slg,ops,id,fullName,boxscoreName,PitchingHand,PlayerName,Team,ERA,xERA,IP,Location+,Stuff+,Pitching+,Contact%,K/9,BB/9,H/9,HR/9,GB/FB,Oppo%,Pull%,Soft%,Hard%,Zone%,Stf+ CH,Loc+ CH,Pit+ CH,Stf+ CU,Loc+ CU,Pit+ CU,Stf+ FA,Loc+ FA,Pit+ FA,Stf+ SI,Loc+ SI,Pit+ SI,Stf+ SL,Loc+ SL,Pit+ SL,SI%,FA%,SL%,CU%,CH%,wFA/C,wSI/C,wSL/C,wCU/C,wCH/C,vFA,vCH,vSI,vSL,vCU,FF_ba,FF_slg,FF_whiff,CH_ba,CH_slg,CH_whiff,SI_ba,SI_slg,SI_whiff,SL_ba,SL_slg,SL_whiff,CU_ba,CU_slg,CU_whiff,Stf+ KC,Loc+ KC,Pit+ KC,Stf+ FC,Loc+ FC,Pit+ FC,FC%,KC%,wFC/C,wKC/C,vFC,vKC,FC_ba,FC_slg,FC_whiff,Stf+ FS,Loc+ FS,Pit+ FS,FS%,wFS/C,vFS,FS_ba,FS_slg,FS_whiff,vKN (sc),KN%,wKN/C,ST_ba,ST_slg,ST_whiff,SV_ba,SV_slg,SV_whiff,KC_ba,KC_slg,KC_whiff
2023-06-21,7:08 PM.,SEA,NYY,home,Partly Cloudy.,69,622491,DH,3,0,1,0,0,0,0,0,1,1,2,0.239,0.309,0.403,0.712,622491,luiscastillo,"Castillo, L",Right,Luis Castillo,SEA,3.34,3.82,197.0,103.0,96.0,102.0,0.717,10.01,2.56,7.31,1.28,0.92,0.268,0.375,0.182,0.333,0.422,83.0,108.0,105.0,,,,95.0,104.0,100.0,82.0,103.0,95.0,117.0,100.0,108.0,0.179,0.444,0.221,,0.156,1.31,0.6,-0.12,,-1.6,96.3,88.3,95.9,85.7,,0.165,0.384,0.33,0.28,0.42,0.325,0.239,0.337,0.136,0.234,0.455,0.3779999999999999,,,,,,,,,,,,,,,,,,,,,,,,,,,,,,,,,,,,,,,
2023-06-18,7:11 PM.,BOS,NYY,away,Partly Cloudy.,65,678394,PH,1,0,0,0,0,0,0,0,0,1,2,0.237,0.303,0.405,0.708,678394,brayanbello,Bello,Right,Brayan Bello,BOS,4.24,4.16,157.0,100.0,90.0,98.0,0.778,7.57,2.58,9.46,1.38,1.94,0.194,0.48,0.144,0.351,0.408,80.0,103.0,99.0,,,,83.0,102.0,93.0,93.0,101.0,98.0,103.0,94.0,103.0,0.364,0.207,0.175,,0.239,-1.91,0.52,-1.86,,1.38,95.5,86.2,95.0,85.3,,0.31,0.646,0.1989999999999999,0.196,0.291,0.387,0.278,0.435,0.16,0.3,0.456,0.259,,,,,,,88.0,100.0,88.0,0.015,,-6.73,,89.1,,0.462,1.077,0.208,,,,,,,,,,,,,,,,,,,,,
2023-06-16,7:10 PM.,BOS,NYY,away,Cloudy.,73,656557,LF,4,0,1,0,0,0,0,0,0,1,2,0.238,0.306,0.408,0.714,656557,tannerhouck,Houck,Right,Tanner Houck,BOS,5.01,4.21,106.0,100.0,101.0,100.0,0.727,8.41,3.48,8.83,1.19,1.92,0.151,0.489,0.123,0.353,0.418,,,,,,,95.0,96.0,88.0,111.0,102.0,101.0,113.0,99.0,107.0,0.295,0.099,0.383,,,-2.8,-0.38,0.98,,,93.9,,93.4,83.9,,0.325,0.55,0.157,,,,0.306,0.507,0.187,0.178,0.301,0.387,,,,,,,80.0,100.0,92.0,0.108,,0.73,,91.3,,0.229,0.354,0.216,67.0,105.0,92.0,0.114,-1.52,87.6,0.31,0.452,0.4039999999999999,,,,,,,,,,,,
2023-06-14,7:47 PM.,NYM,NYY,away,Partly Cloudy.,70,434378,PH,1,0,0,0,0,0,0,0,0,0,2,0.238,0.307,0.413,0.72,434378,justinverlander,Verlander,Right,Justin Verlander,- - -,3.22,3.63,162.1,104.0,106.0,105.0,0.8,7.98,2.49,7.71,1.0,0.79,0.232,0.438,0.168,0.307,0.433,102.0,107.0,113.0,105.0,103.0,106.0,97.0,100.0,100.0,,,,127.0,112.0,111.0,,0.5,0.253,0.2,0.047,0.89,,0.97,0.43,-0.23,94.3,85.2,,86.9,78.2,0.235,0.417,0.181,0.214,0.286,0.286,,,,0.201,0.325,0.292,0.241,0.328,0.244,,,,,,,,,,,,,,,,,,,,,,,,,,,,,,,,,,,,
2023-06-11,7:10 PM.,BOS,NYY,home,Partly Cloudy.,76,678394,RF,3,0,0,0,0,0,0,0,0,0,1,0.24,0.309,0.416,0.725,678394,brayanbello,Bello,Right,Brayan Bello,BOS,4.24,4.16,157.0,100.0,90.0,98.0,0.778,7.57,2.58,9.46,1.38,1.94,0.194,0.48,0.144,0.351,0.408,80.0,103.0,99.0,,,,83.0,102.0,93.0,93.0,101.0,98.0,103.0,94.0,103.0,0.364,0.207,0.175,,0.239,-1.91,0.52,-1.86,,1.38,95.5,86.2,95.0,85.3,,0.31,0.646,0.1989999999999999,0.196,0.291,0.387,0.278,0.435,0.16,0.3,0.456,0.259,,,,,,,88.0,100.0,88.0,0.015,,-6.73,,89.1,,0.462,1.077,0.208,,,,,,,,,,,,,,,,,,,,,
2023-06-10,7:36 PM.,BOS,NYY,home,Clear.,75,656557,RF,3,1,1,0,0,1,1,0,0,1,0,0.246,0.316,0.426,0.742,656557,tannerhouck,Houck,Right,Tanner Houck,BOS,5.01,4.21,106.0,100.0,101.0,100.0,0.727,8.41,3.48,8.83,1.19,1.92,0.151,0.489,0.123,0.353,0.418,,,,,,,95.0,96.0,88.0,111.0,102.0,101.0,113.0,99.0,107.0,0.295,0.099,0.383,,,-2.8,-0.38,0.98,,,93.9,,93.4,83.9,,0.325,0.55,0.157,,,,0.306,0.507,0.187,0.178,0.301,0.387,,,,,,,80.0,100.0,92.0,0.108,,0.73,,91.3,,0.229,0.354,0.216,67.0,105.0,92.0,0.114,-1.52,87.6,0.31,0.452,0.4039999999999999,,,,,,,,,,,,
2023-06-08,4:08 PM.,CWS,NYY,home,Cloudy.,67,458681,RF,4,1,2,0,0,1,3,0,0,0,0,0.243,0.318,0.4,0.718,458681,lancelynn,Lynn,Right,Lance Lynn,- - -,5.73,4.86,183.2,102.0,94.0,100.0,0.74,9.36,3.28,9.26,2.16,0.82,0.241,0.419,0.17,0.32,0.403,56.0,95.0,90.0,109.0,97.0,106.0,92.0,105.0,104.0,93.0,95.0,87.0,97.0,98.0,106.0,0.126,0.437,0.063,0.074,0.07,-0.4,1.21,-3.65,-2.24,-1.23,92.4,84.9,91.4,83.0,80.8,0.255,0.52,0.316,0.302,0.372,0.296,0.239,0.394,0.177,0.286,0.446,0.308,0.208,0.453,0.354,,,,104.0,105.0,99.0,0.23,,-0.35,,88.7,,0.273,0.512,0.267,,,,,,,,,,,,,,,,,,,,,
2023-06-08,7:35 PM.,CWS,NYY,home,Cloudy.,66,605182,DH,4,1,1,1,0,0,0,0,0,2,1,0.244,0.316,0.403,0.719,605182,mikeclevinger,Clevinger,Right,Mike Clevinger,CHW,3.77,4.1,131.1,100.0,100.0,100.0,0.8,7.54,2.74,8.29,1.1,0.62,0.259,0.433,0.179,0.269,0.437,80.0,96.0,95.0,80.0,96.0,97.0,101.0,103.0,100.0,91.0,100.0,90.0,113.0,97.0,104.0,0.024,0.479,0.271,0.016,0.128,-0.21,1.47,0.5,0.55,1.69,94.3,86.1,93.1,79.4,76.0,0.283,0.494,0.174,0.175,0.206,0.293,0.2,0.2,0.2,0.203,0.366,0.306,0.167,0.167,0.2,,,,90.0,100.0,100.0,0.082,,-0.07,,84.9,,0.256,0.395,0.264,,,,,,,,,,,,,,,,,,,,,
2023-06-06,7:10 PM.,CWS,NYY,home,Cloudy.,68,608337,RF,3,1,0,0,0,0,0,0,1,0,1,0.234,0.312,0.369,0.681,608337,lucasgiolito,Giolito,Right,Lucas Giolito,- - -,4.88,4.61,184.1,101.0,95.0,101.0,0.737,9.96,3.56,8.25,2.0,0.79,0.262,0.426,0.183,0.343,0.413,99.0,100.0,107.0,81.0,76.0,78.0,84.0,100.0,95.0,,,,107.0,105.0,104.0,,0.419,0.282,0.015,0.283,-0.85,,-0.25,-3.72,-0.2,93.1,80.9,,84.0,77.9,0.262,0.546,0.2,0.209,0.442,0.352,,,,0.236,0.438,0.345,0.5,0.5,0.2,,,,,,,,,,,,,,,,,,,,,,,,,,,,,,,,,,,,
2023-06-04,4:10 PM.,LAD,NYY,away,Partly Cloudy.,72,676272,LF,2,0,0,0,0,0,0,0,1,0,0,0.241,0.314,0.38,0.694,676272,bobbymiller,"Miller, Bo",Right,Bobby Miller,LAD,3.76,3.4,124.1,102.0,123.0,110.0,0.764,8.61,2.32,7.6,0.87,1.46,0.256,0.428,0.147,0.299,0.426,105.0,100.0,117.0,115.0,100.0,110.0,130.0,102.0,105.0,107.0,99.0,100.0,153.0,110.0,121.0,0.192,0.289,0.174,0.185,0.16,1.2,1.75,-1.0,1.25,0.6,99.0,88.2,98.8,89.7,80.6,0.258,0.367,0.206,0.133,0.307,0.3989999999999999,0.258,0.382,0.178,0.5,0.75,0.25,0.184,0.303,0.36,,,,,,,,,,,,,,,,,,,,,,,,,,,,,,,,,,,,
2023-06-02,7:10 PM.,LAD,NYY,away,Clear.,67,477132,PH,1,0,0,0,0,0,0,0,0,0,1,0.245,0.314,0.387,0.701,477132,claytonkershaw,Kershaw,Left,Clayton Kershaw,LAD,2.46,3.77,131.2,100.0,101.0,101.0,0.733,9.36,2.73,6.84,1.3,1.43,0.23,0.493,0.155,0.332,0.425,34.0,98.0,91.0,94.0,100.0,106.0,96.0,97.0,96.0,90.0,115.0,107.0,112.0,102.0,104.0,0.002,0.369,0.434,0.175,0.017,0.23,14.84,2.06,0.13,-0.46,90.7,84.6,90.9,86.5,73.4,0.281,0.451,0.0969999999999999,0.2,0.2,0.6,0.0,0.0,0.0,0.167,0.338,0.362,0.212,0.338,0.3379999999999999,,,,,,,,,,,,,,,,116.0,127.0,165.0,0.002,13.51,84.4,0.0,0.0,0.0,,,,,,,,,,,,
2023-05-31,6:40 PM.,SEA,NYY,away,Cloudy.,60,669923,LF,4,0,0,0,0,0,0,0,0,0,1,0.248,0.316,0.39,0.706,669923,georgekirby,Kirby,Right,George Kirby,SEA,3.35,3.9,190.2,110.0,106.0,109.0,0.799,8.12,0.9,8.45,1.04,1.19,0.298,0.407,0.177,0.327,0.482,94.0,107.0,111.0,,,,97.0,111.0,105.0,106.0,110.0,109.0,126.0,106.0,112.0,0.216,0.394,0.197,,0.018,1.34,0.43,1.03,,-5.31,96.1,86.6,95.8,86.3,,0.234,0.392,0.28,0.5,0.9,0.125,0.261,0.383,0.131,0.264,0.377,0.22,0.265,0.458,0.159,,,,,,,,0.115,,0.35,,81.8,,,,95.0,103.0,110.0,0.061,1.07,84.9,0.143,0.286,0.357,75.1,0.001,0.26,,,,,,,,,
2023-05-30,6:40 PM.,SEA,NYY,away,Clear.,60,669302,DH,5,2,2,0,0,0,0,0,0,0,2,0.257,0.327,0.406,0.733,669302,logangilbert,"Gilbert, L",Right,Logan Gilbert,SEA,3.73,3.69,190.2,102.0,106.0,102.0,0.767,8.92,1.7,7.98,1.37,1.02,0.238,0.427,0.125,0.333,0.47,,,,,,,88.0,103.0,99.0,55.0,90.0,81.0,133.0,101.0,99.0,0.003,0.419,0.297,,,0.01,-11.33,1.84,,,95.7,,93.7,88.7,,0.28,0.491,0.177,,,,0.667,1.0,0.25,0.211,0.349,0.322,0.214,0.371,0.306,110.0,95.0,103.0,,,,,0.134,,0.39,,80.3,,,,98.0,103.0,117.0,0.148,0.25,85.6,0.174,0.34,0.35,,,,,,,,,,,,
2023-05-29,6:42 PM.,SEA,NYY,away,Clear.,68,682243,DH,5,1,2,2,0,0,2,0,0,0,1,0.25,0.324,0.406,0.73,682243,brycemiller,"Miller, B",Right,Bryce Miller,SEA,4.32,4.86,131.1,104.0,117.0,109.0,0.783,8.15,1.78,8.5,1.23,0.76,0.242,0.379,0.13,0.356,0.464,90.0,101.0,107.0,113.0,102.0,102.0,121.0,105.0,110.0,104.0,101.0,99.0,112.0,100.0,107.0,0.076,0.585,0.274,0.009,0.056,0.3,1.22,0.14,-8.41,0.66,95.1,85.0,95.1,85.0,78.2,0.256,0.45,0.271,0.167,0.433,0.179,0.26,0.36,0.096,0.3,0.475,0.174,0.667,1.333,0.125,,,,,,,,,,,,,,,,,,,,,,,,,,,,,,,,,,,,
2023-05-28,1:38 PM.,SD,NYY,home,Sunny.,76,506433,DH,4,1,2,1,0,0,1,0,0,0,0,0.242,0.32,0.385,0.705,506433,yudarvish,Darvish,Right,Yu Darvish,SDP,4.56,3.82,136.1,102.0,112.0,106.0,0.769,9.31,2.84,8.85,1.19,1.19,0.236,0.39,0.181,0.306,0.453,180.0,50.0,53.0,97.0,94.0,104.0,122.0,110.0,114.0,101.0,106.0,102.0,125.0,98.0,108.0,0.186,0.167,0.363,0.051,0.001,-1.74,0.46,-0.68,1.37,-1.35,94.7,82.3,94.3,84.0,72.3,0.253,0.538,0.159,,,,0.319,0.418,0.157,0.432,0.703,0.244,0.13,0.203,0.391,105.0,111.0,112.0,93.0,95.0,99.0,0.089,0.066,2.4,3.06,90.9,79.3,0.2,0.32,0.196,95.0,104.0,100.0,0.077,1.21,89.2,0.167,0.217,0.4,,,,,,,,,,,,
2023-05-26,7:08 PM.,SD,NYY,home,Clear.,72,605397,DH,4,0,1,0,0,0,0,0,0,1,0,0.23,0.313,0.368,0.681,605397,joemusgrove,Musgrove,Right,Joe Musgrove,SDP,3.05,3.11,97.1,104.0,106.0,102.0,0.768,8.97,1.94,8.32,0.92,1.37,0.221,0.438,0.154,0.254,0.414,101.0,102.0,100.0,134.0,107.0,110.0,80.0,105.0,98.0,109.0,98.0,78.0,117.0,110.0,111.0,0.054,0.245,0.145,0.239,0.114,1.77,3.35,-2.03,0.77,-0.63,93.1,87.1,92.8,82.2,81.3,0.205,0.273,0.222,0.267,0.333,0.406,0.261,0.261,0.125,0.281,0.594,0.3389999999999999,0.207,0.329,0.34,,,,102.0,99.0,98.0,0.204,,1.68,,90.1,,0.302,0.429,0.13,,,,,,,,,,,,,,,,,,,,,
2023-05-25,7:09 PM.,BAL,NYY,home,Clear.,66,502043,DH,3,0,2,1,0,0,1,0,1,0,0,0.229,0.316,0.373,0.689,502043,kylegibson,Gibson,Right,Kyle Gibson,BAL,4.73,4.8,192.0,100.0,93.0,97.0,0.768,7.36,2.58,9.28,1.08,1.57,0.205,0.452,0.136,0.311,0.394,88.0,99.0,96.0,90.0,102.0,99.0,78.0,96.0,89.0,93.0,101.0,97.0,110.0,105.0,107.0,0.261,0.134,0.184,0.084,0.17,-0.69,-0.08,2.01,0.01,-0.29,92.1,85.5,91.9,81.6,79.5,0.287,0.55,0.156,0.288,0.453,0.291,0.289,0.459,0.11,0.147,0.228,0.471,0.279,0.419,0.4039999999999999,,,,90.0,95.0,92.0,0.166,,-1.02,,89.8,,0.345,0.552,0.154,,,,,,,,,,,,,,,,,,,,,
2023-05-24,8:41 PM.,BAL,NYY,home,Overcast.,62,669330,PH,0,1,0,0,0,0,0,0,1,0,0,0.213,0.297,0.35,0.647,669330,tylerwells,"Wells, T",Right,Tyler Wells,BAL,3.64,3.96,118.2,103.0,93.0,101.0,0.765,8.87,2.58,6.29,1.9,0.59,0.244,0.371,0.175,0.337,0.415,126.0,106.0,111.0,84.0,95.0,100.0,84.0,102.0,99.0,,,,88.0,108.0,103.0,,0.377,0.164,0.078,0.185,0.59,,1.18,0.41,0.43,92.5,85.4,,84.0,74.1,0.2,0.467,0.266,0.196,0.382,0.3279999999999999,,,,0.149,0.23,0.28,0.217,0.348,0.184,,,,85.0,100.0,96.0,0.195,,0.67,,88.7,,0.212,0.537,0.193,,,,,,,,,,,,,,,,,,,,,
2023-05-23,7:07 PM.,BAL,NYY,home,Clear.,63,680694,DH,4,0,0,0,0,0,0,0,1,1,2,0.213,0.289,0.35,0.639,680694,kylebradish,Bradish,Right,Kyle Bradish,BAL,2.83,3.77,168.2,103.0,126.0,105.0,0.759,8.96,2.35,7.04,0.75,1.61,0.258,0.336,0.116,0.269,0.432,97.0,100.0,98.0,135.0,105.0,109.0,101.0,96.0,96.0,88.0,104.0,98.0,171.0,105.0,116.0,0.207,0.224,0.313,0.173,0.083,-1.0,1.53,1.77,3.99,-0.36,94.5,90.8,95.0,88.1,84.8,0.366,0.602,0.15,0.259,0.37,0.114,0.23,0.367,0.15,0.168,0.272,0.364,0.142,0.165,0.356,,,,,,,,,,,,,,,,,,,,,,,,,,,,,,,,,,,,
2023-05-21,11:37 AM.,CIN,NYY,away,Sunny.,68,668881,DH,3,1,1,0,0,0,0,0,1,0,0,0.224,0.294,0.368,0.662,668881,huntergreene,"Greene, H",Right,Hunter Greene,CIN,4.82,3.82,112.0,103.0,124.0,107.0,0.725,12.21,3.86,8.92,1.53,0.74,0.241,0.407,0.128,0.345,0.42,69.0,88.0,90.0,,,,127.0,103.0,105.0,,,,126.0,104.0,112.0,,0.544,0.404,,0.053,-0.95,,0.16,,-2.39,98.3,91.1,,87.3,,0.265,0.518,0.252,0.304,0.478,0.242,,,,0.229,0.416,0.392,,,,,,,,,,,,,,,,,,,,,,,,,,,,,,,,,,,,,,,
2023-05-19,6:41 PM.,CIN,NYY,away,Partly Cloudy.,77,594902,DH,4,0,0,0,0,0,0,0,0,1,2,0.219,0.284,0.37,0.654,594902,benlively,Lively,Right,Ben Lively,CIN,5.38,5.03,88.2,101.0,79.0,95.0,0.814,8.02,2.54,9.74,2.03,1.02,0.301,0.38,0.163,0.312,0.449,59.0,94.0,89.0,101.0,105.0,103.0,80.0,99.0,90.0,83.0,108.0,98.0,71.0,102.0,102.0,0.219,0.321,0.243,0.066,0.102,-2.09,0.24,1.68,-4.42,-1.4,90.6,84.4,91.5,80.1,76.3,0.362,0.667,0.181,0.265,0.412,0.133,0.257,0.416,0.153,0.158,0.303,0.336,0.273,0.909,0.128,,,,98.0,92.0,82.0,0.049,,0.62,,88.1,,0.267,0.267,0.257,,,,,,,,,,,,,,,,,,,,,
2023-05-17,7:08 PM.,TOR,NYY,away,Roof Closed.,68,605135,DH,3,0,1,0,0,0,0,0,1,0,0,0.232,0.299,0.391,0.69,605135,chrisbassitt,Bassitt,Right,Chris Bassitt,TOR,3.6,4.04,200.0,100.0,92.0,99.0,0.8,8.37,2.66,7.92,1.26,1.12,0.271,0.381,0.165,0.285,0.459,72.0,93.0,91.0,93.0,92.0,100.0,74.0,106.0,98.0,92.0,104.0,98.0,106.0,93.0,102.0,0.393,0.093,0.136,0.126,0.065,-3.9,2.11,-0.72,0.67,1.71,92.4,84.1,91.9,75.6,70.7,0.333,0.652,0.206,0.189,0.351,0.1009999999999999,0.22,0.336,0.144,0.227,0.636,0.191,0.192,0.295,0.318,,,,95.0,105.0,102.0,0.153,,-1.13,,87.8,,0.274,0.496,0.253,78.0,84.0,84.0,0.033,-3.07,82.6,0.375,0.563,0.226,,,,,,,,,,,,
2023-05-15,7:10 PM.,TOR,NYY,away,Clear.,72,666201,DH,4,1,1,0,0,1,2,0,1,1,3,0.227,0.288,0.394,0.682,666201,alekmanoah,Manoah,Right,Alek Manoah,TOR,5.87,6.12,87.1,95.0,89.0,93.0,0.804,8.14,6.08,9.58,1.55,0.92,0.231,0.407,0.134,0.369,0.388,69.0,98.0,89.0,,,,91.0,95.0,92.0,92.0,96.0,91.0,94.0,93.0,96.0,0.282,0.29,0.3,,0.128,-2.16,0.68,-1.17,,-1.01,92.8,86.3,92.6,80.8,,0.316,0.592,0.244,0.273,0.432,0.2,0.25,0.379,0.129,0.239,0.432,0.286,,,,,,,,,,,,,,,,,,,,,,,,,,,,,,,,,,,,,,,
2023-05-14,1:40 PM.,TB,NYY,home,Sunny.,68,621107,DH,4,0,0,0,0,0,0,0,0,1,4,0.226,0.279,0.355,0.634,621107,zacheflin,Eflin,Right,Zach Eflin,TBR,3.5,3.02,177.2,108.0,98.0,106.0,0.775,9.42,1.22,8.0,0.96,1.48,0.21,0.449,0.159,0.343,0.449,75.0,99.0,94.0,100.0,110.0,107.0,83.0,123.0,112.0,98.0,107.0,105.0,122.0,120.0,127.0,0.319,0.062,0.044,0.263,0.051,2.53,1.09,0.79,1.27,-0.61,92.9,86.4,92.2,80.0,79.1,0.104,0.208,0.32,0.192,0.308,0.283,0.259,0.315,0.129,0.6,0.6,0.5,0.185,0.339,0.349,,,,100.0,106.0,102.0,0.261,,-0.01,,88.5,,0.307,0.588,0.1669999999999999,,,,,,,,,,,,,,,,,,,,,
2023-05-13,1:08 PM.,TB,NYY,home,Overcast.,77,663556,PH,1,0,0,0,0,0,0,0,0,0,1,0.241,0.297,0.379,0.676,663556,shanemcclanahan,McClanahan,Left,Shane McClanahan,TBR,3.29,4.13,115.0,102.0,112.0,106.0,0.694,9.47,3.21,7.43,1.17,1.18,0.28,0.384,0.134,0.355,0.455,115.0,104.0,109.0,115.0,101.0,107.0,111.0,100.0,104.0,,,,107.0,102.0,105.0,,0.419,0.153,0.17,0.258,-0.34,,-0.27,1.12,2.65,96.8,86.9,,89.3,83.5,0.269,0.479,0.233,0.153,0.191,0.541,,,,0.261,0.58,0.291,0.197,0.344,0.314,,,,,,,,,,,,,,,,,,,,,,,,,,,,,,,,,,,,
2023-05-11,7:07 PM.,TB,NYY,home,Clear.,78,656876,DH,3,1,1,1,0,0,0,0,0,0,0,0.246,0.302,0.386,0.688,656876,drewrasmussen,Rasmussen,Right,Drew Rasmussen,TBR,2.62,2.91,44.2,109.0,121.0,113.0,0.79,9.47,2.22,7.25,0.4,1.97,0.28,0.424,0.169,0.203,0.487,,,,71.0,106.0,103.0,131.0,111.0,122.0,98.0,109.0,99.0,115.0,121.0,130.0,0.122,0.295,0.151,0.073,,0.17,2.15,3.01,1.91,,95.7,,95.1,84.5,80.0,0.275,0.333,0.208,,,,0.273,0.364,0.171,0.129,0.161,0.245,0.2,0.2,0.261,,,,133.0,104.0,106.0,0.359,,1.83,,88.2,,0.204,0.327,0.275,,,,,,,,,,,,,,,,,,,,,
2023-05-10,12:39 PM.,OAK,NYY,home,Sunny.,65,666205,RF,1,0,0,0,0,0,0,0,0,0,1,0.241,0.3,0.37,0.67,666205,kylemuller,Muller,Left,Kyle Muller,OAK,7.6,7.4,77.0,97.0,88.0,94.0,0.811,6.55,4.56,13.09,1.87,1.2,0.197,0.46,0.113,0.391,0.453,74.0,72.0,74.0,97.0,103.0,104.0,87.0,99.0,92.0,,,,90.0,98.0,99.0,,0.517,0.253,0.149,0.081,-2.52,,-0.45,-2.07,-3.21,93.5,87.9,,87.1,81.2,0.395,0.663,0.161,0.333,0.5,0.387,,,,0.293,0.475,0.242,0.268,0.415,0.284,,,,,,,,,,,,,,,,,,,,,,,,,,,,,,,,,,,,
2023-05-06,4:10 PM.,TB,NYY,away,Dome.,72,656876,DH,3,0,1,0,0,0,0,0,1,0,2,0.245,0.305,0.377,0.682,656876,drewrasmussen,Rasmussen,Right,Drew Rasmussen,TBR,2.62,2.91,44.2,109.0,121.0,113.0,0.79,9.47,2.22,7.25,0.4,1.97,0.28,0.424,0.169,0.203,0.487,,,,71.0,106.0,103.0,131.0,111.0,122.0,98.0,109.0,99.0,115.0,121.0,130.0,0.122,0.295,0.151,0.073,,0.17,2.15,3.01,1.91,,95.7,,95.1,84.5,80.0,0.275,0.333,0.208,,,,0.273,0.364,0.171,0.129,0.161,0.245,0.2,0.2,0.261,,,,133.0,104.0,106.0,0.359,,1.83,,88.2,,0.204,0.327,0.275,,,,,,,,,,,,,,,,,,,,,
2023-05-05,6:41 PM.,TB,NYY,away,Dome.,72,630023,DH,2,0,0,0,0,0,0,0,1,1,3,0.24,0.291,0.38,0.671,630023,yonnychirinos,"Chirinos, Y",Right,Yonny Chirinos,- - -,5.4,6.24,85.0,99.0,106.0,92.0,0.839,5.61,2.86,9.64,1.59,1.36,0.192,0.459,0.11,0.37,0.448,,,,,,,61.0,101.0,89.0,105.0,99.0,95.0,97.0,98.0,95.0,0.469,0.018,0.258,,,1.57,-0.31,-2.31,,,92.9,,92.4,88.8,,0.0,0.0,0.25,,,,0.297,0.491,0.11,0.361,0.705,0.153,,,,,,,,,,,,,,,,,,,119.0,99.0,83.0,0.256,0.57,85.0,0.185,0.337,0.315,,,,,,,,,,,,
2023-05-03,7:09 PM.,CLE,NYY,home,Drizzle.,53,669456,DH,3,1,2,0,0,1,2,0,1,0,1,0.25,0.288,0.396,0.684,669456,shanebieber,Bieber,Right,Shane Bieber,CLE,3.8,4.83,128.0,101.0,100.0,99.0,0.77,7.52,2.39,8.72,0.98,1.56,0.238,0.395,0.147,0.328,0.42,59.0,93.0,85.0,,,,81.0,103.0,96.0,,,,111.0,107.0,109.0,,0.352,0.207,,0.035,0.87,,0.84,,-4.04,91.3,87.2,,84.6,,0.257,0.434,0.093,0.5,0.571,0.083,,,,0.18,0.331,0.326,0.237,0.368,0.3229999999999999,155.0,104.0,109.0,95.0,94.0,93.0,0.269,0.137,0.43,-1.29,86.5,82.5,0.316,0.465,0.293,,,,,,,,,,,,,,,,,,,,,
2023-05-02,7:07 PM.,CLE,NYY,home,Partly Cloudy.,55,676440,DH,4,1,1,0,0,1,1,0,0,0,2,0.222,0.25,0.311,0.561,676440,tannerbibee,Bibee,Right,Tanner Bibee,CLE,2.98,3.69,142.0,100.0,98.0,101.0,0.763,8.94,2.85,7.73,0.82,0.88,0.244,0.383,0.168,0.302,0.427,101.0,98.0,105.0,88.0,98.0,102.0,91.0,97.0,91.0,,,,110.0,106.0,115.0,,0.471,0.27,0.093,0.166,0.6,,1.35,-1.11,1.07,94.9,83.8,,84.7,78.3,0.243,0.348,0.19,0.213,0.298,0.3779999999999999,,,,0.206,0.355,0.317,0.271,0.479,0.233,,,,,,,,,,,,,,,,,,,,,,,,,,,,,,,,,,,,
2023-05-01,7:09 PM.,CLE,NYY,home,Cloudy.,58,615698,RF,3,0,0,0,0,0,0,0,0,0,3,0.22,0.25,0.244,0.494,615698,calquantrill,Quantrill,Right,Cal Quantrill,CLE,5.24,5.85,99.2,98.0,95.0,95.0,0.83,5.24,3.16,10.02,0.99,1.12,0.224,0.451,0.186,0.311,0.384,85.0,94.0,91.0,103.0,110.0,111.0,75.0,77.0,73.0,86.0,96.0,90.0,,,,0.416,0.01,,0.109,0.101,-2.44,0.18,,1.28,-2.42,93.8,86.1,93.7,,82.0,0.333,0.667,0.2,0.344,0.625,0.182,0.277,0.428,0.1689999999999999,,,,0.188,0.313,0.158,,,,103.0,94.0,93.0,0.241,,-0.89,,88.1,,0.33,0.495,0.221,113.0,104.0,104.0,0.123,-1.13,86.8,0.241,0.362,0.225,,,,,,,,,,,,
2023-04-30,1:38 PM.,TEX,NYY,away,Sunny.,82,527048,RF,1,0,0,0,0,0,0,0,0,0,0,0.237,0.268,0.263,0.531,527048,martinperez,"Pérez, M",Left,Martín Pérez,TEX,4.45,4.9,141.2,104.0,74.0,95.0,0.837,5.91,3.11,9.53,1.33,1.28,0.223,0.431,0.139,0.294,0.399,71.0,110.0,99.0,78.0,101.0,100.0,75.0,102.0,99.0,73.0,102.0,95.0,88.0,94.0,96.0,0.428,0.04,0.01,0.037,0.265,3.25,0.44,2.0,3.35,-0.75,91.8,84.1,91.6,83.4,79.1,0.167,0.222,0.146,0.316,0.447,0.278,0.244,0.394,0.0969999999999999,0.0,0.0,0.2,0.063,0.063,0.353,,,,79.0,99.0,88.0,0.221,,-2.02,,89.2,,0.342,0.64,0.1169999999999999,,,,,,,,,,,,,,,,,,,,,
2023-04-29,6:08 PM.,TEX,NYY,away,Roof Closed.,74,543135,DH,3,0,1,0,0,0,0,0,0,0,0,0.243,0.275,0.27,0.545,543135,nathaneovaldi,Eovaldi,Right,Nathan Eovaldi,TEX,3.63,3.98,144.0,100.0,101.0,98.0,0.758,8.25,2.94,7.31,0.94,1.59,0.196,0.469,0.14,0.367,0.397,,,,99.0,104.0,102.0,92.0,97.0,93.0,,,,101.0,113.0,109.0,,0.372,0.04,0.135,,0.41,,-3.23,0.86,,95.1,,,83.9,76.0,0.234,0.423,0.183,,,,,,,0.303,0.606,0.1369999999999999,0.2,0.22,0.417,,,,86.0,98.0,92.0,0.176,,1.33,,90.6,,0.238,0.417,0.198,125.0,101.0,106.0,0.276,1.26,87.9,0.196,0.314,0.355,,,,,,,,,,,,
2023-04-28,7:07 PM.,TEX,NYY,away,Roof Closed.,74,594798,DH,3,0,1,0,0,0,1,0,0,0,1,0.235,0.27,0.265,0.535,594798,jacobdegrom,deGrom,Right,Jacob deGrom,TEX,2.67,1.87,30.1,106.0,161.0,117.0,0.603,13.35,1.19,5.64,0.59,0.83,0.333,0.273,0.212,0.212,0.371,132.0,101.0,106.0,133.0,116.0,132.0,155.0,104.0,112.0,,,,179.0,110.0,125.0,,0.521,0.37,0.02,0.089,2.0,,0.39,6.08,3.57,98.7,91.4,,91.8,84.8,0.177,0.339,0.35,0.1,0.1,0.318,,,,0.189,0.378,0.5329999999999999,,,,,,,,,,,,,,,,,,,,,,,,,,,,,,,,,,,,,,,
2023-04-26,12:11 PM.,MIN,NYY,away,Sunny.,50,628317,RF,5,1,2,0,0,0,1,0,0,1,0,0.226,0.273,0.258,0.531,628317,kentamaeda,Maeda,Right,Kenta Maeda,MIN,4.23,3.74,104.1,103.0,105.0,102.0,0.735,10.09,2.42,8.11,1.47,0.69,0.225,0.389,0.1,0.336,0.399,,,,94.0,96.0,95.0,76.0,102.0,91.0,73.0,107.0,96.0,105.0,99.0,103.0,0.064,0.274,0.306,0.036,,0.35,-0.88,-0.07,-2.4,,91.0,,90.3,81.6,76.4,0.275,0.451,0.251,,,,0.385,0.538,0.128,0.206,0.471,0.288,0.333,0.667,0.063,,,,,,,,,,,,,,,,138.0,107.0,112.0,0.319,1.6,84.1,0.182,0.263,0.35,,,,,,,,,,,,
2023-04-25,6:42 PM.,MIN,NYY,away,Partly Cloudy.,50,657746,DH,4,0,2,0,0,0,0,0,0,1,0,0.192,0.25,0.231,0.481,657746,joeryan,Ryan,Right,Joe Ryan,MIN,4.51,3.53,161.2,107.0,99.0,105.0,0.749,10.97,1.89,8.63,1.78,0.63,0.232,0.423,0.147,0.326,0.455,,,,,,,102.0,112.0,108.0,,,,102.0,88.0,94.0,,0.569,0.159,,,0.89,,-2.12,,,92.3,,,80.3,,0.24,0.457,0.287,,,,,,,0.32,0.56,0.241,,,,,,,,,,,,,,,,,,,91.0,104.0,102.0,0.272,-0.3,83.9,0.242,0.415,0.213,,,,,,,,,,,,
2023-04-22,1:08 PM.,TOR,NYY,home,Sunny.,60,666201,DH,3,0,0,0,0,0,0,0,1,2,1,0.136,0.208,0.182,0.39,666201,alekmanoah,Manoah,Right,Alek Manoah,TOR,5.87,6.12,87.1,95.0,89.0,93.0,0.804,8.14,6.08,9.58,1.55,0.92,0.231,0.407,0.134,0.369,0.388,69.0,98.0,89.0,,,,91.0,95.0,92.0,92.0,96.0,91.0,94.0,93.0,96.0,0.282,0.29,0.3,,0.128,-2.16,0.68,-1.17,,-1.01,92.8,86.3,92.6,80.8,,0.316,0.592,0.244,0.273,0.432,0.2,0.25,0.379,0.129,0.239,0.432,0.286,,,,,,,,,,,,,,,,,,,,,,,,,,,,,,,,,,,,,,,
2023-04-19,7:09 PM.,LAA,NYY,home,Clear.,61,656288,DH,2,0,0,0,0,0,0,0,1,1,0,0.158,0.2,0.211,0.411,656288,griffincanning,Canning,Right,Griffin Canning,LAA,4.32,4.01,127.0,102.0,96.0,101.0,0.734,9.85,2.55,8.57,1.56,1.1,0.239,0.41,0.129,0.382,0.442,89.0,101.0,101.0,91.0,98.0,103.0,78.0,101.0,93.0,81.0,95.0,86.0,124.0,105.0,110.0,0.006,0.348,0.299,0.134,0.213,-0.21,-8.61,0.1,-0.53,1.6,94.7,90.2,95.0,88.4,81.8,0.235,0.5,0.283,0.213,0.339,0.248,0.333,1.333,0.0,0.261,0.344,0.34,0.271,0.667,0.252,,,,,,,,,,,,,,,,,,,,,,,,,,,,,,,,,,,,
2023-04-16,1:38 PM.,MIN,NYY,home,Cloudy.,65,641154,DH,4,0,1,0,0,0,0,0,0,1,3,0.176,0.176,0.235,0.411,641154,pablolopez,"López, P",Right,Pablo López,MIN,3.66,3.0,194.0,107.0,99.0,109.0,0.717,10.86,2.23,8.16,1.11,1.25,0.208,0.438,0.175,0.295,0.428,90.0,108.0,109.0,93.0,110.0,114.0,100.0,108.0,105.0,98.0,105.0,104.0,111.0,106.0,114.0,0.106,0.345,0.214,0.125,0.211,0.1,2.08,1.34,0.25,-0.17,94.9,88.4,94.5,84.4,82.5,0.268,0.468,0.315,0.257,0.41,0.284,0.278,0.342,0.126,0.173,0.287,0.366,0.202,0.33,0.364,,,,,,,,,,,,,,,,,,,,,,,,,,,,,,,,,,,,
2023-04-14,7:08 PM.,MIN,NYY,home,Partly Cloudy.,78,686973,PH,1,0,0,0,0,0,0,0,0,0,0,0.154,0.154,0.231,0.385,686973,louievarland,Varland,Right,Louie Varland,MIN,4.63,4.58,68.0,106.0,99.0,105.0,0.767,9.4,2.25,8.74,2.12,1.12,0.263,0.376,0.082,0.381,0.467,86.0,91.0,95.0,,,,107.0,111.0,110.0,104.0,93.0,94.0,107.0,107.0,107.0,0.009,0.427,0.132,,0.113,-0.42,6.39,-2.34,,-1.07,95.3,85.9,95.7,83.9,,0.267,0.533,0.237,0.267,0.6,0.264,,,,0.22,0.512,0.263,,,,,,,89.0,105.0,102.0,0.319,,0.85,,89.3,,0.25,0.405,0.285,,,,,,,,,,,,,,,,,,,,,
2023-04-13,7:08 PM.,MIN,NYY,home,Clear.,86,657746,RF,3,0,0,0,0,0,0,0,0,1,1,0.167,0.167,0.25,0.417,657746,joeryan,Ryan,Right,Joe Ryan,MIN,4.51,3.53,161.2,107.0,99.0,105.0,0.749,10.97,1.89,8.63,1.78,0.63,0.232,0.423,0.147,0.326,0.455,,,,,,,102.0,112.0,108.0,,,,102.0,88.0,94.0,,0.569,0.159,,,0.89,,-2.12,,,92.3,,,80.3,,0.24,0.457,0.287,,,,,,,0.32,0.56,0.241,,,,,,,,,,,,,,,,,,,91.0,104.0,102.0,0.272,-0.3,83.9,0.242,0.415,0.213,,,,,,,,,,,,
2023-04-11,6:09 PM.,CLE,NYY,away,Clear.,59,683769,DH,5,1,1,0,0,0,1,0,0,0,3,0.222,0.222,0.333,0.555,683769,huntergaddis,Gaddis,Right,Hunter Gaddis,CLE,4.5,3.9,42.0,101.0,88.0,96.0,0.848,5.14,3.0,8.79,1.29,0.48,0.3,0.393,0.214,0.329,0.452,57.0,98.0,93.0,93.0,75.0,88.0,87.0,101.0,93.0,,,,102.0,104.0,104.0,,0.399,0.317,0.066,0.182,-0.22,,0.44,-0.85,-1.29,93.4,81.2,,85.3,75.5,0.302,0.476,0.155,0.156,0.469,0.1669999999999999,,,,0.268,0.446,0.1639999999999999,0.0,0.0,0.444,,,,90.0,98.0,86.0,0.036,,-1.86,,89.0,,0.333,0.333,0.231,,,,,,,,,,,,,,,,,,,,,
2023-04-10,6:10 PM.,CLE,NYY,away,Partly Cloudy.,56,669456,DH,4,0,1,1,0,0,0,0,0,1,2,0.25,0.25,0.5,0.75,669456,shanebieber,Bieber,Right,Shane Bieber,CLE,3.8,4.83,128.0,101.0,100.0,99.0,0.77,7.52,2.39,8.72,0.98,1.56,0.238,0.395,0.147,0.328,0.42,59.0,93.0,85.0,,,,81.0,103.0,96.0,,,,111.0,107.0,109.0,,0.352,0.207,,0.035,0.87,,0.84,,-4.04,91.3,87.2,,84.6,,0.257,0.434,0.093,0.5,0.571,0.083,,,,0.18,0.331,0.326,0.237,0.368,0.3229999999999999,155.0,104.0,109.0,95.0,94.0,93.0,0.269,0.137,0.43,-1.29,86.5,82.5,0.316,0.465,0.293,,,,,,,,,,,,,,,,,,,,,
2023-03-28,12:04 PM.,WSH,NYY,away,Partly Cloudy.,55,592866,DH,2,0,0,0,0,0,0,0,0,2,2,0.294,0.379,0.392,0.771,592866,trevorwilliams,Williams,Right,Trevor Williams,WSN,5.55,5.66,144.1,104.0,81.0,96.0,0.831,6.92,3.3,11.1,2.12,0.96,0.253,0.4,0.163,0.329,0.387,68.0,105.0,96.0,97.0,95.0,95.0,80.0,107.0,96.0,91.0,100.0,95.0,94.0,114.0,103.0,0.146,0.433,0.182,0.069,0.171,-0.77,-0.45,-1.7,-1.93,-2.25,89.7,83.3,88.2,80.9,76.7,0.283,0.563,0.1669999999999999,0.315,0.483,0.1989999999999999,0.325,0.458,0.188,0.313,0.5,0.281,0.314,0.629,0.2,,,,,,,,,,,,,,,,,,,,,,,,,,,,,,,,,,,,
2024-08-14,6:38 PM.,TOR,LAA,home,Clear.,82,621244,DH,3,0,0,0,0,0,0,0,1,0,1,0.245,0.315,0.38,0.695,621244,joseberrios,Berríos,Right,José Berríos,TOR,3.6,4.74,192.1,103.0,92.0,99.0,0.808,7.16,2.53,7.86,1.45,1.17,0.257,0.421,0.15,0.352,0.414,86.0,104.0,101.0,111.0,102.0,106.0,82.0,99.0,92.0,85.0,103.0,95.0,,,,0.337,0.183,,0.286,0.16,-1.26,1.02,,0.28,0.88,94.1,84.8,93.4,,83.2,0.305,0.558,0.189,0.171,0.364,0.269,0.268,0.366,0.125,,,,,,,,,,84.0,108.0,99.0,0.035,,-1.83,,91.4,,0.36,0.48,0.123,,,,,,,,,,,,,,,,0.188,0.404,0.31,,,
2024-08-13,6:39 PM.,TOR,LAA,home,Clear.,81,592332,DH,4,1,1,0,0,1,1,0,0,0,2,0.248,0.316,0.385,0.701,592332,kevingausman,Gausman,Right,Kevin Gausman,TOR,3.83,4.71,181.0,105.0,94.0,104.0,0.791,8.06,2.78,8.2,0.99,0.91,0.262,0.417,0.136,0.363,0.417,,,,,,,99.0,105.0,105.0,90.0,102.0,94.0,88.0,90.0,95.0,0.054,0.528,0.084,,,0.43,-3.21,-1.21,,,93.9,,93.3,82.7,,0.277,0.466,0.175,,,,0.316,0.579,0.117,0.268,0.439,0.266,,,,,,,,,,,,,,,,,,,88.0,108.0,106.0,0.334,0.51,86.0,0.169,0.262,0.335,,,,,,,,,,,,
2024-08-12,6:38 PM.,TOR,LAA,home,Clear.,82,670102,DH,3,0,0,0,0,0,0,0,0,0,0,0.248,0.317,0.374,0.691,670102,bowdenfrancis,Francis,Right,Bowden Francis,TOR,3.3,3.39,103.2,102.0,97.0,104.0,0.8,7.99,1.91,6.42,1.48,0.74,0.247,0.498,0.171,0.341,0.465,,,,99.0,94.0,100.0,94.0,106.0,107.0,79.0,96.0,85.0,96.0,92.0,92.0,0.029,0.513,0.092,0.182,,2.21,1.45,-1.47,-1.71,,92.9,,90.3,81.7,73.5,0.174,0.371,0.185,,,,0.182,0.455,0.067,0.25,0.583,0.436,0.308,0.558,0.243,,,,,,,,,,,,,,,,109.0,105.0,110.0,0.184,1.44,83.8,0.169,0.169,0.225,,,,,,,,,,,,
2024-08-07,4:09 PM.,NYY,LAA,away,Rain.,65,661563,DH,2,0,1,0,0,0,0,0,2,0,0,0.251,0.321,0.379,0.7,661563,luisgil,Gil,Right,Luis Gil,NYY,3.5,3.8,151.2,95.0,110.0,100.0,0.742,10.15,4.57,6.17,1.07,0.76,0.266,0.429,0.168,0.321,0.398,80.0,93.0,93.0,,,,128.0,96.0,102.0,,,,108.0,94.0,105.0,,0.488,0.259,,0.253,0.06,,1.37,,0.37,96.6,91.6,,87.5,,0.205,0.395,0.285,0.179,0.282,0.269,,,,0.171,0.312,0.315,,,,,,,,,,,,,,,,,,,,,,,,,,,,,,,,,,,,,,,
2024-08-02,6:38 PM.,NYM,LAA,home,Partly Cloudy.,84,621112,DH,4,0,0,0,0,0,0,0,0,0,2,0.249,0.314,0.378,0.692,621112,paulblackburn,Blackburn,Right,Paul Blackburn,- - -,4.66,4.59,75.1,105.0,91.0,100.0,0.79,7.05,2.51,9.08,1.43,1.34,0.193,0.442,0.172,0.24,0.396,83.0,110.0,106.0,91.0,107.0,106.0,74.0,96.0,90.0,69.0,107.0,93.0,116.0,106.0,108.0,0.136,0.195,0.167,0.101,0.181,-2.3,-4.04,1.35,2.06,1.56,91.9,85.7,91.2,81.3,79.4,0.286,0.694,0.125,0.164,0.236,0.347,0.478,0.674,0.095,0.163,0.245,0.284,0.125,0.208,0.25,,,,105.0,106.0,99.0,0.22,,-0.19,,89.1,,0.299,0.493,0.244,,,,,,,,,,,,,,,,,,,,,
2024-08-01,6:38 PM.,COL,LAA,home,Clear.,79,663372,DH,5,1,1,0,0,0,0,0,0,0,4,0.254,0.319,0.385,0.704,663372,ryanfeltner,Feltner,Right,Ryan Feltner,COL,4.49,4.31,162.1,100.0,97.0,99.0,0.781,7.65,2.88,9.15,1.11,1.28,0.226,0.394,0.158,0.327,0.452,117.0,95.0,102.0,108.0,107.0,113.0,81.0,102.0,96.0,93.0,93.0,89.0,109.0,99.0,104.0,0.128,0.37,0.254,0.101,0.147,0.63,-0.45,-0.87,1.28,-1.02,94.6,85.2,94.2,87.4,79.2,0.24,0.376,0.177,0.299,0.485,0.394,0.299,0.403,0.159,0.355,0.523,0.226,0.164,0.26,0.248,,,,,,,,,,,,,,,,,,,,,,,,,,,,0.156,0.375,0.35,,,,,,
2024-07-30,6:39 PM.,COL,LAA,home,Clear.,79,615698,DH,3,1,1,1,0,0,0,0,2,0,2,0.255,0.322,0.389,0.711,615698,calquantrill,Quantrill,Right,Cal Quantrill,COL,4.98,5.31,148.1,96.0,90.0,94.0,0.81,6.67,4.19,9.47,1.4,1.33,0.219,0.425,0.133,0.367,0.407,88.0,97.0,103.0,98.0,101.0,104.0,,,,79.0,95.0,89.0,,,,0.402,,,0.126,0.018,,-2.0,,-0.77,1.81,,84.9,93.8,,79.6,,,,0.222,0.222,0.167,0.35,0.596,0.184,,,,0.25,0.531,0.282,,,,76.0,96.0,93.0,0.135,,-0.41,,87.8,,0.296,0.507,0.203,109.0,94.0,97.0,0.32,0.4,86.5,0.206,0.314,0.234,,,,,,,,,,,,
2024-07-28,1:08 PM.,OAK,LAA,home,Sunny.,80,674370,DH,5,0,1,0,0,0,2,0,0,0,2,0.254,0.316,0.385,0.701,674370,osvaldobido,Bido,Right,Osvaldo Bido,OAK,3.41,2.72,63.1,97.0,103.0,97.0,0.761,8.95,3.69,6.11,0.43,0.61,0.245,0.405,0.252,0.258,0.425,78.0,103.0,102.0,,,,102.0,95.0,92.0,102.0,89.0,87.0,131.0,103.0,111.0,0.099,0.394,0.211,,0.152,0.18,-0.7,1.83,,1.82,94.8,88.9,94.9,85.8,,0.203,0.297,0.287,0.121,0.152,0.343,0.304,0.478,0.146,0.197,0.311,0.27,,,,,,,93.0,99.0,96.0,0.143,,2.25,,86.9,,0.152,0.212,0.197,,,,,,,,,,,,,,,,,,,,,
2024-07-27,6:38 PM.,OAK,LAA,home,Clear.,80,687765,DH,4,0,1,1,0,0,0,0,0,0,2,0.255,0.318,0.39,0.708,687765,mitchspence,Spence,Right,Mitch Spence,OAK,4.58,4.14,151.1,103.0,100.0,101.0,0.792,7.49,2.62,9.81,1.19,1.4,0.179,0.472,0.137,0.309,0.406,74.0,86.0,83.0,118.0,117.0,117.0,,,,40.0,97.0,84.0,121.0,105.0,109.0,0.146,,0.326,0.121,0.011,,-1.41,0.01,-0.82,-7.88,,88.4,91.9,84.3,80.4,,,,0.571,0.857,0.0,0.338,0.403,0.16,0.278,0.493,0.276,0.196,0.351,0.31,,,,99.0,100.0,96.0,0.396,,-0.41,,90.7,,0.278,0.472,0.176,,,,,,,,,,,,,,,,,,,,,
2024-07-25,6:39 PM.,OAK,LAA,home,Clear.,88,548389,DH,4,0,1,0,0,0,0,0,0,0,0,0.255,0.319,0.388,0.707,548389,rossstripling,Stripling,Right,Ross Stripling,OAK,6.01,4.74,85.1,105.0,86.0,98.0,0.849,5.17,2.32,11.5,0.74,1.11,0.304,0.359,0.175,0.301,0.443,90.0,111.0,105.0,,,,62.0,100.0,87.0,90.0,102.0,90.0,121.0,108.0,112.0,0.142,0.303,0.134,,0.176,-0.05,-0.67,-1.89,,-1.87,91.7,82.7,90.2,84.7,,0.244,0.422,0.175,0.333,0.52,0.241,0.39,0.441,0.078,0.328,0.5,0.157,0.364,0.455,0.179,89.0,105.0,106.0,80.0,107.0,92.0,0.159,0.086,0.67,-1.1,87.5,76.3,0.245,0.367,0.156,,,,,,,,,,,,,,,,,,,,,
2024-07-24,12:40 PM.,SEA,LAA,away,Sunny.,65,622491,DH,4,0,1,0,0,0,1,0,0,0,4,0.255,0.321,0.391,0.712,622491,luiscastillo,"Castillo, L",Right,Luis Castillo,SEA,3.64,3.91,175.1,105.0,101.0,102.0,0.768,8.98,2.41,8.11,1.28,0.94,0.26,0.409,0.159,0.319,0.406,89.0,104.0,97.0,,,,120.0,105.0,103.0,100.0,102.0,98.0,72.0,106.0,108.0,0.179,0.454,0.224,,0.143,0.97,-0.41,0.65,,-1.63,95.6,88.1,95.6,85.7,,0.203,0.365,0.273,0.287,0.545,0.265,0.298,0.457,0.105,0.207,0.357,0.358,,,,,,,,,,,,,,,,,,,,,,,,,,,,,,,,,,,,,,,
2024-07-22,6:42 PM.,SEA,LAA,away,Cloudy.,63,682243,DH,4,0,0,0,0,0,0,0,0,2,3,0.255,0.322,0.394,0.716,682243,brycemiller,"Miller, B",Right,Bryce Miller,SEA,2.94,3.72,180.1,101.0,112.0,105.0,0.774,8.53,2.25,6.54,1.05,0.86,0.249,0.404,0.14,0.318,0.442,,,,,,,124.0,102.0,106.0,100.0,102.0,99.0,122.0,96.0,101.0,0.171,0.423,0.168,,,1.53,1.55,-0.21,,,95.2,,94.7,84.5,,0.184,0.348,0.266,,,,0.248,0.358,0.092,0.243,0.568,0.261,0.231,0.308,0.378,92.0,104.0,111.0,93.0,80.0,85.0,0.023,0.044,0.14,-0.4,92.1,85.0,0.25,0.333,0.207,95.0,107.0,111.0,0.171,1.51,84.4,0.148,0.225,0.29,,,,0.24,0.4,0.188,,,,,,
2024-07-21,1:07 PM.,OAK,LAA,away,Partly Cloudy.,63,683155,DH,5,1,0,0,0,0,0,0,0,1,6,0.261,0.328,0.402,0.73,683155,joeyestes,Estes,Right,Joey Estes,OAK,5.01,4.43,127.2,106.0,91.0,104.0,0.833,6.49,1.9,9.16,1.62,0.44,0.258,0.413,0.171,0.302,0.479,78.0,93.0,94.0,,,,80.0,106.0,99.0,61.0,93.0,83.0,114.0,113.0,117.0,0.034,0.517,0.332,,0.111,0.08,-1.55,-0.2,,-2.46,92.4,84.8,90.8,79.6,,0.257,0.469,0.175,0.357,0.738,0.204,0.263,0.579,0.147,0.261,0.435,0.223,,,,,,,111.0,89.0,91.0,0.007,,-13.81,,86.4,,,,,,,,,,,,,,,,,0.217,0.367,0.216,,,,,,
2024-07-20,1:07 PM.,OAK,LAA,away,Sunny.,75,687765,DH,4,0,1,1,0,0,0,0,0,0,1,0.268,0.337,0.413,0.75,687765,mitchspence,Spence,Right,Mitch Spence,OAK,4.58,4.14,151.1,103.0,100.0,101.0,0.792,7.49,2.62,9.81,1.19,1.4,0.179,0.472,0.137,0.309,0.406,74.0,86.0,83.0,118.0,117.0,117.0,,,,40.0,97.0,84.0,121.0,105.0,109.0,0.146,,0.326,0.121,0.011,,-1.41,0.01,-0.82,-7.88,,88.4,91.9,84.3,80.4,,,,0.571,0.857,0.0,0.338,0.403,0.16,0.278,0.493,0.276,0.196,0.351,0.31,,,,99.0,100.0,96.0,0.396,,-0.41,,90.7,,0.278,0.472,0.176,,,,,,,,,,,,,,,,,,,,,
2024-07-14,1:08 PM.,SEA,LAA,home,Partly Cloudy.,81,669302,DH,3,0,0,0,0,0,0,0,0,1,1,0.269,0.338,0.411,0.749,669302,logangilbert,"Gilbert, L",Right,Logan Gilbert,SEA,3.23,3.14,208.2,101.0,121.0,106.0,0.705,9.49,1.6,6.38,1.12,1.2,0.236,0.45,0.135,0.325,0.429,,,,124.0,99.0,107.0,106.0,101.0,97.0,91.0,102.0,97.0,146.0,102.0,115.0,0.015,0.308,0.32,0.118,,1.41,0.32,1.72,0.81,,96.6,,95.5,88.4,83.2,0.204,0.383,0.193,,,,0.286,0.286,0.05,0.21,0.375,0.368,0.181,0.301,0.354,,,,116.0,104.0,103.0,0.106,,0.14,,92.3,,0.247,0.483,0.272,99.0,96.0,104.0,0.134,1.18,84.5,0.101,0.162,0.506,,,,,,,,,,,,
2024-07-12,6:38 PM.,SEA,LAA,home,Partly Cloudy.,75,693433,DH,5,2,2,0,0,2,4,0,0,1,3,0.273,0.344,0.419,0.763,693433,bryanwoo,Woo,Right,Bryan Woo,SEA,2.89,2.72,121.1,107.0,104.0,107.0,0.785,7.49,0.96,7.12,1.04,0.96,0.285,0.344,0.144,0.256,0.499,91.0,104.0,100.0,,,,97.0,109.0,107.0,116.0,109.0,109.0,113.0,101.0,107.0,0.23,0.489,0.187,,0.094,1.44,1.85,1.23,,0.0,94.8,89.6,94.7,84.2,,0.218,0.355,0.273,0.186,0.373,0.207,0.234,0.315,0.097,0.265,0.529,0.241,,,,,,,,,,,,,,,,,,,,,,,,,,,,,,,0.1,0.1,0.417,,,,,,
2024-07-11,6:38 PM.,SEA,LAA,home,Clear.,77,622491,PH,0,0,0,0,0,0,0,0,1,0,0,0.269,0.342,0.383,0.725,622491,luiscastillo,"Castillo, L",Right,Luis Castillo,SEA,3.64,3.91,175.1,105.0,101.0,102.0,0.768,8.98,2.41,8.11,1.28,0.94,0.26,0.409,0.159,0.319,0.406,89.0,104.0,97.0,,,,120.0,105.0,103.0,100.0,102.0,98.0,72.0,106.0,108.0,0.179,0.454,0.224,,0.143,0.97,-0.41,0.65,,-1.63,95.6,88.1,95.6,85.7,,0.203,0.365,0.273,0.287,0.545,0.265,0.298,0.457,0.105,0.207,0.357,0.358,,,,,,,,,,,,,,,,,,,,,,,,,,,,,,,,,,,,,,,
2024-07-07,1:20 PM.,CHC,LAA,away,Cloudy.,87,669713,DH,2,0,0,0,0,0,0,0,1,0,1,0.269,0.339,0.383,0.722,669713,haydenwesneski,Wesneski,Right,Hayden Wesneski,CHC,3.86,4.17,67.2,101.0,92.0,99.0,0.76,8.91,2.79,7.45,1.6,1.12,0.28,0.399,0.212,0.264,0.404,92.0,102.0,104.0,,,,51.0,101.0,86.0,91.0,100.0,96.0,134.0,101.0,112.0,0.112,0.365,0.406,,0.03,-0.68,-0.56,0.59,,1.66,94.6,87.2,93.5,82.4,,0.254,0.465,0.143,0.125,0.125,0.25,0.273,0.545,0.121,,,,,,,,,,76.0,98.0,98.0,0.088,,3.38,,88.1,,0.167,0.167,0.213,,,,,,,,,,,,,0.174,0.348,0.433,,,,,,
2024-07-06,1:20 PM.,CHC,LAA,away,Sunny.,76,543294,DH,4,1,1,0,0,0,0,0,1,1,4,0.273,0.339,0.388,0.727,543294,kylehendricks,Hendricks,Right,Kyle Hendricks,CHC,5.92,4.81,130.2,105.0,95.0,100.0,0.828,5.99,2.96,10.13,1.45,1.31,0.233,0.412,0.194,0.288,0.402,108.0,106.0,106.0,87.0,109.0,108.0,59.0,94.0,86.0,97.0,106.0,96.0,,,,0.355,0.127,,0.131,0.387,-1.51,-0.77,,0.52,-0.72,87.7,80.9,87.6,,74.3,0.237,0.553,0.209,0.267,0.409,0.239,0.333,0.493,0.106,,,,0.22,0.3,0.244,,,,,,,,,,,,,,,,,,,,,,,,,,,,,,,,,,,,
2024-07-04,1:07 PM.,OAK,LAA,away,Sunny.,81,676664,DH,2,0,0,0,0,0,0,0,1,0,1,0.273,0.337,0.391,0.728,676664,jpsears,Sears,Left,JP Sears,OAK,4.38,4.43,180.2,99.0,90.0,94.0,0.8,6.82,2.44,8.57,1.39,0.79,0.244,0.413,0.171,0.325,0.443,84.0,94.0,83.0,,,,70.0,102.0,92.0,84.0,100.0,87.0,118.0,100.0,105.0,0.106,0.363,0.339,,0.192,-0.8,1.37,-0.1,,-0.21,91.9,84.0,90.0,78.9,,0.23,0.476,0.256,0.297,0.428,0.188,0.276,0.395,0.104,0.23,0.525,0.259,,,,,,,,,,,,,,,,,,,,,,,,,,,,,,,0.239,0.381,0.213,,,,,,
2024-07-03,6:41 PM.,OAK,LAA,away,Clear.,84,683155,DH,2,0,1,0,0,0,0,0,1,0,0,0.277,0.333,0.396,0.729,683155,joeyestes,Estes,Right,Joey Estes,OAK,5.01,4.43,127.2,106.0,91.0,104.0,0.833,6.49,1.9,9.16,1.62,0.44,0.258,0.413,0.171,0.302,0.479,78.0,93.0,94.0,,,,80.0,106.0,99.0,61.0,93.0,83.0,114.0,113.0,117.0,0.034,0.517,0.332,,0.111,0.08,-1.55,-0.2,,-2.46,92.4,84.8,90.8,79.6,,0.257,0.469,0.175,0.357,0.738,0.204,0.263,0.579,0.147,0.261,0.435,0.223,,,,,,,111.0,89.0,91.0,0.007,,-13.81,,86.4,,,,,,,,,,,,,,,,,0.217,0.367,0.216,,,,,,
2024-07-02,6:41 PM.,OAK,LAA,away,Clear.,85,687765,DH,4,0,0,0,0,0,0,0,0,2,1,0.274,0.327,0.395,0.722,687765,mitchspence,Spence,Right,Mitch Spence,OAK,4.58,4.14,151.1,103.0,100.0,101.0,0.792,7.49,2.62,9.81,1.19,1.4,0.179,0.472,0.137,0.309,0.406,74.0,86.0,83.0,118.0,117.0,117.0,,,,40.0,97.0,84.0,121.0,105.0,109.0,0.146,,0.326,0.121,0.011,,-1.41,0.01,-0.82,-7.88,,88.4,91.9,84.3,80.4,,,,0.571,0.857,0.0,0.338,0.403,0.16,0.278,0.493,0.276,0.196,0.351,0.31,,,,99.0,100.0,96.0,0.396,,-0.41,,90.7,,0.278,0.472,0.176,,,,,,,,,,,,,,,,,,,,,
2024-06-30,1:08 PM.,DET,LAA,home,Partly Cloudy.,87,663554,DH,1,0,0,0,0,0,0,0,1,1,0,0.281,0.335,0.405,0.74,663554,caseymize,Mize,Right,Casey Mize,DET,4.49,4.74,102.1,102.0,107.0,101.0,0.803,6.86,2.55,10.64,0.97,1.65,0.227,0.405,0.149,0.335,0.435,,,,,,,106.0,105.0,102.0,92.0,108.0,105.0,107.0,101.0,102.0,0.08,0.386,0.277,,,-0.47,1.3,-0.46,,,95.5,,95.5,85.7,,0.306,0.428,0.205,,,,0.293,0.341,0.08,0.271,0.5,0.218,0.261,0.522,0.216,102.0,90.0,94.0,,,,,0.075,,-2.21,,79.6,,,,112.0,99.0,102.0,0.181,-1.06,86.2,0.286,0.405,0.322,,,,,,,,,,,,
2024-06-29,7:08 PM.,DET,LAA,home,Clear.,77,681857,DH,2,0,1,1,0,0,1,0,1,0,1,0.283,0.333,0.408,0.741,681857,reeseolson,Olson,Right,Reese Olson,DET,3.53,3.64,112.1,97.0,91.0,97.0,0.729,8.09,2.64,8.01,0.56,1.62,0.214,0.462,0.128,0.306,0.365,102.0,97.0,105.0,92.0,91.0,90.0,70.0,94.0,86.0,75.0,103.0,95.0,111.0,97.0,103.0,0.205,0.234,0.278,0.06,0.223,-0.39,1.85,2.08,-3.32,-0.05,94.2,86.5,94.2,84.8,79.0,0.277,0.386,0.101,0.222,0.344,0.429,0.284,0.385,0.076,0.143,0.194,0.455,0.304,0.652,0.295,,,,,,,,,,,,,,,,,,,,,,,,,,,,,,,,,,,,
2024-06-27,6:37 PM.,DET,LAA,home,Clear.,77,656427,DH,4,1,1,0,0,1,1,0,0,2,0,0.28,0.327,0.4,0.727,656427,jackflaherty,Flaherty,Right,Jack Flaherty,- - -,3.17,3.54,162.0,102.0,94.0,102.0,0.712,10.78,2.11,7.5,1.33,1.05,0.223,0.436,0.157,0.3,0.38,87.0,83.0,81.0,,,,92.0,104.0,101.0,75.0,85.0,72.0,95.0,102.0,102.0,0.023,0.441,0.29,,0.027,0.5,-5.05,0.02,,-0.55,93.3,85.7,90.6,84.7,,0.245,0.401,0.238,0.111,0.333,0.111,0.6,1.2,0.4,0.222,0.455,0.363,0.164,0.219,0.436,101.0,103.0,107.0,,,,,0.218,,2.19,,77.4,,,,,,,,,,,,,,,,,,,,,,,,
2024-06-26,1:06 PM.,OAK,LAA,home,Sunny.,80,683155,DH,2,1,0,0,0,0,0,0,2,2,1,0.281,0.329,0.384,0.713,683155,joeyestes,Estes,Right,Joey Estes,OAK,5.01,4.43,127.2,106.0,91.0,104.0,0.833,6.49,1.9,9.16,1.62,0.44,0.258,0.413,0.171,0.302,0.479,78.0,93.0,94.0,,,,80.0,106.0,99.0,61.0,93.0,83.0,114.0,113.0,117.0,0.034,0.517,0.332,,0.111,0.08,-1.55,-0.2,,-2.46,92.4,84.8,90.8,79.6,,0.257,0.469,0.175,0.357,0.738,0.204,0.263,0.579,0.147,0.261,0.435,0.223,,,,,,,111.0,89.0,91.0,0.007,,-13.81,,86.4,,,,,,,,,,,,,,,,,0.217,0.367,0.216,,,,,,
2024-06-25,6:38 PM.,OAK,LAA,home,Clear.,79,687765,DH,3,1,2,1,0,0,0,0,0,0,0,0.285,0.325,0.389,0.714,687765,mitchspence,Spence,Right,Mitch Spence,OAK,4.58,4.14,151.1,103.0,100.0,101.0,0.792,7.49,2.62,9.81,1.19,1.4,0.179,0.472,0.137,0.309,0.406,74.0,86.0,83.0,118.0,117.0,117.0,,,,40.0,97.0,84.0,121.0,105.0,109.0,0.146,,0.326,0.121,0.011,,-1.41,0.01,-0.82,-7.88,,88.4,91.9,84.3,80.4,,,,0.571,0.857,0.0,0.338,0.403,0.16,0.278,0.493,0.276,0.196,0.351,0.31,,,,99.0,100.0,96.0,0.396,,-0.41,,90.7,,0.278,0.472,0.176,,,,,,,,,,,,,,,,,,,,,
2024-06-24,6:38 PM.,OAK,LAA,home,Clear.,84,665622,DH,3,0,2,1,0,0,0,0,1,0,0,0.277,0.318,0.376,0.694,665622,luismedina,Medina,Right,Luis Medina,OAK,5.18,4.65,40.0,95.0,105.0,96.0,0.81,7.2,4.5,9.68,0.9,0.94,0.291,0.457,0.173,0.307,0.438,103.0,88.0,87.0,107.0,101.0,104.0,100.0,98.0,95.0,108.0,97.0,97.0,111.0,90.0,95.0,0.143,0.425,0.251,0.101,0.079,0.46,-2.88,-0.28,-0.19,-2.61,95.9,89.6,95.9,85.8,81.2,0.238,0.365,0.122,0.353,0.529,0.067,0.429,0.667,0.118,0.262,0.357,0.308,0.154,0.308,0.433,,,,,,,,,,,,,,,,,,,,,,,,,,,,,,,,,,,,
2024-06-22,7:09 PM.,LAD,LAA,away,Clear.,79,607192,DH,4,0,0,0,0,0,1,0,0,1,1,0.268,0.306,0.362,0.668,607192,tylerglasnow,Glasnow,Right,Tyler Glasnow,LAD,3.49,2.65,134.0,101.0,118.0,106.0,0.715,11.28,2.35,6.18,1.01,1.39,0.215,0.379,0.17,0.293,0.469,,,,139.0,97.0,110.0,118.0,101.0,103.0,101.0,106.0,108.0,108.0,104.0,109.0,0.087,0.45,0.277,0.186,,1.04,0.75,1.15,1.93,,96.3,,96.6,90.0,83.7,0.215,0.421,0.213,,,,0.233,0.395,0.171,0.2,0.333,0.404,0.098,0.174,0.475,,,,,,,,,,,,,,,,,,,,,,,,,,,,,,,,,,,,
2024-06-21,7:10 PM.,LAD,LAA,away,Clear.,76,689017,DH,2,0,0,0,0,0,0,0,0,1,2,0.276,0.315,0.373,0.688,689017,landonknack,Knack,Right,Landon Knack,LAD,3.65,3.94,69.0,98.0,104.0,99.0,0.78,9.0,2.35,7.57,1.83,0.62,0.204,0.505,0.138,0.352,0.429,73.0,91.0,90.0,77.0,92.0,89.0,115.0,99.0,103.0,,,,120.0,105.0,104.0,,0.463,0.23,0.162,0.145,0.2,,1.46,-1.55,-0.24,93.5,84.2,,85.1,79.6,0.228,0.526,0.203,0.182,0.364,0.271,,,,0.183,0.296,0.278,0.333,0.485,0.206,,,,,,,,,,,,,,,,,,,,,,,,,,,,,,,,,,,,
2024-06-18,6:39 PM.,MIL,LAA,home,Clear.,74,668964,DH,4,0,0,0,0,0,0,0,0,1,4,0.28,0.319,0.379,0.698,668964,tobiasmyers,Myers,Right,Tobias Myers,MIL,3.0,4.22,138.0,102.0,92.0,97.0,0.81,8.28,2.35,8.22,1.17,0.93,0.262,0.416,0.13,0.314,0.432,109.0,86.0,90.0,73.0,99.0,104.0,87.0,105.0,100.0,71.0,92.0,74.0,92.0,106.0,103.0,0.005,0.401,0.21,0.041,0.114,0.58,11.28,1.43,-3.19,1.18,92.9,81.1,91.5,85.5,77.8,0.239,0.436,0.194,0.083,0.083,0.444,0.0,0.0,0.0,0.198,0.255,0.248,0.421,0.579,0.194,,,,96.0,100.0,91.0,0.23,,-0.75,,89.2,,0.336,0.518,0.123,,,,,,,,,,,,,,,,,,,,,
2024-06-17,6:38 PM.,MIL,LAA,home,Clear.,71,692230,DH,3,0,0,0,0,0,0,0,1,1,2,0.289,0.328,0.391,0.719,692230,carlosrodriguez,"Rodriguez, C",Right,Carlos Rodriguez,MIL,7.3,6.21,12.1,102.0,84.0,98.0,0.814,6.57,2.19,13.86,2.19,0.67,0.156,0.511,0.133,0.4,0.416,68.0,105.0,100.0,91.0,117.0,122.0,75.0,105.0,98.0,94.0,93.0,90.0,109.0,103.0,107.0,0.215,0.185,0.155,0.107,0.159,-3.72,-4.14,-2.06,-2.53,-2.2,93.2,85.7,93.6,81.8,76.1,0.333,0.667,0.2,0.333,0.583,0.185,0.5,0.75,0.182,0.333,0.833,0.133,0.4,0.4,0.2,,,,71.0,95.0,83.0,0.18,,2.03,,89.0,,0.25,0.25,0.25,,,,,,,,,,,,,,,,,,,,,
2024-06-16,1:06 PM.,SF,LAA,away,Sunny.,68,669062,LF,1,1,1,0,0,0,0,0,0,0,0,0.296,0.331,0.4,0.731,669062,erikmiller,"Miller, E",Left,Erik Miller,SFG,3.88,3.14,67.1,96.0,110.0,99.0,0.712,11.63,5.08,6.68,0.94,1.46,0.165,0.475,0.177,0.348,0.386,118.0,97.0,105.0,,,,95.0,94.0,91.0,,,,137.0,101.0,110.0,,0.497,0.164,0.001,0.338,0.99,,-1.06,3.94,0.1,96.9,85.5,,83.3,81.1,0.184,0.311,0.291,0.21,0.35,0.302,,,,0.244,0.415,0.375,,,,,,,,,,,,,,,,,,,,,,,,,,,,,,,,,,,,,,,
2024-06-13,6:40 PM.,AZ,LAA,away,Roof Closed.,74,694297,DH,1,0,0,0,0,0,0,0,0,0,0,0.29,0.326,0.395,0.721,694297,brandonpfaadt,Pfaadt,Right,Brandon Pfaadt,ARI,4.71,3.78,181.2,106.0,107.0,107.0,0.768,9.17,2.08,9.07,1.19,1.07,0.25,0.427,0.131,0.306,0.449,92.0,102.0,96.0,106.0,102.0,104.0,95.0,106.0,103.0,89.0,106.0,104.0,143.0,109.0,119.0,0.222,0.334,0.273,0.053,0.112,0.37,-0.09,-0.12,-1.37,0.84,93.8,87.5,93.7,84.8,80.8,0.265,0.466,0.224,0.25,0.289,0.312,0.286,0.365,0.119,,,,0.429,0.571,0.295,,,,,,,,,,,,,,,,,,,0.006,0.45,89.6,0.2,0.8,0.0,,,,0.215,0.455,0.362,,,,,,
2024-06-12,6:40 PM.,AZ,LAA,away,Roof Closed.,78,677944,DH,5,0,2,0,0,0,1,0,0,0,1,0.293,0.328,0.398,0.726,677944,sladececconi,Cecconi,Right,Slade Cecconi,ARI,6.66,4.52,77.0,105.0,102.0,105.0,0.816,7.48,1.99,10.75,1.87,0.69,0.3,0.356,0.162,0.332,0.485,103.0,98.0,100.0,103.0,101.0,106.0,95.0,109.0,106.0,,,,117.0,100.0,105.0,,0.548,0.24,0.09,0.121,-1.46,,-1.24,-1.42,-0.57,94.4,81.8,,85.1,75.4,0.329,0.582,0.164,0.227,0.432,0.269,,,,0.278,0.494,0.207,0.2,0.4,0.289,,,,,,,0.001,,3.94,,90.4,,,,,,,,,,,,,,,,,,,,,,,,,
2024-06-11,6:40 PM.,AZ,LAA,away,Roof Closed.,78,656756,DH,3,0,0,0,0,0,0,0,1,0,3,0.288,0.325,0.398,0.723,656756,jordanmontgomery,Montgomery,Left,Jordan Montgomery,ARI,6.23,5.18,117.0,99.0,92.0,96.0,0.748,6.38,3.38,11.46,1.08,1.24,0.194,0.428,0.137,0.346,0.37,97.0,100.0,92.0,106.0,102.0,107.0,66.0,98.0,89.0,89.0,95.0,93.0,104.0,95.0,90.0,0.308,0.173,0.018,0.307,0.193,-0.02,-2.11,3.84,-0.83,-1.92,92.1,83.1,91.8,84.2,79.2,0.284,0.375,0.184,0.321,0.593,0.386,0.374,0.577,0.159,0.0,0.0,0.5,0.27,0.453,0.353,,,,,,,,,,,,,,,,,,,,,,,,,,,,,,,,,,,,
2024-06-09,1:08 PM.,HOU,LAA,home,Overcast.,72,434378,DH,3,1,2,0,0,0,1,0,1,0,0,0.296,0.328,0.409,0.737,434378,justinverlander,Verlander,Right,Justin Verlander,HOU,5.48,3.78,90.1,101.0,117.0,103.0,0.81,7.37,2.69,9.76,1.49,0.54,0.28,0.37,0.19,0.266,0.435,115.0,101.0,104.0,110.0,101.0,97.0,116.0,98.0,102.0,,,,127.0,108.0,112.0,,0.487,0.193,0.219,0.101,-0.59,,0.66,-1.46,-0.58,93.5,84.0,,86.7,77.6,0.299,0.497,0.202,0.235,0.353,0.253,,,,0.195,0.322,0.215,0.34,0.56,0.22,,,,,,,,,,,,,,,,,,,,,,,,,,,,,,,,,,,,
2024-06-08,7:08 PM.,HOU,LAA,home,Partly Cloudy.,69,686613,DH,3,0,1,0,0,0,0,0,1,1,1,0.286,0.314,0.402,0.716,686613,hunterbrown,"Brown, H",Right,Hunter Brown,HOU,3.49,3.31,170.0,101.0,103.0,101.0,0.778,9.48,3.18,8.26,0.95,1.61,0.271,0.35,0.192,0.218,0.421,84.0,101.0,102.0,,,,110.0,101.0,102.0,93.0,102.0,98.0,110.0,103.0,107.0,0.182,0.347,0.051,,0.126,0.16,0.92,1.7,,0.95,96.0,88.4,95.6,89.1,,0.244,0.413,0.288,0.221,0.26,0.296,0.275,0.321,0.161,0.2,0.2,0.236,0.237,0.421,0.305,127.0,100.0,106.0,90.0,103.0,101.0,0.17,0.125,0.14,-0.79,92.4,82.9,0.23,0.363,0.216,,,,,,,,,,,,,,,,,,,,,
2024-06-05,6:39 PM.,SD,LAA,home,Clear.,70,656302,DH,3,0,0,0,0,0,0,0,0,0,1,0.284,0.307,0.404,0.711,656302,dylancease,Cease,Right,Dylan Cease,SDP,3.47,3.31,189.1,100.0,121.0,107.0,0.693,10.65,3.09,6.51,0.86,0.94,0.203,0.433,0.147,0.307,0.389,54.0,72.0,68.0,,,,123.0,95.0,102.0,,,,112.0,100.0,105.0,,0.435,0.471,,0.009,0.22,,1.98,,-4.13,96.9,69.7,,87.2,,0.235,0.39,0.203,0.25,1.0,0.2,,,,0.159,0.257,0.447,0.28,0.44,0.286,105.0,95.0,102.0,113.0,89.0,90.0,0.006,0.079,-5.11,-0.95,91.8,82.3,0.25,1.0,0.0,,,,,,,,,,,,,0.2,0.267,0.385,,,,,,
2024-06-04,6:40 PM.,SD,LAA,home,Clear.,73,800049,DH,1,0,1,0,0,0,0,0,2,0,0,0.292,0.315,0.415,0.73,800049,adammazur,Mazur,Right,Adam Mazur,SDP,7.49,5.64,33.2,95.0,98.0,96.0,0.839,5.88,5.61,10.69,1.6,0.75,0.23,0.398,0.133,0.345,0.416,79.0,84.0,84.0,112.0,103.0,109.0,78.0,95.0,88.0,90.0,83.0,77.0,123.0,98.0,108.0,0.041,0.392,0.337,0.127,0.103,-3.03,-4.79,1.16,-2.5,-2.61,94.6,89.9,93.9,86.8,80.7,0.333,0.667,0.134,0.429,0.571,0.35,0.429,0.429,0.083,0.216,0.333,0.25,0.364,0.818,0.083,,,,,,,,,,,,,,,,,,,,,,,,,,,,,,,,,,,,
2024-06-03,6:37 PM.,SD,LAA,home,Partly Cloudy.,69,663362,DH,3,0,2,0,0,0,1,0,0,0,0,0.286,0.296,0.41,0.706,663362,mattwaldron,Waldron,Right,Matt Waldron,SDP,4.91,4.11,146.2,104.0,83.0,98.0,0.806,8.16,2.45,8.9,1.29,0.91,0.207,0.402,0.164,0.302,0.441,,,,,,,57.0,108.0,91.0,73.0,108.0,102.0,115.0,101.0,107.0,0.144,0.19,0.198,,,-0.77,0.64,0.5,,,90.6,,90.0,79.3,,0.265,0.513,0.224,,,,0.303,0.404,0.067,,,,,,,,,,83.0,98.0,90.0,0.086,,1.88,,87.0,,0.231,0.385,0.144,,,,,,,,,,77.6,0.382,-1.09,0.227,0.454,0.201,,,,0.246,0.394,0.275
2024-06-02,1:12 PM.,SEA,LAA,away,Roof Closed.,60,622491,1B,4,0,0,0,0,0,0,0,0,1,2,0.275,0.286,0.402,0.688,622491,luiscastillo,"Castillo, L",Right,Luis Castillo,SEA,3.64,3.91,175.1,105.0,101.0,102.0,0.768,8.98,2.41,8.11,1.28,0.94,0.26,0.409,0.159,0.319,0.406,89.0,104.0,97.0,,,,120.0,105.0,103.0,100.0,102.0,98.0,72.0,106.0,108.0,0.179,0.454,0.224,,0.143,0.97,-0.41,0.65,,-1.63,95.6,88.1,95.6,85.7,,0.203,0.365,0.273,0.287,0.545,0.265,0.298,0.457,0.105,0.207,0.357,0.358,,,,,,,,,,,,,,,,,,,,,,,,,,,,,,,,,,,,,,,
2024-06-01,4:16 PM.,SEA,LAA,away,Cloudy.,65,682243,1B,4,0,2,0,0,0,0,0,0,0,0,0.286,0.297,0.418,0.715,682243,brycemiller,"Miller, B",Right,Bryce Miller,SEA,2.94,3.72,180.1,101.0,112.0,105.0,0.774,8.53,2.25,6.54,1.05,0.86,0.249,0.404,0.14,0.318,0.442,,,,,,,124.0,102.0,106.0,100.0,102.0,99.0,122.0,96.0,101.0,0.171,0.423,0.168,,,1.53,1.55,-0.21,,,95.2,,94.7,84.5,,0.184,0.348,0.266,,,,0.248,0.358,0.092,0.243,0.568,0.261,0.231,0.308,0.378,92.0,104.0,111.0,93.0,80.0,85.0,0.023,0.044,0.14,-0.4,92.1,85.0,0.25,0.333,0.207,95.0,107.0,111.0,0.171,1.51,84.4,0.148,0.225,0.29,,,,0.24,0.4,0.188,,,,,,
2024-05-31,7:10 PM.,SEA,LAA,away,Clear.,68,693433,1B,4,1,1,1,0,0,0,0,0,1,0,0.277,0.289,0.415,0.704,693433,bryanwoo,Woo,Right,Bryan Woo,SEA,2.89,2.72,121.1,107.0,104.0,107.0,0.785,7.49,0.96,7.12,1.04,0.96,0.285,0.344,0.144,0.256,0.499,91.0,104.0,100.0,,,,97.0,109.0,107.0,116.0,109.0,109.0,113.0,101.0,107.0,0.23,0.489,0.187,,0.094,1.44,1.85,1.23,,0.0,94.8,89.6,94.7,84.2,,0.218,0.355,0.273,0.186,0.373,0.207,0.234,0.315,0.097,0.265,0.529,0.241,,,,,,,,,,,,,,,,,,,,,,,,,,,,,,,0.1,0.1,0.417,,,,,,
2024-05-30,6:41 PM.,NYY,LAA,home,Clear.,68,607074,DH,2,0,1,0,0,0,1,0,0,0,1,0.278,0.29,0.411,0.701,607074,carlosrodon,Rodón,Left,Carlos Rodón,NYY,3.96,4.14,175.0,97.0,122.0,103.0,0.716,10.03,2.93,8.07,1.59,0.69,0.257,0.399,0.143,0.329,0.396,129.0,92.0,106.0,103.0,86.0,93.0,114.0,98.0,101.0,,,,144.0,104.0,113.0,,0.494,0.26,0.083,0.129,0.05,,-0.4,-1.32,1.44,95.4,85.5,,86.8,81.0,0.262,0.514,0.214,0.188,0.247,0.495,,,,0.199,0.361,0.393,0.281,0.531,0.276,,,,100.0,83.0,82.0,0.035,,-3.11,,91.8,,0.353,0.647,0.255,,,,,,,,,,,,,,,,,,,,,
2024-05-29,6:38 PM.,NYY,LAA,home,Clear.,68,661563,DH,4,0,0,0,0,0,0,0,0,1,3,0.273,0.286,0.409,0.695,661563,luisgil,Gil,Right,Luis Gil,NYY,3.5,3.8,151.2,95.0,110.0,100.0,0.742,10.15,4.57,6.17,1.07,0.76,0.266,0.429,0.168,0.321,0.398,80.0,93.0,93.0,,,,128.0,96.0,102.0,,,,108.0,94.0,105.0,,0.488,0.259,,0.253,0.06,,1.37,,0.37,96.6,91.6,,87.5,,0.205,0.395,0.285,0.179,0.282,0.269,,,,0.171,0.312,0.315,,,,,,,,,,,,,,,,,,,,,,,,,,,,,,,,,,,,,,,
2024-05-28,6:39 PM.,NYY,LAA,home,Clear.,69,641482,PH,1,0,1,0,0,0,0,0,0,0,0,0.286,0.299,0.429,0.728,641482,nestorcortes,Cortes,Left,Nestor Cortes,NYY,3.77,3.62,174.1,101.0,101.0,101.0,0.79,8.36,2.01,8.36,1.24,0.64,0.253,0.37,0.164,0.317,0.432,86.0,102.0,94.0,,,,99.0,103.0,100.0,86.0,116.0,113.0,99.0,98.0,101.0,0.014,0.442,0.168,,0.097,0.25,1.37,-1.27,,-0.89,92.1,83.6,90.3,78.2,,0.235,0.443,0.215,0.226,0.369,0.326,0.143,0.143,0.316,0.364,0.727,0.167,,,,,,,109.0,100.0,102.0,0.28,,1.32,,87.5,,0.249,0.378,0.251,,,,,,,,,,,,,0.284,0.511,0.25,,,,,,
2024-05-26,1:08 PM.,CLE,LAA,home,Partly Cloudy.,71,594902,PH,1,0,0,0,0,0,0,0,0,0,1,0.277,0.291,0.422,0.713,594902,benlively,Lively,Right,Ben Lively,CLE,3.81,4.0,151.0,102.0,67.0,92.0,0.83,7.03,2.92,8.28,1.37,1.02,0.228,0.407,0.128,0.309,0.433,75.0,108.0,95.0,43.0,106.0,93.0,57.0,94.0,83.0,57.0,108.0,94.0,105.0,102.0,101.0,0.29,0.314,0.218,0.088,0.091,-0.21,0.56,-0.01,-0.11,-0.79,89.9,83.9,90.4,79.4,76.9,0.268,0.504,0.166,0.279,0.382,0.185,0.227,0.392,0.133,0.238,0.476,0.419,0.206,0.365,0.18,,,,,,,,,,,,,,,,,,,,,,,,,,,,0.231,0.413,0.241,,,,,,
2024-05-25,6:39 PM.,CLE,LAA,home,Partly Cloudy.,66,676440,DH,4,0,0,0,0,0,0,0,0,2,2,0.28,0.294,0.427,0.721,676440,tannerbibee,Bibee,Right,Tanner Bibee,CLE,3.47,3.78,173.2,103.0,99.0,104.0,0.76,9.69,2.28,7.77,1.14,0.78,0.285,0.408,0.153,0.297,0.445,82.0,100.0,108.0,119.0,109.0,112.0,92.0,103.0,98.0,89.0,64.0,93.0,113.0,102.0,109.0,0.003,0.434,0.278,0.105,0.18,-0.69,-1.41,1.74,-0.9,0.13,94.6,82.5,93.9,86.2,81.3,0.282,0.476,0.213,0.238,0.431,0.291,,,,0.196,0.411,0.299,0.208,0.458,0.184,,,,,,,,,,,,,0.141,0.225,0.368,,,,,,,,,,,,,,,,,,,,,
2024-05-24,6:38 PM.,CLE,LAA,home,Partly Cloudy.,66,671106,DH,4,0,0,0,0,0,0,0,0,1,0,0.295,0.309,0.449,0.758,671106,loganallen,"Allen, L.T.",Left,Logan Allen,CLE,5.73,5.9,97.1,96.0,77.0,91.0,0.803,7.3,3.79,10.45,2.03,1.13,0.234,0.396,0.136,0.328,0.405,99.0,92.0,94.0,,,,60.0,98.0,88.0,,,,89.0,98.0,86.0,,0.484,0.187,,0.183,-1.54,,-2.55,,-0.92,91.2,81.7,,78.6,,0.342,0.609,0.147,0.237,0.438,0.269,,,,,,,,,,,,,91.0,97.0,96.0,0.146,,-0.03,,85.3,,0.245,0.491,0.202,,,,,,,,,,,,,0.273,0.576,0.333,,,,,,
2024-05-22,1:10 PM.,HOU,LAA,away,Roof Closed.,73,686613,DH,4,0,0,0,0,0,0,0,0,1,0,0.311,0.325,0.473,0.798,686613,hunterbrown,"Brown, H",Right,Hunter Brown,HOU,3.49,3.31,170.0,101.0,103.0,101.0,0.778,9.48,3.18,8.26,0.95,1.61,0.271,0.35,0.192,0.218,0.421,84.0,101.0,102.0,,,,110.0,101.0,102.0,93.0,102.0,98.0,110.0,103.0,107.0,0.182,0.347,0.051,,0.126,0.16,0.92,1.7,,0.95,96.0,88.4,95.6,89.1,,0.244,0.413,0.288,0.221,0.26,0.296,0.275,0.321,0.161,0.2,0.2,0.236,0.237,0.421,0.305,127.0,100.0,106.0,90.0,103.0,101.0,0.17,0.125,0.14,-0.79,92.4,82.9,0.23,0.363,0.216,,,,,,,,,,,,,,,,,,,,,
2024-05-21,7:11 PM.,HOU,LAA,away,Roof Closed.,73,664299,DH,5,0,2,0,0,0,0,0,0,0,0,0.329,0.342,0.5,0.842,664299,cristianjavier,Javier,Right,Cristian Javier,HOU,3.89,4.56,34.2,92.0,113.0,96.0,0.765,7.01,4.93,7.79,1.04,0.49,0.221,0.433,0.115,0.288,0.391,137.0,96.0,104.0,,,,101.0,88.0,89.0,,,,113.0,93.0,99.0,,0.393,0.295,,0.268,-1.3,,0.38,,1.39,91.7,81.2,,77.5,,0.256,0.535,0.27,0.194,0.306,0.276,,,,0.205,0.341,0.25,0.5,0.667,0.143,81.0,95.0,97.0,,,,,0.044,,-5.23,,75.2,,,,,,,,,,,,,,,,,,,,,,,,
2024-05-20,7:12 PM.,HOU,LAA,away,Roof Closed.,73,664285,DH,4,1,1,0,0,0,0,0,0,0,0,0.323,0.338,0.508,0.846,664285,frambervaldez,"Valdez, F",Left,Framber Valdez,HOU,2.91,3.41,176.1,97.0,114.0,102.0,0.744,8.63,2.81,7.15,0.66,3.02,0.205,0.416,0.129,0.321,0.425,130.0,96.0,104.0,129.0,96.0,108.0,60.0,102.0,94.0,98.0,99.0,97.0,107.0,102.0,110.0,0.458,0.012,0.043,0.313,0.175,-4.64,1.46,-0.2,1.59,0.62,94.5,89.9,94.1,85.1,79.7,0.4,1.0,0.273,0.226,0.278,0.354,0.276,0.399,0.116,0.233,0.467,0.383,0.121,0.187,0.398,,,,,,,,,,,,,,,,,,,,,,,,,,,,,,,,,,,,
2024-05-19,1:37 PM.,TEX,LAA,away,Roof Closed.,74,547179,1B,4,1,1,1,0,0,0,0,0,0,1,0.328,0.344,0.525,0.869,547179,michaellorenzen,Lorenzen,Right,Michael Lorenzen,- - -,3.31,4.59,130.1,97.0,93.0,95.0,0.796,6.7,4.14,6.97,1.17,1.03,0.249,0.386,0.188,0.322,0.411,93.0,101.0,99.0,102.0,93.0,96.0,84.0,95.0,89.0,81.0,102.0,94.0,126.0,98.0,108.0,0.212,0.272,0.149,0.079,0.188,1.0,-0.25,-1.51,0.02,1.94,93.8,84.6,93.6,83.9,81.7,0.155,0.309,0.184,0.122,0.173,0.373,0.291,0.441,0.062,0.368,0.632,0.253,0.217,0.348,0.352,,,,94.0,92.0,91.0,0.1,,0.04,,90.1,,0.235,0.51,0.236,,,,,,,,,,,,,0.19,0.429,0.291,,,,,,
2024-05-18,6:15 PM.,TEX,LAA,away,Roof Closed.,74,570632,DH,5,0,0,0,0,0,0,0,0,0,2,0.333,0.35,0.526,0.876,570632,joseurena,Ureña,Right,José Ureña,TEX,3.8,4.43,109.0,98.0,83.0,95.0,0.797,5.78,3.22,8.67,1.07,1.57,0.24,0.411,0.146,0.297,0.397,76.0,94.0,88.0,,,,88.0,97.0,93.0,91.0,99.0,96.0,76.0,99.0,98.0,0.409,0.063,0.341,,0.187,-2.67,0.74,-0.19,,-0.66,96.4,88.7,96.0,87.0,,0.385,0.769,0.167,0.2,0.471,0.321,0.271,0.372,0.121,0.242,0.363,0.331,,,,,,,,,,,,,,,,,,,,,,,,,,,,,,,,,,,,,,,
2024-05-17,7:07 PM.,TEX,LAA,away,Clear.,81,571760,DH,5,2,4,0,0,0,1,0,0,0,1,0.365,0.382,0.577,0.959,571760,andrewheaney,Heaney,Left,Andrew Heaney,TEX,4.28,4.46,160.0,102.0,80.0,99.0,0.76,8.94,2.31,8.94,1.29,0.75,0.247,0.407,0.148,0.306,0.428,83.0,102.0,94.0,126.0,105.0,103.0,77.0,102.0,98.0,34.0,82.0,74.0,79.0,100.0,103.0,0.014,0.501,0.278,0.036,0.17,0.15,-4.52,-0.26,-3.31,0.46,91.5,83.7,92.2,82.5,75.6,0.23,0.412,0.213,0.239,0.384,0.243,0.455,0.455,0.125,0.26,0.385,0.365,0.5,1.1,0.188,,,,20.0,51.0,51.0,0.001,,-19.13,,86.6,,,,,,,,,,,,,,,,,,,,,,,,,
2024-05-15,6:08 PM.,STL,LAA,home,Cloudy.,68,458681,DH,5,2,3,2,0,0,1,0,0,1,4,0.319,0.34,0.553,0.893,458681,lancelynn,Lynn,Right,Lance Lynn,STL,3.84,4.94,117.1,100.0,83.0,94.0,0.795,8.36,3.38,8.67,1.23,0.88,0.243,0.384,0.161,0.308,0.401,61.0,88.0,82.0,112.0,96.0,99.0,85.0,102.0,97.0,66.0,93.0,84.0,102.0,101.0,109.0,0.167,0.472,0.013,0.062,0.063,0.87,-0.46,-1.62,-1.98,-2.47,92.3,84.8,91.2,82.0,80.4,0.199,0.393,0.287,0.292,0.292,0.225,0.284,0.469,0.11,,,,0.211,0.342,0.203,,,,91.0,101.0,94.0,0.223,,-1.03,,88.1,,0.317,0.426,0.262,,,,,,,,,,,,,0.25,0.25,0.0,,,,,,
2024-05-14,6:38 PM.,STL,LAA,home,Clear.,66,543243,DH,5,1,1,0,0,0,0,0,0,2,1,0.286,0.311,0.5,0.811,543243,sonnygray,"Gray, S",Right,Sonny Gray,STL,3.84,3.67,166.1,103.0,110.0,105.0,0.723,10.98,2.11,7.68,1.14,1.2,0.219,0.421,0.151,0.341,0.426,69.0,91.0,86.0,119.0,96.0,97.0,107.0,97.0,101.0,93.0,114.0,112.0,152.0,114.0,125.0,0.178,0.239,0.201,0.139,0.064,-0.05,1.64,0.94,0.7,-2.25,92.4,88.3,92.7,84.8,80.0,0.333,0.567,0.182,0.357,0.714,0.328,0.2,0.385,0.208,,,,0.21,0.452,0.331,,,,92.0,98.0,96.0,0.178,0.0,0.19,-2.42,87.7,75.4,0.287,0.494,0.308,,,,,,,,,,,,,0.142,0.205,0.444,,,,,,
2024-05-13,6:38 PM.,STL,LAA,home,Clear.,65,669461,DH,4,0,0,0,0,0,0,0,0,0,0,0.297,0.325,0.541,0.866,669461,matthewliberatore,Liberatore,Left,Matthew Liberatore,STL,4.4,4.2,86.0,101.0,98.0,100.0,0.777,7.95,2.93,8.48,1.15,1.05,0.238,0.361,0.147,0.294,0.469,49.0,89.0,90.0,134.0,100.0,107.0,73.0,99.0,91.0,79.0,108.0,103.0,137.0,101.0,108.0,0.204,0.283,0.276,0.065,0.044,-0.28,-0.76,1.9,-0.33,2.53,94.7,87.8,95.4,87.4,78.2,0.262,0.615,0.195,0.0,0.0,0.2,0.284,0.481,0.142,0.185,0.25,0.384,0.174,0.174,0.273,,,,98.0,105.0,103.0,0.128,,-1.81,,91.4,,0.432,0.622,0.228,,,,,,,,,,,,,,,,,,,,,
2024-05-12,1:07 PM.,KC,LAA,home,Sunny.,73,607625,DH,4,1,3,1,0,1,2,0,0,0,1,0.333,0.361,0.606,0.967,607625,sethlugo,"Lugo, S",Right,Seth Lugo,KCR,3.0,3.75,206.2,101.0,97.0,100.0,0.795,7.88,2.09,7.71,0.7,1.2,0.212,0.386,0.156,0.303,0.43,93.0,100.0,98.0,126.0,100.0,110.0,75.0,103.0,95.0,68.0,101.0,92.0,125.0,97.0,105.0,0.185,0.24,0.135,0.262,0.069,0.7,0.65,-0.67,1.44,0.08,92.2,87.4,92.1,85.2,79.4,0.234,0.392,0.176,0.208,0.333,0.291,0.274,0.381,0.129,0.213,0.387,0.2,0.178,0.271,0.339,,,,97.0,103.0,103.0,0.082,,2.86,,90.1,,0.228,0.228,0.23,93.0,107.0,106.0,0.026,0.07,85.7,0.105,0.421,0.351,,,,0.375,0.75,0.109,0.215,0.28,0.285,,,
2024-05-10,6:38 PM.,KC,LAA,home,Partly Cloudy.,66,679525,DH,4,0,1,1,0,0,0,0,0,0,2,0.276,0.313,0.448,0.761,679525,alecmarsh,Marsh,Right,Alec Marsh,KCR,4.53,4.97,129.0,99.0,100.0,99.0,0.789,8.58,2.72,8.58,1.33,0.92,0.249,0.42,0.182,0.329,0.429,88.0,95.0,94.0,103.0,105.0,103.0,93.0,98.0,95.0,98.0,99.0,97.0,117.0,99.0,107.0,0.138,0.37,0.228,0.164,0.1,0.34,-1.16,-0.57,-1.2,0.84,94.2,86.3,93.6,86.5,82.8,0.208,0.383,0.223,0.204,0.296,0.177,0.317,0.524,0.099,0.29,0.462,0.294,0.263,0.5,0.274,,,,,,,,,,,,,,,,,,,,,,,,,,,,0.2,0.433,0.464,,,,,,
2024-05-09,6:38 PM.,KC,LAA,home,Clear.,67,608379,DH,3,0,0,0,0,0,0,0,0,1,0,0.28,0.321,0.44,0.761,608379,michaelwacha,Wacha,Right,Michael Wacha,KCR,3.35,4.05,166.2,102.0,91.0,99.0,0.784,7.83,2.43,8.32,0.92,0.93,0.258,0.429,0.213,0.282,0.436,111.0,109.0,112.0,72.0,89.0,92.0,83.0,103.0,99.0,78.0,103.0,89.0,97.0,89.0,90.0,0.153,0.238,0.092,0.081,0.322,0.39,0.29,-2.39,-1.64,2.26,93.6,81.2,93.6,84.1,75.2,0.279,0.449,0.169,0.169,0.312,0.341,0.252,0.301,0.099,0.371,0.6,0.373,0.357,0.643,0.174,,,,78.0,100.0,92.0,0.114,,-0.94,,88.8,,0.319,0.458,0.148,,,,,,,,,,,,,,,,,,,,,
2024-05-08,12:38 PM.,PIT,LAA,away,Sunny.,75,527048,DH,3,0,0,0,0,0,1,0,0,0,1,0.318,0.36,0.5,0.86,527048,martinperez,"Pérez, M",Left,Martín Pérez,- - -,4.53,5.38,135.0,102.0,73.0,95.0,0.81,7.13,3.27,10.07,1.47,1.24,0.182,0.462,0.145,0.31,0.408,71.0,109.0,99.0,74.0,102.0,98.0,56.0,92.0,86.0,78.0,101.0,93.0,70.0,111.0,119.0,0.358,0.053,0.0,0.141,0.227,-8.23,0.57,-51.06,0.62,-1.27,91.3,83.4,90.7,82.8,77.9,0.458,0.917,0.043,0.28,0.448,0.341,0.275,0.383,0.097,,,,0.246,0.354,0.29,,,,70.0,101.0,93.0,0.221,,-0.61,,87.9,,0.28,0.57,0.212,,,,,,,,,,,,,,,,,,,,,
2024-05-07,7:00 PM.,PIT,LAA,away,Cloudy.,75,682990,DH,3,3,1,0,0,0,0,0,2,0,2,0.368,0.429,0.579,1.008,682990,quinnpriester,Priester,Right,Quinn Priester,- - -,4.71,4.43,49.2,100.0,94.0,98.0,0.793,5.98,2.54,10.15,1.27,2.41,0.164,0.456,0.158,0.316,0.425,87.0,91.0,92.0,98.0,99.0,101.0,59.0,103.0,93.0,99.0,100.0,94.0,108.0,103.0,106.0,0.302,0.144,0.279,0.145,0.129,-1.72,0.06,-0.99,-1.2,1.51,93.0,88.5,93.1,87.1,80.6,0.4,0.4,0.186,0.161,0.194,0.212,0.29,0.493,0.132,0.246,0.443,0.254,0.375,0.5,0.438,,,,,,,,,,,,,,,,,,,,,,,,,,,,,,,,,,,,
2024-05-06,6:42 PM.,PIT,LAA,away,Partly Cloudy.,71,656605,DH,4,0,1,1,0,0,0,0,0,1,1,0.375,0.375,0.625,1.0,656605,mitchkeller,"Keller, M",Right,Mitch Keller,PIT,4.25,4.31,178.0,101.0,99.0,100.0,0.805,8.39,2.53,9.2,1.16,1.07,0.285,0.376,0.135,0.331,0.442,88.0,103.0,102.0,111.0,96.0,104.0,86.0,103.0,96.0,82.0,102.0,94.0,129.0,100.0,109.0,0.22,0.304,0.25,0.096,0.008,0.3,-0.26,-1.04,-0.11,-12.5,94.4,89.8,93.4,84.7,78.4,0.257,0.4,0.24,0.667,1.333,0.0,0.266,0.405,0.125,0.338,0.636,0.248,0.233,0.442,0.293,,,,96.0,99.0,98.0,0.122,,-1.0,,90.4,,0.272,0.593,0.195,,,,,,,,,,,,,0.204,0.331,0.25,,,,,,
2024-05-05,1:41 PM.,CLE,LAA,away,Cloudy.,66,471911,DH,4,1,1,1,0,0,0,0,0,0,1,0.417,0.417,0.667,1.084,471911,carloscarrasco,Carrasco,Right,Carlos Carrasco,CLE,5.64,4.71,103.2,100.0,88.0,97.0,0.79,7.73,2.86,9.72,1.65,1.32,0.184,0.431,0.141,0.322,0.392,101.0,108.0,105.0,103.0,103.0,105.0,62.0,95.0,86.0,90.0,95.0,89.0,96.0,104.0,108.0,0.165,0.26,0.278,0.067,0.23,-0.84,-1.96,-0.96,1.49,-1.09,91.6,86.8,91.1,83.5,80.4,0.337,0.554,0.146,0.241,0.472,0.282,0.304,0.609,0.13,0.284,0.52,0.288,0.053,0.158,0.213,,,,,,,,,,,,,,,,,,,,,,,,,,,,0.25,0.313,0.357,,,,,,
2024-05-04,6:10 PM.,CLE,LAA,away,Overcast.,73,594902,DH,4,0,1,1,0,0,0,0,0,1,2,0.5,0.5,0.75,1.25,594902,benlively,Lively,Right,Ben Lively,CLE,3.81,4.0,151.0,102.0,67.0,92.0,0.83,7.03,2.92,8.28,1.37,1.02,0.228,0.407,0.128,0.309,0.433,75.0,108.0,95.0,43.0,106.0,93.0,57.0,94.0,83.0,57.0,108.0,94.0,105.0,102.0,101.0,0.29,0.314,0.218,0.088,0.091,-0.21,0.56,-0.01,-0.11,-0.79,89.9,83.9,90.4,79.4,76.9,0.268,0.504,0.166,0.279,0.382,0.185,0.227,0.392,0.133,0.238,0.476,0.419,0.206,0.365,0.18,,,,,,,,,,,,,,,,,,,,,,,,,,,,0.231,0.413,0.241,,,,,,
2024-05-03,7:11 PM.,CLE,LAA,away,Overcast.,67,676440,DH,4,1,3,1,0,0,0,0,0,0,1,0.75,0.75,1.0,1.75,676440,tannerbibee,Bibee,Right,Tanner Bibee,CLE,3.47,3.78,173.2,103.0,99.0,104.0,0.76,9.69,2.28,7.77,1.14,0.78,0.285,0.408,0.153,0.297,0.445,82.0,100.0,108.0,119.0,109.0,112.0,92.0,103.0,98.0,89.0,64.0,93.0,113.0,102.0,109.0,0.003,0.434,0.278,0.105,0.18,-0.69,-1.41,1.74,-0.9,0.13,94.6,82.5,93.9,86.2,81.3,0.282,0.476,0.213,0.238,0.431,0.291,,,,0.196,0.411,0.299,0.208,0.458,0.184,,,,,,,,,,,,,0.141,0.225,0.368,,,,,,,,,,,,,,,,,,,,,
