date,time,opponent,team,location,weather,temp,opposingPitcherId,position,ab,r,h,doubles,triples,hr,rbi,sb,bb,k,lob,avg,obp,slg,ops,id,fullName,boxscoreName,PitchingHand,PlayerName,Team,ERA,xERA,IP,Location+,Stuff+,Pitching+,Contact%,K/9,BB/9,H/9,HR/9,GB/FB,Oppo%,Pull%,Soft%,Hard%,Zone%,Stf+ CH,Loc+ CH,Pit+ CH,Stf+ CU,Loc+ CU,Pit+ CU,Stf+ FA,Loc+ FA,Pit+ FA,Stf+ SI,Loc+ SI,Pit+ SI,Stf+ FC,Loc+ FC,Pit+ FC,SI%,FA%,FC%,CU%,CH%,wFA/C,wFC/C,wSI/C,wCU/C,wCH/C,vFA,vFC,vCH,vSI,vCU,CU_ba,CU_slg,CU_whiff,FC_ba,FC_slg,FC_whiff,SI_ba,SI_slg,SI_whiff,CH_ba,CH_slg,CH_whiff,Stf+ SL,Loc+ SL,Pit+ SL,SL%,wSL/C,vSL,FF_ba,FF_slg,FF_whiff,SL_ba,SL_slg,SL_whiff,Stf+ KC,Loc+ KC,Pit+ KC,KC%,wKC/C,vKC,SV_ba,SV_slg,SV_whiff,Stf+ FS,Loc+ FS,Pit+ FS,FS%,wFS/C,vFS,FS_ba,FS_slg,FS_whiff,vKN (sc),KN%,wKN/C
2023/09/30,7:15 PM.,BOS,BAL,home,Cloudy.,68,676710,SS,1,2,0,0,0,0,1,2,0,0,1,.218,.268,.341,.609,676710,kuttercrawford,"Crawford, K",Right,Kutter Crawford,BOS,4.04,3.25,129.1,102.0,105.0,104.0,0.761,9.39,2.51,7.45,1.18,0.71,0.219,0.427,0.188,0.319,0.418,,,,,,,111.0,107.0,108.0,,,,108.0,94.0,95.0,,0.391,0.281,,,1.44,0.35,,,,93.6,88.6,,,,0.34,0.642,0.2,0.289,0.43,0.244,,,,,,,113.0,110.0,113.0,0.132,1.5,82.5,0.163,0.326,0.258,0.15,0.25,0.376,92.0,101.0,103.0,0.119,-1.47,79.4,,,,88.0,95.0,103.0,0.077,-0.82,82.4,0.214,0.357,0.214,,,
2023/09/29,7:05 PM.,BOS,BAL,home,Overcast.,65,601713,SS,3,0,0,0,0,0,0,0,0,1,1,.218,.269,.342,.611,601713,nickpivetta,Pivetta,Right,Nick Pivetta,BOS,4.04,3.98,142.2,102.0,119.0,107.0,0.733,11.54,3.15,6.94,1.45,0.87,0.231,0.438,0.124,0.354,0.421,,,,117.0,102.0,106.0,125.0,101.0,109.0,,,,78.0,104.0,98.0,,0.506,0.078,0.247,,0.57,0.67,,-0.09,,94.6,88.4,,,79.4,0.215,0.4,0.313,0.267,0.467,0.379,,,,,,,124.0,107.0,112.0,0.165,1.59,85.8,0.214,0.44,0.247,0.114,0.182,0.43799999999999994,,,,,,,,,,49.0,109.0,69.0,0.005,-13.1,84.8,0.25,1.0,0.16699999999999998,,,
2023/09/28,6:36 PM.,BOS,BAL,home,Partly Cloudy.,67,519242,SS,2,0,1,0,0,0,0,0,0,0,0,.220,.271,.345,.616,519242,chrissale,Sale,Left,Chris Sale,BOS,4.3,3.61,102.2,100.0,94.0,99.0,0.725,10.96,2.54,7.63,1.31,0.86,0.293,0.384,0.16,0.308,0.405,81.0,103.0,99.0,,,,99.0,102.0,100.0,98.0,94.0,96.0,,,,0.062,0.432,,,0.131,0.46,,-1.13,,-1.09,93.9,,86.1,93.3,,,,,,,,0.267,0.5,0.16699999999999998,0.309,0.473,0.322,92.0,98.0,100.0,0.375,0.7,77.8,0.252,0.437,0.23399999999999999,0.162,0.358,0.389,,,,,,,,,,,,,,,,,,,,,
2023/09/27,6:36 PM.,WSH,BAL,home,Clear.,67,571578,SS,2,1,1,0,0,0,0,1,1,0,2,.219,.270,.344,.614,571578,patrickcorbin,Corbin,Left,Patrick Corbin,WSN,5.2,6.16,180.0,101.0,81.0,95.0,0.797,6.2,2.85,10.5,1.65,1.3,0.24,0.392,0.127,0.344,0.411,66.0,101.0,96.0,,,,65.0,103.0,88.0,86.0,102.0,93.0,,,,0.417,0.169,,,0.064,-0.69,,-0.89,,-2.07,91.8,,81.2,92.1,,,,,,,,0.32,0.463,0.07400000000000001,0.29,0.645,0.4,84.0,99.0,100.0,0.35,-0.51,80.5,0.327,0.541,0.121,0.233,0.461,0.397,,,,,,,,,,,,,,,,,,,,,
2023/09/24,1:41 PM.,CLE,BAL,away,Overcast.,68,663474,SS,4,1,2,1,0,0,1,0,0,0,3,.217,.266,.343,.609,663474,tristonmckenzie,McKenzie,Right,Triston McKenzie,CLE,5.06,4.64,16.0,94.0,100.0,94.0,0.77,9.0,7.31,6.75,0.56,0.65,0.25,0.386,0.114,0.295,0.397,,,,113.0,107.0,103.0,99.0,92.0,93.0,,,,,,,,0.633,,0.167,,-0.33,,,-0.41,,92.4,,,,78.8,0.286,0.429,0.261,,,,,,,,,,89.0,86.0,91.0,0.2,1.5,85.2,0.22,0.39,0.174,0.083,0.167,0.5770000000000001,,,,,,,,,,,,,,,,,,,,,
2023/09/22,7:10 PM.,CLE,BAL,away,Clear.,72,669456,DH,0,0,0,0,0,0,0,0,0,0,0,.213,.264,.338,.602,669456,shanebieber,Bieber,Right,Shane Bieber,CLE,3.8,4.83,128.0,101.0,100.0,99.0,0.77,7.52,2.39,8.72,0.98,1.56,0.238,0.395,0.147,0.328,0.42,59.0,93.0,85.0,,,,81.0,103.0,96.0,,,,95.0,94.0,93.0,,0.352,0.269,,0.035,0.87,0.43,,,-4.04,91.3,86.5,87.2,,,0.237,0.368,0.32299999999999995,0.316,0.465,0.293,,,,0.5,0.571,0.083,111.0,107.0,109.0,0.207,0.84,84.6,0.257,0.434,0.09300000000000001,0.18,0.331,0.326,155.0,104.0,109.0,0.137,-1.29,82.5,,,,,,,,,,,,,,,
2023/09/19,7:10 PM.,HOU,BAL,away,Roof Closed.,73,686613,SS,4,0,0,0,0,0,0,0,0,2,3,.213,.264,.338,.602,686613,hunterbrown,"Brown, H",Right,Hunter Brown,HOU,5.09,4.27,155.2,100.0,104.0,101.0,0.77,10.29,3.18,9.08,1.5,1.78,0.274,0.364,0.135,0.362,0.433,,,,,,,101.0,99.0,96.0,90.0,103.0,93.0,,,,0.002,0.461,0.235,,,0.01,-0.4,-0.16,,,95.7,91.7,,96.0,,0.247,0.374,0.303,0.297,0.506,0.20800000000000002,,,,0.121,0.242,0.37,104.0,92.0,97.0,0.017,-2.64,84.6,0.271,0.511,0.223,0.25,0.625,0.33299999999999996,112.0,102.0,110.0,0.238,-0.77,82.9,,,,92.0,104.0,105.0,0.048,0.92,88.2,,,,,,
2023/09/18,7:11 PM.,HOU,BAL,away,Roof Closed.,73,434378,SS,3,1,1,0,0,0,0,0,0,1,2,.216,.267,.342,.609,434378,justinverlander,Verlander,Right,Justin Verlander,- - -,3.22,3.63,162.1,104.0,106.0,105.0,0.8,7.98,2.49,7.71,1.0,0.79,0.232,0.438,0.168,0.307,0.433,102.0,107.0,113.0,105.0,103.0,106.0,97.0,100.0,100.0,,,,,,,,0.5,,0.2,0.047,0.89,,,0.43,-0.23,94.3,,85.2,,78.2,0.241,0.328,0.244,,,,,,,0.214,0.286,0.28600000000000003,127.0,112.0,111.0,0.253,0.97,86.9,0.235,0.417,0.18100000000000002,0.201,0.325,0.292,,,,,,,,,,,,,,,,,,,,,
2023/09/17,1:36 PM.,TB,BAL,home,Overcast.,72,641793,SS,0,1,0,0,0,0,0,0,0,0,0,.215,.266,.342,.608,641793,zacklittell,Littell,Right,Zack Littell,- - -,4.1,4.24,90.0,105.0,92.0,105.0,0.801,7.4,1.2,9.4,1.3,1.12,0.263,0.401,0.128,0.36,0.469,,,,,,,73.0,109.0,100.0,74.0,108.0,98.0,,,,0.099,0.312,,,,0.57,,0.28,,,94.1,,,92.9,,,,,,,,0.237,0.342,0.063,,,,103.0,100.0,105.0,0.397,0.34,87.1,0.26,0.44,0.22,0.25,0.417,0.3,,,,,,,,,,115.0,107.0,118.0,0.192,-1.3,84.3,0.268,0.415,0.281,,,
2023/09/13,6:36 PM.,STL,BAL,home,Partly Cloudy.,81,680723,SS,1,0,1,0,0,0,0,1,1,0,0,.215,.266,.342,.608,680723,drewrom,Rom,Left,Drew Rom,STL,8.02,6.2,33.2,98.0,81.0,91.0,0.863,8.55,5.08,13.63,1.87,0.9,0.252,0.395,0.126,0.429,0.464,,,,,,,81.0,105.0,98.0,64.0,98.0,87.0,,,,0.241,0.443,,,,-2.41,,-2.11,,,90.6,,,87.4,,,,,,,,0.351,0.568,0.091,,,,97.0,88.0,89.0,0.237,-2.48,79.4,0.333,0.633,0.212,0.289,0.632,0.172,,,,,,,,,,85.0,83.0,71.0,0.079,-5.66,83.6,0.467,0.6,0.26899999999999996,,,
2023/09/09,5:42 PM.,BOS,BAL,away,Cloudy.,72,519242,SS,3,1,1,0,0,0,0,0,1,1,0,.212,.262,.340,.602,519242,chrissale,Sale,Left,Chris Sale,BOS,4.3,3.61,102.2,100.0,94.0,99.0,0.725,10.96,2.54,7.63,1.31,0.86,0.293,0.384,0.16,0.308,0.405,81.0,103.0,99.0,,,,99.0,102.0,100.0,98.0,94.0,96.0,,,,0.062,0.432,,,0.131,0.46,,-1.13,,-1.09,93.9,,86.1,93.3,,,,,,,,0.267,0.5,0.16699999999999998,0.309,0.473,0.322,92.0,98.0,100.0,0.375,0.7,77.8,0.252,0.437,0.23399999999999999,0.162,0.358,0.389,,,,,,,,,,,,,,,,,,,,,
2023/09/06,6:39 PM.,LAA,BAL,away,Clear.,77,663776,SS,4,2,0,0,0,0,0,1,1,3,2,.211,.259,.340,.599,663776,patricksandoval,Sandoval,Left,Patrick Sandoval,LAA,4.11,4.7,144.2,97.0,92.0,97.0,0.741,7.96,4.6,9.02,0.75,1.55,0.196,0.427,0.166,0.297,0.414,99.0,98.0,100.0,99.0,96.0,101.0,63.0,94.0,89.0,69.0,97.0,86.0,,,,0.111,0.256,,0.09,0.258,-1.22,,0.36,0.27,0.3,93.0,,83.0,93.2,76.5,0.286,0.286,0.237,,,,0.269,0.327,0.129,0.184,0.33,0.43200000000000005,123.0,100.0,107.0,0.285,0.02,86.5,0.336,0.507,0.156,0.2,0.5,0.306,,,,,,,,,,,,,,,,,,,,,
2023/09/05,6:39 PM.,LAA,BAL,away,Cloudy.,71,672282,SS,3,1,1,0,0,0,0,1,0,0,1,.214,.260,.345,.605,672282,reiddetmers,Detmers,Left,Reid Detmers,LAA,4.48,4.55,148.2,99.0,101.0,99.0,0.749,10.17,3.63,8.54,1.15,0.91,0.223,0.444,0.139,0.362,0.438,92.0,101.0,97.0,93.0,94.0,105.0,87.0,101.0,95.0,,,,,,,,0.432,,0.194,0.054,-0.38,,,0.14,-2.03,94.3,,84.8,,74.7,0.191,0.326,0.28600000000000003,,,,,,,0.242,0.424,0.24600000000000002,124.0,100.0,102.0,0.319,0.91,88.7,0.291,0.505,0.212,0.0,0.0,0.267,,,,,,,,,,,,,,,,,,,,,
2023/09/04,6:38 PM.,LAA,BAL,away,Clear.,74,670046,SS,3,1,1,0,0,0,0,0,1,1,0,.213,.259,.345,.604,670046,kennyrosenberg,Rosenberg,Left,Kenny Rosenberg,LAA,3.82,3.58,33.0,93.0,72.0,90.0,0.778,7.91,3.82,9.55,0.82,1.1,0.196,0.529,0.167,0.304,0.405,64.0,92.0,92.0,57.0,95.0,93.0,74.0,96.0,88.0,,,,101.0,93.0,87.0,,0.431,0.114,0.066,0.376,1.57,-3.11,,-1.43,-0.67,90.7,83.6,80.6,,77.4,0.286,0.286,0.3,0.357,0.429,0.25,,,,0.258,0.435,0.3,77.0,92.0,96.0,0.013,-11.22,78.7,0.234,0.298,0.152,,,,,,,,,,,,,,,,,,,,,,,,
2023/08/30,1:05 PM.,CWS,BAL,home,Sunny.,82,656302,SS,3,0,2,0,0,0,0,0,0,1,0,.211,.256,.345,.601,656302,dylancease,Cease,Right,Dylan Cease,CHW,4.58,4.13,177.0,97.0,115.0,104.0,0.705,10.88,4.02,8.75,0.97,0.92,0.243,0.432,0.173,0.341,0.376,60.0,90.0,78.0,,,,125.0,95.0,103.0,,,,,,,,0.432,,,0.03,-0.15,,,,1.0,95.6,,74.6,,,0.298,0.538,0.249,,,,,,,0.111,0.111,0.5379999999999999,120.0,101.0,108.0,0.386,0.4,86.3,0.273,0.436,0.205,0.216,0.339,0.433,83.0,94.0,99.0,0.152,-1.83,80.2,,,,,,,,,,,,,,,
2023/08/27,1:36 PM.,COL,BAL,home,Partly Cloudy.,90,621389,SS,2,0,0,0,0,0,0,0,0,1,0,.206,.252,.342,.594,621389,tyblach,Blach,Left,Ty Blach,COL,5.54,7.26,78.0,102.0,75.0,88.0,0.856,5.77,2.77,12.0,1.73,1.18,0.279,0.371,0.121,0.39,0.447,20.0,103.0,96.0,66.0,98.0,98.0,,,,69.0,104.0,84.0,170.0,99.0,85.0,0.55,,0.165,0.064,0.221,,-2.26,-1.22,-0.44,-1.35,,83.7,79.9,89.3,78.9,0.211,0.211,0.257,0.348,0.652,0.184,0.322,0.561,0.102,0.371,0.486,0.207,,,,,,,,,,,,,,,,,,,,,,,,,,,,,,,,,
2023/08/25,7:06 PM.,COL,BAL,home,Partly Cloudy.,85,607536,SS,2,0,0,0,0,0,0,0,0,0,1,.208,.253,.344,.597,607536,kylefreeland,Freeland,Left,Kyle Freeland,COL,5.03,5.7,155.2,103.0,70.0,94.0,0.847,5.43,2.43,10.81,1.68,1.0,0.202,0.441,0.122,0.391,0.437,47.0,105.0,95.0,,,,68.0,105.0,90.0,67.0,103.0,88.0,,,,0.283,0.184,,,0.122,1.13,,-0.86,,-3.3,88.8,,84.2,88.7,,0.261,0.41,0.32,,,,0.349,0.529,0.091,0.435,0.681,0.139,65.0,99.0,96.0,0.236,-0.2,84.1,0.239,0.431,0.127,0.246,0.549,0.2,96.0,105.0,105.0,0.176,-1.91,80.6,,,,,,,,,,,,,,,
2023/08/22,7:06 PM.,TOR,BAL,home,Partly Cloudy.,81,579328,SS,4,1,1,0,0,0,0,1,0,1,1,.209,.255,.347,.602,579328,yuseikikuchi,Kikuchi,Left,Yusei Kikuchi,TOR,3.86,4.3,167.2,101.0,105.0,102.0,0.748,9.72,2.58,8.86,1.45,1.04,0.289,0.4,0.152,0.36,0.431,82.0,93.0,83.0,98.0,103.0,105.0,117.0,99.0,102.0,,,,,,,,0.451,,0.193,0.097,0.05,,,0.24,-1.83,95.1,,88.7,,83.1,0.284,0.463,0.307,,,,,,,0.254,0.508,0.193,101.0,105.0,108.0,0.259,1.11,88.7,0.27,0.412,0.268,0.225,0.396,0.302,,,,,,,,,,,,,,,,,,,,,
2023/08/20,1:08 PM.,OAK,BAL,away,Partly Cloudy.,78,676664,SS,5,2,2,1,0,1,1,0,0,0,2,.209,.255,.348,.603,676664,jpsears,Sears,Left,JP Sears,OAK,4.54,4.64,172.1,101.0,93.0,100.0,0.779,8.41,2.77,8.62,1.78,0.55,0.283,0.416,0.178,0.301,0.438,83.0,100.0,102.0,,,,93.0,102.0,96.0,,,,,,,0.001,0.501,,,0.151,-0.84,,0.63,,0.36,93.1,,84.1,92.1,,,,,,,,,,,0.277,0.438,0.225,93.0,102.0,106.0,0.346,-0.06,81.4,0.256,0.478,0.217,0.21,0.395,0.28300000000000003,,,,,,,,,,,,,,,,,,,,,
2023/08/19,6:08 PM.,OAK,BAL,away,Partly Cloudy.,70,686610,SS,3,0,0,0,0,0,0,0,0,0,2,.205,.253,.332,.585,686610,kenwaldichuk,Waldichuk,Left,Ken Waldichuk,OAK,5.36,4.67,141.0,95.0,91.0,93.0,0.767,8.43,4.53,9.51,1.53,0.99,0.223,0.401,0.155,0.31,0.414,92.0,90.0,88.0,93.0,77.0,85.0,89.0,95.0,92.0,,,,,,,,0.543,,0.02,0.166,-0.52,,,-3.62,-1.4,93.3,,84.2,,74.5,0.333,0.833,0.0,,,,,,,0.34,0.515,0.374,96.0,99.0,100.0,0.271,-0.79,81.1,0.275,0.493,0.17800000000000002,0.218,0.423,0.32799999999999996,,,,,,,,,,,,,,,,,,,,,
2023/08/16,5:41 PM.,SD,BAL,away,Clear.,76,605483,SS,2,0,0,0,0,0,0,0,0,0,0,.208,.255,.336,.591,605483,blakesnell,Snell,Left,Blake Snell,SDP,2.25,3.77,180.0,95.0,107.0,100.0,0.642,11.7,4.95,5.75,0.75,1.3,0.262,0.388,0.168,0.309,0.326,72.0,103.0,106.0,106.0,102.0,110.0,120.0,91.0,96.0,,,,,,,,0.486,,0.198,0.184,0.07,,,2.55,2.65,95.5,,86.7,,81.0,0.079,0.14,0.563,,,,,,,0.185,0.266,0.46799999999999997,107.0,91.0,94.0,0.131,0.68,88.4,0.255,0.389,0.195,0.123,0.26,0.536,,,,,,,,,,,,,,,,,,,,,
2023/08/13,1:11 PM.,SEA,BAL,away,Sunny.,82,682243,SS,0,1,0,0,0,0,0,0,0,0,0,.209,.257,.338,.595,682243,brycemiller,"Miller, B",Right,Bryce Miller,SEA,4.32,4.86,131.1,104.0,117.0,109.0,0.783,8.15,1.78,8.5,1.23,0.76,0.242,0.379,0.13,0.356,0.464,90.0,101.0,107.0,113.0,102.0,102.0,121.0,105.0,110.0,104.0,101.0,99.0,,,,0.076,0.585,,0.009,0.056,0.3,,1.22,-8.41,0.66,95.1,,85.0,95.1,78.2,0.667,1.333,0.125,,,,0.26,0.36,0.096,0.167,0.433,0.179,112.0,100.0,107.0,0.274,0.14,85.0,0.256,0.45,0.271,0.3,0.475,0.174,,,,,,,,,,,,,,,,,,,,,
2023/08/12,6:52 PM.,SEA,BAL,away,Clear.,78,669923,SS,2,0,0,0,0,0,0,0,0,0,0,.209,.257,.338,.595,669923,georgekirby,Kirby,Right,George Kirby,SEA,3.35,3.9,190.2,110.0,106.0,109.0,0.799,8.12,0.9,8.45,1.04,1.19,0.298,0.407,0.177,0.327,0.482,94.0,107.0,111.0,,,,97.0,111.0,105.0,106.0,110.0,109.0,,,,0.216,0.394,,,0.018,1.34,,0.43,,-5.31,96.1,,86.6,95.8,,0.265,0.458,0.159,,,,0.261,0.383,0.131,0.5,0.9,0.125,126.0,106.0,112.0,0.197,1.03,86.3,0.234,0.392,0.28,0.264,0.377,0.22,,,,0.115,0.35,81.8,,,,95.0,103.0,110.0,0.061,1.07,84.9,0.143,0.286,0.35700000000000004,75.1,0.001,0.26
2023/08/08,7:07 PM.,HOU,BAL,home,Clear.,81,664285,CF,3,0,1,0,0,0,0,0,0,1,1,.211,.259,.341,.600,664285,frambervaldez,"Valdez, F",Left,Framber Valdez,HOU,3.45,4.33,198.0,98.0,106.0,100.0,0.752,9.09,2.59,7.55,0.86,2.13,0.246,0.443,0.109,0.374,0.445,96.0,98.0,94.0,118.0,98.0,106.0,98.0,-63.0,-49.0,97.0,98.0,96.0,99.0,99.0,95.0,0.468,0.001,0.034,0.253,0.157,-16.35,0.45,0.93,1.07,0.73,95.7,89.1,90.1,95.3,80.2,0.158,0.211,0.402,0.182,0.182,0.435,0.274,0.455,0.126,0.231,0.342,0.311,,,,0.087,-0.32,84.7,,,,0.189,0.405,0.43799999999999994,,,,,,,,,,,,,,,,,,,,,
2023/08/06,1:36 PM.,NYM,BAL,home,Cloudy.,88,500779,CF,2,1,1,0,1,0,0,0,0,0,0,.209,.258,.341,.599,500779,josequintana,Quintana,Left,Jose Quintana,NYM,3.57,4.55,75.2,101.0,80.0,94.0,0.802,7.14,2.85,8.92,0.59,1.17,0.231,0.406,0.162,0.286,0.349,65.0,102.0,91.0,96.0,106.0,102.0,81.0,101.0,95.0,78.0,99.0,91.0,,,,0.323,0.242,,0.253,0.181,-2.28,,3.29,1.45,-1.18,90.2,,85.8,90.4,77.2,0.214,0.268,0.26899999999999996,,,,0.196,0.25,0.135,0.276,0.379,0.29600000000000004,,,,,,,0.391,0.594,0.217,,,,,,,,,,0.211,0.368,0.207,,,,,,,,,,,,
2023/08/05,7:06 PM.,NYM,BAL,home,Cloudy.,85,656731,CF,0,0,0,0,0,0,0,0,0,0,0,.207,.256,.332,.588,656731,tylormegill,Megill,Right,Tylor Megill,NYM,4.7,5.85,126.1,97.0,90.0,95.0,0.789,7.48,4.13,10.04,1.28,1.25,0.275,0.345,0.123,0.32,0.414,88.0,97.0,98.0,101.0,91.0,96.0,86.0,95.0,89.0,,,,,,,,0.557,,0.086,0.149,-0.4,,,-0.05,-0.09,94.9,,87.9,,77.2,0.167,0.167,0.354,,,,,,,0.264,0.396,0.24100000000000002,96.0,103.0,106.0,0.206,-1.04,84.4,0.314,0.494,0.184,0.264,0.445,0.311,,,,,,,,,,116.0,83.0,118.0,0.002,5.58,86.1,,,,,,
2023/08/02,7:07 PM.,TOR,BAL,away,Cloudy.,74,579328,SS,2,0,0,0,0,0,0,0,0,0,1,.207,.256,.332,.588,579328,yuseikikuchi,Kikuchi,Left,Yusei Kikuchi,TOR,3.86,4.3,167.2,101.0,105.0,102.0,0.748,9.72,2.58,8.86,1.45,1.04,0.289,0.4,0.152,0.36,0.431,82.0,93.0,83.0,98.0,103.0,105.0,117.0,99.0,102.0,,,,,,,,0.451,,0.193,0.097,0.05,,,0.24,-1.83,95.1,,88.7,,83.1,0.284,0.463,0.307,,,,,,,0.254,0.508,0.193,101.0,105.0,108.0,0.259,1.11,88.7,0.27,0.412,0.268,0.225,0.396,0.302,,,,,,,,,,,,,,,,,,,,,
2023/08/01,7:09 PM.,TOR,BAL,away,Roof Closed.,68,547943,SS,4,2,0,0,0,0,0,1,1,0,3,.209,.258,.335,.593,547943,hyunjinryu,Ryu,Left,Hyun Jin Ryu,TOR,3.46,3.85,52.0,105.0,80.0,95.0,0.802,6.58,2.42,9.17,1.56,1.4,0.234,0.468,0.152,0.327,0.412,74.0,104.0,95.0,88.0,111.0,105.0,75.0,105.0,91.0,73.0,100.0,94.0,92.0,107.0,97.0,0.095,0.317,0.189,0.171,0.228,-0.51,1.27,3.34,-1.45,-2.1,88.6,85.1,78.1,87.7,68.9,0.286,0.429,0.35200000000000004,0.238,0.357,0.207,0.133,0.133,0.091,0.276,0.448,0.25,,,,,,,0.265,0.633,0.11900000000000001,,,,,,,,,,,,,,,,,,,,,,,,
2023/07/31,7:09 PM.,TOR,BAL,away,Clear.,76,605135,SS,4,0,1,0,0,0,0,1,0,2,0,.212,.259,.340,.599,605135,chrisbassitt,Bassitt,Right,Chris Bassitt,TOR,3.6,4.04,200.0,100.0,92.0,99.0,0.8,8.37,2.66,7.92,1.26,1.12,0.271,0.381,0.165,0.285,0.459,72.0,93.0,91.0,93.0,92.0,100.0,74.0,106.0,98.0,92.0,104.0,98.0,95.0,105.0,102.0,0.393,0.093,0.153,0.126,0.065,-3.9,-1.13,2.11,0.67,1.71,92.4,87.8,84.1,91.9,70.7,0.192,0.295,0.318,0.274,0.496,0.253,0.22,0.336,0.14400000000000002,0.189,0.351,0.10099999999999999,106.0,93.0,102.0,0.136,-0.72,75.6,0.333,0.652,0.20600000000000002,0.227,0.636,0.191,,,,,,,,,,78.0,84.0,84.0,0.033,-3.07,82.6,0.375,0.563,0.226,,,
2023/07/26,6:07 PM.,PHI,BAL,away,Clear.,89,624133,SS,4,1,1,0,0,0,0,0,0,3,1,.211,.259,.341,.600,624133,rangersuarez,"Suárez, R",Left,Ranger Suárez,PHI,4.18,4.36,125.0,101.0,85.0,97.0,0.79,8.57,3.46,9.29,0.94,1.58,0.232,0.394,0.164,0.34,0.393,70.0,98.0,99.0,95.0,104.0,102.0,69.0,98.0,88.0,96.0,104.0,102.0,97.0,97.0,94.0,0.28,0.215,0.126,0.19,0.184,-0.65,-1.27,0.52,1.95,-1.45,93.4,87.5,82.9,92.8,75.8,0.143,0.226,0.377,0.34,0.585,0.179,0.289,0.409,0.1,0.267,0.444,0.311,91.0,113.0,108.0,0.005,4.65,84.1,0.304,0.478,0.21899999999999997,0.2,0.2,0.0,,,,,,,,,,,,,,,,,,,,,
2023/07/25,6:44 PM.,PHI,BAL,away,Partly Cloudy.,72,592836,SS,1,0,0,0,0,0,0,0,0,0,1,.211,.260,.343,.603,592836,taijuanwalker,"Walker, T",Right,Taijuan Walker,PHI,4.38,4.36,172.2,99.0,94.0,97.0,0.808,7.19,3.7,8.08,1.04,1.21,0.217,0.43,0.167,0.326,0.382,,,,92.0,91.0,94.0,79.0,98.0,90.0,81.0,100.0,93.0,99.0,103.0,100.0,0.233,0.176,0.176,0.057,,-0.82,-0.44,0.53,-1.07,,92.8,87.1,,92.4,74.8,0.212,0.485,0.36,0.284,0.441,0.158,0.273,0.429,0.1,,,,124.0,109.0,114.0,0.026,-1.43,82.5,0.257,0.541,0.254,0.158,0.632,0.342,,,,,,,,,,104.0,97.0,100.0,0.332,0.48,87.9,0.205,0.295,0.244,,,
2023/07/24,6:43 PM.,PHI,BAL,away,Partly Cloudy.,85,650911,SS,3,0,0,0,0,0,0,0,0,0,2,.212,.261,.344,.605,650911,cristophersanchez,"Sánchez, C",Left,Cristopher Sánchez,PHI,3.44,3.74,99.1,101.0,83.0,100.0,0.759,8.7,1.45,7.97,1.45,2.19,0.21,0.445,0.157,0.342,0.429,75.0,98.0,104.0,,,,,,,71.0,104.0,97.0,,,,0.462,,,,0.327,,,0.65,,1.1,,,81.8,92.1,,,,,,,,0.297,0.523,0.107,0.148,0.274,0.43,123.0,100.0,100.0,0.211,0.2,82.7,,,,0.25,0.456,0.297,,,,,,,,,,,,,,,,,,,,,
2023/07/23,1:42 PM.,TB,BAL,away,Dome.,72,671737,SS,1,0,0,0,0,0,0,0,0,0,1,.214,.264,.349,.613,671737,tajbradley,"Bradley, T",Right,Taj Bradley,TBR,5.59,4.45,104.2,101.0,110.0,105.0,0.775,11.09,3.35,9.11,1.98,0.88,0.268,0.405,0.158,0.392,0.449,,,,88.0,107.0,111.0,131.0,101.0,109.0,,,,106.0,99.0,99.0,0.001,0.449,0.248,0.167,,-0.8,-1.32,0.0,0.04,,96.1,88.9,,97.8,79.0,0.169,0.338,0.22399999999999998,0.312,0.581,0.295,,,,,,,,,,,,,0.277,0.559,0.191,,,,,,,,,,,,,,,,0.136,0.62,89.3,0.19,0.333,0.41,,,
2023/07/22,4:11 PM.,TB,BAL,away,Dome.,72,663556,SS,3,1,1,1,0,0,2,0,0,1,0,.215,.265,.350,.615,663556,shanemcclanahan,McClanahan,Left,Shane McClanahan,TBR,3.29,4.13,115.0,102.0,112.0,106.0,0.694,9.47,3.21,7.43,1.17,1.18,0.28,0.384,0.134,0.355,0.455,115.0,104.0,109.0,115.0,101.0,107.0,111.0,100.0,104.0,,,,,,,,0.419,,0.17,0.258,-0.34,,,1.12,2.65,96.8,,86.9,,83.5,0.197,0.344,0.314,,,,,,,0.153,0.191,0.541,107.0,102.0,105.0,0.153,-0.27,89.3,0.269,0.479,0.233,0.261,0.58,0.29100000000000004,,,,,,,,,,,,,,,,,,,,,
2023/07/20,6:41 PM.,TB,BAL,away,Dome.,72,607192,SS,3,0,0,0,0,0,0,0,0,2,1,.214,.264,.346,.610,607192,tylerglasnow,Glasnow,Right,Tyler Glasnow,TBR,3.53,3.55,120.0,101.0,121.0,109.0,0.659,12.15,2.78,6.98,0.98,1.62,0.246,0.372,0.161,0.386,0.454,78.0,81.0,84.0,152.0,103.0,114.0,128.0,103.0,110.0,,,,,,,0.004,0.432,,0.213,0.003,0.54,,-7.7,1.81,2.91,96.4,,92.3,96.4,83.9,0.095,0.19,0.522,,,,,,,,,,94.0,97.0,104.0,0.348,1.25,90.1,0.236,0.41,0.249,0.254,0.373,0.382,,,,,,,,,,,,,,,,,,,,,
2023/07/19,1:46 PM.,LAD,BAL,home,Partly Cloudy.,85,628711,SS,4,1,1,1,0,0,0,1,0,0,2,.216,.267,.351,.618,628711,juliourias,"Urías, J",Left,Julio Urías,LAD,4.6,4.16,117.1,105.0,105.0,107.0,0.788,8.97,1.84,8.59,1.84,0.82,0.234,0.471,0.192,0.312,0.453,91.0,109.0,108.0,132.0,103.0,112.0,90.0,101.0,98.0,,,,109.0,124.0,127.0,,0.451,0.092,0.3,0.157,0.02,-0.42,,0.84,-3.03,92.7,87.1,86.1,,79.2,,,,0.186,0.322,0.278,,,,0.296,0.593,0.299,,,,,,,0.267,0.503,0.218,,,,,,,,,,0.233,0.457,0.22899999999999998,,,,,,,,,,,,
2023/07/16,1:36 PM.,MIA,BAL,home,Cloudy.,81,595345,SS,1,0,0,0,0,0,0,0,0,0,1,.216,.267,.348,.615,595345,stevenokert,Okert,Left,Steven Okert,MIA,4.45,3.87,58.2,95.0,113.0,99.0,0.72,11.2,3.68,7.67,1.38,0.45,0.311,0.358,0.176,0.318,0.424,,,,,,,92.0,94.0,88.0,,,,,,,0.001,0.386,,,,-1.92,,-2.69,,,93.8,,,94.2,,,,,,,,,,,,,,127.0,96.0,105.0,0.613,1.38,81.9,0.289,0.518,0.23199999999999998,0.194,0.373,0.34299999999999997,,,,,,,,,,,,,,,,,,,,,
2023/07/15,7:05 PM.,MIA,BAL,home,Cloudy.,90,666129,SS,2,0,1,0,1,0,2,0,0,1,0,.217,.268,.350,.618,666129,braxtongarrett,"Garrett, B",Left,Braxton Garrett,MIA,3.66,4.58,159.2,101.0,91.0,97.0,0.762,8.79,1.63,8.68,1.13,1.72,0.184,0.501,0.13,0.413,0.434,85.0,95.0,86.0,80.0,97.0,95.0,79.0,101.0,93.0,91.0,102.0,97.0,95.0,100.0,97.0,0.317,0.075,0.177,0.084,0.088,-1.84,1.53,1.06,-4.44,0.73,90.8,87.5,84.1,90.5,77.7,0.5,1.059,0.2,0.243,0.477,0.247,0.256,0.377,0.107,0.286,0.327,0.327,100.0,102.0,102.0,0.258,0.45,82.8,0.325,0.575,0.159,0.169,0.302,0.408,,,,,,,,,,,,,,,,,,,,,
2023/07/14,8:11 PM.,MIA,BAL,home,Partly Cloudy.,81,645261,SS,0,0,0,0,0,0,0,0,0,0,0,.214,.266,.339,.605,645261,sandyalcantara,"Alcantara, S",Right,Sandy Alcantara,MIA,4.14,4.33,184.2,105.0,113.0,108.0,0.771,7.36,2.34,8.58,1.07,1.69,0.23,0.4,0.149,0.343,0.452,108.0,104.0,107.0,134.0,99.0,105.0,111.0,111.0,107.0,115.0,106.0,108.0,,,,0.29,0.213,,0.022,0.273,-0.27,,1.72,-0.52,-0.43,98.0,,91.1,97.6,86.1,0.308,0.308,0.182,,,,0.237,0.366,0.124,0.282,0.401,0.299,116.0,103.0,110.0,0.201,0.72,89.9,0.253,0.448,0.267,0.227,0.364,0.35200000000000004,,,,,,,,,,,,,,,,,,,,,
2023/07/09,1:13 PM.,MIN,BAL,away,Sunny.,80,657746,SS,0,0,0,0,0,0,0,0,0,0,0,.214,.266,.339,.605,657746,joeryan,Ryan,Right,Joe Ryan,MIN,4.51,3.53,161.2,107.0,99.0,105.0,0.749,10.97,1.89,8.63,1.78,0.63,0.232,0.423,0.147,0.326,0.455,,,,,,,102.0,112.0,108.0,,,,,,,,0.569,,,,0.89,,,,,92.3,,,,,,,,,,,,,,,,,102.0,88.0,94.0,0.159,-2.12,80.3,0.24,0.457,0.287,0.32,0.56,0.24100000000000002,,,,,,,,,,91.0,104.0,102.0,0.272,-0.3,83.9,0.242,0.415,0.213,,,
2023/07/07,7:11 PM.,MIN,BAL,away,Partly Cloudy.,73,641927,SS,2,0,0,0,0,0,0,0,1,2,0,.214,.266,.339,.605,641927,baileyober,Ober,Right,Bailey Ober,MIN,3.43,3.63,144.1,105.0,83.0,101.0,0.739,9.1,1.81,7.79,1.37,0.69,0.22,0.435,0.152,0.324,0.411,94.0,106.0,105.0,100.0,108.0,106.0,73.0,107.0,99.0,,,,,,,,0.457,,0.067,0.28,0.75,,,1.44,1.08,91.3,,83.7,,77.5,0.194,0.306,0.161,,,,,,,0.226,0.35,0.298,83.0,99.0,96.0,0.196,-0.7,81.0,0.232,0.425,0.27699999999999997,0.255,0.48,0.32899999999999996,,,,,,,,,,,,,,,,,,,,,
2023/07/06,7:08 PM.,NYY,BAL,away,Clear.,85,622663,SS,1,0,1,0,0,0,0,0,0,0,0,.216,.266,.342,.608,622663,luisseverino,"Severino, L",Right,Luis Severino,NYY,6.65,5.89,89.1,103.0,104.0,101.0,0.822,7.96,3.43,11.38,2.32,1.14,0.248,0.399,0.144,0.346,0.447,80.0,99.0,97.0,,,,103.0,104.0,98.0,92.0,91.0,87.0,110.0,100.0,98.0,0.028,0.449,0.15,,0.186,-2.42,-0.08,5.41,,-1.4,96.5,90.8,86.7,95.7,,,,,0.208,0.313,0.17300000000000001,0.091,0.091,0.20800000000000002,0.279,0.441,0.21600000000000003,126.0,109.0,117.0,0.188,-2.59,84.7,0.355,0.692,0.196,0.289,0.566,0.254,,,,,,,,,,,,,,,,,,,,,
2023/07/03,7:08 PM.,NYY,BAL,away,Partly Cloudy.,84,593334,SS,4,0,0,0,0,0,0,0,0,3,1,.213,.263,.339,.602,593334,domingogerman,Germán,Right,Domingo Germán,NYY,4.56,4.3,108.2,100.0,92.0,98.0,0.707,9.44,2.82,6.87,1.66,0.97,0.159,0.486,0.166,0.328,0.416,96.0,98.0,95.0,94.0,102.0,104.0,89.0,100.0,97.0,82.0,95.0,87.0,,,,0.105,0.277,,0.409,0.209,-1.75,,0.95,1.5,1.01,92.3,,85.8,92.4,82.9,0.174,0.344,0.39299999999999996,,,,0.15,0.325,0.13,0.2,0.306,0.322,,,,,,,0.321,0.741,0.19,,,,,,,,,,,,,,,,,,,,,,,,
2023/07/02,12:06 PM.,MIN,BAL,home,Cloudy.,84,543243,SS,3,0,0,0,0,0,0,0,1,1,3,.217,.267,.346,.613,543243,sonnygray,"Gray, So",Right,Sonny Gray,MIN,2.79,3.66,184.0,101.0,103.0,104.0,0.759,8.95,2.69,7.63,0.39,1.55,0.255,0.424,0.143,0.3,0.422,84.0,95.0,89.0,91.0,98.0,101.0,105.0,99.0,100.0,82.0,99.0,94.0,118.0,102.0,102.0,0.157,0.271,0.131,0.168,0.067,0.61,1.3,-0.46,0.87,-0.63,92.9,87.6,87.9,92.8,79.6,0.257,0.371,0.282,0.265,0.368,0.278,0.275,0.413,0.177,0.27,0.405,0.174,122.0,108.0,121.0,0.205,3.25,84.3,0.301,0.422,0.16399999999999998,0.096,0.117,0.413,,,,0.001,-0.41,72.9,,,,,,,,,,,,,,,
2023/07/01,4:05 PM.,MIN,BAL,home,Overcast.,81,641927,PR,0,0,0,0,0,0,0,1,0,0,0,.220,.267,.350,.617,641927,baileyober,Ober,Right,Bailey Ober,MIN,3.43,3.63,144.1,105.0,83.0,101.0,0.739,9.1,1.81,7.79,1.37,0.69,0.22,0.435,0.152,0.324,0.411,94.0,106.0,105.0,100.0,108.0,106.0,73.0,107.0,99.0,,,,,,,,0.457,,0.067,0.28,0.75,,,1.44,1.08,91.3,,83.7,,77.5,0.194,0.306,0.161,,,,,,,0.226,0.35,0.298,83.0,99.0,96.0,0.196,-0.7,81.0,0.232,0.425,0.27699999999999997,0.255,0.48,0.32899999999999996,,,,,,,,,,,,,,,,,,,,,
2023/06/27,7:06 PM.,CIN,BAL,home,Cloudy.,73,671096,SS,2,0,0,0,0,0,0,0,0,0,1,.220,.267,.350,.617,671096,andrewabbott,"Abbott, A",Left,Andrew Abbott,CIN,3.87,3.93,109.1,101.0,87.0,97.0,0.765,9.88,3.62,8.23,1.32,0.55,0.255,0.381,0.133,0.347,0.404,72.0,96.0,91.0,99.0,103.0,103.0,81.0,99.0,91.0,,,,,,,,0.501,,0.171,0.163,-0.02,,,-2.27,0.99,92.7,,86.6,,80.9,0.367,0.65,0.26,,,,,,,0.203,0.27,0.39399999999999996,106.0,107.0,113.0,0.165,1.61,82.9,0.249,0.459,0.198,0.174,0.304,0.29,,,,,,,,,,,,,,,,,,,,,
2023/06/26,7:20 PM.,CIN,BAL,home,Partly Cloudy.,79,682227,SS,2,1,0,0,0,0,0,0,2,1,2,.222,.270,.354,.624,682227,brandonwilliamson,Williamson,Left,Brandon Williamson,CIN,4.46,4.77,117.0,99.0,93.0,96.0,0.801,7.54,3.0,8.54,1.38,0.88,0.287,0.384,0.139,0.324,0.444,97.0,94.0,99.0,98.0,96.0,103.0,64.0,99.0,86.0,,,,106.0,102.0,98.0,,0.372,0.298,0.064,0.165,-0.15,1.71,,-1.75,-0.51,92.8,89.3,84.0,,73.1,0.333,0.6,0.14300000000000002,0.252,0.433,0.185,,,,0.183,0.39,0.39899999999999997,132.0,104.0,113.0,0.102,-1.33,81.7,0.269,0.433,0.171,0.0,0.0,0.273,,,,,,,,,,,,,,,,,,,,,
2023/06/25,1:36 PM.,SEA,BAL,home,Sunny.,85,669923,SS,2,2,1,1,0,0,0,1,1,1,1,.224,.265,.357,.622,669923,georgekirby,Kirby,Right,George Kirby,SEA,3.35,3.9,190.2,110.0,106.0,109.0,0.799,8.12,0.9,8.45,1.04,1.19,0.298,0.407,0.177,0.327,0.482,94.0,107.0,111.0,,,,97.0,111.0,105.0,106.0,110.0,109.0,,,,0.216,0.394,,,0.018,1.34,,0.43,,-5.31,96.1,,86.6,95.8,,0.265,0.458,0.159,,,,0.261,0.383,0.131,0.5,0.9,0.125,126.0,106.0,112.0,0.197,1.03,86.3,0.234,0.392,0.28,0.264,0.377,0.22,,,,0.115,0.35,81.8,,,,95.0,103.0,110.0,0.061,1.07,84.9,0.143,0.286,0.35700000000000004,75.1,0.001,0.26
2023/06/24,4:05 PM.,SEA,BAL,home,Cloudy.,82,682243,SS,0,0,0,0,0,0,0,0,0,0,0,.221,.260,.351,.611,682243,brycemiller,"Miller, B",Right,Bryce Miller,SEA,4.32,4.86,131.1,104.0,117.0,109.0,0.783,8.15,1.78,8.5,1.23,0.76,0.242,0.379,0.13,0.356,0.464,90.0,101.0,107.0,113.0,102.0,102.0,121.0,105.0,110.0,104.0,101.0,99.0,,,,0.076,0.585,,0.009,0.056,0.3,,1.22,-8.41,0.66,95.1,,85.0,95.1,78.2,0.667,1.333,0.125,,,,0.26,0.36,0.096,0.167,0.433,0.179,112.0,100.0,107.0,0.274,0.14,85.0,0.256,0.45,0.271,0.3,0.475,0.174,,,,,,,,,,,,,,,,,,,,,
2023/06/23,8:45 PM.,SEA,BAL,home,Overcast.,73,669302,SS,3,0,0,0,0,0,0,0,0,0,0,.221,.260,.351,.611,669302,logangilbert,"Gilbert, L",Right,Logan Gilbert,SEA,3.73,3.69,190.2,102.0,106.0,102.0,0.767,8.92,1.7,7.98,1.37,1.02,0.238,0.427,0.125,0.333,0.47,,,,,,,88.0,103.0,99.0,55.0,90.0,81.0,,,,0.003,0.419,,,,0.01,,-11.33,,,95.7,,,93.7,,0.214,0.371,0.306,,,,0.667,1.0,0.25,,,,133.0,101.0,99.0,0.297,1.84,88.7,0.28,0.491,0.177,0.211,0.349,0.322,110.0,95.0,103.0,0.134,0.39,80.3,,,,98.0,103.0,117.0,0.148,0.25,85.6,0.174,0.34,0.35,,,
2023/06/21,12:11 PM.,TB,BAL,away,Dome.,72,671737,SS,2,0,0,0,0,0,0,0,0,1,0,.224,.264,.356,.620,671737,tajbradley,"Bradley, T",Right,Taj Bradley,TBR,5.59,4.45,104.2,101.0,110.0,105.0,0.775,11.09,3.35,9.11,1.98,0.88,0.268,0.405,0.158,0.392,0.449,,,,88.0,107.0,111.0,131.0,101.0,109.0,,,,106.0,99.0,99.0,0.001,0.449,0.248,0.167,,-0.8,-1.32,0.0,0.04,,96.1,88.9,,97.8,79.0,0.169,0.338,0.22399999999999998,0.312,0.581,0.295,,,,,,,,,,,,,0.277,0.559,0.191,,,,,,,,,,,,,,,,0.136,0.62,89.3,0.19,0.333,0.41,,,
2023/06/20,6:40 PM.,TB,BAL,away,Dome.,72,607192,SS,4,0,0,0,0,0,0,0,0,2,2,.227,.266,.360,.626,607192,tylerglasnow,Glasnow,Right,Tyler Glasnow,TBR,3.53,3.55,120.0,101.0,121.0,109.0,0.659,12.15,2.78,6.98,0.98,1.62,0.246,0.372,0.161,0.386,0.454,78.0,81.0,84.0,152.0,103.0,114.0,128.0,103.0,110.0,,,,,,,0.004,0.432,,0.213,0.003,0.54,,-7.7,1.81,2.91,96.4,,92.3,96.4,83.9,0.095,0.19,0.522,,,,,,,,,,94.0,97.0,104.0,0.348,1.25,90.1,0.236,0.41,0.249,0.254,0.373,0.382,,,,,,,,,,,,,,,,,,,,,
2023/06/18,12:05 PM.,CHC,BAL,away,Partly Cloudy.,76,592791,SS,4,0,1,0,0,0,1,0,0,1,1,.231,.271,.367,.638,592791,jamesontaillon,Taillon,Right,Jameson Taillon,CHC,4.84,4.7,154.1,106.0,99.0,104.0,0.804,8.16,2.39,9.1,1.57,0.88,0.22,0.418,0.177,0.311,0.437,82.0,94.0,98.0,109.0,111.0,113.0,87.0,104.0,97.0,97.0,107.0,97.0,101.0,102.0,99.0,0.102,0.342,0.222,0.149,0.031,-0.69,-0.32,0.9,-0.12,-0.22,93.7,88.6,86.5,93.9,80.5,0.198,0.349,0.2,0.311,0.521,0.27399999999999997,0.296,0.394,0.133,0.28,0.44,0.106,117.0,113.0,122.0,0.154,0.75,80.9,0.261,0.553,0.204,0.233,0.333,0.27399999999999997,,,,,,,,,,,,,,,,,,,,,
2023/06/17,1:20 PM.,CHC,BAL,away,Sunny.,69,657006,SS,3,0,0,0,0,0,0,0,0,0,4,.231,.271,.369,.640,657006,justinsteele,Steele,Left,Justin Steele,CHC,3.06,3.5,173.1,102.0,99.0,102.0,0.781,9.14,1.87,8.67,0.73,1.7,0.243,0.433,0.179,0.278,0.467,69.0,85.0,78.0,87.0,98.0,109.0,88.0,102.0,98.0,45.0,95.0,88.0,,,,0.018,0.626,,0.006,0.01,0.67,,0.89,2.44,-1.94,91.8,,87.5,92.2,80.7,0.0,0.0,0.33299999999999996,,,,0.25,0.333,0.16699999999999998,0.4,0.4,0.1,123.0,104.0,111.0,0.339,0.54,83.3,0.275,0.393,0.203,0.217,0.346,0.311,,,,,,,,,,,,,,,,,,,,,
2023/06/16,1:21 PM.,CHC,BAL,away,Cloudy.,57,543294,SS,4,0,1,1,0,0,1,0,0,1,0,.234,.275,.375,.650,543294,kylehendricks,Hendricks,Right,Kyle Hendricks,CHC,3.74,4.13,137.0,105.0,60.0,93.0,0.801,6.11,1.77,9.07,0.85,1.36,0.196,0.438,0.233,0.249,0.383,43.0,107.0,90.0,97.0,79.0,84.0,67.0,100.0,93.0,72.0,110.0,99.0,,,,0.349,0.205,,0.035,0.411,-1.61,,0.04,0.0,1.43,87.8,,80.7,87.5,73.3,0.25,0.25,0.43799999999999994,,,,0.318,0.46,0.08,0.18,0.279,0.324,,,,,,,0.38,0.658,0.11199999999999999,,,,,,,,,,,,,,,,,,,,,,,,
2023/06/15,1:06 PM.,TOR,BAL,home,Partly Cloudy.,79,579328,SS,4,0,2,0,0,0,0,2,0,1,2,.234,.276,.372,.648,579328,yuseikikuchi,Kikuchi,Left,Yusei Kikuchi,TOR,3.86,4.3,167.2,101.0,105.0,102.0,0.748,9.72,2.58,8.86,1.45,1.04,0.289,0.4,0.152,0.36,0.431,82.0,93.0,83.0,98.0,103.0,105.0,117.0,99.0,102.0,,,,,,,,0.451,,0.193,0.097,0.05,,,0.24,-1.83,95.1,,88.7,,83.1,0.284,0.463,0.307,,,,,,,0.254,0.508,0.193,101.0,105.0,108.0,0.259,1.11,88.7,0.27,0.412,0.268,0.225,0.396,0.302,,,,,,,,,,,,,,,,,,,,,
2023/06/14,7:06 PM.,TOR,BAL,home,Clear.,77,621244,PR,0,0,0,0,0,0,0,0,0,0,0,.228,.271,.370,.641,621244,joseberrios,Berríos,Right,José Berríos,TOR,3.65,4.51,189.2,104.0,100.0,103.0,0.764,8.73,2.47,8.21,1.19,1.12,0.225,0.406,0.151,0.311,0.418,90.0,104.0,101.0,116.0,104.0,110.0,96.0,103.0,99.0,92.0,104.0,99.0,,,,0.315,0.204,,0.296,0.185,0.72,,0.61,0.31,-0.38,94.3,,84.1,93.8,82.6,,,,,,,0.255,0.398,0.131,0.245,0.409,0.33,,,,,,,0.254,0.456,0.276,,,,,,,,,,0.216,0.357,0.305,,,,,,,,,,,,
2023/06/13,7:06 PM.,TOR,BAL,home,Partly Cloudy.,79,605135,SS,3,1,1,0,0,0,0,0,1,0,2,.228,.271,.370,.641,605135,chrisbassitt,Bassitt,Right,Chris Bassitt,TOR,3.6,4.04,200.0,100.0,92.0,99.0,0.8,8.37,2.66,7.92,1.26,1.12,0.271,0.381,0.165,0.285,0.459,72.0,93.0,91.0,93.0,92.0,100.0,74.0,106.0,98.0,92.0,104.0,98.0,95.0,105.0,102.0,0.393,0.093,0.153,0.126,0.065,-3.9,-1.13,2.11,0.67,1.71,92.4,87.8,84.1,91.9,70.7,0.192,0.295,0.318,0.274,0.496,0.253,0.22,0.336,0.14400000000000002,0.189,0.351,0.10099999999999999,106.0,93.0,102.0,0.136,-0.72,75.6,0.333,0.652,0.20600000000000002,0.227,0.636,0.191,,,,,,,,,,78.0,84.0,84.0,0.033,-3.07,82.6,0.375,0.563,0.226,,,
2023/06/10,4:06 PM.,KC,BAL,home,Partly Cloudy.,85,663903,SS,4,0,0,0,0,0,0,0,0,3,1,.227,.267,.370,.637,663903,bradysinger,Singer,Right,Brady Singer,KCR,5.52,4.93,159.2,100.0,84.0,95.0,0.789,7.5,2.76,10.26,1.13,1.62,0.23,0.439,0.119,0.387,0.443,53.0,96.0,88.0,,,,89.0,-304.0,-276.0,86.0,99.0,90.0,,,,0.51,0.002,,,0.063,-2.24,,-1.24,,-0.3,90.9,,87.7,92.1,,,,,,,,0.339,0.555,0.113,0.265,0.353,0.10400000000000001,86.0,101.0,104.0,0.426,0.01,84.0,,,,0.0,0.0,0.6,,,,,,,,,,,,,,,,,,,,,
2023/06/09,7:06 PM.,KC,BAL,home,Partly Cloudy.,73,663738,SS,3,0,1,0,0,0,1,2,0,0,2,.232,.272,.379,.651,663738,daniellynchiv,Lynch IV,Left,Daniel Lynch IV,,,,,,,,,,,,,,,,,,,,,,,,,,,,,,,,,,,,,,,,,,,,,,,,,0.417,0.667,0.22699999999999998,,,,0.75,1.5,0.0,0.125,0.156,0.34700000000000003,,,,,,,0.293,0.537,0.166,0.238,0.452,0.28800000000000003,,,,,,,,,,,,,,,,,,,,,
2023/06/08,1:11 PM.,MIL,BAL,away,Sunny.,70,607067,SS,0,1,0,0,0,0,0,0,0,0,0,.230,.271,.379,.650,607067,colinrea,Rea,Right,Colin Rea,MIL,4.55,4.42,124.2,104.0,89.0,99.0,0.786,7.94,2.74,7.94,1.66,1.16,0.216,0.436,0.123,0.359,0.419,,,,101.0,105.0,105.0,82.0,111.0,99.0,96.0,105.0,99.0,87.0,99.0,95.0,0.299,0.193,0.265,0.079,,2.43,-0.01,0.31,-0.94,,93.2,86.7,,92.6,78.8,0.242,0.455,0.231,0.245,0.519,0.293,0.253,0.42,0.136,,,,97.0,109.0,109.0,0.109,-0.31,83.1,0.135,0.27,0.264,0.226,0.377,0.36200000000000004,,,,,,,,,,62.0,96.0,91.0,0.056,-5.76,86.0,0.44,0.84,0.184,,,
2023/06/07,6:41 PM.,MIL,BAL,away,Roof Closed.,70,669203,SS,3,1,1,0,0,0,0,0,0,0,1,.230,.271,.379,.650,669203,corbinburnes,Burnes,Right,Corbin Burnes,MIL,3.39,3.38,193.2,102.0,127.0,107.0,0.736,9.29,3.07,6.55,1.02,1.3,0.21,0.459,0.19,0.29,0.38,82.0,105.0,112.0,160.0,104.0,113.0,,,,103.0,97.0,90.0,127.0,101.0,103.0,0.077,,0.554,0.171,0.112,,1.51,-2.42,1.35,1.07,,94.4,89.3,95.3,79.8,0.133,0.211,0.488,0.209,0.34,0.22699999999999998,0.291,0.564,0.129,0.204,0.258,0.306,144.0,110.0,127.0,0.085,1.12,86.0,,,,0.159,0.275,0.43799999999999994,,,,,,,,,,,,,,,,,,,,,
2023/06/06,6:40 PM.,MIL,BAL,away,Roof Closed.,71,642547,SS,4,0,0,0,0,0,0,0,0,2,2,.228,.270,.380,.650,642547,freddyperalta,"Peralta, F",Right,Freddy Peralta,MIL,3.86,3.35,165.2,102.0,103.0,105.0,0.698,11.41,2.93,7.12,1.41,1.04,0.267,0.455,0.171,0.308,0.405,50.0,97.0,85.0,85.0,103.0,110.0,117.0,104.0,110.0,,,,,,,,0.512,,0.124,0.146,0.89,,,0.2,0.15,94.4,,88.6,,76.9,0.214,0.381,0.33799999999999997,,,,,,,0.224,0.388,0.312,115.0,99.0,104.0,0.218,0.36,82.4,0.213,0.387,0.292,0.203,0.392,0.46,,,,,,,,,,,,,,,,,,,,,
2023/06/04,1:07 PM.,SF,BAL,away,Sunny.,62,543101,SS,4,1,2,1,0,0,0,1,0,2,2,.234,.276,.389,.665,543101,anthonydesclafani,DeSclafani,Right,Anthony DeSclafani,SFG,4.88,5.16,99.2,99.0,94.0,97.0,0.818,7.13,1.81,9.48,1.35,1.22,0.257,0.387,0.162,0.365,0.417,75.0,92.0,86.0,,,,86.0,88.0,84.0,90.0,106.0,99.0,,,,0.277,0.126,,,0.098,-1.8,,-0.66,,-1.71,93.1,,86.4,93.1,,0.16,0.28,0.278,,,,0.283,0.5,0.11199999999999999,0.344,0.5,0.15,101.0,97.0,101.0,0.448,0.88,87.4,0.306,0.528,0.132,0.257,0.429,0.26899999999999996,106.0,109.0,109.0,0.05,-0.59,82.2,,,,,,,,,,,,,,,
2023/06/03,7:06 PM.,SF,BAL,away,Partly Cloudy.,62,502171,SS,3,0,0,0,0,0,0,0,0,1,2,.227,.271,.380,.651,502171,alexcobb,Cobb,Right,Alex Cobb,SFG,3.87,4.73,151.1,102.0,91.0,100.0,0.808,7.79,2.2,9.69,1.13,2.6,0.216,0.43,0.142,0.356,0.399,,,,,,,61.0,79.0,76.0,92.0,103.0,96.0,,,,0.397,0.003,,,,-3.47,,0.33,,,95.8,,,94.5,,0.379,0.638,0.32,,,,0.28,0.435,0.129,,,,113.0,111.0,115.0,0.051,-1.31,86.2,,,,0.333,0.542,0.306,115.0,95.0,103.0,0.162,-1.38,83.6,,,,78.0,103.0,103.0,0.388,0.2,89.5,0.239,0.386,0.24600000000000002,,,
2023/06/02,7:15 PM.,SF,BAL,away,Clear.,60,657277,SS,2,0,1,0,0,0,1,0,0,0,0,.231,.276,.388,.664,657277,loganwebb,Webb,Right,Logan Webb,SFG,3.25,3.63,216.0,104.0,104.0,103.0,0.81,8.08,1.29,8.38,0.83,2.94,0.187,0.465,0.143,0.325,0.419,112.0,106.0,103.0,,,,88.0,119.0,100.0,105.0,103.0,98.0,,,,0.336,0.037,,,0.416,-1.37,,0.31,,2.18,92.6,,87.5,92.3,,,,,,,,0.313,0.481,0.10400000000000001,0.225,0.309,0.228,91.0,100.0,111.0,0.212,0.11,84.3,0.226,0.452,0.3,0.208,0.369,0.28600000000000003,,,,,,,,,,,,,,,,,,,,,
2023/05/31,3:05 PM.,CLE,BAL,home,Sunny.,79,669456,SS,4,1,1,1,0,0,1,0,0,0,3,.228,.273,.386,.659,669456,shanebieber,Bieber,Right,Shane Bieber,CLE,3.8,4.83,128.0,101.0,100.0,99.0,0.77,7.52,2.39,8.72,0.98,1.56,0.238,0.395,0.147,0.328,0.42,59.0,93.0,85.0,,,,81.0,103.0,96.0,,,,95.0,94.0,93.0,,0.352,0.269,,0.035,0.87,0.43,,,-4.04,91.3,86.5,87.2,,,0.237,0.368,0.32299999999999995,0.316,0.465,0.293,,,,0.5,0.571,0.083,111.0,107.0,109.0,0.207,0.84,84.6,0.257,0.434,0.09300000000000001,0.18,0.331,0.326,155.0,104.0,109.0,0.137,-1.29,82.5,,,,,,,,,,,,,,,
2023/05/30,7:05 PM.,CLE,BAL,home,Partly Cloudy.,73,615698,SS,4,1,1,0,0,0,0,0,0,1,1,.227,.274,.383,.657,615698,calquantrill,Quantrill,Right,Cal Quantrill,CLE,5.24,5.85,99.2,98.0,95.0,95.0,0.83,5.24,3.16,10.02,0.99,1.12,0.224,0.451,0.186,0.311,0.384,85.0,94.0,91.0,103.0,110.0,111.0,75.0,77.0,73.0,86.0,96.0,90.0,103.0,94.0,93.0,0.416,0.01,0.241,0.109,0.101,-2.44,-0.89,0.18,1.28,-2.42,93.8,88.1,86.1,93.7,82.0,0.188,0.313,0.158,0.33,0.495,0.221,0.277,0.428,0.16899999999999998,0.344,0.625,0.182,,,,,,,0.333,0.667,0.2,,,,,,,,,,,,,113.0,104.0,104.0,0.123,-1.13,86.8,0.241,0.362,0.225,,,
2023/05/29,1:06 PM.,CLE,BAL,home,Overcast.,81,671106,SS,3,0,0,0,0,0,0,0,0,1,0,.227,.274,.387,.661,671106,loganallen,"Allen, L.T.",Left,Logan Allen,CLE,3.81,4.42,125.1,102.0,86.0,100.0,0.773,8.55,3.45,9.12,1.15,1.17,0.247,0.432,0.155,0.337,0.414,60.0,104.0,105.0,,,,82.0,101.0,95.0,,,,110.0,97.0,98.0,,0.451,0.089,,0.213,-0.12,-2.1,,,1.49,91.4,86.3,82.7,,,,,,0.462,0.692,0.17,,,,0.191,0.223,0.33,108.0,98.0,101.0,0.247,-0.74,79.3,0.257,0.482,0.177,0.3,0.3,0.368,,,,,,,,,,,,,,,,,,,,,
2023/05/28,1:36 PM.,TEX,BAL,home,Partly Cloudy.,71,674003,SS,3,0,1,0,0,0,0,0,0,0,1,.231,.280,.395,.675,674003,codybradford,Bradford,Left,Cody Bradford,TEX,5.3,4.42,56.0,106.0,72.0,101.0,0.79,8.2,1.93,9.0,1.77,0.69,0.259,0.406,0.135,0.365,0.441,91.0,100.0,102.0,,,,64.0,109.0,99.0,,,,,,,,0.546,0.134,,0.276,0.16,-1.23,,,0.74,90.4,86.6,82.1,,,,,,0.316,0.737,0.17,,,,0.2,0.283,0.33899999999999997,66.0,104.0,103.0,0.044,-6.76,83.1,0.26,0.535,0.18600000000000003,0.5,0.9,0.15,,,,,,,,,,,,,,,,,,,,,
2023/05/27,4:10 PM.,TEX,BAL,home,Partly Cloudy.,78,571760,SS,3,0,1,0,0,0,0,1,0,0,0,.229,.278,.396,.674,571760,andrewheaney,Heaney,Left,Andrew Heaney,TEX,4.15,4.55,147.1,100.0,103.0,100.0,0.768,9.22,3.67,8.74,1.4,0.96,0.255,0.44,0.121,0.343,0.399,101.0,97.0,92.0,80.0,143.0,68.0,107.0,99.0,99.0,,,,,,,,0.579,,0.0,0.169,0.1,,,-3.87,-0.11,92.5,,84.0,,74.4,,,,,,,,,,0.274,0.452,0.24,94.0,104.0,108.0,0.252,-1.35,82.0,0.236,0.431,0.256,0.259,0.443,0.29600000000000004,,,,,,,,,,,,,,,,,,,,,
2023/05/26,7:06 PM.,TEX,BAL,home,Clear.,73,592351,SS,3,0,0,0,0,0,0,0,0,3,1,.227,.277,.397,.674,592351,jongray,"Gray, Jn",Right,Jon Gray,TEX,4.12,4.48,157.1,101.0,97.0,100.0,0.758,8.12,3.09,8.52,1.26,1.1,0.288,0.348,0.157,0.324,0.437,77.0,96.0,97.0,99.0,90.0,98.0,82.0,100.0,92.0,,,,,,,,0.424,,0.062,0.116,-1.83,,,-1.69,1.71,95.7,,88.8,,78.2,0.263,0.737,0.27,,,,,,,0.211,0.268,0.213,116.0,103.0,109.0,0.398,2.33,87.2,0.346,0.551,0.179,0.105,0.211,0.324,,,,,,,,,,,,,,,,,,,,,
2023/05/25,7:09 PM.,NYY,BAL,away,Clear.,66,657376,SS,4,0,0,0,0,0,0,0,0,1,0,.232,.283,.406,.689,657376,clarkeschmidt,Schmidt,Right,Clarke Schmidt,NYY,4.64,4.33,159.0,102.0,102.0,104.0,0.783,8.43,2.6,9.57,1.36,1.16,0.232,0.447,0.154,0.309,0.439,31.0,95.0,88.0,,,,,,,68.0,103.0,88.0,96.0,106.0,105.0,0.241,,0.279,,0.015,,0.27,-0.2,,-7.35,,91.3,89.4,93.4,,0.198,0.314,0.345,0.28,0.457,0.222,0.288,0.447,0.11,0.5,0.5,0.091,109.0,99.0,107.0,0.274,-0.59,86.0,,,,0.276,0.559,0.263,146.0,100.0,118.0,0.191,-0.46,83.7,,,,,,,,,,,,,,,
2023/05/24,8:41 PM.,NYY,BAL,away,Overcast.,62,641482,SS,3,1,1,0,0,0,0,0,1,1,0,.239,.291,.418,.709,641482,nestorcortes,Cortes,Left,Nestor Cortes,NYY,4.97,3.66,63.1,103.0,104.0,104.0,0.79,9.52,2.84,8.38,1.56,0.46,0.233,0.432,0.176,0.29,0.441,92.0,111.0,110.0,,,,102.0,106.0,106.0,138.0,99.0,111.0,110.0,102.0,102.0,0.005,0.521,0.288,,0.028,0.68,0.39,4.05,,-6.99,91.6,86.6,83.4,89.3,,,,,0.26,0.545,0.20600000000000002,,,,0.5,0.6,0.294,92.0,103.0,103.0,0.158,-1.47,76.9,0.213,0.352,0.249,0.2,0.2,0.429,,,,,,,,,,,,,,,,,,,,,
2023/05/23,7:07 PM.,NYY,BAL,away,Clear.,63,543037,SS,3,0,0,0,0,0,0,0,1,1,0,.237,.285,.420,.705,543037,gerritcole,Cole,Right,Gerrit Cole,NYY,2.63,3.48,209.0,104.0,121.0,109.0,0.765,9.56,2.07,6.76,0.86,1.01,0.243,0.366,0.151,0.311,0.425,72.0,100.0,96.0,,,,125.0,104.0,108.0,,,,107.0,103.0,102.0,,0.53,0.07,,0.071,1.66,0.61,,,-0.54,96.7,92.7,89.1,,,0.215,0.269,0.244,0.262,0.377,0.311,,,,0.235,0.51,0.28600000000000003,136.0,105.0,114.0,0.208,1.69,89.1,0.201,0.332,0.228,0.186,0.251,0.327,114.0,103.0,113.0,0.121,0.94,82.9,,,,,,,,,,,,,,,
2023/05/21,1:39 PM.,TOR,BAL,away,Sunny.,59,592332,SS,1,1,0,0,0,0,0,0,0,0,2,.242,.286,.430,.716,592332,kevingausman,Gausman,Right,Kevin Gausman,TOR,3.16,3.85,185.0,104.0,105.0,105.0,0.737,11.53,2.68,7.93,0.92,1.11,0.27,0.384,0.165,0.369,0.399,,,,,,,110.0,104.0,105.0,,,,,,,,0.509,,,,1.13,,,,,94.7,,,,,,,,,,,,,,,,,89.0,89.0,94.0,0.108,-0.97,83.6,0.243,0.409,0.172,0.348,0.565,0.353,,,,,,,,,,105.0,108.0,109.0,0.384,0.3,86.3,0.201,0.307,0.43200000000000005,,,
2023/05/20,3:08 PM.,TOR,BAL,away,Overcast.,59,666201,SS,4,0,0,0,0,0,0,0,0,2,3,.244,.288,.433,.721,666201,alekmanoah,Manoah,Right,Alek Manoah,TOR,5.87,6.12,87.1,95.0,89.0,93.0,0.804,8.14,6.08,9.58,1.55,0.92,0.231,0.407,0.134,0.369,0.388,69.0,98.0,89.0,,,,91.0,95.0,92.0,92.0,96.0,91.0,,,,0.282,0.29,,,0.128,-2.16,,0.68,,-1.01,92.8,,86.3,92.6,,,,,,,,0.25,0.379,0.129,0.273,0.432,0.2,94.0,93.0,96.0,0.3,-1.17,80.8,0.316,0.592,0.244,0.239,0.432,0.28600000000000003,,,,,,,,,,,,,,,,,,,,,
2023/05/19,7:07 PM.,TOR,BAL,away,Roof Closed.,68,579328,SS,4,1,1,0,0,0,0,1,0,2,1,.252,.296,.447,.743,579328,yuseikikuchi,Kikuchi,Left,Yusei Kikuchi,TOR,3.86,4.3,167.2,101.0,105.0,102.0,0.748,9.72,2.58,8.86,1.45,1.04,0.289,0.4,0.152,0.36,0.431,82.0,93.0,83.0,98.0,103.0,105.0,117.0,99.0,102.0,,,,,,,,0.451,,0.193,0.097,0.05,,,0.24,-1.83,95.1,,88.7,,83.1,0.284,0.463,0.307,,,,,,,0.254,0.508,0.193,101.0,105.0,108.0,0.259,1.11,88.7,0.27,0.412,0.268,0.225,0.396,0.302,,,,,,,,,,,,,,,,,,,,,
2023/05/18,12:36 PM.,LAA,BAL,home,Sunny.,67,542881,SS,4,0,0,0,0,0,0,0,0,0,1,.252,.298,.454,.752,542881,tyleranderson,Anderson,Left,Tyler Anderson,LAA,5.43,4.96,141.0,99.0,91.0,96.0,0.747,7.6,4.09,9.32,1.28,0.64,0.246,0.401,0.182,0.289,0.406,92.0,101.0,106.0,105.0,84.0,83.0,81.0,96.0,89.0,92.0,93.0,81.0,104.0,103.0,98.0,0.055,0.374,0.224,0.002,0.338,-1.25,0.48,-3.61,-0.33,0.08,90.1,85.1,80.0,88.5,72.9,,,,0.239,0.366,0.268,0.36,0.68,0.102,0.238,0.381,0.39799999999999996,105.0,76.0,95.0,0.007,-1.06,78.1,0.301,0.566,0.193,0.2,0.2,0.33299999999999996,,,,,,,,,,,,,0.001,-4.72,90.1,,,,,,
2023/05/16,6:37 PM.,LAA,BAL,home,Cloudy.,77,681217,SS,3,1,1,0,0,0,2,0,0,2,0,.261,.307,.470,.777,681217,chasesilseth,Silseth,Right,Chase Silseth,LAA,3.96,4.27,52.1,97.0,93.0,97.0,0.741,9.63,4.47,7.05,1.55,1.68,0.153,0.496,0.117,0.401,0.411,,,,107.0,93.0,97.0,93.0,90.0,85.0,82.0,105.0,97.0,99.0,92.0,92.0,0.148,0.349,0.084,0.024,,-1.53,3.24,1.39,-5.15,,95.0,90.3,,94.3,79.4,0.333,1.333,0.0,0.167,0.167,0.268,0.344,0.469,0.14,,,,102.0,94.0,102.0,0.229,1.7,82.0,0.255,0.553,0.248,0.143,0.571,0.14300000000000002,,,,,,,,,,84.0,108.0,116.0,0.167,1.35,87.2,0.137,0.294,0.345,,,
2023/05/15,6:36 PM.,LAA,BAL,home,Clear.,74,660271,SS,2,0,0,0,0,0,0,1,1,0,1,.259,.309,.473,.782,660271,shoheiohtani,Ohtani,Right,Shohei Ohtani,LAA,3.14,3.82,132.0,96.0,121.0,103.0,0.722,11.39,3.75,5.8,1.23,1.25,0.253,0.441,0.185,0.343,0.457,,,,87.0,97.0,105.0,114.0,99.0,100.0,104.0,94.0,95.0,96.0,89.0,88.0,0.06,0.33,0.156,0.036,,1.64,-0.82,-0.53,1.15,,96.8,88.6,,94.5,75.7,0.111,0.167,0.41700000000000004,0.31,0.606,0.228,0.273,0.409,0.225,,,,136.0,97.0,112.0,0.356,1.81,83.7,0.164,0.236,0.27,0.146,0.339,0.365,,,,,,,,,,129.0,93.0,108.0,0.062,-0.25,88.6,0.179,0.205,0.41100000000000003,,,
2023/05/13,7:06 PM.,PIT,BAL,home,Overcast.,67,672710,SS,3,0,0,0,0,0,0,0,0,0,0,.264,.308,.482,.790,672710,roansycontreras,Contreras,Right,Roansy Contreras,PIT,6.59,5.48,68.1,100.0,98.0,102.0,0.755,7.24,4.21,9.88,1.45,0.92,0.22,0.463,0.117,0.341,0.394,69.0,91.0,89.0,99.0,98.0,103.0,90.0,96.0,93.0,,,,,,,,0.402,,0.117,0.039,-2.43,,,-1.73,2.33,94.3,,89.4,,76.8,0.222,0.593,0.447,,,,,,,0.273,0.273,0.059000000000000004,108.0,105.0,111.0,0.443,0.86,83.6,0.381,0.598,0.09699999999999999,0.0,0.0,0.28600000000000003,,,,,,,,,,,,,,,,,,,,,
2023/05/12,7:06 PM.,PIT,BAL,home,Partly Cloudy.,82,670912,SS,4,0,0,0,0,0,0,0,0,0,3,.271,.316,.495,.811,670912,johanoviedo,Oviedo,Right,Johan Oviedo,PIT,4.31,4.61,177.2,95.0,91.0,95.0,0.759,8.0,4.2,8.16,0.96,1.24,0.234,0.408,0.164,0.316,0.411,75.0,84.0,82.0,87.0,97.0,101.0,83.0,93.0,87.0,100.0,93.0,92.0,,,,0.05,0.392,,0.149,0.041,-1.25,,0.93,0.82,-0.07,95.8,,88.1,95.7,80.9,0.193,0.352,0.308,,,,0.276,0.345,0.065,0.25,0.3,0.35700000000000004,103.0,98.0,104.0,0.367,0.8,88.2,0.277,0.477,0.183,0.21,0.349,0.326,,,,,,,,,,,,,,,,,,,,,
2023/05/10,6:37 PM.,TB,BAL,home,Partly Cloudy.,72,656222,SS,4,0,0,0,0,0,0,0,0,1,5,.282,.327,.515,.842,656222,jalenbeeks,Beeks,Left,Jalen Beeks,TBR,5.95,3.61,42.1,95.0,89.0,90.0,0.729,9.99,4.46,8.93,0.85,1.17,0.285,0.366,0.154,0.309,0.438,112.0,95.0,96.0,,,,65.0,95.0,83.0,,,,92.0,105.0,98.0,,0.435,0.107,,0.443,-0.49,2.73,,,-0.18,94.3,85.7,89.6,,,,,,0.125,0.125,0.588,,,,0.267,0.373,0.317,106.0,71.0,93.0,0.015,-16.85,81.8,0.243,0.419,0.252,1.0,1.5,0.0,,,,,,,,,,,,,,,,,,,,,
2023/05/09,6:36 PM.,TB,BAL,home,Partly Cloudy.,65,621107,SS,3,0,0,0,0,0,1,0,0,0,2,.293,.339,.535,.874,621107,zacheflin,Eflin,Right,Zach Eflin,TBR,3.5,3.02,177.2,108.0,98.0,106.0,0.775,9.42,1.22,8.0,0.96,1.48,0.21,0.449,0.159,0.343,0.449,75.0,99.0,94.0,100.0,110.0,107.0,83.0,123.0,112.0,98.0,107.0,105.0,100.0,106.0,102.0,0.319,0.062,0.261,0.263,0.051,2.53,-0.01,1.09,1.27,-0.61,92.9,88.5,86.4,92.2,79.1,0.185,0.339,0.349,0.307,0.588,0.16699999999999998,0.259,0.315,0.129,0.192,0.308,0.28300000000000003,122.0,120.0,127.0,0.044,0.79,80.0,0.104,0.208,0.32,0.6,0.6,0.5,,,,,,,,,,,,,,,,,,,,,
2023/05/08,6:35 PM.,TB,BAL,home,Partly Cloudy.,81,663556,SS,4,0,1,0,0,0,0,0,0,2,1,.302,.349,.552,.901,663556,shanemcclanahan,McClanahan,Left,Shane McClanahan,TBR,3.29,4.13,115.0,102.0,112.0,106.0,0.694,9.47,3.21,7.43,1.17,1.18,0.28,0.384,0.134,0.355,0.455,115.0,104.0,109.0,115.0,101.0,107.0,111.0,100.0,104.0,,,,,,,,0.419,,0.17,0.258,-0.34,,,1.12,2.65,96.8,,86.9,,83.5,0.197,0.344,0.314,,,,,,,0.153,0.191,0.541,107.0,102.0,105.0,0.153,-0.27,89.3,0.269,0.479,0.233,0.261,0.58,0.29100000000000004,,,,,,,,,,,,,,,,,,,,,
2023/05/07,11:37 AM.,ATL,BAL,away,Partly Cloudy.,73,693821,SS,0,0,0,0,0,0,0,1,0,0,0,.304,.353,.565,.918,693821,bryceelder,Elder,Right,Bryce Elder,ATL,3.81,4.61,174.2,99.0,80.0,95.0,0.785,6.6,3.25,8.24,0.98,1.68,0.218,0.462,0.113,0.357,0.382,64.0,95.0,91.0,,,,62.0,100.0,86.0,82.0,96.0,90.0,,,,0.376,0.134,,,0.137,-1.13,,0.01,,1.3,90.7,,85.0,89.5,,,,,,,,0.28,0.402,0.134,0.188,0.235,0.23600000000000002,92.0,103.0,107.0,0.353,0.97,82.7,0.286,0.495,0.19399999999999998,0.21,0.393,0.337,,,,,,,,,,,,,,,,,,,,,
2023/05/06,7:15 PM.,ATL,BAL,away,Overcast.,73,675911,SS,4,0,1,1,0,0,0,0,0,3,1,.304,.353,.565,.918,675911,spencerstrider,Strider,Right,Spencer Strider,ATL,3.86,3.09,186.2,104.0,125.0,112.0,0.643,13.55,2.8,7.04,1.06,0.78,0.328,0.323,0.142,0.354,0.438,85.0,98.0,101.0,,,,141.0,106.0,116.0,,,,,,,,0.589,,,0.073,0.4,,,,0.97,97.2,,87.0,,,,,,,,,,,,0.122,0.184,0.444,104.0,103.0,107.0,0.338,1.67,85.6,0.256,0.431,0.287,0.154,0.269,0.5529999999999999,,,,,,,,,,,,,,,,,,,,,
2023/05/05,7:20 PM.,ATL,BAL,away,Overcast.,59,608331,SS,4,1,0,0,0,0,0,0,0,2,4,.307,.357,.568,.925,608331,maxfried,Fried,Left,Max Fried,ATL,2.55,2.73,77.2,98.0,96.0,101.0,0.748,9.27,2.09,8.11,0.81,2.26,0.218,0.393,0.147,0.242,0.379,89.0,101.0,106.0,114.0,98.0,106.0,90.0,98.0,99.0,79.0,98.0,88.0,,,,0.117,0.332,0.044,0.231,0.165,0.71,1.44,-0.71,2.64,1.75,94.0,87.5,86.2,93.5,74.2,0.109,0.109,0.391,0.091,0.364,0.19,0.302,0.395,0.23199999999999998,0.232,0.286,0.377,105.0,98.0,105.0,0.11,-0.19,83.6,0.291,0.418,0.177,0.4,0.9,0.275,,,,,,,,,,,,,,,,,,,,,
2023/05/04,1:10 PM.,KC,BAL,away,Overcast.,72,543475,SS,4,2,1,0,0,0,1,1,1,1,4,.321,.372,.595,.967,543475,jordanlyles,Lyles,Right,Jordan Lyles,KCR,6.28,4.93,177.2,101.0,85.0,97.0,0.817,6.08,2.28,8.92,1.98,0.69,0.217,0.463,0.139,0.332,0.402,73.0,95.0,90.0,95.0,97.0,99.0,75.0,101.0,92.0,76.0,103.0,88.0,96.0,99.0,98.0,0.131,0.306,0.076,0.131,0.109,1.11,-0.94,-0.01,-1.6,-1.66,91.2,86.8,85.5,90.5,79.4,0.238,0.476,0.21899999999999997,0.314,0.725,0.19,0.248,0.457,0.158,0.26,0.481,0.257,99.0,107.0,110.0,0.247,-1.31,80.2,0.227,0.444,0.154,0.28,0.543,0.249,,,,,,,,,,,,,,,,,,,,,
2023/05/03,6:41 PM.,KC,BAL,away,Clear.,72,425844,SS,3,0,0,0,0,0,0,0,0,1,2,.325,.371,.613,.984,425844,zackgreinke,Greinke,Right,Zack Greinke,KCR,5.06,5.06,142.1,104.0,85.0,100.0,0.848,6.13,1.45,9.99,1.58,1.19,0.26,0.39,0.147,0.29,0.425,84.0,109.0,109.0,96.0,97.0,104.0,72.0,103.0,92.0,76.0,106.0,93.0,100.0,113.0,103.0,0.157,0.265,0.07,0.141,0.166,0.25,-0.94,-0.92,-2.99,0.06,89.5,85.2,86.5,89.8,72.5,0.386,0.729,0.155,0.32,0.5,0.18600000000000003,0.333,0.609,0.081,0.241,0.37,0.207,94.0,103.0,106.0,0.2,1.12,79.2,0.276,0.472,0.159,0.214,0.282,0.231,,,,0.0,-3.64,57.9,,,,,,,,,,,,,,,
2023/05/02,6:42 PM.,KC,BAL,away,Clear.,67,642232,SS,5,0,1,0,0,0,1,0,0,2,2,.338,.384,.636,1.020,642232,ryanyarbrough,Yarbrough,Left,Ryan Yarbrough,- - -,4.52,4.39,89.2,105.0,79.0,97.0,0.794,6.72,1.41,9.64,1.3,0.95,0.267,0.358,0.219,0.285,0.444,61.0,105.0,94.0,102.0,98.0,108.0,,,,76.0,108.0,89.0,77.0,106.0,93.0,0.002,0.308,0.248,0.26,0.182,0.59,1.48,1.21,-0.24,-2.4,87.0,84.2,78.5,88.2,71.9,0.208,0.386,0.382,0.289,0.378,0.121,,,,0.329,0.6,0.27699999999999997,,,,,,,0.283,0.37,0.127,,,,,,,,,,,,,,,,,,,,,,,,
2023/04/30,1:40 PM.,DET,BAL,away,Cloudy.,51,605513,SS,4,1,1,0,0,1,1,0,0,0,2,.347,.395,.667,1.062,605513,spencerturnbull,Turnbull,Right,Spencer Turnbull,DET,7.26,6.12,31.0,100.0,98.0,97.0,0.801,6.97,4.35,10.74,1.45,1.48,0.272,0.33,0.184,0.369,0.418,122.0,85.0,86.0,92.0,103.0,106.0,92.0,106.0,100.0,91.0,99.0,91.0,,,,0.193,0.405,,0.068,0.11,-1.03,,0.8,-6.82,-2.39,92.9,,87.5,93.4,78.6,0.5,0.8,0.235,,,,0.304,0.391,0.115,0.143,0.286,0.235,104.0,98.0,100.0,0.223,-1.38,83.8,0.273,0.527,0.228,0.29,0.452,0.294,,,,,,,,,,,,,,,,,,,,,
2023/04/29,12:10 PM.,DET,BAL,away,Overcast.,53,593958,SS,3,1,1,0,0,1,3,0,1,1,1,.359,.411,.672,1.083,593958,eduardorodriguez,"Rodriguez, Ed",Left,Eduardo Rodriguez,DET,3.3,4.04,152.2,103.0,83.0,97.0,0.781,8.43,2.83,7.55,0.88,1.1,0.279,0.407,0.152,0.311,0.429,91.0,102.0,103.0,,,,73.0,101.0,91.0,84.0,117.0,107.0,90.0,101.0,98.0,0.093,0.454,0.192,,0.189,0.65,0.51,1.11,,0.71,92.2,88.8,85.9,92.4,,,,,0.2,0.471,0.19399999999999998,0.165,0.228,0.135,0.233,0.292,0.317,103.0,107.0,106.0,0.072,3.12,84.5,0.278,0.431,0.222,0.089,0.178,0.395,,,,,,,,,,,,,,,,,,,,,
2023/04/29,5:10 PM.,DET,BAL,away,Cloudy.,63,571510,SS,4,1,1,0,0,0,0,0,0,0,0,.353,.403,.647,1.050,571510,matthewboyd,Boyd,Left,Matthew Boyd,DET,5.45,4.24,71.0,98.0,86.0,96.0,0.717,9.25,3.17,8.75,1.39,0.9,0.222,0.394,0.153,0.32,0.379,87.0,97.0,101.0,90.0,87.0,92.0,81.0,102.0,94.0,76.0,100.0,90.0,,,,0.07,0.386,,0.074,0.186,-0.64,,2.52,-2.52,0.56,91.4,,80.2,90.8,73.8,0.4,1.0,0.182,,,,0.207,0.207,0.244,0.245,0.367,0.389,95.0,95.0,96.0,0.284,0.57,79.6,0.281,0.509,0.295,0.203,0.338,0.305,,,,,,,,,,,,,,,,,,,,,
2023/04/27,6:41 PM.,DET,BAL,away,Clear.,58,666214,SS,4,1,2,0,0,0,0,2,0,0,2,.361,.406,.639,1.045,666214,joeywentz,Wentz,Left,Joey Wentz,DET,6.9,5.77,105.2,100.0,89.0,95.0,0.766,8.35,4.0,11.16,2.13,0.84,0.228,0.418,0.147,0.357,0.424,95.0,101.0,98.0,102.0,106.0,105.0,80.0,100.0,92.0,,,,91.0,97.0,93.0,,0.416,0.251,0.158,0.175,-2.53,-0.57,,-0.86,-0.22,93.4,86.0,85.0,,77.5,0.247,0.356,0.285,0.271,0.5,0.29100000000000004,,,,0.189,0.392,0.318,,,,,,,0.374,0.682,0.19,,,,,,,,,,,,,,,,,,,,,,,,
2023/04/25,6:35 PM.,BOS,BAL,home,Partly Cloudy.,59,446372,SS,4,2,1,0,0,1,1,0,0,1,3,.351,.400,.649,1.049,446372,coreykluber,Kluber,Right,Corey Kluber,BOS,7.04,6.32,55.0,100.0,94.0,97.0,0.799,6.87,3.44,11.29,2.78,0.63,0.216,0.495,0.137,0.3,0.421,82.0,106.0,96.0,106.0,106.0,110.0,84.0,89.0,80.0,77.0,95.0,86.0,107.0,96.0,93.0,0.263,0.023,0.274,0.282,0.159,-0.55,-3.12,-4.75,-0.11,0.67,88.1,86.1,82.1,88.2,80.5,0.247,0.479,0.261,0.333,0.75,0.184,0.404,0.86,0.10099999999999999,0.19,0.262,0.3,,,,,,,,,,,,,,,,,,,,,,,,,,,,,,,,,
2023/04/24,6:36 PM.,BOS,BAL,home,Partly Cloudy.,59,519242,SS,3,1,1,1,0,0,0,0,0,0,2,.358,.410,.623,1.033,519242,chrissale,Sale,Left,Chris Sale,BOS,4.3,3.61,102.2,100.0,94.0,99.0,0.725,10.96,2.54,7.63,1.31,0.86,0.293,0.384,0.16,0.308,0.405,81.0,103.0,99.0,,,,99.0,102.0,100.0,98.0,94.0,96.0,,,,0.062,0.432,,,0.131,0.46,,-1.13,,-1.09,93.9,,86.1,93.3,,,,,,,,0.267,0.5,0.16699999999999998,0.309,0.473,0.322,92.0,98.0,100.0,0.375,0.7,77.8,0.252,0.437,0.23399999999999999,0.162,0.358,0.389,,,,,,,,,,,,,,,,,,,,,
2023/04/23,1:36 PM.,DET,BAL,home,Cloudy.,64,593958,SS,3,1,1,0,0,0,0,0,0,1,0,.360,.414,.620,1.034,593958,eduardorodriguez,"Rodriguez, Ed",Left,Eduardo Rodriguez,DET,3.3,4.04,152.2,103.0,83.0,97.0,0.781,8.43,2.83,7.55,0.88,1.1,0.279,0.407,0.152,0.311,0.429,91.0,102.0,103.0,,,,73.0,101.0,91.0,84.0,117.0,107.0,90.0,101.0,98.0,0.093,0.454,0.192,,0.189,0.65,0.51,1.11,,0.71,92.2,88.8,85.9,92.4,,,,,0.2,0.471,0.19399999999999998,0.165,0.228,0.135,0.233,0.292,0.317,103.0,107.0,106.0,0.072,3.12,84.5,0.278,0.431,0.222,0.089,0.178,0.395,,,,,,,,,,,,,,,,,,,,,
2023/04/19,7:05 PM.,WSH,BAL,away,Clear.,74,669022,SS,1,0,0,0,0,0,0,0,0,0,0,.362,.418,.638,1.056,669022,mackenziegore,Gore,Left,MacKenzie Gore,WSN,4.42,5.2,136.1,97.0,100.0,101.0,0.749,9.97,3.76,8.85,1.78,0.97,0.26,0.391,0.158,0.354,0.409,69.0,88.0,90.0,72.0,99.0,104.0,112.0,98.0,100.0,,,,,,,,0.595,,0.188,0.029,-0.27,,,-0.85,1.1,95.0,,86.5,,83.2,0.257,0.416,0.379,,,,,,,0.188,0.25,0.382,101.0,97.0,102.0,0.188,0.77,88.5,0.279,0.503,0.21600000000000003,0.213,0.415,0.375,,,,,,,,,,,,,,,,,,,,,
2023/04/18,7:05 PM.,WSH,BAL,away,Clear.,69,680686,SS,3,0,1,1,0,0,0,0,0,0,2,.370,.426,.652,1.078,680686,josiahgray,"Gray, Js",Right,Josiah Gray,WSN,3.91,5.03,159.0,95.0,88.0,91.0,0.762,8.09,4.53,8.6,1.25,0.92,0.253,0.453,0.21,0.313,0.389,44.0,96.0,90.0,96.0,95.0,97.0,82.0,91.0,83.0,93.0,101.0,90.0,95.0,95.0,83.0,0.176,0.166,0.181,0.161,0.016,-1.21,-0.09,0.15,0.24,0.6,93.5,88.8,88.6,93.1,82.2,0.221,0.358,0.349,0.243,0.461,0.205,0.313,0.385,0.138,0.286,0.357,0.1,84.0,92.0,96.0,0.299,-0.07,85.1,0.291,0.557,0.20199999999999999,0.163,0.233,0.429,,,,,,,,,,,,,,,,,,,,,
2023/04/16,3:32 PM.,CWS,BAL,away,Overcast.,43,656302,SS,3,1,2,1,0,0,1,1,1,0,1,.372,.431,.651,1.082,656302,dylancease,Cease,Right,Dylan Cease,CHW,4.58,4.13,177.0,97.0,115.0,104.0,0.705,10.88,4.02,8.75,0.97,0.92,0.243,0.432,0.173,0.341,0.376,60.0,90.0,78.0,,,,125.0,95.0,103.0,,,,,,,,0.432,,,0.03,-0.15,,,,1.0,95.6,,74.6,,,0.298,0.538,0.249,,,,,,,0.111,0.111,0.5379999999999999,120.0,101.0,108.0,0.386,0.4,86.3,0.273,0.436,0.205,0.216,0.339,0.433,83.0,94.0,99.0,0.152,-1.83,80.2,,,,,,,,,,,,,,,
2023/04/15,1:10 PM.,CWS,BAL,away,Partly Cloudy.,77,656629,SS,4,1,3,0,0,1,2,0,0,0,3,.350,.413,.625,1.038,656629,michaelkopech,Kopech,Right,Michael Kopech,CHW,5.43,5.77,129.1,91.0,108.0,94.0,0.755,9.32,6.33,8.0,2.02,0.75,0.243,0.41,0.155,0.347,0.384,73.0,82.0,76.0,96.0,97.0,97.0,116.0,89.0,94.0,,,,,,,,0.614,,0.04,0.074,-0.71,,,-0.94,0.15,95.2,,88.7,,80.6,0.158,0.474,0.19399999999999998,,,,,,,0.133,0.3,0.33899999999999997,102.0,97.0,99.0,0.272,-1.5,84.8,0.244,0.462,0.264,0.258,0.516,0.27399999999999997,,,,,,,,,,,,,,,,,,,,,
2023/04/14,6:10 PM.,CWS,BAL,away,Partly Cloudy.,72,605182,SS,1,2,1,1,0,0,1,0,1,0,0,.306,.381,.528,.909,605182,mikeclevinger,Clevinger,Right,Mike Clevinger,CHW,3.77,4.1,131.1,100.0,100.0,100.0,0.8,7.54,2.74,8.29,1.1,0.62,0.259,0.433,0.179,0.269,0.437,80.0,96.0,95.0,80.0,96.0,97.0,101.0,103.0,100.0,91.0,100.0,90.0,90.0,100.0,100.0,0.024,0.479,0.082,0.016,0.128,-0.21,-0.07,1.47,0.55,1.69,94.3,84.9,86.1,93.1,76.0,0.167,0.167,0.2,0.256,0.395,0.264,0.2,0.2,0.2,0.175,0.206,0.293,113.0,97.0,104.0,0.271,0.5,79.4,0.283,0.494,0.174,0.203,0.366,0.306,,,,,,,,,,,,,,,,,,,,,
2023/04/13,1:05 PM.,OAK,BAL,home,Sunny.,84,670124,SS,3,0,0,0,0,0,2,1,0,0,3,.286,.350,.486,.836,670124,adamoller,Oller,Right,Adam Oller,OAK,10.07,7.82,19.2,89.0,98.0,90.0,0.831,5.95,5.49,13.27,2.29,0.61,0.333,0.293,0.12,0.307,0.34,87.0,90.0,74.0,96.0,98.0,101.0,103.0,79.0,80.0,,,,88.0,87.0,86.0,,0.451,0.121,0.376,0.051,-1.28,-5.23,,-1.08,-12.04,93.7,88.8,86.7,,83.3,,,,0.583,1.0,0.192,,,,0.6,1.2,0.0,,,,,,,0.3,0.533,0.163,,,,,,,,,,0.263,0.395,0.294,,,,,,,,,,,,
2023/04/12,6:37 PM.,OAK,BAL,home,Clear.,84,686610,SS,4,0,2,1,0,0,1,0,0,2,1,.313,.389,.531,.920,686610,kenwaldichuk,Waldichuk,Left,Ken Waldichuk,OAK,5.36,4.67,141.0,95.0,91.0,93.0,0.767,8.43,4.53,9.51,1.53,0.99,0.223,0.401,0.155,0.31,0.414,92.0,90.0,88.0,93.0,77.0,85.0,89.0,95.0,92.0,,,,,,,,0.543,,0.02,0.166,-0.52,,,-3.62,-1.4,93.3,,84.2,,74.5,0.333,0.833,0.0,,,,,,,0.34,0.515,0.374,96.0,99.0,100.0,0.271,-0.79,81.1,0.275,0.493,0.17800000000000002,0.218,0.423,0.32799999999999996,,,,,,,,,,,,,,,,,,,,,
2023/04/11,6:36 PM.,OAK,BAL,home,Partly Cloudy.,76,666205,SS,3,2,1,0,0,0,0,1,0,0,3,.286,.375,.500,.875,666205,kylemuller,Muller,Left,Kyle Muller,OAK,7.6,7.4,77.0,97.0,88.0,94.0,0.811,6.55,4.56,13.09,1.87,1.2,0.197,0.46,0.113,0.391,0.453,74.0,72.0,74.0,97.0,103.0,104.0,87.0,99.0,92.0,,,,,,,,0.517,,0.149,0.081,-2.52,,,-2.07,-3.21,93.5,,87.9,,81.2,0.268,0.415,0.284,,,,,,,0.333,0.5,0.387,90.0,98.0,99.0,0.253,-0.45,87.1,0.395,0.663,0.161,0.293,0.475,0.242,,,,,,,,,,,,,,,,,,,,,
2023/04/10,6:36 PM.,OAK,BAL,home,Clear.,64,676664,SS,3,0,0,0,0,0,0,0,0,1,3,.280,.357,.520,.877,676664,jpsears,Sears,Left,JP Sears,OAK,4.54,4.64,172.1,101.0,93.0,100.0,0.779,8.41,2.77,8.62,1.78,0.55,0.283,0.416,0.178,0.301,0.438,83.0,100.0,102.0,,,,93.0,102.0,96.0,,,,,,,0.001,0.501,,,0.151,-0.84,,0.63,,0.36,93.1,,84.1,92.1,,,,,,,,,,,0.277,0.438,0.225,93.0,102.0,106.0,0.346,-0.06,81.4,0.256,0.478,0.217,0.21,0.395,0.28300000000000003,,,,,,,,,,,,,,,,,,,,,
2023/04/09,1:37 PM.,NYY,BAL,home,Partly Cloudy.,55,641482,SS,2,0,0,0,0,0,0,0,0,2,0,.318,.400,.591,.991,641482,nestorcortes,Cortes,Left,Nestor Cortes,NYY,4.97,3.66,63.1,103.0,104.0,104.0,0.79,9.52,2.84,8.38,1.56,0.46,0.233,0.432,0.176,0.29,0.441,92.0,111.0,110.0,,,,102.0,106.0,106.0,138.0,99.0,111.0,110.0,102.0,102.0,0.005,0.521,0.288,,0.028,0.68,0.39,4.05,,-6.99,91.6,86.6,83.4,89.3,,,,,0.26,0.545,0.20600000000000002,,,,0.5,0.6,0.294,92.0,103.0,103.0,0.158,-1.47,76.9,0.213,0.352,0.249,0.2,0.2,0.429,,,,,,,,,,,,,,,,,,,,,
2023/04/07,3:12 PM.,NYY,BAL,home,Overcast.,55,657376,SS,4,1,2,0,0,0,0,1,0,1,3,.350,.435,.650,1.085,657376,clarkeschmidt,Schmidt,Right,Clarke Schmidt,NYY,4.64,4.33,159.0,102.0,102.0,104.0,0.783,8.43,2.6,9.57,1.36,1.16,0.232,0.447,0.154,0.309,0.439,31.0,95.0,88.0,,,,,,,68.0,103.0,88.0,96.0,106.0,105.0,0.241,,0.279,,0.015,,0.27,-0.2,,-7.35,,91.3,89.4,93.4,,0.198,0.314,0.345,0.28,0.457,0.222,0.288,0.447,0.11,0.5,0.5,0.091,109.0,99.0,107.0,0.274,-0.59,86.0,,,,0.276,0.559,0.263,146.0,100.0,118.0,0.191,-0.46,83.7,,,,,,,,,,,,,,,
2023/04/05,1:07 PM.,TEX,BAL,away,Roof Closed.,74,594798,SS,2,0,0,0,0,0,0,0,1,1,2,.313,.421,.688,1.109,594798,jacobdegrom,deGrom,Right,Jacob deGrom,TEX,2.67,1.87,30.1,106.0,161.0,117.0,0.603,13.35,1.19,5.64,0.59,0.83,0.333,0.273,0.212,0.212,0.371,132.0,101.0,106.0,133.0,116.0,132.0,155.0,104.0,112.0,,,,,,,,0.521,,0.02,0.089,2.0,,,6.08,3.57,98.7,,91.4,,84.8,,,,,,,,,,0.1,0.1,0.318,179.0,110.0,125.0,0.37,0.39,91.8,0.177,0.339,0.35,0.189,0.378,0.5329999999999999,,,,,,,,,,,,,,,,,,,,,
2023/04/04,7:07 PM.,TEX,BAL,away,Roof Closed.,74,571760,SS,4,2,2,0,0,1,2,0,0,0,0,.357,.438,.786,1.224,571760,andrewheaney,Heaney,Left,Andrew Heaney,TEX,4.15,4.55,147.1,100.0,103.0,100.0,0.768,9.22,3.67,8.74,1.4,0.96,0.255,0.44,0.121,0.343,0.399,101.0,97.0,92.0,80.0,143.0,68.0,107.0,99.0,99.0,,,,,,,,0.579,,0.0,0.169,0.1,,,-3.87,-0.11,92.5,,84.0,,74.4,,,,,,,,,,0.274,0.452,0.24,94.0,104.0,108.0,0.252,-1.35,82.0,0.236,0.431,0.256,0.259,0.443,0.29600000000000004,,,,,,,,,,,,,,,,,,,,,
2023/04/03,7:08 PM.,TEX,BAL,away,Roof Closed.,74,592351,SS,3,1,1,0,0,1,1,0,0,1,0,.300,.417,.600,1.017,592351,jongray,"Gray, Jn",Right,Jon Gray,TEX,4.12,4.48,157.1,101.0,97.0,100.0,0.758,8.12,3.09,8.52,1.26,1.1,0.288,0.348,0.157,0.324,0.437,77.0,96.0,97.0,99.0,90.0,98.0,82.0,100.0,92.0,,,,,,,,0.424,,0.062,0.116,-1.83,,,-1.69,1.71,95.7,,88.8,,78.2,0.263,0.737,0.27,,,,,,,0.211,0.268,0.213,116.0,103.0,109.0,0.398,2.33,87.2,0.346,0.551,0.179,0.105,0.211,0.324,,,,,,,,,,,,,,,,,,,,,
2023/04/01,4:12 PM.,BOS,BAL,away,Partly Cloudy.,56,519242,SS,4,1,0,0,0,0,1,2,1,1,6,.286,.444,.286,.730,519242,chrissale,Sale,Left,Chris Sale,BOS,4.3,3.61,102.2,100.0,94.0,99.0,0.725,10.96,2.54,7.63,1.31,0.86,0.293,0.384,0.16,0.308,0.405,81.0,103.0,99.0,,,,99.0,102.0,100.0,98.0,94.0,96.0,,,,0.062,0.432,,,0.131,0.46,,-1.13,,-1.09,93.9,,86.1,93.3,,,,,,,,0.267,0.5,0.16699999999999998,0.309,0.473,0.322,92.0,98.0,100.0,0.375,0.7,77.8,0.252,0.437,0.23399999999999999,0.162,0.358,0.389,,,,,,,,,,,,,,,,,,,,,
2023/03/30,2:12 PM.,BOS,BAL,away,Sunny.,38,446372,SS,3,2,2,0,0,0,1,2,1,0,0,.667,.750,.667,1.417,446372,coreykluber,Kluber,Right,Corey Kluber,BOS,7.04,6.32,55.0,100.0,94.0,97.0,0.799,6.87,3.44,11.29,2.78,0.63,0.216,0.495,0.137,0.3,0.421,82.0,106.0,96.0,106.0,106.0,110.0,84.0,89.0,80.0,77.0,95.0,86.0,107.0,96.0,93.0,0.263,0.023,0.274,0.282,0.159,-0.55,-3.12,-4.75,-0.11,0.67,88.1,86.1,82.1,88.2,80.5,0.247,0.479,0.261,0.333,0.75,0.184,0.404,0.86,0.10099999999999999,0.19,0.262,0.3,,,,,,,,,,,,,,,,,,,,,,,,,,,,,,,,,
