date,time,opponent,team,location,weather,temp,opposingPitcherId,position,ab,r,h,doubles,triples,hr,rbi,sb,bb,k,lob,avg,obp,slg,ops,id,fullName,boxscoreName,PitchingHand,PlayerName,Team,ERA,xERA,IP,Location+,Stuff+,Pitching+,Contact%,K/9,BB/9,H/9,HR/9,GB/FB,Oppo%,Pull%,Soft%,Hard%,Zone%,Stf+ CH,Loc+ CH,Pit+ CH,Stf+ CU,Loc+ CU,Pit+ CU,Stf+ FA,Loc+ FA,Pit+ FA,Stf+ SI,Loc+ SI,Pit+ SI,Stf+ SL,Loc+ SL,Pit+ SL,SI%,FA%,SL%,CU%,CH%,wFA/C,wSI/C,wSL/C,wCU/C,wCH/C,vFA,vCH,vSI,vSL,vCU,FF_ba,FF_slg,FF_whiff,CH_ba,CH_slg,CH_whiff,SI_ba,SI_slg,SI_whiff,SL_ba,SL_slg,SL_whiff,CU_ba,CU_slg,CU_whiff,Stf+ KC,Loc+ KC,Pit+ KC,Stf+ FS,Loc+ FS,Pit+ FS,FS%,KC%,wFS/C,wKC/C,vFS,vKC,FS_ba,FS_slg,FS_whiff,Stf+ FC,Loc+ FC,Pit+ FC,FC%,wFC/C,vFC,FC_ba,FC_slg,FC_whiff,vKN (sc),KN%,wKN/C
2023/07/17,6:39 PM.,LAA,NYY,away,Clear.,79,656288,C,3,0,0,0,0,0,0,0,0,1,2,.210,.257,.312,.569,656288,griffincanning,Canning,Right,Griffin Canning,LAA,4.32,4.01,127.0,102.0,96.0,101.0,0.734,9.85,2.55,8.57,1.56,1.1,0.239,0.41,0.129,0.382,0.442,89.0,101.0,101.0,91.0,98.0,103.0,78.0,101.0,93.0,81.0,95.0,86.0,124.0,105.0,110.0,0.006,0.348,0.299,0.134,0.213,-0.21,-8.61,0.1,-0.53,1.6,94.7,90.2,95.0,88.4,81.8,0.235,0.5,0.28300000000000003,0.213,0.339,0.248,0.333,1.333,0.0,0.261,0.344,0.34,0.271,0.667,0.252,,,,,,,,,,,,,,,,,,,,,,,,,,,
2023/07/16,1:13 PM.,COL,NYY,away,Sunny.,86,502624,C,2,0,1,0,0,0,0,0,0,1,1,.214,.262,.318,.580,502624,chaseanderson,Anderson,Right,Chase Anderson,- - -,5.42,4.96,86.1,99.0,82.0,94.0,0.8,6.67,3.44,9.38,1.77,0.84,0.261,0.354,0.153,0.325,0.397,71.0,106.0,104.0,75.0,91.0,92.0,67.0,93.0,82.0,70.0,96.0,82.0,104.0,114.0,115.0,0.073,0.312,0.082,0.041,0.229,-2.17,-5.45,0.92,-4.22,2.14,93.3,83.9,92.6,80.6,77.6,0.351,0.619,0.17300000000000001,0.163,0.25,0.287,0.545,0.955,0.073,0.172,0.172,0.24600000000000002,0.3,0.9,0.125,,,,,,,,,,,,,,,,108.0,98.0,97.0,0.263,0.63,89.2,0.244,0.444,0.226,,,
2023/07/14,6:40 PM.,COL,NYY,away,Partly Cloudy.,82,596295,C,0,0,0,0,0,0,0,0,0,0,0,.211,.255,.316,.571,596295,austingomber,Gomber,Left,Austin Gomber,COL,5.5,5.74,139.0,99.0,78.0,94.0,0.829,5.63,2.78,10.62,1.68,1.1,0.213,0.443,0.151,0.389,0.463,73.0,100.0,98.0,,,,68.0,97.0,85.0,66.0,7.0,2.0,93.0,98.0,102.0,0.012,0.439,0.201,,0.181,-1.99,-5.34,0.96,,-0.07,90.6,81.6,90.8,84.8,,0.344,0.656,0.11800000000000001,0.296,0.509,0.19899999999999998,0.4,1.0,0.16699999999999998,0.275,0.383,0.247,0.226,0.358,0.28,90.0,103.0,104.0,,,,,0.168,,-0.75,,77.6,,,,,,,,,,,,,,,
2023/07/08,1:08 PM.,CHC,NYY,home,Cloudy.,83,592767,C,3,0,0,0,0,0,0,0,0,0,2,.211,.255,.316,.571,592767,drewsmyly,Smyly,Left,Drew Smyly,CHC,5.0,4.13,142.1,98.0,92.0,95.0,0.755,8.92,3.54,9.3,1.64,0.79,0.229,0.428,0.182,0.31,0.382,,,,,,,,,,77.0,94.0,88.0,,,,0.389,,,,,,-1.32,,,,,,91.9,,,,,,,,,0.314,0.6,0.17300000000000001,,,,0.229,0.399,0.36,105.0,102.0,103.0,,,,,0.494,,-0.09,,78.6,,,,86.0,94.0,82.0,0.117,-0.51,88.6,0.293,0.463,0.21600000000000003,,,
2023/07/06,7:08 PM.,BAL,NYY,home,Clear.,85,680694,C,3,0,1,0,0,0,0,0,0,0,0,.215,.259,.322,.581,680694,kylebradish,Bradish,Right,Kyle Bradish,BAL,2.83,3.77,168.2,103.0,126.0,105.0,0.759,8.96,2.35,7.04,0.75,1.61,0.258,0.336,0.116,0.269,0.432,97.0,100.0,98.0,135.0,105.0,109.0,101.0,96.0,96.0,88.0,104.0,98.0,171.0,105.0,116.0,0.207,0.224,0.313,0.173,0.083,-1.0,1.53,1.77,3.99,-0.36,94.5,90.8,95.0,88.1,84.8,0.366,0.602,0.15,0.259,0.37,0.114,0.23,0.367,0.15,0.168,0.272,0.364,0.142,0.165,0.35600000000000004,,,,,,,,,,,,,,,,,,,,,,,,,,,
2023/07/05,7:09 PM.,BAL,NYY,home,Partly Cloudy.,86,665152,C,0,0,0,0,0,0,0,0,0,0,0,.212,.258,.322,.580,665152,deankremer,Kremer,Right,Dean Kremer,BAL,4.12,4.93,172.2,102.0,99.0,100.0,0.785,8.18,2.87,8.91,1.41,1.05,0.282,0.38,0.145,0.311,0.423,86.0,91.0,93.0,93.0,94.0,98.0,106.0,103.0,102.0,84.0,106.0,99.0,116.0,98.0,105.0,0.145,0.371,0.033,0.089,0.123,0.43,1.81,-1.43,-2.29,-1.4,94.6,85.3,91.9,82.8,78.1,0.252,0.409,0.262,0.26,0.377,0.27,0.269,0.38,0.081,0.25,0.417,0.244,0.347,0.592,0.24,,,,,,,,,,,,,,,,104.0,106.0,102.0,0.239,0.02,88.8,0.222,0.416,0.27699999999999997,,,
2023/07/04,1:43 PM.,BAL,NYY,home,Partly Cloudy.,75,502043,C,3,1,1,0,0,1,1,0,1,0,1,.212,.258,.322,.580,502043,kylegibson,Gibson,Right,Kyle Gibson,BAL,4.73,4.8,192.0,100.0,93.0,97.0,0.768,7.36,2.58,9.28,1.08,1.57,0.205,0.452,0.136,0.311,0.394,88.0,99.0,96.0,90.0,102.0,99.0,78.0,96.0,89.0,93.0,101.0,97.0,110.0,105.0,107.0,0.261,0.134,0.184,0.084,0.17,-0.69,-0.08,2.01,0.01,-0.29,92.1,85.5,91.9,81.6,79.5,0.287,0.55,0.156,0.288,0.453,0.29100000000000004,0.289,0.459,0.11,0.147,0.228,0.47100000000000003,0.279,0.419,0.40399999999999997,,,,,,,,,,,,,,,,90.0,95.0,92.0,0.166,-1.02,89.8,0.345,0.552,0.154,,,
2023/07/02,1:17 PM.,STL,NYY,away,Cloudy.,83,656756,C,2,0,0,0,0,0,0,0,0,0,0,.210,.252,.301,.553,656756,jordanmontgomery,Montgomery,Left,Jordan Montgomery,- - -,3.2,3.98,188.2,101.0,97.0,96.0,0.76,7.92,2.29,8.44,0.86,1.24,0.277,0.392,0.143,0.322,0.405,99.0,101.0,98.0,116.0,108.0,111.0,75.0,95.0,84.0,91.0,99.0,91.0,,,,0.426,0.106,,0.222,0.229,-0.68,1.22,,0.84,0.2,93.4,83.5,93.3,,80.5,0.333,0.5,0.195,0.239,0.405,0.392,0.255,0.374,0.141,,,,0.191,0.357,0.371,,,,,,,,,,,,,,,,101.0,102.0,87.0,0.016,-4.4,88.2,0.417,0.667,0.31,,,
2023/07/01,7:32 PM.,STL,NYY,away,Cloudy.,76,669461,C,3,1,1,1,0,0,1,0,0,0,1,.213,.255,.305,.560,669461,matthewliberatore,Liberatore,Left,Matthew Liberatore,STL,5.25,5.96,61.2,93.0,88.0,93.0,0.825,6.71,3.65,9.63,0.73,1.28,0.322,0.342,0.131,0.372,0.426,72.0,100.0,96.0,101.0,87.0,97.0,72.0,98.0,90.0,91.0,92.0,91.0,117.0,88.0,99.0,0.185,0.382,0.127,0.224,0.081,-0.74,1.76,-2.12,-1.62,-0.64,94.2,87.3,94.3,86.6,76.6,0.308,0.49,0.161,0.278,0.389,0.125,0.208,0.302,0.098,0.333,0.533,0.28600000000000003,0.222,0.472,0.33799999999999997,,,,,,,,,,,,,,,,,,,,,,,,,,,
2023/06/29,12:37 PM.,OAK,NYY,away,Sunny.,69,663687,C,4,1,0,0,0,0,0,0,0,1,2,.210,.253,.297,.550,663687,hoganharris,"Harris, H",Left,Hogan Harris,OAK,7.14,5.13,63.0,98.0,82.0,94.0,0.804,8.0,4.0,9.57,1.43,0.9,0.306,0.357,0.184,0.316,0.496,75.0,93.0,96.0,69.0,92.0,89.0,84.0,98.0,92.0,,,,,,,,0.47,0.078,0.06,0.203,-0.58,,-2.5,-1.37,0.61,92.6,80.1,,77.4,74.9,0.25,0.442,0.217,0.205,0.409,0.368,,,,0.278,0.556,0.188,0.3,0.5,0.2,,,,,,,,,,,,,,,,87.0,104.0,98.0,0.188,-1.58,90.5,0.351,0.544,0.16699999999999998,,,
2023/06/27,6:40 PM.,OAK,NYY,away,Partly Cloudy.,58,621112,C,2,0,0,0,0,0,0,0,0,0,1,.216,.255,.306,.561,621112,paulblackburn,Blackburn,Right,Paul Blackburn,OAK,4.43,4.42,103.2,100.0,87.0,97.0,0.778,9.03,3.73,10.16,0.95,1.17,0.246,0.38,0.166,0.297,0.346,67.0,108.0,96.0,89.0,104.0,104.0,77.0,95.0,87.0,82.0,96.0,87.0,91.0,103.0,108.0,0.24,0.146,0.181,0.117,0.112,-2.52,-0.75,0.46,1.69,2.14,91.9,86.0,91.8,80.8,79.1,0.383,0.553,0.17,0.143,0.286,0.389,0.306,0.435,0.15,0.198,0.308,0.344,0.14,0.326,0.245,,,,,,,,,,,,,,,,106.0,100.0,100.0,0.204,-2.38,88.9,0.435,0.624,0.159,,,
2023/06/25,1:37 PM.,TEX,NYY,home,Partly Cloudy.,79,543135,C,3,0,1,0,0,0,0,0,0,0,1,.220,.259,.311,.570,543135,nathaneovaldi,Eovaldi,Right,Nathan Eovaldi,TEX,3.63,3.98,144.0,100.0,101.0,98.0,0.758,8.25,2.94,7.31,0.94,1.59,0.196,0.469,0.14,0.367,0.397,,,,99.0,104.0,102.0,92.0,97.0,93.0,,,,101.0,113.0,109.0,,0.372,0.04,0.135,,0.41,,-3.23,0.86,,95.1,,,83.9,76.0,0.234,0.423,0.183,,,,,,,0.303,0.606,0.13699999999999998,0.2,0.22,0.41700000000000004,,,,125.0,101.0,106.0,0.276,,1.26,,87.9,,0.196,0.314,0.355,86.0,98.0,92.0,0.176,1.33,90.6,0.238,0.417,0.198,,,
2023/06/23,7:10 PM.,TEX,NYY,home,Overcast.,69,641540,C,2,0,0,0,0,0,0,0,0,0,1,.217,.257,.310,.567,641540,danedunning,Dunning,Right,Dane Dunning,TEX,3.7,4.48,172.2,102.0,84.0,96.0,0.794,7.3,2.87,8.5,1.04,1.41,0.203,0.443,0.146,0.315,0.415,65.0,102.0,92.0,78.0,82.0,84.0,71.0,96.0,85.0,79.0,104.0,94.0,101.0,106.0,106.0,0.331,0.032,0.234,0.016,0.156,-3.75,1.37,0.14,-3.56,-0.87,90.5,85.7,91.0,82.1,78.1,0.294,0.765,0.235,0.301,0.478,0.258,0.246,0.354,0.08,0.212,0.364,0.345,0.25,0.25,0.5,,,,,,,,0.032,,-0.43,,77.5,,,,90.0,100.0,95.0,0.2,0.82,88.9,0.258,0.393,0.231,,,
2023/06/20,7:08 PM.,SEA,NYY,home,Partly Cloudy.,72,669923,C,3,0,1,0,0,0,0,0,0,0,0,.220,.261,.315,.576,669923,georgekirby,Kirby,Right,George Kirby,SEA,3.35,3.9,190.2,110.0,106.0,109.0,0.799,8.12,0.9,8.45,1.04,1.19,0.298,0.407,0.177,0.327,0.482,94.0,107.0,111.0,,,,97.0,111.0,105.0,106.0,110.0,109.0,126.0,106.0,112.0,0.216,0.394,0.197,,0.018,1.34,0.43,1.03,,-5.31,96.1,86.6,95.8,86.3,,0.234,0.392,0.28,0.5,0.9,0.125,0.261,0.383,0.131,0.264,0.377,0.22,0.265,0.458,0.159,,,,95.0,103.0,110.0,0.061,0.115,1.07,0.35,84.9,81.8,0.143,0.286,0.35700000000000004,,,,,,,,,,75.1,0.001,0.26
2023/06/18,7:11 PM.,BOS,NYY,away,Partly Cloudy.,65,678394,C,1,0,1,0,0,0,0,0,0,0,0,.218,.260,.315,.575,678394,brayanbello,Bello,Right,Brayan Bello,BOS,4.24,4.16,157.0,100.0,90.0,98.0,0.778,7.57,2.58,9.46,1.38,1.94,0.194,0.48,0.144,0.351,0.408,80.0,103.0,99.0,,,,83.0,102.0,93.0,93.0,101.0,98.0,103.0,94.0,103.0,0.364,0.207,0.175,,0.239,-1.91,0.52,-1.86,,1.38,95.5,86.2,95.0,85.3,,0.31,0.646,0.19899999999999998,0.196,0.291,0.387,0.278,0.435,0.16,0.3,0.456,0.259,,,,,,,,,,,,,,,,,,,88.0,100.0,88.0,0.015,-6.73,89.1,0.462,1.077,0.20800000000000002,,,
2023/06/18,1:45 PM.,BOS,NYY,away,Cloudy.,64,672391,C,3,0,0,0,0,0,0,0,0,0,1,.211,.254,.309,.563,672391,kalebort,Ort,Right,Kaleb Ort,BOS,6.26,4.64,23.0,95.0,125.0,103.0,0.832,9.39,3.52,10.57,2.35,0.54,0.219,0.288,0.137,0.301,0.43,79.0,114.0,97.0,,,,128.0,96.0,105.0,,,,121.0,90.0,101.0,,0.715,0.233,,0.018,0.1,,-7.25,,-4.1,95.8,90.7,,84.0,,0.25,0.483,0.17,0.333,0.333,0.25,,,,0.423,0.808,0.325,,,,,,,,,,,,,,,,,,,106.0,95.0,96.0,0.034,6.13,91.4,0.0,0.0,0.0,,,
2023/06/14,7:47 PM.,NYM,NYY,away,Partly Cloudy.,70,434378,C,3,1,1,1,0,0,0,0,0,0,2,.217,.260,.317,.577,434378,justinverlander,Verlander,Right,Justin Verlander,- - -,3.22,3.63,162.1,104.0,106.0,105.0,0.8,7.98,2.49,7.71,1.0,0.79,0.232,0.438,0.168,0.307,0.433,102.0,107.0,113.0,105.0,103.0,106.0,97.0,100.0,100.0,,,,127.0,112.0,111.0,,0.5,0.253,0.2,0.047,0.89,,0.97,0.43,-0.23,94.3,85.2,,86.9,78.2,0.235,0.417,0.18100000000000002,0.214,0.286,0.28600000000000003,,,,0.201,0.325,0.292,0.241,0.328,0.244,,,,,,,,,,,,,,,,,,,,,,,,,,,
2023/06/11,7:10 PM.,BOS,NYY,home,Partly Cloudy.,76,678394,C,4,0,1,0,0,0,2,0,0,1,1,.214,.258,.308,.566,678394,brayanbello,Bello,Right,Brayan Bello,BOS,4.24,4.16,157.0,100.0,90.0,98.0,0.778,7.57,2.58,9.46,1.38,1.94,0.194,0.48,0.144,0.351,0.408,80.0,103.0,99.0,,,,83.0,102.0,93.0,93.0,101.0,98.0,103.0,94.0,103.0,0.364,0.207,0.175,,0.239,-1.91,0.52,-1.86,,1.38,95.5,86.2,95.0,85.3,,0.31,0.646,0.19899999999999998,0.196,0.291,0.387,0.278,0.435,0.16,0.3,0.456,0.259,,,,,,,,,,,,,,,,,,,88.0,100.0,88.0,0.015,-6.73,89.1,0.462,1.077,0.20800000000000002,,,
2023/06/09,7:07 PM.,BOS,NYY,home,Cloudy.,68,676477,C,2,0,0,0,0,0,0,0,0,1,0,.212,.258,.310,.568,676477,garrettwhitlock,Whitlock,Right,Garrett Whitlock,BOS,5.15,4.61,71.2,103.0,89.0,106.0,0.747,9.04,1.63,10.3,1.63,1.2,0.25,0.426,0.139,0.375,0.457,101.0,107.0,117.0,,,,67.0,84.0,84.0,93.0,106.0,106.0,73.0,96.0,97.0,0.525,0.004,0.23,,0.241,-2.31,-0.46,0.44,,-2.21,94.6,82.7,94.0,79.6,,,,,0.312,0.559,0.32,0.326,0.538,0.184,0.167,0.333,0.47200000000000003,,,,,,,,,,,,,,,,,,,,,,,,,,,,,,
2023/06/08,7:35 PM.,CWS,NYY,home,Cloudy.,66,605182,C,3,0,1,0,0,0,0,0,0,1,0,.216,.263,.315,.578,605182,mikeclevinger,Clevinger,Right,Mike Clevinger,CHW,3.77,4.1,131.1,100.0,100.0,100.0,0.8,7.54,2.74,8.29,1.1,0.62,0.259,0.433,0.179,0.269,0.437,80.0,96.0,95.0,80.0,96.0,97.0,101.0,103.0,100.0,91.0,100.0,90.0,113.0,97.0,104.0,0.024,0.479,0.271,0.016,0.128,-0.21,1.47,0.5,0.55,1.69,94.3,86.1,93.1,79.4,76.0,0.283,0.494,0.174,0.175,0.206,0.293,0.2,0.2,0.2,0.203,0.366,0.306,0.167,0.167,0.2,,,,,,,,,,,,,,,,90.0,100.0,100.0,0.082,-0.07,84.9,0.256,0.395,0.264,,,
2023/06/06,7:10 PM.,CWS,NYY,home,Cloudy.,68,608337,C,3,0,1,0,0,0,0,0,0,0,0,.213,.261,.315,.576,608337,lucasgiolito,Giolito,Right,Lucas Giolito,- - -,4.88,4.61,184.1,101.0,95.0,101.0,0.737,9.96,3.56,8.25,2.0,0.79,0.262,0.426,0.183,0.343,0.413,99.0,100.0,107.0,81.0,76.0,78.0,84.0,100.0,95.0,,,,107.0,105.0,104.0,,0.419,0.282,0.015,0.283,-0.85,,-0.25,-3.72,-0.2,93.1,80.9,,84.0,77.9,0.262,0.546,0.2,0.209,0.442,0.35200000000000004,,,,0.236,0.438,0.345,0.5,0.5,0.2,,,,,,,,,,,,,,,,,,,,,,,,,,,
2023/06/03,4:18 PM.,LAD,NYY,away,Sunny.,72,675627,C,3,0,0,0,0,0,0,0,0,1,0,.210,.259,.314,.573,675627,michaelgrove,Grove,Right,Michael Grove,LAD,6.13,5.0,69.0,102.0,98.0,103.0,0.742,9.52,2.48,10.83,1.57,1.07,0.188,0.42,0.164,0.343,0.44,123.0,129.0,150.0,,,,86.0,102.0,95.0,,,,106.0,106.0,111.0,0.042,0.327,0.382,,0.003,-3.57,1.99,1.07,,-16.59,94.8,88.0,94.7,85.6,,0.442,0.779,0.083,,,,0.286,0.357,0.14800000000000002,0.2,0.331,0.449,0.308,0.423,0.17600000000000002,98.0,93.0,98.0,,,,,0.17,,-0.36,,78.3,,,,94.0,103.0,105.0,0.075,0.93,89.2,0.261,0.565,0.264,,,
2023/06/02,7:10 PM.,LAD,NYY,away,Clear.,67,477132,C,2,0,1,0,0,0,0,0,0,0,0,.216,.266,.324,.590,477132,claytonkershaw,Kershaw,Left,Clayton Kershaw,LAD,2.46,3.77,131.2,100.0,101.0,101.0,0.733,9.36,2.73,6.84,1.3,1.43,0.23,0.493,0.155,0.332,0.425,34.0,98.0,91.0,94.0,100.0,106.0,96.0,97.0,96.0,90.0,115.0,107.0,112.0,102.0,104.0,0.002,0.369,0.434,0.175,0.017,0.23,14.84,2.06,0.13,-0.46,90.7,84.6,90.9,86.5,73.4,0.281,0.451,0.09699999999999999,0.2,0.2,0.6,0.0,0.0,0.0,0.167,0.338,0.36200000000000004,0.212,0.338,0.33799999999999997,,,,116.0,127.0,165.0,0.002,,13.51,,84.4,,0.0,0.0,0.0,,,,,,,,,,,,
2023/05/31,6:40 PM.,SEA,NYY,away,Cloudy.,60,669923,C,0,0,0,0,0,0,0,0,0,0,0,.210,.262,.320,.582,669923,georgekirby,Kirby,Right,George Kirby,SEA,3.35,3.9,190.2,110.0,106.0,109.0,0.799,8.12,0.9,8.45,1.04,1.19,0.298,0.407,0.177,0.327,0.482,94.0,107.0,111.0,,,,97.0,111.0,105.0,106.0,110.0,109.0,126.0,106.0,112.0,0.216,0.394,0.197,,0.018,1.34,0.43,1.03,,-5.31,96.1,86.6,95.8,86.3,,0.234,0.392,0.28,0.5,0.9,0.125,0.261,0.383,0.131,0.264,0.377,0.22,0.265,0.458,0.159,,,,95.0,103.0,110.0,0.061,0.115,1.07,0.35,84.9,81.8,0.143,0.286,0.35700000000000004,,,,,,,,,,75.1,0.001,0.26
2023/05/30,6:40 PM.,SEA,NYY,away,Clear.,60,669302,C,4,0,0,0,0,0,0,0,1,2,2,.210,.262,.320,.582,669302,logangilbert,"Gilbert, L",Right,Logan Gilbert,SEA,3.73,3.69,190.2,102.0,106.0,102.0,0.767,8.92,1.7,7.98,1.37,1.02,0.238,0.427,0.125,0.333,0.47,,,,,,,88.0,103.0,99.0,55.0,90.0,81.0,133.0,101.0,99.0,0.003,0.419,0.297,,,0.01,-11.33,1.84,,,95.7,,93.7,88.7,,0.28,0.491,0.177,,,,0.667,1.0,0.25,0.211,0.349,0.322,0.214,0.371,0.306,110.0,95.0,103.0,98.0,103.0,117.0,0.148,0.134,0.25,0.39,85.6,80.3,0.174,0.34,0.35,,,,,,,,,,,,
2023/05/17,7:08 PM.,TOR,NYY,away,Roof Closed.,68,605135,C,4,0,0,0,0,0,0,0,0,1,3,.219,.265,.333,.598,605135,chrisbassitt,Bassitt,Right,Chris Bassitt,TOR,3.6,4.04,200.0,100.0,92.0,99.0,0.8,8.37,2.66,7.92,1.26,1.12,0.271,0.381,0.165,0.285,0.459,72.0,93.0,91.0,93.0,92.0,100.0,74.0,106.0,98.0,92.0,104.0,98.0,106.0,93.0,102.0,0.393,0.093,0.136,0.126,0.065,-3.9,2.11,-0.72,0.67,1.71,92.4,84.1,91.9,75.6,70.7,0.333,0.652,0.20600000000000002,0.189,0.351,0.10099999999999999,0.22,0.336,0.14400000000000002,0.227,0.636,0.191,0.192,0.295,0.318,,,,78.0,84.0,84.0,0.033,,-3.07,,82.6,,0.375,0.563,0.226,95.0,105.0,102.0,0.153,-1.13,87.8,0.274,0.496,0.253,,,
2023/05/16,7:09 PM.,TOR,NYY,away,Roof Closed.,68,592332,C,3,1,3,0,0,0,0,0,0,0,0,.228,.276,.348,.624,592332,kevingausman,Gausman,Right,Kevin Gausman,TOR,3.16,3.85,185.0,104.0,105.0,105.0,0.737,11.53,2.68,7.93,0.92,1.11,0.27,0.384,0.165,0.369,0.399,,,,,,,110.0,104.0,105.0,,,,89.0,89.0,94.0,,0.509,0.108,,,1.13,,-0.97,,,94.7,,,83.6,,0.243,0.409,0.172,,,,,,,0.348,0.565,0.353,,,,,,,105.0,108.0,109.0,0.384,,0.3,,86.3,,0.201,0.307,0.43200000000000005,,,,,,,,,,,,
2023/05/14,1:40 PM.,TB,NYY,home,Sunny.,68,621107,C,4,1,0,0,0,0,0,0,0,1,2,.202,.253,.326,.579,621107,zacheflin,Eflin,Right,Zach Eflin,TBR,3.5,3.02,177.2,108.0,98.0,106.0,0.775,9.42,1.22,8.0,0.96,1.48,0.21,0.449,0.159,0.343,0.449,75.0,99.0,94.0,100.0,110.0,107.0,83.0,123.0,112.0,98.0,107.0,105.0,122.0,120.0,127.0,0.319,0.062,0.044,0.263,0.051,2.53,1.09,0.79,1.27,-0.61,92.9,86.4,92.2,80.0,79.1,0.104,0.208,0.32,0.192,0.308,0.28300000000000003,0.259,0.315,0.129,0.6,0.6,0.5,0.185,0.339,0.349,,,,,,,,,,,,,,,,100.0,106.0,102.0,0.261,-0.01,88.5,0.307,0.588,0.16699999999999998,,,
2023/05/13,1:08 PM.,TB,NYY,home,Overcast.,77,663556,C,1,0,0,0,0,0,0,0,0,0,0,.212,.264,.341,.605,663556,shanemcclanahan,McClanahan,Left,Shane McClanahan,TBR,3.29,4.13,115.0,102.0,112.0,106.0,0.694,9.47,3.21,7.43,1.17,1.18,0.28,0.384,0.134,0.355,0.455,115.0,104.0,109.0,115.0,101.0,107.0,111.0,100.0,104.0,,,,107.0,102.0,105.0,,0.419,0.153,0.17,0.258,-0.34,,-0.27,1.12,2.65,96.8,86.9,,89.3,83.5,0.269,0.479,0.233,0.153,0.191,0.541,,,,0.261,0.58,0.29100000000000004,0.197,0.344,0.314,,,,,,,,,,,,,,,,,,,,,,,,,,,
2023/05/12,7:08 PM.,TB,NYY,home,Clear.,82,665001,C,3,0,1,0,0,0,0,0,0,0,2,.214,.267,.345,.612,665001,trevorkelley,Kelley,Right,Trevor Kelley,TBR,5.87,5.34,15.1,99.0,111.0,100.0,0.793,6.46,3.52,9.39,2.35,0.68,0.3,0.48,0.26,0.34,0.386,34.0,82.0,75.0,,,,,,,101.0,103.0,98.0,107.0,93.0,101.0,0.529,,0.46,,0.011,,0.91,-2.06,,-49.23,,79.3,89.1,76.6,,,,,,,,0.25,0.389,0.16399999999999998,0.333,1.333,0.25,,,,,,,,,,,,,,,,,,,,,,,,,,,,,,
2023/05/11,7:07 PM.,TB,NYY,home,Clear.,78,656876,C,3,0,0,0,0,0,0,0,0,1,2,.210,.264,.346,.610,656876,drewrasmussen,Rasmussen,Right,Drew Rasmussen,TBR,2.62,2.91,44.2,109.0,121.0,113.0,0.79,9.47,2.22,7.25,0.4,1.97,0.28,0.424,0.169,0.203,0.487,,,,71.0,106.0,103.0,131.0,111.0,122.0,98.0,109.0,99.0,115.0,121.0,130.0,0.122,0.295,0.151,0.073,,0.17,2.15,3.01,1.91,,95.7,,95.1,84.5,80.0,0.275,0.333,0.20800000000000002,,,,0.273,0.364,0.171,0.129,0.161,0.245,0.2,0.2,0.261,,,,,,,,,,,,,,,,133.0,104.0,106.0,0.359,1.83,88.2,0.204,0.327,0.275,,,
2023/05/09,7:10 PM.,OAK,NYY,home,Partly Cloudy.,62,607968,C,3,1,0,0,0,0,0,0,1,0,2,.218,.274,.359,.633,607968,drewrucinski,Rucinski,Right,Drew Rucinski,OAK,9.0,7.35,18.0,93.0,77.0,87.0,0.831,3.0,7.0,13.5,2.5,1.22,0.162,0.446,0.189,0.351,0.397,63.0,88.0,84.0,96.0,117.0,109.0,69.0,87.0,79.0,84.0,90.0,87.0,79.0,97.0,89.0,0.26,0.289,0.303,0.071,0.077,-2.27,-0.04,-4.74,-14.4,-2.31,89.0,83.6,89.1,84.2,78.8,0.294,0.471,0.152,,,,0.259,0.37,0.023,0.375,0.833,0.36700000000000005,0.667,1.0,0.28600000000000003,,,,,,,,,,,,,,,,,,,,,,,,,,,
2023/05/08,7:08 PM.,OAK,NYY,home,Clear.,73,676664,C,3,1,1,0,0,0,0,0,0,0,0,.227,.275,.373,.648,676664,jpsears,Sears,Left,JP Sears,OAK,4.54,4.64,172.1,101.0,93.0,100.0,0.779,8.41,2.77,8.62,1.78,0.55,0.283,0.416,0.178,0.301,0.438,83.0,100.0,102.0,,,,93.0,102.0,96.0,,,,93.0,102.0,106.0,0.001,0.501,0.346,,0.151,-0.84,0.63,-0.06,,0.36,93.1,84.1,92.1,81.4,,0.256,0.478,0.217,0.277,0.438,0.225,,,,0.21,0.395,0.28300000000000003,,,,,,,,,,,,,,,,,,,,,,,,,,,,,,
2023/05/07,1:40 PM.,TB,NYY,away,Dome.,72,642770,C,4,1,0,0,0,0,1,0,1,0,3,.222,.273,.375,.648,642770,javyguerra,Guerra,Right,Javy Guerra,- - -,6.05,7.3,19.1,85.0,117.0,90.0,0.812,6.52,10.24,7.91,0.93,0.96,0.203,0.39,0.153,0.356,0.412,,,,,,,126.0,85.0,90.0,94.0,82.0,82.0,125.0,87.0,95.0,0.331,0.351,0.318,,,0.83,-0.96,-1.26,,,97.8,,97.4,86.2,,0.179,0.214,0.281,,,,0.333,0.5,0.071,0.4,0.7,0.267,,,,,,,,,,,,,,,,,,,,,,,,,,,,,,
2023/05/05,6:41 PM.,TB,NYY,away,Dome.,72,630023,C,3,0,0,0,0,0,0,0,1,0,0,.235,.278,.397,.675,630023,yonnychirinos,"Chirinos, Y",Right,Yonny Chirinos,- - -,5.4,6.24,85.0,99.0,106.0,92.0,0.839,5.61,2.86,9.64,1.59,1.36,0.192,0.459,0.11,0.37,0.448,,,,,,,61.0,101.0,89.0,105.0,99.0,95.0,97.0,98.0,95.0,0.469,0.018,0.258,,,1.57,-0.31,-2.31,,,92.9,,92.4,88.8,,0.0,0.0,0.25,,,,0.297,0.491,0.11,0.361,0.705,0.153,,,,,,,119.0,99.0,83.0,0.256,,0.57,,85.0,,0.185,0.337,0.315,,,,,,,,,,,,
2023/05/03,7:09 PM.,CLE,NYY,home,Drizzle.,53,669456,PH,1,0,1,0,0,0,1,0,0,0,0,.246,.279,.415,.694,669456,shanebieber,Bieber,Right,Shane Bieber,CLE,3.8,4.83,128.0,101.0,100.0,99.0,0.77,7.52,2.39,8.72,0.98,1.56,0.238,0.395,0.147,0.328,0.42,59.0,93.0,85.0,,,,81.0,103.0,96.0,,,,111.0,107.0,109.0,,0.352,0.207,,0.035,0.87,,0.84,,-4.04,91.3,87.2,,84.6,,0.257,0.434,0.09300000000000001,0.5,0.571,0.083,,,,0.18,0.331,0.326,0.237,0.368,0.32299999999999995,155.0,104.0,109.0,,,,,0.137,,-1.29,,82.5,,,,95.0,94.0,93.0,0.269,0.43,86.5,0.316,0.465,0.293,,,
2023/05/02,7:07 PM.,CLE,NYY,home,Partly Cloudy.,55,676440,C,2,0,0,0,0,0,0,0,1,1,1,.234,.269,.406,.675,676440,tannerbibee,Bibee,Right,Tanner Bibee,CLE,2.98,3.69,142.0,100.0,98.0,101.0,0.763,8.94,2.85,7.73,0.82,0.88,0.244,0.383,0.168,0.302,0.427,101.0,98.0,105.0,88.0,98.0,102.0,91.0,97.0,91.0,,,,110.0,106.0,115.0,,0.471,0.27,0.093,0.166,0.6,,1.35,-1.11,1.07,94.9,83.8,,84.7,78.3,0.243,0.348,0.19,0.213,0.298,0.37799999999999995,,,,0.206,0.355,0.317,0.271,0.479,0.233,,,,,,,,,,,,,,,,,,,,,,,,,,,
2023/05/01,7:09 PM.,CLE,NYY,home,Cloudy.,58,615698,C,3,1,1,0,0,1,1,0,0,0,0,.242,.266,.419,.685,615698,calquantrill,Quantrill,Right,Cal Quantrill,CLE,5.24,5.85,99.2,98.0,95.0,95.0,0.83,5.24,3.16,10.02,0.99,1.12,0.224,0.451,0.186,0.311,0.384,85.0,94.0,91.0,103.0,110.0,111.0,75.0,77.0,73.0,86.0,96.0,90.0,,,,0.416,0.01,,0.109,0.101,-2.44,0.18,,1.28,-2.42,93.8,86.1,93.7,,82.0,0.333,0.667,0.2,0.344,0.625,0.182,0.277,0.428,0.16899999999999998,,,,0.188,0.313,0.158,,,,113.0,104.0,104.0,0.123,,-1.13,,86.8,,0.241,0.362,0.225,103.0,94.0,93.0,0.241,-0.89,88.1,0.33,0.495,0.221,,,
2023/04/29,6:08 PM.,TEX,NYY,away,Roof Closed.,74,543135,C,3,0,0,0,0,0,0,0,0,1,1,.237,.262,.373,.635,543135,nathaneovaldi,Eovaldi,Right,Nathan Eovaldi,TEX,3.63,3.98,144.0,100.0,101.0,98.0,0.758,8.25,2.94,7.31,0.94,1.59,0.196,0.469,0.14,0.367,0.397,,,,99.0,104.0,102.0,92.0,97.0,93.0,,,,101.0,113.0,109.0,,0.372,0.04,0.135,,0.41,,-3.23,0.86,,95.1,,,83.9,76.0,0.234,0.423,0.183,,,,,,,0.303,0.606,0.13699999999999998,0.2,0.22,0.41700000000000004,,,,125.0,101.0,106.0,0.276,,1.26,,87.9,,0.196,0.314,0.355,86.0,98.0,92.0,0.176,1.33,90.6,0.238,0.417,0.198,,,
2023/04/27,7:07 PM.,TEX,NYY,away,Partly Cloudy.,67,571760,C,4,1,3,0,0,1,1,0,0,0,0,.250,.276,.393,.669,571760,andrewheaney,Heaney,Left,Andrew Heaney,TEX,4.15,4.55,147.1,100.0,103.0,100.0,0.768,9.22,3.67,8.74,1.4,0.96,0.255,0.44,0.121,0.343,0.399,101.0,97.0,92.0,80.0,143.0,68.0,107.0,99.0,99.0,,,,94.0,104.0,108.0,,0.579,0.252,0.0,0.169,0.1,,-1.35,-3.87,-0.11,92.5,84.0,,82.0,74.4,0.236,0.431,0.256,0.274,0.452,0.24,,,,0.259,0.443,0.29600000000000004,,,,,,,,,,,,,,,,,,,,,,,,,,,,,,
2023/04/25,6:42 PM.,MIN,NYY,away,Partly Cloudy.,50,657746,C,4,0,1,0,0,0,0,0,0,0,1,.212,.241,.308,.549,657746,joeryan,Ryan,Right,Joe Ryan,MIN,4.51,3.53,161.2,107.0,99.0,105.0,0.749,10.97,1.89,8.63,1.78,0.63,0.232,0.423,0.147,0.326,0.455,,,,,,,102.0,112.0,108.0,,,,102.0,88.0,94.0,,0.569,0.159,,,0.89,,-2.12,,,92.3,,,80.3,,0.24,0.457,0.287,,,,,,,0.32,0.56,0.24100000000000002,,,,,,,91.0,104.0,102.0,0.272,,-0.3,,83.9,,0.242,0.415,0.213,,,,,,,,,,,,
2023/04/24,6:41 PM.,MIN,NYY,away,Partly Cloudy.,49,543243,C,4,0,1,0,0,0,0,0,0,0,2,.208,.240,.313,.553,543243,sonnygray,"Gray, So",Right,Sonny Gray,MIN,2.79,3.66,184.0,101.0,103.0,104.0,0.759,8.95,2.69,7.63,0.39,1.55,0.255,0.424,0.143,0.3,0.422,84.0,95.0,89.0,91.0,98.0,101.0,105.0,99.0,100.0,82.0,99.0,94.0,122.0,108.0,121.0,0.157,0.271,0.205,0.168,0.067,0.61,-0.46,3.25,0.87,-0.63,92.9,87.9,92.8,84.3,79.6,0.301,0.422,0.16399999999999998,0.27,0.405,0.174,0.275,0.413,0.177,0.096,0.117,0.413,0.257,0.371,0.282,,,,,,,,0.001,,-0.41,,72.9,,,,118.0,102.0,102.0,0.131,1.3,87.6,0.265,0.368,0.278,,,
2023/04/22,1:08 PM.,TOR,NYY,home,Sunny.,60,666201,C,3,0,0,0,0,0,0,0,0,1,0,.205,.239,.318,.557,666201,alekmanoah,Manoah,Right,Alek Manoah,TOR,5.87,6.12,87.1,95.0,89.0,93.0,0.804,8.14,6.08,9.58,1.55,0.92,0.231,0.407,0.134,0.369,0.388,69.0,98.0,89.0,,,,91.0,95.0,92.0,92.0,96.0,91.0,94.0,93.0,96.0,0.282,0.29,0.3,,0.128,-2.16,0.68,-1.17,,-1.01,92.8,86.3,92.6,80.8,,0.316,0.592,0.244,0.273,0.432,0.2,0.25,0.379,0.129,0.239,0.432,0.28600000000000003,,,,,,,,,,,,,,,,,,,,,,,,,,,,,,
2023/04/20,4:08 PM.,LAA,NYY,home,Sunny.,63,663776,C,4,0,1,1,0,0,3,0,1,0,6,.220,.256,.341,.597,663776,patricksandoval,Sandoval,Left,Patrick Sandoval,LAA,4.11,4.7,144.2,97.0,92.0,97.0,0.741,7.96,4.6,9.02,0.75,1.55,0.196,0.427,0.166,0.297,0.414,99.0,98.0,100.0,99.0,96.0,101.0,63.0,94.0,89.0,69.0,97.0,86.0,123.0,100.0,107.0,0.111,0.256,0.285,0.09,0.258,-1.22,0.36,0.02,0.27,0.3,93.0,83.0,93.2,86.5,76.5,0.336,0.507,0.156,0.184,0.33,0.43200000000000005,0.269,0.327,0.129,0.2,0.5,0.306,0.286,0.286,0.237,,,,,,,,,,,,,,,,,,,,,,,,,,,
2023/04/19,7:09 PM.,LAA,NYY,home,Clear.,61,656288,C,4,0,1,1,0,0,0,0,0,2,2,.216,.237,.324,.561,656288,griffincanning,Canning,Right,Griffin Canning,LAA,4.32,4.01,127.0,102.0,96.0,101.0,0.734,9.85,2.55,8.57,1.56,1.1,0.239,0.41,0.129,0.382,0.442,89.0,101.0,101.0,91.0,98.0,103.0,78.0,101.0,93.0,81.0,95.0,86.0,124.0,105.0,110.0,0.006,0.348,0.299,0.134,0.213,-0.21,-8.61,0.1,-0.53,1.6,94.7,90.2,95.0,88.4,81.8,0.235,0.5,0.28300000000000003,0.213,0.339,0.248,0.333,1.333,0.0,0.261,0.344,0.34,0.271,0.667,0.252,,,,,,,,,,,,,,,,,,,,,,,,,,,
2023/04/16,1:38 PM.,MIN,NYY,home,Cloudy.,65,641154,C,3,0,1,0,0,0,0,0,0,0,1,.212,.235,.303,.538,641154,pablolopez,"López, P",Right,Pablo López,MIN,3.66,3.0,194.0,107.0,99.0,109.0,0.717,10.86,2.23,8.16,1.11,1.25,0.208,0.438,0.175,0.295,0.428,90.0,108.0,109.0,93.0,110.0,114.0,100.0,108.0,105.0,98.0,105.0,104.0,111.0,106.0,114.0,0.106,0.345,0.214,0.125,0.211,0.1,2.08,1.34,0.25,-0.17,94.9,88.4,94.5,84.4,82.5,0.268,0.468,0.315,0.257,0.41,0.284,0.278,0.342,0.126,0.173,0.287,0.366,0.202,0.33,0.364,,,,,,,,,,,,,,,,,,,,,,,,,,,
2023/04/14,7:08 PM.,MIN,NYY,home,Partly Cloudy.,78,686973,C,3,0,0,0,0,0,0,0,0,0,2,.200,.226,.300,.526,686973,louievarland,Varland,Right,Louie Varland,MIN,4.63,4.58,68.0,106.0,99.0,105.0,0.767,9.4,2.25,8.74,2.12,1.12,0.263,0.376,0.082,0.381,0.467,86.0,91.0,95.0,,,,107.0,111.0,110.0,104.0,93.0,94.0,107.0,107.0,107.0,0.009,0.427,0.132,,0.113,-0.42,6.39,-2.34,,-1.07,95.3,85.9,95.7,83.9,,0.267,0.533,0.237,0.267,0.6,0.264,,,,0.22,0.512,0.263,,,,,,,,,,,,,,,,,,,89.0,105.0,102.0,0.319,0.85,89.3,0.25,0.405,0.285,,,
2023/04/11,6:09 PM.,CLE,NYY,away,Clear.,59,683769,C,4,0,1,0,0,0,1,0,0,1,0,.222,.250,.333,.583,683769,huntergaddis,Gaddis,Right,Hunter Gaddis,CLE,4.5,3.9,42.0,101.0,88.0,96.0,0.848,5.14,3.0,8.79,1.29,0.48,0.3,0.393,0.214,0.329,0.452,57.0,98.0,93.0,93.0,75.0,88.0,87.0,101.0,93.0,,,,102.0,104.0,104.0,,0.399,0.317,0.066,0.182,-0.22,,0.44,-0.85,-1.29,93.4,81.2,,85.3,75.5,0.302,0.476,0.155,0.156,0.469,0.16699999999999998,,,,0.268,0.446,0.16399999999999998,0.0,0.0,0.444,,,,,,,,,,,,,,,,90.0,98.0,86.0,0.036,-1.86,89.0,0.333,0.333,0.231,,,
2023/04/10,6:10 PM.,CLE,NYY,away,Partly Cloudy.,56,669456,C,3,0,0,0,0,0,0,0,0,0,3,.217,.250,.348,.598,669456,shanebieber,Bieber,Right,Shane Bieber,CLE,3.8,4.83,128.0,101.0,100.0,99.0,0.77,7.52,2.39,8.72,0.98,1.56,0.238,0.395,0.147,0.328,0.42,59.0,93.0,85.0,,,,81.0,103.0,96.0,,,,111.0,107.0,109.0,,0.352,0.207,,0.035,0.87,,0.84,,-4.04,91.3,87.2,,84.6,,0.257,0.434,0.09300000000000001,0.5,0.571,0.083,,,,0.18,0.331,0.326,0.237,0.368,0.32299999999999995,155.0,104.0,109.0,,,,,0.137,,-1.29,,82.5,,,,95.0,94.0,93.0,0.269,0.43,86.5,0.316,0.465,0.293,,,
2023/04/09,1:37 PM.,BAL,NYY,away,Partly Cloudy.,55,669330,C,4,1,1,0,0,0,0,0,0,1,0,.250,.286,.400,.686,669330,tylerwells,"Wells, T",Right,Tyler Wells,BAL,3.64,3.96,118.2,103.0,93.0,101.0,0.765,8.87,2.58,6.29,1.9,0.59,0.244,0.371,0.175,0.337,0.415,126.0,106.0,111.0,84.0,95.0,100.0,84.0,102.0,99.0,,,,88.0,108.0,103.0,,0.377,0.164,0.078,0.185,0.59,,1.18,0.41,0.43,92.5,85.4,,84.0,74.1,0.2,0.467,0.266,0.196,0.382,0.32799999999999996,,,,0.149,0.23,0.28,0.217,0.348,0.184,,,,,,,,,,,,,,,,85.0,100.0,96.0,0.195,0.67,88.7,0.212,0.537,0.193,,,
2023/04/07,3:12 PM.,BAL,NYY,away,Overcast.,55,665152,C,3,1,0,0,0,0,0,0,1,0,3,.250,.294,.438,.732,665152,deankremer,Kremer,Right,Dean Kremer,BAL,4.12,4.93,172.2,102.0,99.0,100.0,0.785,8.18,2.87,8.91,1.41,1.05,0.282,0.38,0.145,0.311,0.423,86.0,91.0,93.0,93.0,94.0,98.0,106.0,103.0,102.0,84.0,106.0,99.0,116.0,98.0,105.0,0.145,0.371,0.033,0.089,0.123,0.43,1.81,-1.43,-2.29,-1.4,94.6,85.3,91.9,82.8,78.1,0.252,0.409,0.262,0.26,0.377,0.27,0.269,0.38,0.081,0.25,0.417,0.244,0.347,0.592,0.24,,,,,,,,,,,,,,,,104.0,106.0,102.0,0.239,0.02,88.8,0.222,0.416,0.27699999999999997,,,
2023/04/05,1:08 PM.,PHI,NYY,home,Drizzle.,48,605400,C,3,1,1,0,0,1,2,0,0,1,2,.308,.308,.538,.846,605400,aaronnola,"Nola, Aa",Right,Aaron Nola,PHI,4.46,3.71,193.2,107.0,101.0,106.0,0.76,9.39,2.09,8.27,1.49,1.13,0.215,0.477,0.156,0.323,0.419,70.0,111.0,103.0,,,,95.0,107.0,103.0,100.0,107.0,101.0,,,,0.188,0.295,,,0.126,-0.03,0.46,,,0.14,92.7,85.9,91.8,,,0.246,0.503,0.217,0.22,0.319,0.319,0.279,0.416,0.106,,,,0.221,0.398,0.33299999999999996,118.0,105.0,113.0,,,,,0.316,,0.47,,79.4,,,,111.0,110.0,105.0,0.075,0.4,86.3,0.246,0.508,0.301,,,
2023/04/03,7:08 PM.,PHI,NYY,home,Partly Cloudy.,53,592836,C,4,0,2,0,0,0,1,0,0,0,3,.300,.300,.300,.600,592836,taijuanwalker,"Walker, T",Right,Taijuan Walker,PHI,4.38,4.36,172.2,99.0,94.0,97.0,0.808,7.19,3.7,8.08,1.04,1.21,0.217,0.43,0.167,0.326,0.382,,,,92.0,91.0,94.0,79.0,98.0,90.0,81.0,100.0,93.0,124.0,109.0,114.0,0.233,0.176,0.026,0.057,,-0.82,0.53,-1.43,-1.07,,92.8,,92.4,82.5,74.8,0.257,0.541,0.254,,,,0.273,0.429,0.1,0.158,0.632,0.342,0.212,0.485,0.36,,,,104.0,97.0,100.0,0.332,,0.48,,87.9,,0.205,0.295,0.244,99.0,103.0,100.0,0.176,-0.44,87.1,0.284,0.441,0.158,,,
2023/04/01,4:09 PM.,SF,NYY,home,Sunny.,68,502171,C,3,0,0,0,0,0,0,0,0,0,1,.167,.167,.167,.334,502171,alexcobb,Cobb,Right,Alex Cobb,SFG,3.87,4.73,151.1,102.0,91.0,100.0,0.808,7.79,2.2,9.69,1.13,2.6,0.216,0.43,0.142,0.356,0.399,,,,,,,61.0,79.0,76.0,92.0,103.0,96.0,113.0,111.0,115.0,0.397,0.003,0.051,,,-3.47,0.33,-1.31,,,95.8,,94.5,86.2,,,,,,,,0.28,0.435,0.129,0.333,0.542,0.306,0.379,0.638,0.32,115.0,95.0,103.0,78.0,103.0,103.0,0.388,0.162,0.2,-1.38,89.5,83.6,0.239,0.386,0.24600000000000002,,,,,,,,,,,,
2023/03/30,1:10 PM.,SF,NYY,home,Sunny.,39,657277,C,3,1,1,0,0,0,0,0,0,2,0,.333,.333,.333,.666,657277,loganwebb,Webb,Right,Logan Webb,SFG,3.25,3.63,216.0,104.0,104.0,103.0,0.81,8.08,1.29,8.38,0.83,2.94,0.187,0.465,0.143,0.325,0.419,112.0,106.0,103.0,,,,88.0,119.0,100.0,105.0,103.0,98.0,91.0,100.0,111.0,0.336,0.037,0.212,,0.416,-1.37,0.31,0.11,,2.18,92.6,87.5,92.3,84.3,,0.226,0.452,0.3,0.225,0.309,0.228,0.313,0.481,0.10400000000000001,0.208,0.369,0.28600000000000003,,,,,,,,,,,,,,,,,,,,,,,,,,,,,,
2023/03/28,12:04 PM.,WSH,NYY,away,Partly Cloudy.,55,592866,C,1,0,0,0,0,0,0,0,1,0,0,.286,.375,.393,.768,592866,trevorwilliams,Williams,Right,Trevor Williams,WSN,5.55,5.66,144.1,104.0,81.0,96.0,0.831,6.92,3.3,11.1,2.12,0.96,0.253,0.4,0.163,0.329,0.387,68.0,105.0,96.0,97.0,95.0,95.0,80.0,107.0,96.0,91.0,100.0,95.0,94.0,114.0,103.0,0.146,0.433,0.182,0.069,0.171,-0.77,-0.45,-1.7,-1.93,-2.25,89.7,83.3,88.2,80.9,76.7,0.283,0.563,0.16699999999999998,0.315,0.483,0.19899999999999998,0.325,0.458,0.188,0.313,0.5,0.281,0.314,0.629,0.2,,,,,,,,,,,,,,,,,,,,,,,,,,,
