date,time,opponent,team,location,weather,temp,opposingPitcherId,position,ab,r,h,doubles,triples,hr,rbi,sb,bb,k,lob,avg,obp,slg,ops,id,fullName,boxscoreName,PitchingHand,PlayerName,Team,ERA,xERA,IP,Location+,Stuff+,Pitching+,Contact%,K/9,BB/9,H/9,HR/9,GB/FB,Oppo%,Pull%,Soft%,Hard%,Zone%,Stf+ CH,Loc+ CH,Pit+ CH,Stf+ CU,Loc+ CU,Pit+ CU,Stf+ FA,Loc+ FA,Pit+ FA,Stf+ SI,Loc+ SI,Pit+ SI,Stf+ FC,Loc+ FC,Pit+ FC,SI%,FA%,FC%,CU%,CH%,wFA/C,wFC/C,wSI/C,wCU/C,wCH/C,vFA,vFC,vCH,vSI,vCU,CU_ba,CU_slg,CU_whiff,FF_ba,FF_slg,FF_whiff,CH_ba,CH_slg,CH_whiff,SI_ba,SI_slg,SI_whiff,FC_ba,FC_slg,FC_whiff,Stf+ SL,Loc+ SL,Pit+ SL,SL%,wSL/C,vSL,SL_ba,SL_slg,SL_whiff,FS%,wFS/C,vFS,FS_ba,FS_slg,FS_whiff,Stf+ FS,Loc+ FS,Pit+ FS,KC%,wKC/C,vKC,Stf+ KC,Loc+ KC,Pit+ KC,SV_ba,SV_slg,SV_whiff,vKN (sc),KN%,wKN/C
2023/09/30,7:15 PM.,BAL,BOS,away,Cloudy.,68,502043,C,4,0,1,0,0,0,0,0,0,0,1,.270,.313,.362,.675,502043,kylegibson,Gibson,Right,Kyle Gibson,BAL,4.73,4.8,192.0,100.0,93.0,97.0,0.768,7.36,2.58,9.28,1.08,1.57,0.205,0.452,0.136,0.311,0.394,88.0,99.0,96.0,90.0,102.0,99.0,78.0,96.0,89.0,93.0,101.0,97.0,90.0,95.0,92.0,0.261,0.134,0.166,0.084,0.17,-0.69,-1.02,-0.08,0.01,-0.29,92.1,89.8,85.5,91.9,79.5,0.279,0.419,0.40399999999999997,0.287,0.55,0.156,0.288,0.453,0.29100000000000004,0.289,0.459,0.11,0.345,0.552,0.154,110.0,105.0,107.0,0.184,2.01,81.6,0.147,0.228,0.47100000000000003,,,,,,,,,,,,,,,,,,,,,
2023/09/26,7:14 PM.,TB,BOS,home,Partly Cloudy.,56,621107,C,0,0,0,0,0,0,0,0,0,0,0,.271,.314,.365,.679,621107,zacheflin,Eflin,Right,Zach Eflin,TBR,3.5,3.02,177.2,108.0,98.0,106.0,0.775,9.42,1.22,8.0,0.96,1.48,0.21,0.449,0.159,0.343,0.449,75.0,99.0,94.0,100.0,110.0,107.0,83.0,123.0,112.0,98.0,107.0,105.0,100.0,106.0,102.0,0.319,0.062,0.261,0.263,0.051,2.53,-0.01,1.09,1.27,-0.61,92.9,88.5,86.4,92.2,79.1,0.185,0.339,0.349,0.104,0.208,0.32,0.192,0.308,0.28300000000000003,0.259,0.315,0.129,0.307,0.588,0.16699999999999998,122.0,120.0,127.0,0.044,0.79,80.0,0.6,0.6,0.5,,,,,,,,,,,,,,,,,,,,,
2023/09/23,4:11 PM.,CWS,BOS,home,Drizzle.,61,656302,C,3,0,1,0,0,0,0,0,0,1,0,.271,.314,.365,.679,656302,dylancease,Cease,Right,Dylan Cease,CHW,4.58,4.13,177.0,97.0,115.0,104.0,0.705,10.88,4.02,8.75,0.97,0.92,0.243,0.432,0.173,0.341,0.376,60.0,90.0,78.0,,,,125.0,95.0,103.0,,,,,,,,0.432,,,0.03,-0.15,,,,1.0,95.6,,74.6,,,0.298,0.538,0.249,0.273,0.436,0.205,0.111,0.111,0.5379999999999999,,,,,,,120.0,101.0,108.0,0.386,0.4,86.3,0.216,0.339,0.433,,,,,,,,,,0.152,-1.83,80.2,83.0,94.0,99.0,,,,,,
2023/09/20,1:08 PM.,TEX,BOS,away,Roof Closed.,74,592351,C,4,0,1,0,0,0,0,0,0,1,2,.270,.314,.365,.679,592351,jongray,"Gray, Jn",Right,Jon Gray,TEX,4.12,4.48,157.1,101.0,97.0,100.0,0.758,8.12,3.09,8.52,1.26,1.1,0.288,0.348,0.157,0.324,0.437,77.0,96.0,97.0,99.0,90.0,98.0,82.0,100.0,92.0,,,,,,,,0.424,,0.062,0.116,-1.83,,,-1.69,1.71,95.7,,88.8,,78.2,0.263,0.737,0.27,0.346,0.551,0.179,0.211,0.268,0.213,,,,,,,116.0,103.0,109.0,0.398,2.33,87.2,0.105,0.211,0.324,,,,,,,,,,,,,,,,,,,,,
2023/09/19,7:09 PM.,TEX,BOS,away,Roof Closed.,74,543135,PH,1,0,0,0,0,0,0,0,0,0,0,.270,.316,.368,.684,543135,nathaneovaldi,Eovaldi,Right,Nathan Eovaldi,TEX,3.63,3.98,144.0,100.0,101.0,98.0,0.758,8.25,2.94,7.31,0.94,1.59,0.196,0.469,0.14,0.367,0.397,,,,99.0,104.0,102.0,92.0,97.0,93.0,,,,86.0,98.0,92.0,,0.372,0.176,0.135,,0.41,1.33,,0.86,,95.1,90.6,,,76.0,0.2,0.22,0.41700000000000004,0.234,0.423,0.183,,,,,,,0.238,0.417,0.198,101.0,113.0,109.0,0.04,-3.23,83.9,0.303,0.606,0.13699999999999998,0.276,1.26,87.9,0.196,0.314,0.355,125.0,101.0,106.0,,,,,,,,,,,,
2023/09/17,1:38 PM.,TOR,BOS,away,Sunny.,68,547943,C,4,0,1,0,0,0,0,0,0,1,4,.272,.317,.370,.687,547943,hyunjinryu,Ryu,Left,Hyun Jin Ryu,TOR,3.46,3.85,52.0,105.0,80.0,95.0,0.802,6.58,2.42,9.17,1.56,1.4,0.234,0.468,0.152,0.327,0.412,74.0,104.0,95.0,88.0,111.0,105.0,75.0,105.0,91.0,73.0,100.0,94.0,92.0,107.0,97.0,0.095,0.317,0.189,0.171,0.228,-0.51,1.27,3.34,-1.45,-2.1,88.6,85.1,78.1,87.7,68.9,0.286,0.429,0.35200000000000004,0.265,0.633,0.11900000000000001,0.276,0.448,0.25,0.133,0.133,0.091,0.238,0.357,0.207,,,,,,,,,,,,,,,,,,,,,,,,,,,,,,
2023/09/15,7:07 PM.,TOR,BOS,away,Clear.,64,621244,C,3,0,0,0,0,0,0,0,0,1,2,.272,.319,.373,.692,621244,joseberrios,Berríos,Right,José Berríos,TOR,3.65,4.51,189.2,104.0,100.0,103.0,0.764,8.73,2.47,8.21,1.19,1.12,0.225,0.406,0.151,0.311,0.418,90.0,104.0,101.0,116.0,104.0,110.0,96.0,103.0,99.0,92.0,104.0,99.0,,,,0.315,0.204,,0.296,0.185,0.72,,0.61,0.31,-0.38,94.3,,84.1,93.8,82.6,,,,0.254,0.456,0.276,0.245,0.409,0.33,0.255,0.398,0.131,,,,,,,,,,,,,,,,,,,,,,,,,,,,0.216,0.357,0.305,,,
2023/09/14,7:15 PM.,NYY,BOS,home,Clear.,70,657376,C,4,0,1,0,0,0,0,0,0,1,1,.277,.324,.380,.704,657376,clarkeschmidt,Schmidt,Right,Clarke Schmidt,NYY,4.64,4.33,159.0,102.0,102.0,104.0,0.783,8.43,2.6,9.57,1.36,1.16,0.232,0.447,0.154,0.309,0.439,31.0,95.0,88.0,,,,,,,68.0,103.0,88.0,96.0,106.0,105.0,0.241,,0.279,,0.015,,0.27,-0.2,,-7.35,,91.3,89.4,93.4,,0.198,0.314,0.345,,,,0.5,0.5,0.091,0.288,0.447,0.11,0.28,0.457,0.222,109.0,99.0,107.0,0.274,-0.59,86.0,0.276,0.559,0.263,,,,,,,,,,0.191,-0.46,83.7,146.0,100.0,118.0,,,,,,
2023/09/12,1:36 PM.,NYY,BOS,home,Cloudy.,74,681190,C,3,0,1,0,0,0,0,0,1,1,0,.278,.326,.383,.709,681190,randyvasquez,"Vásquez, R",Right,Randy Vásquez,NYY,2.87,5.37,37.2,99.0,100.0,96.0,0.85,7.88,4.3,7.17,1.19,0.87,0.227,0.427,0.255,0.273,0.405,83.0,101.0,94.0,84.0,101.0,98.0,100.0,101.0,96.0,89.0,102.0,98.0,107.0,85.0,79.0,0.223,0.262,0.166,0.105,0.118,1.16,-1.61,0.44,-1.21,1.32,94.4,87.7,87.8,94.2,79.7,0.235,0.353,0.276,0.176,0.206,0.16699999999999998,0.1,0.3,0.171,0.235,0.441,0.08,0.3,0.65,0.22899999999999998,133.0,103.0,112.0,0.127,-1.01,80.9,0.235,0.294,0.27,,,,,,,,,,,,,,,,,,,,,
2023/09/10,2:17 PM.,BAL,BOS,home,Rain.,73,680570,C,3,1,1,0,1,0,1,0,0,1,2,.277,.322,.384,.706,680570,graysonrodriguez,"Rodriguez, G",Right,Grayson Rodriguez,BAL,4.35,4.21,122.0,102.0,117.0,108.0,0.759,9.52,3.1,8.93,1.18,1.4,0.226,0.408,0.12,0.372,0.44,110.0,102.0,115.0,146.0,97.0,101.0,116.0,104.0,106.0,,,,76.0,90.0,86.0,,0.496,0.052,0.081,0.224,-0.83,-1.59,,-0.49,1.7,97.4,90.0,83.9,,79.9,0.176,0.353,0.281,0.342,0.535,0.24100000000000002,0.201,0.318,0.28300000000000003,,,,0.333,0.889,0.14300000000000002,126.0,103.0,114.0,0.148,1.92,82.4,0.153,0.169,0.34,,,,,,,,,,,,,,,,,,,,,
2023/09/05,6:40 PM.,TB,BOS,away,Dome.,72,621107,C,1,0,0,0,0,0,0,0,0,0,1,.276,.317,.372,.689,621107,zacheflin,Eflin,Right,Zach Eflin,TBR,3.5,3.02,177.2,108.0,98.0,106.0,0.775,9.42,1.22,8.0,0.96,1.48,0.21,0.449,0.159,0.343,0.449,75.0,99.0,94.0,100.0,110.0,107.0,83.0,123.0,112.0,98.0,107.0,105.0,100.0,106.0,102.0,0.319,0.062,0.261,0.263,0.051,2.53,-0.01,1.09,1.27,-0.61,92.9,88.5,86.4,92.2,79.1,0.185,0.339,0.349,0.104,0.208,0.32,0.192,0.308,0.28300000000000003,0.259,0.315,0.129,0.307,0.588,0.16699999999999998,122.0,120.0,127.0,0.044,0.79,80.0,0.6,0.6,0.5,,,,,,,,,,,,,,,,,,,,,
2023/09/04,4:11 PM.,TB,BOS,away,Dome.,72,650644,C,4,0,0,0,0,0,0,0,0,3,1,.277,.319,.374,.693,650644,aaroncivale,Civale,Right,Aaron Civale,- - -,3.46,3.69,122.1,106.0,105.0,104.0,0.786,8.53,2.43,8.02,0.88,1.0,0.212,0.458,0.149,0.307,0.413,,,,153.0,113.0,120.0,76.0,101.0,91.0,75.0,101.0,89.0,96.0,104.0,103.0,0.185,0.123,0.372,0.244,,-0.65,1.13,1.59,0.77,,91.8,87.7,,92.4,78.1,0.188,0.323,0.273,0.359,0.436,0.243,,,,0.202,0.292,0.14400000000000002,0.261,0.406,0.23399999999999999,128.0,111.0,116.0,0.058,0.15,82.5,0.172,0.345,0.23199999999999998,0.017,-6.33,85.2,0.5,0.625,0.182,58.0,95.0,95.0,,,,,,,,,,,,
2023/09/02,6:13 PM.,KC,BOS,away,Clear.,94,679525,C,4,0,0,0,0,0,0,0,1,1,1,.285,.327,.384,.711,679525,alecmarsh,Marsh,Right,Alec Marsh,KCR,5.69,5.92,74.1,94.0,97.0,94.0,0.728,10.29,4.72,9.32,1.94,0.82,0.178,0.428,0.096,0.356,0.386,78.0,99.0,92.0,100.0,97.0,101.0,96.0,91.0,88.0,98.0,98.0,96.0,,,,0.072,0.373,,0.149,0.149,-0.89,,1.98,-0.87,-3.65,94.2,,87.0,94.1,81.1,0.263,0.474,0.304,0.256,0.523,0.258,0.346,0.654,0.268,0.29,0.452,0.061,,,,106.0,91.0,99.0,0.258,-1.26,86.1,0.233,0.533,0.365,,,,,,,,,,,,,,,,,,,,,
2023/08/29,7:13 PM.,HOU,BOS,home,Cloudy.,69,641585,C,3,0,0,0,0,0,0,0,1,2,4,.293,.331,.395,.726,641585,jpfrance,"France, J",Right,J.P. France,HOU,3.83,4.86,136.1,100.0,103.0,102.0,0.797,6.67,3.1,9.11,1.25,1.14,0.244,0.392,0.135,0.309,0.454,75.0,102.0,112.0,116.0,98.0,100.0,101.0,97.0,98.0,,,,116.0,108.0,103.0,,0.431,0.189,0.137,0.152,-0.26,0.33,,0.16,2.51,93.0,86.8,81.8,,76.0,0.145,0.273,0.42200000000000004,0.308,0.481,0.106,0.183,0.237,0.308,,,,0.317,0.446,0.22,109.0,99.0,105.0,0.091,-2.09,80.1,0.25,0.533,0.298,,,,,,,,,,,,,,,,,,,,,
2023/08/27,1:38 PM.,LAD,BOS,home,Partly Cloudy.,74,657571,PH,1,0,1,0,0,0,0,0,0,0,0,.299,.333,.403,.736,657571,calebferguson,Ferguson,Left,Caleb Ferguson,LAD,3.43,3.85,60.1,101.0,108.0,100.0,0.767,10.44,3.43,9.55,0.6,1.84,0.296,0.361,0.166,0.32,0.451,,,,,,,108.0,102.0,101.0,,,,107.0,101.0,99.0,,0.665,0.307,,,0.19,-0.37,,,,95.8,86.6,,,,,,,0.277,0.34,0.26,,,,,,,0.253,0.427,0.271,120.0,87.0,98.0,0.028,0.92,80.0,0.25,0.25,0.125,,,,,,,,,,,,,,,,,,,,,
2023/08/26,4:13 PM.,LAD,BOS,home,Partly Cloudy.,83,628711,C,1,0,1,0,0,0,1,0,0,0,0,.294,.329,.399,.728,628711,juliourias,"Urías, J",Left,Julio Urías,LAD,4.6,4.16,117.1,105.0,105.0,107.0,0.788,8.97,1.84,8.59,1.84,0.82,0.234,0.471,0.192,0.312,0.453,91.0,109.0,108.0,132.0,103.0,112.0,90.0,101.0,98.0,,,,109.0,124.0,127.0,,0.451,0.092,0.3,0.157,0.02,-0.42,,0.84,-3.03,92.7,87.1,86.1,,79.2,,,,0.267,0.503,0.218,0.296,0.593,0.299,,,,0.186,0.322,0.278,,,,,,,,,,,,,,,,,,,,,,,,,0.233,0.457,0.22899999999999998,,,
2023/08/25,7:12 PM.,LAD,BOS,home,Cloudy.,70,458681,C,4,0,3,1,0,0,0,0,0,0,1,.289,.325,.394,.719,458681,lancelynn,Lynn,Right,Lance Lynn,- - -,5.73,4.86,183.2,102.0,94.0,100.0,0.74,9.36,3.28,9.26,2.16,0.82,0.241,0.419,0.17,0.32,0.403,56.0,95.0,90.0,109.0,97.0,106.0,92.0,105.0,104.0,93.0,95.0,87.0,104.0,105.0,99.0,0.126,0.437,0.23,0.074,0.07,-0.4,-0.35,1.21,-2.24,-1.23,92.4,88.7,84.9,91.4,80.8,0.208,0.453,0.354,0.255,0.52,0.316,0.302,0.372,0.29600000000000004,0.239,0.394,0.177,0.273,0.512,0.267,97.0,98.0,106.0,0.063,-3.65,83.0,0.286,0.446,0.308,,,,,,,,,,,,,,,,,,,,,
2023/08/23,7:10 PM.,HOU,BOS,away,Roof Closed.,73,664353,C,0,0,0,0,0,0,0,0,0,0,0,.275,.313,.377,.690,664353,joseurquidy,Urquidy,Right,José Urquidy,HOU,5.29,4.7,63.0,103.0,102.0,104.0,0.784,6.43,3.57,9.29,1.57,0.83,0.281,0.335,0.202,0.266,0.391,93.0,107.0,106.0,95.0,106.0,104.0,104.0,100.0,102.0,83.0,109.0,99.0,,,,0.096,0.385,,0.115,0.216,-1.58,,-1.38,0.77,1.98,93.1,,86.1,93.8,79.6,0.174,0.261,0.271,0.287,0.632,0.193,0.172,0.259,0.35200000000000004,0.405,0.432,0.059000000000000004,,,,120.0,100.0,108.0,0.188,-1.1,80.6,0.262,0.476,0.368,,,,,,,,,,,,,,,,,,,,,
2023/08/21,7:11 PM.,HOU,BOS,away,Roof Closed.,73,664299,C,4,0,2,0,0,0,0,0,0,1,2,.275,.313,.377,.690,664299,cristianjavier,Javier,Right,Cristian Javier,HOU,4.56,4.42,162.0,98.0,102.0,100.0,0.762,8.83,3.44,7.94,1.39,0.46,0.266,0.368,0.15,0.331,0.399,78.0,101.0,98.0,,,,101.0,98.0,98.0,,,,,,,,0.584,,,0.041,0.44,,,,-1.29,92.7,,83.7,,,0.268,0.366,0.195,0.236,0.455,0.265,0.28,0.36,0.392,,,,,,,108.0,95.0,102.0,0.3,-0.09,79.5,0.211,0.367,0.287,,,,,,,,,,0.075,-1.17,76.6,91.0,99.0,102.0,,,,,,
2023/08/20,1:40 PM.,NYY,BOS,away,Sunny.,82,657376,C,2,0,0,0,0,0,0,0,1,0,1,.269,.308,.373,.681,657376,clarkeschmidt,Schmidt,Right,Clarke Schmidt,NYY,4.64,4.33,159.0,102.0,102.0,104.0,0.783,8.43,2.6,9.57,1.36,1.16,0.232,0.447,0.154,0.309,0.439,31.0,95.0,88.0,,,,,,,68.0,103.0,88.0,96.0,106.0,105.0,0.241,,0.279,,0.015,,0.27,-0.2,,-7.35,,91.3,89.4,93.4,,0.198,0.314,0.345,,,,0.5,0.5,0.091,0.288,0.447,0.11,0.28,0.457,0.222,109.0,99.0,107.0,0.274,-0.59,86.0,0.276,0.559,0.263,,,,,,,,,,0.191,-0.46,83.7,146.0,100.0,118.0,,,,,,
2023/08/18,7:11 PM.,NYY,BOS,away,Partly Cloudy.,78,666745,C,4,0,1,1,0,0,0,0,0,2,0,.273,.307,.379,.686,666745,jhonybrito,Brito,Right,Jhony Brito,NYY,4.28,4.55,90.1,103.0,93.0,102.0,0.809,7.17,2.79,8.17,1.39,1.1,0.261,0.399,0.134,0.347,0.424,87.0,104.0,106.0,,,,77.0,99.0,88.0,106.0,105.0,104.0,,,,0.327,0.166,,,0.29,-0.97,,1.05,,0.5,95.8,,88.8,96.0,,0.348,0.696,0.188,0.167,0.5,0.179,0.232,0.392,0.282,0.282,0.436,0.149,,,,115.0,84.0,89.0,0.113,0.17,83.0,0.172,0.31,0.28,,,,,,,,,,0.104,-1.87,80.4,,,,,,,,,
2023/08/17,4:05 PM.,WSH,BOS,away,Partly Cloudy.,90,571578,PH,1,0,0,0,0,0,0,0,0,0,2,.273,.309,.375,.684,571578,patrickcorbin,Corbin,Left,Patrick Corbin,WSN,5.2,6.16,180.0,101.0,81.0,95.0,0.797,6.2,2.85,10.5,1.65,1.3,0.24,0.392,0.127,0.344,0.411,66.0,101.0,96.0,,,,65.0,103.0,88.0,86.0,102.0,93.0,,,,0.417,0.169,,,0.064,-0.69,,-0.89,,-2.07,91.8,,81.2,92.1,,,,,0.327,0.541,0.121,0.29,0.645,0.4,0.32,0.463,0.07400000000000001,,,,84.0,99.0,100.0,0.35,-0.51,80.5,0.233,0.461,0.397,,,,,,,,,,,,,,,,,,,,,
2023/08/15,7:07 PM.,WSH,BOS,away,Partly Cloudy.,81,680686,C,3,1,1,0,0,0,0,1,0,1,1,.276,.311,.378,.689,680686,josiahgray,"Gray, Js",Right,Josiah Gray,WSN,3.91,5.03,159.0,95.0,88.0,91.0,0.762,8.09,4.53,8.6,1.25,0.92,0.253,0.453,0.21,0.313,0.389,44.0,96.0,90.0,96.0,95.0,97.0,82.0,91.0,83.0,93.0,101.0,90.0,95.0,95.0,83.0,0.176,0.166,0.181,0.161,0.016,-1.21,-0.09,0.15,0.24,0.6,93.5,88.8,88.6,93.1,82.2,0.221,0.358,0.349,0.291,0.557,0.20199999999999999,0.286,0.357,0.1,0.313,0.385,0.138,0.243,0.461,0.205,84.0,92.0,96.0,0.299,-0.07,85.1,0.163,0.233,0.429,,,,,,,,,,,,,,,,,,,,,
2023/08/12,4:13 PM.,DET,BOS,home,Partly Cloudy.,80,666159,C,4,0,2,1,0,0,0,0,0,1,2,.274,.311,.379,.690,666159,mattmanning,Manning,Right,Matt Manning,DET,3.58,5.48,78.0,102.0,104.0,102.0,0.831,5.77,2.42,6.92,1.27,0.83,0.272,0.423,0.142,0.389,0.492,62.0,96.0,84.0,102.0,99.0,101.0,103.0,104.0,100.0,,,,,,,,0.478,,0.172,0.036,0.58,,,-0.9,0.93,93.4,,87.7,,79.5,0.258,0.419,0.094,0.214,0.366,0.182,0.111,0.111,0.063,,,,,,,112.0,102.0,107.0,0.315,1.21,81.9,0.185,0.383,0.261,,,,,,,,,,,,,,,,,,,,,
2023/08/10,7:12 PM.,KC,BOS,home,Overcast.,77,680735,C,3,0,1,0,0,0,0,0,0,0,0,.267,.305,.367,.672,680735,austincox,Cox,Left,Austin Cox,KCR,4.54,4.93,35.2,101.0,86.0,98.0,0.759,8.33,4.29,7.07,0.5,0.92,0.268,0.351,0.103,0.371,0.42,80.0,99.0,95.0,87.0,104.0,109.0,75.0,98.0,93.0,,,,118.0,105.0,104.0,,0.486,0.192,0.152,0.152,0.04,1.14,,1.57,-0.04,91.5,86.7,82.9,,77.8,0.211,0.368,0.212,0.246,0.377,0.29,0.176,0.176,0.19399999999999998,,,,0.185,0.333,0.368,101.0,113.0,111.0,0.017,0.86,83.4,0.333,0.333,0.0,,,,,,,,,,,,,,,,,,,,,
2023/08/09,7:10 PM.,KC,BOS,home,Clear.,79,543475,C,3,0,1,0,0,0,1,0,0,0,0,.265,.304,.368,.672,543475,jordanlyles,Lyles,Right,Jordan Lyles,KCR,6.28,4.93,177.2,101.0,85.0,97.0,0.817,6.08,2.28,8.92,1.98,0.69,0.217,0.463,0.139,0.332,0.402,73.0,95.0,90.0,95.0,97.0,99.0,75.0,101.0,92.0,76.0,103.0,88.0,96.0,99.0,98.0,0.131,0.306,0.076,0.131,0.109,1.11,-0.94,-0.01,-1.6,-1.66,91.2,86.8,85.5,90.5,79.4,0.238,0.476,0.21899999999999997,0.227,0.444,0.154,0.26,0.481,0.257,0.248,0.457,0.158,0.314,0.725,0.19,99.0,107.0,110.0,0.247,-1.31,80.2,0.28,0.543,0.249,,,,,,,,,,,,,,,,,,,,,
2023/08/07,7:13 PM.,KC,BOS,home,Cloudy.,69,666142,C,0,0,0,0,0,0,0,0,0,0,0,.263,.303,.368,.671,666142,coleragans,Ragans,Left,Cole Ragans,- - -,3.47,3.33,96.0,99.0,101.0,101.0,0.713,10.59,3.84,6.56,0.66,1.21,0.284,0.364,0.178,0.284,0.409,90.0,97.0,103.0,,,,108.0,100.0,100.0,,,,89.0,92.0,87.0,,0.401,0.134,,0.237,0.24,1.47,,,2.84,96.5,91.8,86.6,,,0.194,0.306,0.295,0.234,0.411,0.27899999999999997,0.152,0.192,0.344,,,,0.27,0.378,0.23800000000000002,126.0,114.0,125.0,0.104,2.79,86.6,0.18,0.2,0.4,,,,,,,,,,0.124,-0.05,81.8,,,,,,,,,
2023/08/06,1:37 PM.,TOR,BOS,home,Sunny.,80,605135,C,4,0,0,0,0,0,0,0,0,2,3,.263,.303,.368,.671,605135,chrisbassitt,Bassitt,Right,Chris Bassitt,TOR,3.6,4.04,200.0,100.0,92.0,99.0,0.8,8.37,2.66,7.92,1.26,1.12,0.271,0.381,0.165,0.285,0.459,72.0,93.0,91.0,93.0,92.0,100.0,74.0,106.0,98.0,92.0,104.0,98.0,95.0,105.0,102.0,0.393,0.093,0.153,0.126,0.065,-3.9,-1.13,2.11,0.67,1.71,92.4,87.8,84.1,91.9,70.7,0.192,0.295,0.318,0.333,0.652,0.20600000000000002,0.189,0.351,0.10099999999999999,0.22,0.336,0.14400000000000002,0.274,0.496,0.253,106.0,93.0,102.0,0.136,-0.72,75.6,0.227,0.636,0.191,0.033,-3.07,82.6,0.375,0.563,0.226,78.0,84.0,84.0,,,,,,,,,,,,
2023/08/05,4:11 PM.,TOR,BOS,home,Partly Cloudy.,80,621244,PH,1,0,1,0,0,0,0,0,0,0,0,.273,.314,.382,.696,621244,joseberrios,Berríos,Right,José Berríos,TOR,3.65,4.51,189.2,104.0,100.0,103.0,0.764,8.73,2.47,8.21,1.19,1.12,0.225,0.406,0.151,0.311,0.418,90.0,104.0,101.0,116.0,104.0,110.0,96.0,103.0,99.0,92.0,104.0,99.0,,,,0.315,0.204,,0.296,0.185,0.72,,0.61,0.31,-0.38,94.3,,84.1,93.8,82.6,,,,0.254,0.456,0.276,0.245,0.409,0.33,0.255,0.398,0.131,,,,,,,,,,,,,,,,,,,,,,,,,,,,0.216,0.357,0.305,,,
2023/08/02,1:10 PM.,SEA,BOS,away,Sunny.,77,669302,PH,1,0,0,0,0,0,0,0,0,1,0,.266,.308,.376,.684,669302,logangilbert,"Gilbert, L",Right,Logan Gilbert,SEA,3.73,3.69,190.2,102.0,106.0,102.0,0.767,8.92,1.7,7.98,1.37,1.02,0.238,0.427,0.125,0.333,0.47,,,,,,,88.0,103.0,99.0,55.0,90.0,81.0,,,,0.003,0.419,,,,0.01,,-11.33,,,95.7,,,93.7,,0.214,0.371,0.306,0.28,0.491,0.177,,,,0.667,1.0,0.25,,,,133.0,101.0,99.0,0.297,1.84,88.7,0.211,0.349,0.322,0.148,0.25,85.6,0.174,0.34,0.35,98.0,103.0,117.0,0.134,0.39,80.3,110.0,95.0,103.0,,,,,,
2023/08/01,6:41 PM.,SEA,BOS,away,Clear.,77,682243,C,3,1,1,0,0,1,2,0,0,0,1,.269,.310,.380,.690,682243,brycemiller,"Miller, B",Right,Bryce Miller,SEA,4.32,4.86,131.1,104.0,117.0,109.0,0.783,8.15,1.78,8.5,1.23,0.76,0.242,0.379,0.13,0.356,0.464,90.0,101.0,107.0,113.0,102.0,102.0,121.0,105.0,110.0,104.0,101.0,99.0,,,,0.076,0.585,,0.009,0.056,0.3,,1.22,-8.41,0.66,95.1,,85.0,95.1,78.2,0.667,1.333,0.125,0.256,0.45,0.271,0.167,0.433,0.179,0.26,0.36,0.096,,,,112.0,100.0,107.0,0.274,0.14,85.0,0.3,0.475,0.174,,,,,,,,,,,,,,,,,,,,,
2023/06/21,6:43 PM.,MIN,BOS,away,Partly Cloudy.,90,543243,C,1,0,0,0,0,0,0,0,1,0,1,.267,.313,.352,.665,543243,sonnygray,"Gray, So",Right,Sonny Gray,MIN,2.79,3.66,184.0,101.0,103.0,104.0,0.759,8.95,2.69,7.63,0.39,1.55,0.255,0.424,0.143,0.3,0.422,84.0,95.0,89.0,91.0,98.0,101.0,105.0,99.0,100.0,82.0,99.0,94.0,118.0,102.0,102.0,0.157,0.271,0.131,0.168,0.067,0.61,1.3,-0.46,0.87,-0.63,92.9,87.6,87.9,92.8,79.6,0.257,0.371,0.282,0.301,0.422,0.16399999999999998,0.27,0.405,0.174,0.275,0.413,0.177,0.265,0.368,0.278,122.0,108.0,121.0,0.205,3.25,84.3,0.096,0.117,0.413,,,,,,,,,,0.001,-0.41,72.9,,,,,,,,,
2023/06/18,7:11 PM.,NYY,BOS,home,Partly Cloudy.,65,622663,C,2,0,1,0,0,0,1,0,0,0,1,.269,.309,.356,.665,622663,luisseverino,"Severino, L",Right,Luis Severino,NYY,6.65,5.89,89.1,103.0,104.0,101.0,0.822,7.96,3.43,11.38,2.32,1.14,0.248,0.399,0.144,0.346,0.447,80.0,99.0,97.0,,,,103.0,104.0,98.0,92.0,91.0,87.0,110.0,100.0,98.0,0.028,0.449,0.15,,0.186,-2.42,-0.08,5.41,,-1.4,96.5,90.8,86.7,95.7,,,,,0.355,0.692,0.196,0.279,0.441,0.21600000000000003,0.091,0.091,0.20800000000000002,0.208,0.313,0.17300000000000001,126.0,109.0,117.0,0.188,-2.59,84.7,0.289,0.566,0.254,,,,,,,,,,,,,,,,,,,,,
2023/06/13,7:13 PM.,COL,BOS,home,Partly Cloudy.,69,502624,C,5,0,0,0,0,0,0,0,0,2,2,.265,.306,.353,.659,502624,chaseanderson,Anderson,Right,Chase Anderson,- - -,5.42,4.96,86.1,99.0,82.0,94.0,0.8,6.67,3.44,9.38,1.77,0.84,0.261,0.354,0.153,0.325,0.397,71.0,106.0,104.0,75.0,91.0,92.0,67.0,93.0,82.0,70.0,96.0,82.0,108.0,98.0,97.0,0.073,0.312,0.263,0.041,0.229,-2.17,0.63,-5.45,-4.22,2.14,93.3,89.2,83.9,92.6,77.6,0.3,0.9,0.125,0.351,0.619,0.17300000000000001,0.163,0.25,0.287,0.545,0.955,0.073,0.244,0.444,0.226,104.0,114.0,115.0,0.082,0.92,80.6,0.172,0.172,0.24600000000000002,,,,,,,,,,,,,,,,,,,,,
2023/06/11,7:10 PM.,NYY,BOS,away,Partly Cloudy.,76,657376,C,2,0,0,0,0,0,0,0,1,1,0,.278,.320,.371,.691,657376,clarkeschmidt,Schmidt,Right,Clarke Schmidt,NYY,4.64,4.33,159.0,102.0,102.0,104.0,0.783,8.43,2.6,9.57,1.36,1.16,0.232,0.447,0.154,0.309,0.439,31.0,95.0,88.0,,,,,,,68.0,103.0,88.0,96.0,106.0,105.0,0.241,,0.279,,0.015,,0.27,-0.2,,-7.35,,91.3,89.4,93.4,,0.198,0.314,0.345,,,,0.5,0.5,0.091,0.288,0.447,0.11,0.28,0.457,0.222,109.0,99.0,107.0,0.274,-0.59,86.0,0.276,0.559,0.263,,,,,,,,,,0.191,-0.46,83.7,146.0,100.0,118.0,,,,,,
2023/06/10,7:36 PM.,NYY,BOS,away,Clear.,75,593334,C,4,0,1,1,0,0,0,0,0,0,3,.284,.320,.379,.699,593334,domingogerman,Germán,Right,Domingo Germán,NYY,4.56,4.3,108.2,100.0,92.0,98.0,0.707,9.44,2.82,6.87,1.66,0.97,0.159,0.486,0.166,0.328,0.416,96.0,98.0,95.0,94.0,102.0,104.0,89.0,100.0,97.0,82.0,95.0,87.0,,,,0.105,0.277,,0.409,0.209,-1.75,,0.95,1.5,1.01,92.3,,85.8,92.4,82.9,0.174,0.344,0.39299999999999996,0.321,0.741,0.19,0.2,0.306,0.322,0.15,0.325,0.13,,,,,,,,,,,,,,,,,,,,,,,,,,,,,,,,,
2023/06/08,7:10 PM.,CLE,BOS,away,Overcast.,64,650644,C,3,1,1,1,0,0,0,0,1,1,2,.286,.323,.374,.697,650644,aaroncivale,Civale,Right,Aaron Civale,- - -,3.46,3.69,122.1,106.0,105.0,104.0,0.786,8.53,2.43,8.02,0.88,1.0,0.212,0.458,0.149,0.307,0.413,,,,153.0,113.0,120.0,76.0,101.0,91.0,75.0,101.0,89.0,96.0,104.0,103.0,0.185,0.123,0.372,0.244,,-0.65,1.13,1.59,0.77,,91.8,87.7,,92.4,78.1,0.188,0.323,0.273,0.359,0.436,0.243,,,,0.202,0.292,0.14400000000000002,0.261,0.406,0.23399999999999999,128.0,111.0,116.0,0.058,0.15,82.5,0.172,0.345,0.23199999999999998,0.017,-6.33,85.2,0.5,0.625,0.182,58.0,95.0,95.0,,,,,,,,,,,,
2023/06/06,7:10 PM.,CLE,BOS,away,Partly Cloudy.,68,669456,C,2,0,0,0,0,0,0,0,0,1,1,.284,.315,.364,.679,669456,shanebieber,Bieber,Right,Shane Bieber,CLE,3.8,4.83,128.0,101.0,100.0,99.0,0.77,7.52,2.39,8.72,0.98,1.56,0.238,0.395,0.147,0.328,0.42,59.0,93.0,85.0,,,,81.0,103.0,96.0,,,,95.0,94.0,93.0,,0.352,0.269,,0.035,0.87,0.43,,,-4.04,91.3,86.5,87.2,,,0.237,0.368,0.32299999999999995,0.257,0.434,0.09300000000000001,0.5,0.571,0.083,,,,0.316,0.465,0.293,111.0,107.0,109.0,0.207,0.84,84.6,0.18,0.331,0.326,,,,,,,,,,0.137,-1.29,82.5,155.0,104.0,109.0,,,,,,
2023/06/03,6:13 PM.,TB,BOS,home,Drizzle.,48,607192,PH,1,0,0,0,0,0,0,0,0,0,0,.291,.322,.372,.694,607192,tylerglasnow,Glasnow,Right,Tyler Glasnow,TBR,3.53,3.55,120.0,101.0,121.0,109.0,0.659,12.15,2.78,6.98,0.98,1.62,0.246,0.372,0.161,0.386,0.454,78.0,81.0,84.0,152.0,103.0,114.0,128.0,103.0,110.0,,,,,,,0.004,0.432,,0.213,0.003,0.54,,-7.7,1.81,2.91,96.4,,92.3,96.4,83.9,0.095,0.19,0.522,0.236,0.41,0.249,,,,,,,,,,94.0,97.0,104.0,0.348,1.25,90.1,0.254,0.373,0.382,,,,,,,,,,,,,,,,,,,,,
2023/06/03,1:10 PM.,TB,BOS,home,Drizzle.,52,665001,C,3,2,1,1,0,0,0,0,1,0,1,.294,.326,.376,.702,665001,trevorkelley,Kelley,Right,Trevor Kelley,TBR,5.87,5.34,15.1,99.0,111.0,100.0,0.793,6.46,3.52,9.39,2.35,0.68,0.3,0.48,0.26,0.34,0.386,34.0,82.0,75.0,,,,,,,101.0,103.0,98.0,,,,0.529,,,,0.011,,,0.91,,-49.23,,,79.3,89.1,,,,,,,,,,,0.25,0.389,0.16399999999999998,,,,107.0,93.0,101.0,0.46,-2.06,76.6,0.333,1.333,0.25,,,,,,,,,,,,,,,,,,,,,
2023/05/30,7:12 PM.,CIN,BOS,home,Clear.,65,594902,C,4,2,2,2,0,0,1,0,0,1,4,.293,.318,.366,.684,594902,benlively,Lively,Right,Ben Lively,CIN,5.38,5.03,88.2,101.0,79.0,95.0,0.814,8.02,2.54,9.74,2.03,1.02,0.301,0.38,0.163,0.312,0.449,59.0,94.0,89.0,101.0,105.0,103.0,80.0,99.0,90.0,83.0,108.0,98.0,98.0,92.0,82.0,0.219,0.321,0.049,0.066,0.102,-2.09,0.62,0.24,-4.42,-1.4,90.6,88.1,84.4,91.5,76.3,0.273,0.909,0.128,0.362,0.667,0.18100000000000002,0.265,0.412,0.133,0.257,0.416,0.153,0.267,0.267,0.257,71.0,102.0,102.0,0.243,1.68,80.1,0.158,0.303,0.336,,,,,,,,,,,,,,,,,,,,,
2023/05/28,1:10 PM.,AZ,BOS,away,Roof Closed.,76,518876,PH,1,0,0,0,0,0,0,0,0,1,0,.282,.309,.333,.642,518876,merrillkelly,"Kelly, M",Right,Merrill Kelly,ARI,3.29,4.13,177.2,105.0,92.0,103.0,0.753,9.47,3.5,7.24,1.01,1.33,0.195,0.47,0.136,0.359,0.386,99.0,108.0,114.0,121.0,105.0,111.0,78.0,104.0,97.0,85.0,105.0,95.0,87.0,101.0,99.0,0.122,0.301,0.181,0.11,0.231,0.04,0.88,0.83,-0.45,2.43,92.2,90.8,88.7,92.4,82.1,0.268,0.411,0.256,0.224,0.489,0.259,0.18,0.234,0.32,0.261,0.378,0.163,0.22,0.352,0.244,104.0,112.0,110.0,0.055,-0.64,85.5,0.217,0.391,0.413,,,,,,,,,,,,,,,,,,,,,
2023/05/27,4:15 PM.,AZ,BOS,away,Roof Closed.,75,605200,C,3,0,0,0,0,0,1,0,0,1,0,.286,.313,.338,.651,605200,zachdavies,Davies,Right,Zach Davies,ARI,7.0,5.48,82.1,100.0,75.0,92.0,0.799,7.87,4.26,10.71,1.09,1.3,0.239,0.398,0.14,0.371,0.36,78.0,106.0,100.0,89.0,99.0,100.0,72.0,100.0,91.0,71.0,97.0,88.0,73.0,93.0,88.0,0.325,0.226,0.113,0.061,0.248,-0.05,0.13,-1.5,-0.55,-1.19,89.3,87.5,80.7,89.6,77.0,0.188,0.5,0.2,0.21,0.355,0.18100000000000002,0.275,0.477,0.37200000000000005,0.381,0.552,0.096,0.3,0.3,0.145,113.0,105.0,101.0,0.027,-1.83,80.8,0.25,0.5,0.16699999999999998,,,,,,,,,,,,,,,,,,,,,
2023/05/23,6:38 PM.,LAA,BOS,away,Overcast.,62,656288,C,2,0,0,0,0,0,0,0,0,2,2,.297,.325,.351,.676,656288,griffincanning,Canning,Right,Griffin Canning,LAA,4.32,4.01,127.0,102.0,96.0,101.0,0.734,9.85,2.55,8.57,1.56,1.1,0.239,0.41,0.129,0.382,0.442,89.0,101.0,101.0,91.0,98.0,103.0,78.0,101.0,93.0,81.0,95.0,86.0,,,,0.006,0.348,,0.134,0.213,-0.21,,-8.61,-0.53,1.6,94.7,,90.2,95.0,81.8,0.271,0.667,0.252,0.235,0.5,0.28300000000000003,0.213,0.339,0.248,0.333,1.333,0.0,,,,124.0,105.0,110.0,0.299,0.1,88.4,0.261,0.344,0.34,,,,,,,,,,,,,,,,,,,,,
2023/05/21,1:12 PM.,SD,BOS,away,Partly Cloudy.,68,608379,C,3,0,2,0,0,0,0,0,0,0,0,.306,.333,.361,.694,608379,michaelwacha,Wacha,Right,Michael Wacha,SDP,3.22,4.27,134.1,102.0,89.0,101.0,0.775,8.31,2.88,7.57,1.0,0.8,0.17,0.488,0.154,0.3,0.43,101.0,106.0,110.0,86.0,92.0,94.0,73.0,104.0,94.0,84.0,103.0,103.0,96.0,100.0,96.0,0.133,0.288,0.124,0.11,0.345,1.23,-2.13,-0.36,1.04,1.06,92.0,86.9,81.6,91.9,74.0,0.172,0.31,0.27,0.188,0.323,0.16699999999999998,0.207,0.346,0.359,0.25,0.45,0.111,0.364,0.582,0.165,,,,,,,,,,,,,,,,,,,,,,,,,,,,,,
2023/05/16,7:11 PM.,SEA,BOS,home,Clear.,77,622491,C,4,1,1,0,0,0,0,0,0,1,2,.290,.319,.348,.667,622491,luiscastillo,"Castillo, L",Right,Luis Castillo,SEA,3.34,3.82,197.0,103.0,96.0,102.0,0.717,10.01,2.56,7.31,1.28,0.92,0.268,0.375,0.182,0.333,0.422,83.0,108.0,105.0,,,,95.0,104.0,100.0,82.0,103.0,95.0,,,,0.179,0.444,,,0.156,1.31,,0.6,,-1.6,96.3,,88.3,95.9,,,,,0.165,0.384,0.33,0.28,0.42,0.325,0.239,0.337,0.136,,,,117.0,100.0,108.0,0.221,-0.12,85.7,0.234,0.455,0.37799999999999995,,,,,,,,,,,,,,,,,,,,,
2023/05/15,7:12 PM.,SEA,BOS,home,Clear.,72,669923,C,0,0,0,0,0,0,0,0,0,0,0,.292,.324,.354,.678,669923,georgekirby,Kirby,Right,George Kirby,SEA,3.35,3.9,190.2,110.0,106.0,109.0,0.799,8.12,0.9,8.45,1.04,1.19,0.298,0.407,0.177,0.327,0.482,94.0,107.0,111.0,,,,97.0,111.0,105.0,106.0,110.0,109.0,,,,0.216,0.394,,,0.018,1.34,,0.43,,-5.31,96.1,,86.6,95.8,,0.265,0.458,0.159,0.234,0.392,0.28,0.5,0.9,0.125,0.261,0.383,0.131,,,,126.0,106.0,112.0,0.197,1.03,86.3,0.264,0.377,0.22,0.061,1.07,84.9,0.143,0.286,0.35700000000000004,95.0,103.0,110.0,0.115,0.35,81.8,,,,,,,75.1,0.001,0.26
2023/05/14,7:12 PM.,STL,BOS,home,Clear.,66,571945,C,4,0,0,0,0,0,0,0,0,1,2,.292,.324,.354,.678,571945,milesmikolas,Mikolas,Right,Miles Mikolas,STL,4.78,5.44,201.1,108.0,88.0,101.0,0.852,6.12,1.74,10.1,1.16,0.99,0.251,0.375,0.128,0.349,0.475,58.0,96.0,93.0,95.0,105.0,102.0,74.0,112.0,99.0,86.0,108.0,99.0,,,,0.243,0.26,,0.198,0.054,-0.19,,-1.61,-0.92,2.68,93.3,,84.4,92.7,75.9,0.261,0.387,0.198,0.29,0.495,0.18899999999999997,0.182,0.382,0.085,0.34,0.54,0.085,,,,108.0,107.0,108.0,0.243,0.62,86.4,0.245,0.375,0.22399999999999998,,,,,,,,,,0.002,-0.89,68.1,,,,,,,,,
2023/05/13,4:10 PM.,STL,BOS,home,Sunny.,80,571927,PH,1,0,0,0,0,0,0,0,0,0,1,.311,.344,.377,.721,571927,stevenmatz,Matz,Left,Steven Matz,STL,3.86,3.87,105.0,102.0,95.0,100.0,0.776,8.4,2.74,9.26,0.94,1.4,0.291,0.37,0.146,0.31,0.446,106.0,109.0,107.0,108.0,96.0,100.0,,,,87.0,101.0,96.0,,,,0.561,,,0.148,0.274,,,0.41,-0.6,-0.09,,,84.2,94.1,78.5,0.259,0.407,0.2,,,,0.291,0.405,0.289,0.24,0.397,0.247,,,,62.0,82.0,90.0,0.018,-1.27,88.9,0.5,0.75,0.1,,,,,,,,,,,,,,,,,,,,,
2023/05/12,7:12 PM.,STL,BOS,home,Clear.,82,425794,PH,1,0,0,0,0,0,0,0,0,1,0,.317,.349,.383,.732,425794,adamwainwright,Wainwright,Right,Adam Wainwright,STL,7.4,7.35,101.0,99.0,103.0,97.0,0.88,4.9,3.65,13.46,1.78,1.07,0.186,0.439,0.129,0.339,0.425,66.0,84.0,80.0,129.0,102.0,110.0,80.0,94.0,84.0,87.0,99.0,89.0,107.0,99.0,95.0,0.314,0.099,0.226,0.306,0.05,-1.48,-0.27,-3.36,-1.5,-3.6,85.7,82.9,81.4,86.9,71.5,0.291,0.475,0.153,0.326,0.512,0.11699999999999999,0.389,0.611,0.1,0.394,0.746,0.09300000000000001,0.344,0.473,0.152,83.0,78.0,71.0,0.003,-13.9,75.6,,,,,,,,,,,,,0.002,6.39,65.7,,,,,,,,,
2023/05/09,7:21 PM.,ATL,BOS,away,Cloudy.,77,450203,C,4,0,0,0,0,0,0,0,0,3,4,.322,.355,.390,.745,450203,charliemorton,"Morton, C",Right,Charlie Morton,ATL,3.64,4.64,163.1,96.0,106.0,98.0,0.704,10.08,4.57,8.27,0.77,1.26,0.222,0.389,0.137,0.343,0.379,100.0,91.0,88.0,139.0,100.0,111.0,74.0,95.0,89.0,81.0,89.0,83.0,89.0,92.0,87.0,0.068,0.317,0.08,0.432,0.103,-1.26,0.25,-4.03,1.79,0.86,94.9,89.1,86.0,94.2,82.3,0.177,0.258,0.42,0.292,0.482,0.225,0.25,0.339,0.336,0.474,0.711,0.071,0.296,0.407,0.3,,,,,,,,,,,,,,,,,,,,,,,,,,,,,,
2023/05/06,7:16 PM.,PHI,BOS,away,Partly Cloudy.,72,663559,C,2,1,1,0,0,0,1,0,1,1,0,.345,.379,.418,.797,663559,baileyfalter,Falter,Left,Bailey Falter,- - -,5.36,4.93,80.2,104.0,76.0,97.0,0.844,6.69,2.23,10.49,1.9,1.06,0.247,0.408,0.157,0.307,0.474,59.0,92.0,77.0,87.0,108.0,105.0,72.0,105.0,96.0,77.0,103.0,92.0,,,,0.072,0.444,,0.225,0.046,-0.08,,-1.63,-0.85,-0.8,90.7,,84.6,90.7,76.5,0.267,0.493,0.209,0.305,0.435,0.156,0.273,0.364,0.33299999999999996,0.333,0.571,0.133,,,,77.0,105.0,100.0,0.189,-1.91,84.5,0.288,0.746,0.19899999999999998,0.024,3.65,85.0,0.0,0.0,0.33299999999999996,,,,,,,,,,,,,,,
2023/05/04,6:12 PM.,TOR,BOS,home,Cloudy.,47,592332,C,4,0,2,0,0,0,1,0,0,1,0,.340,.364,.415,.779,592332,kevingausman,Gausman,Right,Kevin Gausman,TOR,3.16,3.85,185.0,104.0,105.0,105.0,0.737,11.53,2.68,7.93,0.92,1.11,0.27,0.384,0.165,0.369,0.399,,,,,,,110.0,104.0,105.0,,,,,,,,0.509,,,,1.13,,,,,94.7,,,,,,,,0.243,0.409,0.172,,,,,,,,,,89.0,89.0,94.0,0.108,-0.97,83.6,0.348,0.565,0.353,0.384,0.3,86.3,0.201,0.307,0.43200000000000005,105.0,108.0,109.0,,,,,,,,,,,,
2023/05/01,7:10 PM.,TOR,BOS,home,Partly Cloudy.,59,621244,C,4,0,2,0,0,0,0,0,0,1,2,.327,.353,.408,.761,621244,joseberrios,Berríos,Right,José Berríos,TOR,3.65,4.51,189.2,104.0,100.0,103.0,0.764,8.73,2.47,8.21,1.19,1.12,0.225,0.406,0.151,0.311,0.418,90.0,104.0,101.0,116.0,104.0,110.0,96.0,103.0,99.0,92.0,104.0,99.0,,,,0.315,0.204,,0.296,0.185,0.72,,0.61,0.31,-0.38,94.3,,84.1,93.8,82.6,,,,0.254,0.456,0.276,0.245,0.409,0.33,0.255,0.398,0.131,,,,,,,,,,,,,,,,,,,,,,,,,,,,0.216,0.357,0.305,,,
2023/04/28,7:11 PM.,CLE,BOS,home,Cloudy.,52,669456,C,4,0,0,0,0,0,0,0,0,2,5,.311,.340,.400,.740,669456,shanebieber,Bieber,Right,Shane Bieber,CLE,3.8,4.83,128.0,101.0,100.0,99.0,0.77,7.52,2.39,8.72,0.98,1.56,0.238,0.395,0.147,0.328,0.42,59.0,93.0,85.0,,,,81.0,103.0,96.0,,,,95.0,94.0,93.0,,0.352,0.269,,0.035,0.87,0.43,,,-4.04,91.3,86.5,87.2,,,0.237,0.368,0.32299999999999995,0.257,0.434,0.09300000000000001,0.5,0.571,0.083,,,,0.316,0.465,0.293,111.0,107.0,109.0,0.207,0.84,84.6,0.18,0.331,0.326,,,,,,,,,,0.137,-1.29,82.5,155.0,104.0,109.0,,,,,,
2023/04/26,1:05 PM.,BAL,BOS,away,Partly Cloudy.,61,669330,C,2,0,0,0,0,0,0,0,0,1,4,.341,.372,.439,.811,669330,tylerwells,"Wells, T",Right,Tyler Wells,BAL,3.64,3.96,118.2,103.0,93.0,101.0,0.765,8.87,2.58,6.29,1.9,0.59,0.244,0.371,0.175,0.337,0.415,126.0,106.0,111.0,84.0,95.0,100.0,84.0,102.0,99.0,,,,85.0,100.0,96.0,,0.377,0.195,0.078,0.185,0.59,0.67,,0.41,0.43,92.5,88.7,85.4,,74.1,0.217,0.348,0.184,0.2,0.467,0.266,0.196,0.382,0.32799999999999996,,,,0.212,0.537,0.193,88.0,108.0,103.0,0.164,1.18,84.0,0.149,0.23,0.28,,,,,,,,,,,,,,,,,,,,,
2023/04/25,6:35 PM.,BAL,BOS,away,Partly Cloudy.,59,680694,C,3,0,1,0,0,0,2,0,1,0,1,.359,.390,.462,.852,680694,kylebradish,Bradish,Right,Kyle Bradish,BAL,2.83,3.77,168.2,103.0,126.0,105.0,0.759,8.96,2.35,7.04,0.75,1.61,0.258,0.336,0.116,0.269,0.432,97.0,100.0,98.0,135.0,105.0,109.0,101.0,96.0,96.0,88.0,104.0,98.0,,,,0.207,0.224,,0.173,0.083,-1.0,,1.53,3.99,-0.36,94.5,,90.8,95.0,84.8,0.142,0.165,0.35600000000000004,0.366,0.602,0.15,0.259,0.37,0.114,0.23,0.367,0.15,,,,171.0,105.0,116.0,0.313,1.77,88.1,0.168,0.272,0.364,,,,,,,,,,,,,,,,,,,,,
2023/04/22,6:10 PM.,MIL,BOS,away,Roof Closed.,62,489119,C,2,0,0,0,0,0,0,0,0,0,1,.361,.378,.472,.850,489119,wademiley,Miley,Left,Wade Miley,MIL,3.14,4.33,120.1,104.0,92.0,100.0,0.828,5.91,2.84,7.4,1.2,1.23,0.237,0.422,0.166,0.319,0.406,84.0,108.0,104.0,79.0,99.0,98.0,78.0,106.0,99.0,88.0,109.0,96.0,101.0,103.0,101.0,0.046,0.195,0.443,0.022,0.246,0.46,1.07,-2.53,2.01,0.6,90.4,87.1,83.7,90.7,75.8,,,,0.198,0.453,0.134,0.219,0.281,0.239,0.333,0.375,0.125,0.232,0.446,0.172,113.0,108.0,103.0,0.049,0.62,79.1,0.192,0.308,0.349,,,,,,,,,,,,,,,,,,,,,
2023/04/21,7:11 PM.,MIL,BOS,away,Roof Closed.,62,642547,C,2,0,0,0,0,0,0,0,0,0,1,.382,.400,.500,.900,642547,freddyperalta,"Peralta, F",Right,Freddy Peralta,MIL,3.86,3.35,165.2,102.0,103.0,105.0,0.698,11.41,2.93,7.12,1.41,1.04,0.267,0.455,0.171,0.308,0.405,50.0,97.0,85.0,85.0,103.0,110.0,117.0,104.0,110.0,,,,,,,,0.512,,0.124,0.146,0.89,,,0.2,0.15,94.4,,88.6,,76.9,0.214,0.381,0.33799999999999997,0.213,0.387,0.292,0.224,0.388,0.312,,,,,,,115.0,99.0,104.0,0.218,0.36,82.4,0.203,0.392,0.46,,,,,,,,,,,,,,,,,,,,,
2023/04/19,7:11 PM.,MIN,BOS,home,Cloudy.,46,657746,C,4,0,2,1,0,0,0,0,0,1,1,.406,.424,.531,.955,657746,joeryan,Ryan,Right,Joe Ryan,MIN,4.51,3.53,161.2,107.0,99.0,105.0,0.749,10.97,1.89,8.63,1.78,0.63,0.232,0.423,0.147,0.326,0.455,,,,,,,102.0,112.0,108.0,,,,,,,,0.569,,,,0.89,,,,,92.3,,,,,,,,0.24,0.457,0.287,,,,,,,,,,102.0,88.0,94.0,0.159,-2.12,80.3,0.32,0.56,0.24100000000000002,0.272,-0.3,83.9,0.242,0.415,0.213,91.0,104.0,102.0,,,,,,,,,,,,
2023/04/18,7:13 PM.,MIN,BOS,home,Cloudy.,54,543243,C,2,1,1,0,0,0,2,0,0,0,1,.393,.414,.500,.914,543243,sonnygray,"Gray, So",Right,Sonny Gray,MIN,2.79,3.66,184.0,101.0,103.0,104.0,0.759,8.95,2.69,7.63,0.39,1.55,0.255,0.424,0.143,0.3,0.422,84.0,95.0,89.0,91.0,98.0,101.0,105.0,99.0,100.0,82.0,99.0,94.0,118.0,102.0,102.0,0.157,0.271,0.131,0.168,0.067,0.61,1.3,-0.46,0.87,-0.63,92.9,87.6,87.9,92.8,79.6,0.257,0.371,0.282,0.301,0.422,0.16399999999999998,0.27,0.405,0.174,0.275,0.413,0.177,0.265,0.368,0.278,122.0,108.0,121.0,0.205,3.25,84.3,0.096,0.117,0.413,,,,,,,,,,0.001,-0.41,72.9,,,,,,,,,
2023/04/17,12:06 PM.,LAA,BOS,home,Cloudy.,50,660271,C,3,0,1,0,0,0,1,0,0,1,3,.385,.407,.500,.907,660271,shoheiohtani,Ohtani,Right,Shohei Ohtani,LAA,3.14,3.82,132.0,96.0,121.0,103.0,0.722,11.39,3.75,5.8,1.23,1.25,0.253,0.441,0.185,0.343,0.457,,,,87.0,97.0,105.0,114.0,99.0,100.0,104.0,94.0,95.0,96.0,89.0,88.0,0.06,0.33,0.156,0.036,,1.64,-0.82,-0.53,1.15,,96.8,88.6,,94.5,75.7,0.111,0.167,0.41700000000000004,0.164,0.236,0.27,,,,0.273,0.409,0.225,0.31,0.606,0.228,136.0,97.0,112.0,0.356,1.81,83.7,0.146,0.339,0.365,0.062,-0.25,88.6,0.179,0.205,0.41100000000000003,129.0,93.0,108.0,,,,,,,,,,,,
2023/04/15,4:10 PM.,LAA,BOS,home,Cloudy.,56,542881,C,0,1,0,0,0,0,0,0,0,0,0,.391,.417,.522,.939,542881,tyleranderson,Anderson,Left,Tyler Anderson,LAA,5.43,4.96,141.0,99.0,91.0,96.0,0.747,7.6,4.09,9.32,1.28,0.64,0.246,0.401,0.182,0.289,0.406,92.0,101.0,106.0,105.0,84.0,83.0,81.0,96.0,89.0,92.0,93.0,81.0,104.0,103.0,98.0,0.055,0.374,0.224,0.002,0.338,-1.25,0.48,-3.61,-0.33,0.08,90.1,85.1,80.0,88.5,72.9,,,,0.301,0.566,0.193,0.238,0.381,0.39799999999999996,0.36,0.68,0.102,0.239,0.366,0.268,105.0,76.0,95.0,0.007,-1.06,78.1,0.2,0.2,0.33299999999999996,0.001,-4.72,90.1,,,,,,,,,,,,,,,,,,
2023/04/13,1:10 PM.,TB,BOS,away,Dome.,72,605488,C,4,0,0,0,0,0,0,0,0,3,2,.391,.417,.522,.939,605488,jeffreysprings,Springs,Left,Jeffrey Springs,TBR,0.56,1.66,16.0,111.0,100.0,112.0,0.637,13.5,2.25,2.25,0.56,1.44,0.308,0.5,0.192,0.308,0.479,86.0,116.0,116.0,,,,105.0,108.0,107.0,,,,,,,,0.406,,,0.343,2.63,,,,5.88,91.7,,80.4,,,,,,0.143,0.286,0.17600000000000002,0.048,0.048,0.5,,,,,,,115.0,114.0,117.0,0.251,3.79,82.2,0.0,0.0,0.28600000000000003,,,,,,,,,,,,,,,,,,,,,
2023/04/12,6:40 PM.,TB,BOS,away,Dome.,72,671737,C,4,2,3,0,0,0,0,0,0,1,0,.474,.500,.632,1.132,671737,tajbradley,"Bradley, T",Right,Taj Bradley,TBR,5.59,4.45,104.2,101.0,110.0,105.0,0.775,11.09,3.35,9.11,1.98,0.88,0.268,0.405,0.158,0.392,0.449,,,,88.0,107.0,111.0,131.0,101.0,109.0,,,,106.0,99.0,99.0,0.001,0.449,0.248,0.167,,-0.8,-1.32,0.0,0.04,,96.1,88.9,,97.8,79.0,0.169,0.338,0.22399999999999998,0.277,0.559,0.191,,,,,,,0.312,0.581,0.295,,,,,,,,,,0.136,0.62,89.3,0.19,0.333,0.41,,,,,,,,,,,,,,,
2023/04/11,6:40 PM.,TB,BOS,away,Dome.,72,663556,C,2,0,2,1,0,0,1,0,0,0,0,.400,.438,.600,1.038,663556,shanemcclanahan,McClanahan,Left,Shane McClanahan,TBR,3.29,4.13,115.0,102.0,112.0,106.0,0.694,9.47,3.21,7.43,1.17,1.18,0.28,0.384,0.134,0.355,0.455,115.0,104.0,109.0,115.0,101.0,107.0,111.0,100.0,104.0,,,,,,,,0.419,,0.17,0.258,-0.34,,,1.12,2.65,96.8,,86.9,,83.5,0.197,0.344,0.314,0.269,0.479,0.233,0.153,0.191,0.541,,,,,,,107.0,102.0,105.0,0.153,-0.27,89.3,0.261,0.58,0.29100000000000004,,,,,,,,,,,,,,,,,,,,,
2023/04/06,1:13 PM.,DET,BOS,away,Cloudy.,47,605513,C,3,0,1,0,0,0,0,0,1,2,0,.308,.357,.462,.819,605513,spencerturnbull,Turnbull,Right,Spencer Turnbull,DET,7.26,6.12,31.0,100.0,98.0,97.0,0.801,6.97,4.35,10.74,1.45,1.48,0.272,0.33,0.184,0.369,0.418,122.0,85.0,86.0,92.0,103.0,106.0,92.0,106.0,100.0,91.0,99.0,91.0,,,,0.193,0.405,,0.068,0.11,-1.03,,0.8,-6.82,-2.39,92.9,,87.5,93.4,78.6,0.5,0.8,0.235,0.273,0.527,0.228,0.143,0.286,0.235,0.304,0.391,0.115,,,,104.0,98.0,100.0,0.223,-1.38,83.8,0.29,0.452,0.294,,,,,,,,,,,,,,,,,,,,,
2023/04/05,1:35 PM.,PIT,BOS,home,Cloudy.,41,656605,C,1,0,0,0,0,0,0,0,0,1,2,.300,.300,.500,.800,656605,mitchkeller,"Keller, M",Right,Mitch Keller,PIT,4.21,4.18,194.1,103.0,104.0,103.0,0.797,9.73,2.55,8.66,1.16,1.29,0.277,0.358,0.172,0.31,0.456,83.0,104.0,97.0,91.0,94.0,98.0,100.0,106.0,100.0,93.0,106.0,100.0,99.0,98.0,99.0,0.228,0.261,0.242,0.08,0.028,0.66,-0.07,1.66,-1.97,-2.63,95.2,89.7,90.7,93.9,78.0,0.273,0.614,0.235,0.176,0.351,0.302,0.36,0.6,0.21100000000000002,0.258,0.346,0.105,0.316,0.503,0.23600000000000002,142.0,104.0,123.0,0.161,-0.5,82.8,0.221,0.324,0.272,,,,,,,,,,,,,,,,,,,,,
2023/04/04,7:10 PM.,PIT,BOS,home,Cloudy.,50,672710,C,3,0,2,2,0,0,0,0,0,0,0,.333,.333,.556,.889,672710,roansycontreras,Contreras,Right,Roansy Contreras,PIT,6.59,5.48,68.1,100.0,98.0,102.0,0.755,7.24,4.21,9.88,1.45,0.92,0.22,0.463,0.117,0.341,0.394,69.0,91.0,89.0,99.0,98.0,103.0,90.0,96.0,93.0,,,,,,,,0.402,,0.117,0.039,-2.43,,,-1.73,2.33,94.3,,89.4,,76.8,0.222,0.593,0.447,0.381,0.598,0.09699999999999999,0.273,0.273,0.059000000000000004,,,,,,,108.0,105.0,111.0,0.443,0.86,83.6,0.0,0.0,0.28600000000000003,,,,,,,,,,,,,,,,,,,,,
2023/04/01,4:12 PM.,BAL,BOS,home,Partly Cloudy.,56,665152,C,4,0,0,0,0,0,0,0,0,1,1,.167,.167,.167,.334,665152,deankremer,Kremer,Right,Dean Kremer,BAL,4.12,4.93,172.2,102.0,99.0,100.0,0.785,8.18,2.87,8.91,1.41,1.05,0.282,0.38,0.145,0.311,0.423,86.0,91.0,93.0,93.0,94.0,98.0,106.0,103.0,102.0,84.0,106.0,99.0,104.0,106.0,102.0,0.145,0.371,0.239,0.089,0.123,0.43,0.02,1.81,-2.29,-1.4,94.6,88.8,85.3,91.9,78.1,0.347,0.592,0.24,0.252,0.409,0.262,0.26,0.377,0.27,0.269,0.38,0.081,0.222,0.416,0.27699999999999997,116.0,98.0,105.0,0.033,-1.43,82.8,0.25,0.417,0.244,,,,,,,,,,,,,,,,,,,,,
2023/03/30,2:12 PM.,BAL,BOS,home,Sunny.,38,502043,C,2,0,1,0,0,0,0,0,0,0,0,.500,.500,.500,1.000,502043,kylegibson,Gibson,Right,Kyle Gibson,BAL,4.73,4.8,192.0,100.0,93.0,97.0,0.768,7.36,2.58,9.28,1.08,1.57,0.205,0.452,0.136,0.311,0.394,88.0,99.0,96.0,90.0,102.0,99.0,78.0,96.0,89.0,93.0,101.0,97.0,90.0,95.0,92.0,0.261,0.134,0.166,0.084,0.17,-0.69,-1.02,-0.08,0.01,-0.29,92.1,89.8,85.5,91.9,79.5,0.279,0.419,0.40399999999999997,0.287,0.55,0.156,0.288,0.453,0.29100000000000004,0.289,0.459,0.11,0.345,0.552,0.154,110.0,105.0,107.0,0.184,2.01,81.6,0.147,0.228,0.47100000000000003,,,,,,,,,,,,,,,,,,,,,
2023/03/28,1:08 PM.,ATL,BOS,home,Partly Cloudy.,87,450203,C,1,0,0,0,0,0,0,0,1,0,1,.194,.295,.306,.601,450203,charliemorton,"Morton, C",Right,Charlie Morton,ATL,3.64,4.64,163.1,96.0,106.0,98.0,0.704,10.08,4.57,8.27,0.77,1.26,0.222,0.389,0.137,0.343,0.379,100.0,91.0,88.0,139.0,100.0,111.0,74.0,95.0,89.0,81.0,89.0,83.0,89.0,92.0,87.0,0.068,0.317,0.08,0.432,0.103,-1.26,0.25,-4.03,1.79,0.86,94.9,89.1,86.0,94.2,82.3,0.177,0.258,0.42,0.292,0.482,0.225,0.25,0.339,0.336,0.474,0.711,0.071,0.296,0.407,0.3,,,,,,,,,,,,,,,,,,,,,,,,,,,,,,
