date,time,opponent,team,location,weather,temp,opposingPitcherId,position,ab,r,h,doubles,triples,hr,rbi,sb,bb,k,lob,avg,obp,slg,ops,id,fullName,boxscoreName,PitchingHand,PlayerName,Team,ERA,xERA,IP,Location+,Stuff+,Pitching+,Contact%,K/9,BB/9,H/9,HR/9,GB/FB,Oppo%,Pull%,Soft%,Hard%,Zone%,Stf+ CU,Loc+ CU,Pit+ CU,Stf+ FA,Loc+ FA,Pit+ FA,Stf+ SI,Loc+ SI,Pit+ SI,Stf+ SL,Loc+ SL,Pit+ SL,Stf+ FC,Loc+ FC,Pit+ FC,Stf+ FS,Loc+ FS,Pit+ FS,SI%,FA%,FC%,FS%,SL%,CU%,wFA/C,wFC/C,wFS/C,wSI/C,wSL/C,wCU/C,vFA,vFC,vFS,vSI,vSL,vCU,SL_ba,SL_slg,SL_whiff,FF_ba,FF_slg,FF_whiff,FC_ba,FC_slg,FC_whiff,FS_ba,FS_slg,FS_whiff,SI_ba,SI_slg,SI_whiff,CU_ba,CU_slg,CU_whiff,Stf+ CH,Loc+ CH,Pit+ CH,CH%,wCH/C,vCH,CH_ba,CH_slg,CH_whiff,Stf+ KC,Loc+ KC,Pit+ KC,KC%,wKC/C,vKC,FO%,wFO/C,vFO,SV_ba,SV_slg,SV_whiff,vKN (sc),KN%,wKN/C,KC_ba,KC_slg,KC_whiff
2023/09/24,1:07 PM.,DET,OAK,home,Sunny.,69,593958,PH,1,0,0,0,0,0,0,0,0,1,1,.209,.303,.304,.607,593958,eduardorodriguez,"Rodriguez, Ed",Left,Eduardo Rodriguez,DET,3.3,4.04,152.2,103.0,83.0,97.0,0.781,8.43,2.83,7.55,0.88,1.1,0.279,0.407,0.152,0.311,0.429,,,,73.0,101.0,91.0,84.0,117.0,107.0,103.0,107.0,106.0,90.0,101.0,98.0,,,,0.093,0.454,0.192,,0.072,,0.65,0.51,,1.11,3.12,,92.2,88.8,,92.4,84.5,,0.089,0.178,0.395,0.278,0.431,0.222,0.2,0.471,0.19399999999999998,,,,0.165,0.228,0.135,,,,91.0,102.0,103.0,0.189,0.71,85.9,0.233,0.292,0.317,,,,,,,,,,,,,,,,,,
2023/09/22,6:40 PM.,DET,OAK,home,Clear.,63,687830,LF,2,1,0,0,0,0,0,0,1,0,1,.209,.304,.304,.608,687830,sawyergipsonlong,Gipson-Long,Right,Sawyer Gipson-Long,DET,2.7,2.52,20.0,101.0,108.0,103.0,0.662,11.7,3.6,6.3,0.9,0.74,0.271,0.438,0.125,0.208,0.378,,,,112.0,99.0,99.0,115.0,104.0,95.0,94.0,105.0,110.0,83.0,103.0,101.0,,,,0.188,0.238,0.012,,0.318,,2.45,-1.39,,4.55,-0.88,,93.6,87.6,,92.4,82.4,,0.273,0.455,0.409,0.174,0.304,0.18899999999999997,,,,,,,0.083,0.167,0.258,,,,121.0,95.0,102.0,0.244,-1.53,85.8,0.176,0.412,0.5,,,,,,,,,,,,,,,,,,
2023/09/20,12:37 PM.,SEA,OAK,home,Sunny.,69,669923,LF,4,0,0,0,0,0,0,0,0,0,3,.211,.304,.306,.610,669923,georgekirby,Kirby,Right,George Kirby,SEA,3.35,3.9,190.2,110.0,106.0,109.0,0.799,8.12,0.9,8.45,1.04,1.19,0.298,0.407,0.177,0.327,0.482,,,,97.0,111.0,105.0,106.0,110.0,109.0,126.0,106.0,112.0,,,,95.0,103.0,110.0,0.216,0.394,,0.061,0.197,,1.34,,1.07,0.43,1.03,,96.1,,84.9,95.8,86.3,,0.264,0.377,0.22,0.234,0.392,0.28,,,,0.143,0.286,0.35700000000000004,0.261,0.383,0.131,0.265,0.458,0.159,94.0,107.0,111.0,0.018,-5.31,86.6,0.5,0.9,0.125,,,,0.115,0.35,81.8,,,,,,,75.1,0.001,0.26,,,
2023/09/19,6:40 PM.,SEA,OAK,home,Partly Cloudy.,66,622491,LF,4,0,1,0,0,0,0,0,0,1,0,.213,.307,.310,.617,622491,luiscastillo,"Castillo, L",Right,Luis Castillo,SEA,3.34,3.82,197.0,103.0,96.0,102.0,0.717,10.01,2.56,7.31,1.28,0.92,0.268,0.375,0.182,0.333,0.422,,,,95.0,104.0,100.0,82.0,103.0,95.0,117.0,100.0,108.0,,,,,,,0.179,0.444,,,0.221,,1.31,,,0.6,-0.12,,96.3,,,95.9,85.7,,0.234,0.455,0.37799999999999995,0.165,0.384,0.33,,,,,,,0.239,0.337,0.136,,,,83.0,108.0,105.0,0.156,-1.6,88.3,0.28,0.42,0.325,,,,,,,,,,,,,,,,,,
2023/09/18,6:41 PM.,SEA,OAK,home,Clear.,67,693433,LF,3,0,0,0,0,0,0,0,1,1,0,.213,.308,.310,.618,693433,bryanwoo,Woo,Right,Bryan Woo,SEA,4.21,3.45,87.2,102.0,103.0,103.0,0.754,9.55,3.18,7.7,1.33,0.99,0.296,0.363,0.175,0.271,0.453,,,,101.0,105.0,106.0,109.0,102.0,103.0,110.0,96.0,105.0,,,,,,,0.255,0.469,,,0.24,,0.69,,,1.34,-0.83,,95.1,,,95.0,86.0,,0.257,0.457,0.311,0.207,0.407,0.303,,,,,,,0.213,0.372,0.20800000000000002,,,,85.0,91.0,93.0,0.037,-2.37,89.7,0.4,0.4,0.222,,,,,,,,,,,,,,,,,,
2023/09/16,1:07 PM.,SD,OAK,home,Overcast.,68,663362,LF,3,0,2,0,0,0,0,1,1,0,1,.214,.308,.313,.621,663362,mattwaldron,Waldron,Right,Matt Waldron,SDP,4.35,4.48,41.1,106.0,88.0,101.0,0.832,6.75,2.61,8.49,1.96,0.96,0.238,0.415,0.215,0.308,0.456,,,,76.0,105.0,98.0,81.0,106.0,95.0,101.0,100.0,109.0,104.0,114.0,109.0,,,,0.236,0.205,0.131,,0.16,,-0.95,0.15,,0.75,-0.44,,91.3,86.7,,91.3,79.8,,0.269,0.5,0.204,0.259,0.519,0.217,0.214,0.464,0.193,,,,0.239,0.457,0.095,,,,,,,,,,,,,,,,,,,,,,,,,76.6,0.267,-1.01,0.242,0.485,0.247
2023/09/15,6:40 PM.,SD,OAK,home,Partly Cloudy.,65,607625,PH,1,0,0,0,0,0,0,0,0,0,0,.211,.304,.310,.614,607625,sethlugo,"Lugo, S",Right,Seth Lugo,SDP,3.57,4.42,146.1,102.0,103.0,103.0,0.805,8.61,2.21,8.61,1.17,1.34,0.209,0.438,0.139,0.351,0.459,122.0,100.0,105.0,87.0,108.0,103.0,97.0,102.0,97.0,114.0,96.0,108.0,,,,,,,0.199,0.318,,,0.111,0.313,0.36,,,1.87,-0.6,0.26,93.4,,,93.2,85.2,79.6,0.25,0.417,0.28600000000000003,0.246,0.464,0.214,,,,,,,0.208,0.36,0.08900000000000001,0.287,0.384,0.265,85.0,96.0,97.0,0.059,-2.89,86.3,0.303,0.576,0.34299999999999997,,,,,,,,,,0.0,0.0,0.226,,,,,,
2023/09/13,6:11 PM.,HOU,OAK,away,Roof Closed.,73,686613,LF,4,0,0,0,0,0,0,0,0,1,0,.211,.304,.311,.615,686613,hunterbrown,"Brown, H",Right,Hunter Brown,HOU,5.09,4.27,155.2,100.0,104.0,101.0,0.77,10.29,3.18,9.08,1.5,1.78,0.274,0.364,0.135,0.362,0.433,,,,101.0,99.0,96.0,90.0,103.0,93.0,104.0,92.0,97.0,,,,92.0,104.0,105.0,0.002,0.461,0.235,0.048,0.017,,0.01,-0.4,0.92,-0.16,-2.64,,95.7,91.7,88.2,96.0,84.6,,0.25,0.625,0.33299999999999996,0.271,0.511,0.223,0.297,0.506,0.20800000000000002,,,,,,,0.247,0.374,0.303,,,,,,,0.121,0.242,0.37,112.0,102.0,110.0,0.238,-0.77,82.9,,,,,,,,,,,,
2023/09/12,7:11 PM.,HOU,OAK,away,Roof Closed.,73,434378,LF,5,1,1,0,0,1,1,0,0,0,3,.214,.307,.315,.622,434378,justinverlander,Verlander,Right,Justin Verlander,- - -,3.22,3.63,162.1,104.0,106.0,105.0,0.8,7.98,2.49,7.71,1.0,0.79,0.232,0.438,0.168,0.307,0.433,105.0,103.0,106.0,97.0,100.0,100.0,,,,127.0,112.0,111.0,,,,,,,,0.5,,,0.253,0.2,0.89,,,,0.97,0.43,94.3,,,,86.9,78.2,0.201,0.325,0.292,0.235,0.417,0.18100000000000002,,,,,,,,,,0.241,0.328,0.244,102.0,107.0,113.0,0.047,-0.23,85.2,0.214,0.286,0.28600000000000003,,,,,,,,,,,,,,,,,,
2023/09/11,7:12 PM.,HOU,OAK,away,Roof Closed.,73,664285,LF,1,0,0,0,0,0,0,0,0,0,0,.214,.309,.307,.616,664285,frambervaldez,"Valdez, F",Left,Framber Valdez,HOU,3.45,4.33,198.0,98.0,106.0,100.0,0.752,9.09,2.59,7.55,0.86,2.13,0.246,0.443,0.109,0.374,0.445,118.0,98.0,106.0,98.0,-63.0,-49.0,97.0,98.0,96.0,,,,99.0,99.0,95.0,,,,0.468,0.001,0.034,,0.087,0.253,-16.35,0.45,,0.93,-0.32,1.07,95.7,89.1,,95.3,84.7,80.2,0.189,0.405,0.43799999999999994,,,,0.182,0.182,0.435,,,,0.274,0.455,0.126,0.158,0.211,0.402,96.0,98.0,94.0,0.157,0.73,90.1,0.231,0.342,0.311,,,,,,,,,,,,,,,,,,
2023/09/10,1:38 PM.,TEX,OAK,away,Roof Closed.,74,592351,LF,4,0,1,0,0,0,0,1,0,1,0,.215,.310,.308,.618,592351,jongray,"Gray, Jn",Right,Jon Gray,TEX,4.12,4.48,157.1,101.0,97.0,100.0,0.758,8.12,3.09,8.52,1.26,1.1,0.288,0.348,0.157,0.324,0.437,99.0,90.0,98.0,82.0,100.0,92.0,,,,116.0,103.0,109.0,,,,,,,,0.424,,,0.398,0.062,-1.83,,,,2.33,-1.69,95.7,,,,87.2,78.2,0.105,0.211,0.324,0.346,0.551,0.179,,,,,,,,,,0.263,0.737,0.27,77.0,96.0,97.0,0.116,1.71,88.8,0.211,0.268,0.213,,,,,,,,,,,,,,,,,,
2023/09/09,6:09 PM.,TEX,OAK,away,Roof Closed.,74,543135,LF,2,1,0,0,0,0,0,1,1,1,3,.214,.310,.309,.619,543135,nathaneovaldi,Eovaldi,Right,Nathan Eovaldi,TEX,3.63,3.98,144.0,100.0,101.0,98.0,0.758,8.25,2.94,7.31,0.94,1.59,0.196,0.469,0.14,0.367,0.397,99.0,104.0,102.0,92.0,97.0,93.0,,,,101.0,113.0,109.0,86.0,98.0,92.0,125.0,101.0,106.0,,0.372,0.176,0.276,0.04,0.135,0.41,1.33,1.26,,-3.23,0.86,95.1,90.6,87.9,,83.9,76.0,0.303,0.606,0.13699999999999998,0.234,0.423,0.183,0.238,0.417,0.198,0.196,0.314,0.355,,,,0.2,0.22,0.41700000000000004,,,,,,,,,,,,,,,,,,,,,,,,,,,
2023/09/08,7:08 PM.,TEX,OAK,away,Roof Closed.,74,656756,DH,0,0,0,0,0,0,0,0,1,0,0,.215,.310,.311,.621,656756,jordanmontgomery,Montgomery,Left,Jordan Montgomery,- - -,3.2,3.98,188.2,101.0,97.0,96.0,0.76,7.92,2.29,8.44,0.86,1.24,0.277,0.392,0.143,0.322,0.405,116.0,108.0,111.0,75.0,95.0,84.0,91.0,99.0,91.0,,,,101.0,102.0,87.0,,,,0.426,0.106,0.016,,,0.222,-0.68,-4.4,,1.22,,0.84,93.4,88.2,,93.3,,80.5,,,,0.333,0.5,0.195,0.417,0.667,0.31,,,,0.255,0.374,0.141,0.191,0.357,0.371,99.0,101.0,98.0,0.229,0.2,83.5,0.239,0.405,0.392,,,,,,,,,,,,,,,,,,
2023/09/06,12:37 PM.,TOR,OAK,home,Sunny.,70,547943,LF,0,0,0,0,0,0,0,0,0,0,0,.215,.308,.311,.619,547943,hyunjinryu,Ryu,Left,Hyun Jin Ryu,TOR,3.46,3.85,52.0,105.0,80.0,95.0,0.802,6.58,2.42,9.17,1.56,1.4,0.234,0.468,0.152,0.327,0.412,88.0,111.0,105.0,75.0,105.0,91.0,73.0,100.0,94.0,,,,92.0,107.0,97.0,,,,0.095,0.317,0.189,,,0.171,-0.51,1.27,,3.34,,-1.45,88.6,85.1,,87.7,,68.9,,,,0.265,0.633,0.11900000000000001,0.238,0.357,0.207,,,,0.133,0.133,0.091,0.286,0.429,0.35200000000000004,74.0,104.0,95.0,0.228,-2.1,78.1,0.276,0.448,0.25,,,,,,,,,,,,,,,,,,
2023/09/05,6:40 PM.,TOR,OAK,home,Clear.,68,605135,LF,4,0,0,0,0,0,0,0,0,0,4,.215,.308,.311,.619,605135,chrisbassitt,Bassitt,Right,Chris Bassitt,TOR,3.6,4.04,200.0,100.0,92.0,99.0,0.8,8.37,2.66,7.92,1.26,1.12,0.271,0.381,0.165,0.285,0.459,93.0,92.0,100.0,74.0,106.0,98.0,92.0,104.0,98.0,106.0,93.0,102.0,95.0,105.0,102.0,78.0,84.0,84.0,0.393,0.093,0.153,0.033,0.136,0.126,-3.9,-1.13,-3.07,2.11,-0.72,0.67,92.4,87.8,82.6,91.9,75.6,70.7,0.227,0.636,0.191,0.333,0.652,0.20600000000000002,0.274,0.496,0.253,0.375,0.563,0.226,0.22,0.336,0.14400000000000002,0.192,0.295,0.318,72.0,93.0,91.0,0.065,1.71,84.1,0.189,0.351,0.10099999999999999,,,,,,,,,,,,,,,,,,
2023/09/04,1:08 PM.,TOR,OAK,home,Sunny.,69,621244,LF,2,0,0,0,0,0,0,0,2,0,0,.218,.312,.315,.627,621244,joseberrios,Berríos,Right,José Berríos,TOR,3.65,4.51,189.2,104.0,100.0,103.0,0.764,8.73,2.47,8.21,1.19,1.12,0.225,0.406,0.151,0.311,0.418,116.0,104.0,110.0,96.0,103.0,99.0,92.0,104.0,99.0,,,,,,,,,,0.315,0.204,,,,0.296,0.72,,,0.61,,0.31,94.3,,,93.8,,82.6,,,,0.254,0.456,0.276,,,,,,,0.255,0.398,0.131,,,,90.0,104.0,101.0,0.185,-0.38,84.1,0.245,0.409,0.33,,,,,,,,,,0.216,0.357,0.305,,,,,,
2023/09/03,1:07 PM.,LAA,OAK,home,Partly Cloudy.,71,542881,DH,1,1,1,0,0,0,2,0,0,0,0,.219,.310,.317,.627,542881,tyleranderson,Anderson,Left,Tyler Anderson,LAA,5.43,4.96,141.0,99.0,91.0,96.0,0.747,7.6,4.09,9.32,1.28,0.64,0.246,0.401,0.182,0.289,0.406,105.0,84.0,83.0,81.0,96.0,89.0,92.0,93.0,81.0,105.0,76.0,95.0,104.0,103.0,98.0,,,,0.055,0.374,0.224,0.001,0.007,0.002,-1.25,0.48,-4.72,-3.61,-1.06,-0.33,90.1,85.1,90.1,88.5,78.1,72.9,0.2,0.2,0.33299999999999996,0.301,0.566,0.193,0.239,0.366,0.268,,,,0.36,0.68,0.102,,,,92.0,101.0,106.0,0.338,0.08,80.0,0.238,0.381,0.39799999999999996,,,,,,,,,,,,,,,,,,
2023/09/02,1:07 PM.,LAA,OAK,home,Cloudy.,72,656288,LF,4,0,1,0,0,0,0,0,0,0,1,.217,.308,.314,.622,656288,griffincanning,Canning,Right,Griffin Canning,LAA,4.32,4.01,127.0,102.0,96.0,101.0,0.734,9.85,2.55,8.57,1.56,1.1,0.239,0.41,0.129,0.382,0.442,91.0,98.0,103.0,78.0,101.0,93.0,81.0,95.0,86.0,124.0,105.0,110.0,,,,,,,0.006,0.348,,,0.299,0.134,-0.21,,,-8.61,0.1,-0.53,94.7,,,95.0,88.4,81.8,0.261,0.344,0.34,0.235,0.5,0.28300000000000003,,,,,,,0.333,1.333,0.0,0.271,0.667,0.252,89.0,101.0,101.0,0.213,1.6,90.2,0.213,0.339,0.248,,,,,,,,,,,,,,,,,,
2023/08/30,1:11 PM.,SEA,OAK,away,Cloudy.,69,682243,PH,1,0,0,0,0,0,0,0,0,1,1,.217,.308,.315,.623,682243,brycemiller,"Miller, B",Right,Bryce Miller,SEA,4.32,4.86,131.1,104.0,117.0,109.0,0.783,8.15,1.78,8.5,1.23,0.76,0.242,0.379,0.13,0.356,0.464,113.0,102.0,102.0,121.0,105.0,110.0,104.0,101.0,99.0,112.0,100.0,107.0,,,,,,,0.076,0.585,,,0.274,0.009,0.3,,,1.22,0.14,-8.41,95.1,,,95.1,85.0,78.2,0.3,0.475,0.174,0.256,0.45,0.271,,,,,,,0.26,0.36,0.096,0.667,1.333,0.125,90.0,101.0,107.0,0.056,0.66,85.0,0.167,0.433,0.179,,,,,,,,,,,,,,,,,,
2023/08/29,6:40 PM.,SEA,OAK,away,Roof Closed.,60,596133,LF,4,0,0,0,0,0,0,0,0,0,2,.217,.309,.316,.625,596133,lukeweaver,Weaver,Right,Luke Weaver,- - -,6.4,5.55,123.2,102.0,95.0,100.0,0.805,7.93,2.91,11.28,2.11,0.91,0.261,0.395,0.134,0.378,0.433,,,,88.0,102.0,96.0,,,,112.0,101.0,104.0,99.0,103.0,102.0,,,,,0.435,0.11,,0.137,,-1.47,0.87,,,-2.22,,94.0,90.3,,,85.8,,0.235,0.294,0.321,0.311,0.543,0.175,0.218,0.473,0.252,,,,,,,0.255,0.691,0.16699999999999998,83.0,103.0,100.0,0.2,-2.01,86.1,0.316,0.547,0.32299999999999995,,,,0.118,-1.56,81.7,,,,,,,,,,,,
2023/08/28,6:40 PM.,SEA,OAK,away,Cloudy.,67,693433,LF,2,0,0,0,0,0,0,0,0,1,0,.220,.313,.320,.633,693433,bryanwoo,Woo,Right,Bryan Woo,SEA,4.21,3.45,87.2,102.0,103.0,103.0,0.754,9.55,3.18,7.7,1.33,0.99,0.296,0.363,0.175,0.271,0.453,,,,101.0,105.0,106.0,109.0,102.0,103.0,110.0,96.0,105.0,,,,,,,0.255,0.469,,,0.24,,0.69,,,1.34,-0.83,,95.1,,,95.0,86.0,,0.257,0.457,0.311,0.207,0.407,0.303,,,,,,,0.213,0.372,0.20800000000000002,,,,85.0,91.0,93.0,0.037,-2.37,89.7,0.4,0.4,0.222,,,,,,,,,,,,,,,,,,
2023/08/27,1:11 PM.,CWS,OAK,away,Sunny.,71,605182,LF,4,0,0,0,0,0,0,0,0,1,3,.221,.314,.322,.636,605182,mikeclevinger,Clevinger,Right,Mike Clevinger,CHW,3.77,4.1,131.1,100.0,100.0,100.0,0.8,7.54,2.74,8.29,1.1,0.62,0.259,0.433,0.179,0.269,0.437,80.0,96.0,97.0,101.0,103.0,100.0,91.0,100.0,90.0,113.0,97.0,104.0,90.0,100.0,100.0,,,,0.024,0.479,0.082,,0.271,0.016,-0.21,-0.07,,1.47,0.5,0.55,94.3,84.9,,93.1,79.4,76.0,0.203,0.366,0.306,0.283,0.494,0.174,0.256,0.395,0.264,,,,0.2,0.2,0.2,0.167,0.167,0.2,80.0,96.0,95.0,0.128,1.69,86.1,0.175,0.206,0.293,,,,,,,,,,,,,,,,,,
2023/08/26,6:10 PM.,CWS,OAK,away,Cloudy.,72,657053,LF,1,0,0,0,0,0,0,0,2,0,0,.224,.318,.327,.645,657053,toukitoussaint,Toussaint,Right,Touki Toussaint,- - -,4.97,5.37,87.0,94.0,95.0,93.0,0.769,8.79,5.9,7.14,1.03,1.6,0.179,0.477,0.106,0.315,0.366,108.0,99.0,104.0,79.0,87.0,79.0,94.0,94.0,89.0,88.0,112.0,117.0,,,,96.0,96.0,99.0,0.265,0.235,,0.189,0.023,0.288,-1.46,,-0.3,0.33,-6.26,1.81,93.6,,87.5,92.9,86.6,76.1,0.333,1.333,0.35700000000000004,0.294,0.426,0.217,,,,0.188,0.348,0.324,0.3,0.412,0.095,0.115,0.184,0.35600000000000004,,,,,,,,,,,,,,,,,,,,,,,,,,,
2023/08/25,6:10 PM.,CWS,OAK,away,Partly Cloudy.,77,656302,LF,3,2,3,0,0,0,0,0,1,0,0,.225,.315,.328,.643,656302,dylancease,Cease,Right,Dylan Cease,CHW,4.58,4.13,177.0,97.0,115.0,104.0,0.705,10.88,4.02,8.75,0.97,0.92,0.243,0.432,0.173,0.341,0.376,,,,125.0,95.0,103.0,,,,120.0,101.0,108.0,,,,,,,,0.432,,,0.386,,-0.15,,,,0.4,,95.6,,,,86.3,,0.216,0.339,0.433,0.273,0.436,0.205,,,,,,,,,,0.298,0.538,0.249,60.0,90.0,78.0,0.03,1.0,74.6,0.111,0.111,0.5379999999999999,83.0,94.0,99.0,0.152,-1.83,80.2,,,,,,,,,,,,
2023/08/24,7:10 PM.,CWS,OAK,away,Clear.,91,669947,LF,4,2,2,1,0,1,1,0,0,0,0,.217,.305,.321,.626,669947,jessescholtens,Scholtens,Right,Jesse Scholtens,CHW,5.29,4.93,85.0,99.0,82.0,98.0,0.808,6.14,3.18,10.59,1.59,1.02,0.261,0.408,0.146,0.334,0.387,104.0,104.0,106.0,73.0,99.0,93.0,,,,82.0,98.0,101.0,,,,,,,,0.435,,,0.366,0.165,0.27,,,,-1.82,-0.51,92.8,,,,85.4,74.0,0.354,0.472,0.23399999999999999,0.266,0.462,0.14,,,,,,,,,,0.245,0.469,0.34299999999999997,92.0,84.0,86.0,0.035,0.73,85.4,0.111,0.111,0.154,,,,,,,,,,,,,,,,,,
2023/08/23,12:38 PM.,KC,OAK,home,Sunny.,82,666142,LF,1,0,0,0,0,0,0,0,1,0,1,.214,.303,.305,.608,666142,coleragans,Ragans,Left,Cole Ragans,- - -,3.47,3.33,96.0,99.0,101.0,101.0,0.713,10.59,3.84,6.56,0.66,1.21,0.284,0.364,0.178,0.284,0.409,,,,108.0,100.0,100.0,,,,126.0,114.0,125.0,89.0,92.0,87.0,,,,,0.401,0.134,,0.104,,0.24,1.47,,,2.79,,96.5,91.8,,,86.6,,0.18,0.2,0.4,0.234,0.411,0.27899999999999997,0.27,0.378,0.23800000000000002,,,,,,,0.194,0.306,0.295,90.0,97.0,103.0,0.237,2.84,86.6,0.152,0.192,0.344,,,,0.124,-0.05,81.8,,,,,,,,,,,,
2023/08/21,6:41 PM.,KC,OAK,home,Cloudy.,72,656353,LF,1,0,1,0,0,0,0,0,0,0,0,.214,.301,.306,.607,656353,tuckerdavidson,Davidson,Left,Tucker Davidson,- - -,5.96,5.16,51.1,97.0,93.0,95.0,0.766,8.06,3.33,11.22,1.05,1.38,0.259,0.404,0.133,0.331,0.413,,,,72.0,89.0,84.0,79.0,108.0,96.0,104.0,92.0,97.0,,,,82.0,94.0,97.0,0.02,0.352,,0.074,0.554,,-1.68,,2.98,-4.43,-0.8,,91.4,,82.6,90.4,83.8,,0.25,0.333,0.319,0.328,0.597,0.126,,,,0.105,0.158,0.526,0.5,1.0,0.0,,,,,,,,,,,,,,,,,,,,,,,,,,,,,,
2023/08/20,1:08 PM.,BAL,OAK,home,Partly Cloudy.,78,680694,LF,1,0,0,0,0,0,0,0,1,0,0,.212,.299,.304,.603,680694,kylebradish,Bradish,Right,Kyle Bradish,BAL,2.83,3.77,168.2,103.0,126.0,105.0,0.759,8.96,2.35,7.04,0.75,1.61,0.258,0.336,0.116,0.269,0.432,135.0,105.0,109.0,101.0,96.0,96.0,88.0,104.0,98.0,171.0,105.0,116.0,,,,,,,0.207,0.224,,,0.313,0.173,-1.0,,,1.53,1.77,3.99,94.5,,,95.0,88.1,84.8,0.168,0.272,0.364,0.366,0.602,0.15,,,,,,,0.23,0.367,0.15,0.142,0.165,0.35600000000000004,97.0,100.0,98.0,0.083,-0.36,90.8,0.259,0.37,0.114,,,,,,,,,,,,,,,,,,
2023/08/19,6:08 PM.,BAL,OAK,home,Partly Cloudy.,70,608344,PH,1,0,0,0,0,0,0,0,0,1,3,.212,.298,.305,.603,608344,coleirvin,"Irvin, C",Left,Cole Irvin,BAL,4.42,5.59,77.1,104.0,80.0,97.0,0.811,7.91,2.44,9.08,1.28,1.11,0.267,0.379,0.163,0.321,0.447,92.0,94.0,91.0,68.0,110.0,99.0,75.0,103.0,97.0,,,,99.0,99.0,94.0,,,,0.207,0.28,0.159,,,0.143,0.22,2.29,,0.95,,-0.89,92.2,85.5,,91.9,,77.2,,,,0.247,0.459,0.204,0.18,0.279,0.26,,,,0.28,0.36,0.195,0.229,0.343,0.23,75.0,106.0,101.0,0.211,-2.77,84.2,0.324,0.568,0.168,,,,,,,,,,,,,,,,,,
2023/08/18,6:40 PM.,BAL,OAK,home,Partly Cloudy.,68,502043,LF,3,0,2,1,0,0,1,0,0,0,0,.213,.299,.306,.605,502043,kylegibson,Gibson,Right,Kyle Gibson,BAL,4.73,4.8,192.0,100.0,93.0,97.0,0.768,7.36,2.58,9.28,1.08,1.57,0.205,0.452,0.136,0.311,0.394,90.0,102.0,99.0,78.0,96.0,89.0,93.0,101.0,97.0,110.0,105.0,107.0,90.0,95.0,92.0,,,,0.261,0.134,0.166,,0.184,0.084,-0.69,-1.02,,-0.08,2.01,0.01,92.1,89.8,,91.9,81.6,79.5,0.147,0.228,0.47100000000000003,0.287,0.55,0.156,0.345,0.552,0.154,,,,0.289,0.459,0.11,0.279,0.419,0.40399999999999997,88.0,99.0,96.0,0.17,-0.29,85.5,0.288,0.453,0.29100000000000004,,,,,,,,,,,,,,,,,,
2023/08/15,6:46 PM.,STL,OAK,away,Cloudy.,74,641712,LF,4,0,0,0,0,0,0,0,0,0,3,.208,.296,.299,.595,641712,dakotahudson,"Hudson, Dak",Right,Dakota Hudson,STL,4.98,6.0,81.1,96.0,94.0,91.0,0.818,4.98,3.76,9.74,1.0,1.89,0.16,0.461,0.141,0.349,0.419,81.0,103.0,96.0,81.0,99.0,88.0,81.0,97.0,87.0,120.0,95.0,100.0,,,,,,,0.377,0.222,,,0.321,0.055,0.43,,,0.04,-0.76,-0.31,91.1,,,91.6,85.1,81.4,0.258,0.43,0.39299999999999996,0.281,0.328,0.129,,,,,,,0.308,0.526,0.07200000000000001,0.25,0.25,0.306,85.0,66.0,62.0,0.024,-4.54,84.4,0.2,0.4,0.0,,,,,,,,,,,,,,,,,,
2023/08/09,12:36 PM.,TEX,OAK,home,Sunny.,71,656756,LF,1,0,0,0,0,0,0,0,0,0,0,.211,.299,.303,.602,656756,jordanmontgomery,Montgomery,Left,Jordan Montgomery,- - -,3.2,3.98,188.2,101.0,97.0,96.0,0.76,7.92,2.29,8.44,0.86,1.24,0.277,0.392,0.143,0.322,0.405,116.0,108.0,111.0,75.0,95.0,84.0,91.0,99.0,91.0,,,,101.0,102.0,87.0,,,,0.426,0.106,0.016,,,0.222,-0.68,-4.4,,1.22,,0.84,93.4,88.2,,93.3,,80.5,,,,0.333,0.5,0.195,0.417,0.667,0.31,,,,0.255,0.374,0.141,0.191,0.357,0.371,99.0,101.0,98.0,0.229,0.2,83.5,0.239,0.405,0.392,,,,,,,,,,,,,,,,,,
2023/08/08,6:41 PM.,TEX,OAK,home,Clear.,66,453286,LF,4,0,0,0,0,0,0,0,0,1,0,.212,.300,.304,.604,453286,maxscherzer,Scherzer,Right,Max Scherzer,- - -,3.77,3.28,152.2,103.0,101.0,103.0,0.737,10.26,2.65,7.43,1.65,0.68,0.239,0.412,0.183,0.319,0.434,96.0,101.0,104.0,104.0,101.0,101.0,,,,106.0,108.0,108.0,98.0,108.0,99.0,,,,,0.463,0.104,,0.168,0.124,0.72,2.12,,,-0.21,0.51,93.7,88.4,,,84.0,75.4,0.25,0.545,0.364,0.255,0.458,0.23800000000000002,0.135,0.243,0.33299999999999996,,,,,,,0.187,0.373,0.326,94.0,106.0,106.0,0.141,0.03,83.8,0.207,0.283,0.275,,,,,,,,,,,,,,,,,,
2023/08/07,6:42 PM.,TEX,OAK,home,Clear.,70,641540,LF,2,1,0,0,0,0,0,0,1,0,0,.215,.304,.308,.612,641540,danedunning,Dunning,Right,Dane Dunning,TEX,3.7,4.48,172.2,102.0,84.0,96.0,0.794,7.3,2.87,8.5,1.04,1.41,0.203,0.443,0.146,0.315,0.415,78.0,82.0,84.0,71.0,96.0,85.0,79.0,104.0,94.0,101.0,106.0,106.0,90.0,100.0,95.0,,,,0.331,0.032,0.2,,0.234,0.016,-3.75,0.82,,1.37,0.14,-3.56,90.5,88.9,,91.0,82.1,78.1,0.212,0.364,0.345,0.294,0.765,0.235,0.258,0.393,0.231,,,,0.246,0.354,0.08,0.25,0.25,0.5,65.0,102.0,92.0,0.156,-0.87,85.7,0.301,0.478,0.258,,,,0.032,-0.43,77.5,,,,,,,,,,,,
2023/08/06,1:35 PM.,SF,OAK,home,Sunny.,81,502171,LF,0,0,0,0,0,0,1,0,0,0,0,.217,.304,.310,.614,502171,alexcobb,Cobb,Right,Alex Cobb,SFG,3.87,4.73,151.1,102.0,91.0,100.0,0.808,7.79,2.2,9.69,1.13,2.6,0.216,0.43,0.142,0.356,0.399,,,,61.0,79.0,76.0,92.0,103.0,96.0,113.0,111.0,115.0,,,,78.0,103.0,103.0,0.397,0.003,,0.388,0.051,,-3.47,,0.2,0.33,-1.31,,95.8,,89.5,94.5,86.2,,0.333,0.542,0.306,,,,,,,0.239,0.386,0.24600000000000002,0.28,0.435,0.129,0.379,0.638,0.32,,,,,,,,,,115.0,95.0,103.0,0.162,-1.38,83.6,,,,,,,,,,,,
2023/08/05,4:08 PM.,SF,OAK,home,Sunny.,75,548389,LF,0,0,0,0,0,0,0,0,1,0,0,.217,.305,.310,.615,548389,rossstripling,Stripling,Right,Ross Stripling,SFG,5.36,5.59,89.0,108.0,84.0,103.0,0.785,7.08,1.62,10.52,2.02,1.42,0.195,0.399,0.15,0.328,0.433,,,,59.0,106.0,96.0,47.0,109.0,88.0,97.0,109.0,106.0,,,,83.0,107.0,102.0,0.092,0.26,,0.009,0.292,,-0.38,,-0.82,-0.64,0.07,,92.5,,85.6,90.3,87.2,,0.274,0.487,0.179,0.275,0.512,0.275,,,,,,,0.325,0.55,0.12300000000000001,0.2,0.2,0.20600000000000002,94.0,112.0,113.0,0.248,-2.35,83.7,0.305,0.508,0.289,119.0,95.0,102.0,0.099,1.22,75.9,,,,,,,,,,,,
2023/08/02,7:10 PM.,LAD,OAK,away,Clear.,78,664062,LF,3,0,1,0,0,0,0,0,0,0,1,.217,.303,.310,.613,664062,tonygonsolin,Gonsolin,Right,Tony Gonsolin,LAD,4.98,5.89,103.0,97.0,97.0,98.0,0.803,7.17,3.5,7.51,1.66,0.79,0.19,0.395,0.141,0.389,0.388,107.0,83.0,90.0,80.0,99.0,91.0,,,,90.0,103.0,108.0,,,,120.0,98.0,106.0,,0.395,,0.272,0.183,0.151,1.42,,0.21,,-0.82,-2.12,92.4,,83.0,,86.8,80.9,0.268,0.439,0.253,0.221,0.436,0.157,,,,0.181,0.315,0.27,,,,0.313,0.656,0.209,,,,,,,,,,,,,,,,,,,,,,,,,,,
2023/08/01,7:10 PM.,LAD,OAK,away,Clear.,78,458681,LF,3,0,1,1,0,0,0,0,1,0,0,.215,.302,.310,.612,458681,lancelynn,Lynn,Right,Lance Lynn,- - -,5.73,4.86,183.2,102.0,94.0,100.0,0.74,9.36,3.28,9.26,2.16,0.82,0.241,0.419,0.17,0.32,0.403,109.0,97.0,106.0,92.0,105.0,104.0,93.0,95.0,87.0,97.0,98.0,106.0,104.0,105.0,99.0,,,,0.126,0.437,0.23,,0.063,0.074,-0.4,-0.35,,1.21,-3.65,-2.24,92.4,88.7,,91.4,83.0,80.8,0.286,0.446,0.308,0.255,0.52,0.316,0.273,0.512,0.267,,,,0.239,0.394,0.177,0.208,0.453,0.354,56.0,95.0,90.0,0.07,-1.23,84.9,0.302,0.372,0.29600000000000004,,,,,,,,,,,,,,,,,,
2023/07/30,1:11 PM.,COL,OAK,away,Partly Cloudy.,93,621389,LF,3,0,0,0,0,0,0,0,1,0,0,.214,.300,.306,.606,621389,tyblach,Blach,Left,Ty Blach,COL,5.54,7.26,78.0,102.0,75.0,88.0,0.856,5.77,2.77,12.0,1.73,1.18,0.279,0.371,0.121,0.39,0.447,66.0,98.0,98.0,,,,69.0,104.0,84.0,,,,170.0,99.0,85.0,,,,0.55,,0.165,,,0.064,,-2.26,,-1.22,,-0.44,,83.7,,89.3,,78.9,,,,,,,0.348,0.652,0.184,,,,0.322,0.561,0.102,0.211,0.211,0.257,20.0,103.0,96.0,0.221,-1.35,79.9,0.371,0.486,0.207,,,,,,,,,,,,,,,,,,
2023/07/29,6:10 PM.,COL,OAK,away,Cloudy.,87,623167,LF,4,1,1,0,0,0,1,0,0,0,2,.216,.300,.310,.610,623167,chrisflexen,Flexen,Right,Chris Flexen,- - -,6.86,6.2,102.1,99.0,83.0,93.0,0.794,6.51,3.34,11.7,2.2,1.05,0.257,0.417,0.137,0.346,0.401,92.0,95.0,111.0,65.0,98.0,84.0,49.0,106.0,76.0,122.0,107.0,111.0,87.0,100.0,94.0,,,,0.019,0.409,0.293,,0.097,0.022,-2.66,-0.47,,-7.15,-2.44,2.61,91.9,87.9,,90.9,80.8,71.6,0.389,0.444,0.14800000000000002,0.379,0.739,0.174,0.287,0.504,0.20199999999999999,,,,0.6,0.7,0.111,0.125,0.125,0.35700000000000004,93.0,97.0,97.0,0.16,0.72,81.0,0.213,0.32,0.397,,,,,,,,,,,,,,,,,,
2023/07/28,6:40 PM.,COL,OAK,away,Partly Cloudy.,83,607536,LF,5,1,2,2,0,0,1,0,0,0,3,.216,.302,.311,.613,607536,kylefreeland,Freeland,Left,Kyle Freeland,COL,5.03,5.7,155.2,103.0,70.0,94.0,0.847,5.43,2.43,10.81,1.68,1.0,0.202,0.441,0.122,0.391,0.437,,,,68.0,105.0,90.0,67.0,103.0,88.0,65.0,99.0,96.0,,,,,,,0.283,0.184,,,0.236,,1.13,,,-0.86,-0.2,,88.8,,,88.7,84.1,,0.246,0.549,0.2,0.239,0.431,0.127,,,,,,,0.349,0.529,0.091,0.261,0.41,0.32,47.0,105.0,95.0,0.122,-3.3,84.2,0.435,0.681,0.139,96.0,105.0,105.0,0.176,-1.91,80.6,,,,,,,,,,,,
2023/07/26,6:45 PM.,SF,OAK,away,Cloudy.,61,676254,LF,4,0,3,0,0,0,0,1,0,0,0,.212,.300,.301,.601,676254,ryanwalker,"Walker, R",Right,Ryan Walker,SFG,3.23,3.06,61.1,101.0,115.0,104.0,0.714,11.45,3.52,8.95,1.17,1.18,0.233,0.421,0.233,0.189,0.418,139.0,42.0,53.0,,,,101.0,101.0,95.0,128.0,100.0,113.0,,,,,,,0.496,,,,0.503,0.001,,,,0.41,-0.84,-5.8,,,,94.8,83.2,72.7,0.248,0.473,0.419,,,,,,,,,,0.279,0.356,0.175,,,,,,,,,,,,,,,,,,,,,,,,,,,,,,
2023/07/25,6:46 PM.,SF,OAK,away,Partly Cloudy.,67,502171,LF,3,0,0,0,0,0,0,0,0,1,0,.204,.294,.294,.588,502171,alexcobb,Cobb,Right,Alex Cobb,SFG,3.87,4.73,151.1,102.0,91.0,100.0,0.808,7.79,2.2,9.69,1.13,2.6,0.216,0.43,0.142,0.356,0.399,,,,61.0,79.0,76.0,92.0,103.0,96.0,113.0,111.0,115.0,,,,78.0,103.0,103.0,0.397,0.003,,0.388,0.051,,-3.47,,0.2,0.33,-1.31,,95.8,,89.5,94.5,86.2,,0.333,0.542,0.306,,,,,,,0.239,0.386,0.24600000000000002,0.28,0.435,0.129,0.379,0.638,0.32,,,,,,,,,,115.0,95.0,103.0,0.162,-1.38,83.6,,,,,,,,,,,,
2023/07/23,1:07 PM.,HOU,OAK,home,Partly Cloudy.,72,686613,LF,4,0,0,0,0,0,0,0,0,0,3,.206,.297,.298,.595,686613,hunterbrown,"Brown, H",Right,Hunter Brown,HOU,5.09,4.27,155.2,100.0,104.0,101.0,0.77,10.29,3.18,9.08,1.5,1.78,0.274,0.364,0.135,0.362,0.433,,,,101.0,99.0,96.0,90.0,103.0,93.0,104.0,92.0,97.0,,,,92.0,104.0,105.0,0.002,0.461,0.235,0.048,0.017,,0.01,-0.4,0.92,-0.16,-2.64,,95.7,91.7,88.2,96.0,84.6,,0.25,0.625,0.33299999999999996,0.271,0.511,0.223,0.297,0.506,0.20800000000000002,,,,,,,0.247,0.374,0.303,,,,,,,0.121,0.242,0.37,112.0,102.0,110.0,0.238,-0.77,82.9,,,,,,,,,,,,
2023/07/22,6:08 PM.,HOU,OAK,home,Partly Cloudy.,75,664299,LF,4,0,0,0,0,0,0,0,0,0,0,.210,.301,.302,.603,664299,cristianjavier,Javier,Right,Cristian Javier,HOU,4.56,4.42,162.0,98.0,102.0,100.0,0.762,8.83,3.44,7.94,1.39,0.46,0.266,0.368,0.15,0.331,0.399,,,,101.0,98.0,98.0,,,,108.0,95.0,102.0,,,,,,,,0.584,,,0.3,,0.44,,,,-0.09,,92.7,,,,79.5,,0.211,0.367,0.287,0.236,0.455,0.265,,,,,,,,,,0.268,0.366,0.195,78.0,101.0,98.0,0.041,-1.29,83.7,0.28,0.36,0.392,91.0,99.0,102.0,0.075,-1.17,76.6,,,,,,,,,,,,
2023/07/21,6:41 PM.,HOU,OAK,home,Clear.,71,664285,LF,4,2,2,1,0,0,0,1,0,0,1,.213,.306,.307,.613,664285,frambervaldez,"Valdez, F",Left,Framber Valdez,HOU,3.45,4.33,198.0,98.0,106.0,100.0,0.752,9.09,2.59,7.55,0.86,2.13,0.246,0.443,0.109,0.374,0.445,118.0,98.0,106.0,98.0,-63.0,-49.0,97.0,98.0,96.0,,,,99.0,99.0,95.0,,,,0.468,0.001,0.034,,0.087,0.253,-16.35,0.45,,0.93,-0.32,1.07,95.7,89.1,,95.3,84.7,80.2,0.189,0.405,0.43799999999999994,,,,0.182,0.182,0.435,,,,0.274,0.455,0.126,0.158,0.211,0.402,96.0,98.0,94.0,0.157,0.73,90.1,0.231,0.342,0.311,,,,,,,,,,,,,,,,,,
2023/07/20,6:40 PM.,HOU,OAK,home,Clear.,71,641585,LF,2,1,0,0,0,0,0,0,2,0,1,.208,.300,.300,.600,641585,jpfrance,"France, J",Right,J.P. France,HOU,3.83,4.86,136.1,100.0,103.0,102.0,0.797,6.67,3.1,9.11,1.25,1.14,0.244,0.392,0.135,0.309,0.454,116.0,98.0,100.0,101.0,97.0,98.0,,,,109.0,99.0,105.0,116.0,108.0,103.0,,,,,0.431,0.189,,0.091,0.137,-0.26,0.33,,,-2.09,0.16,93.0,86.8,,,80.1,76.0,0.25,0.533,0.298,0.308,0.481,0.106,0.317,0.446,0.22,,,,,,,0.145,0.273,0.42200000000000004,75.0,102.0,112.0,0.152,2.51,81.8,0.183,0.237,0.308,,,,,,,,,,,,,,,,,,
2023/07/19,12:38 PM.,BOS,OAK,home,Sunny.,69,678394,LF,3,1,2,0,0,0,0,0,0,0,0,.210,.297,.303,.600,678394,brayanbello,Bello,Right,Brayan Bello,BOS,4.24,4.16,157.0,100.0,90.0,98.0,0.778,7.57,2.58,9.46,1.38,1.94,0.194,0.48,0.144,0.351,0.408,,,,83.0,102.0,93.0,93.0,101.0,98.0,103.0,94.0,103.0,88.0,100.0,88.0,,,,0.364,0.207,0.015,,0.175,,-1.91,-6.73,,0.52,-1.86,,95.5,89.1,,95.0,85.3,,0.3,0.456,0.259,0.31,0.646,0.19899999999999998,0.462,1.077,0.20800000000000002,,,,0.278,0.435,0.16,,,,80.0,103.0,99.0,0.239,1.38,86.2,0.196,0.291,0.387,,,,,,,,,,,,,,,,,,
2023/07/18,6:42 PM.,BOS,OAK,home,Clear.,63,682175,LF,3,0,1,0,1,0,0,0,1,0,0,.204,.291,.298,.589,682175,joejacques,Jacques,Left,Joe Jacques,BOS,5.06,4.07,26.2,96.0,106.0,96.0,0.83,6.75,3.38,10.8,0.68,2.62,0.314,0.326,0.174,0.36,0.424,,,,,,,119.0,101.0,95.0,82.0,89.0,99.0,,,,,,,0.631,0.002,,,0.349,,-8.63,,,0.28,-2.44,,93.1,,,91.3,77.2,,0.273,0.545,0.29600000000000004,,,,,,,,,,0.286,0.393,0.12,,,,105.0,86.0,96.0,0.018,-7.89,84.9,,,,,,,,,,,,,,,,,,,,,
2023/07/16,1:09 PM.,MIN,OAK,home,Partly Cloudy.,79,657746,LF,5,0,1,0,0,0,0,1,0,0,2,.203,.287,.289,.576,657746,joeryan,Ryan,Right,Joe Ryan,MIN,4.51,3.53,161.2,107.0,99.0,105.0,0.749,10.97,1.89,8.63,1.78,0.63,0.232,0.423,0.147,0.326,0.455,,,,102.0,112.0,108.0,,,,102.0,88.0,94.0,,,,91.0,104.0,102.0,,0.569,,0.272,0.159,,0.89,,-0.3,,-2.12,,92.3,,83.9,,80.3,,0.32,0.56,0.24100000000000002,0.24,0.457,0.287,,,,0.242,0.415,0.213,,,,,,,,,,,,,,,,,,,,,,,,,,,,,,,,,
2023/07/15,4:09 PM.,MIN,OAK,home,Sunny.,80,641154,LF,3,0,1,0,0,0,1,0,0,1,0,.203,.289,.291,.580,641154,pablolopez,"López, P",Right,Pablo López,MIN,3.66,3.0,194.0,107.0,99.0,109.0,0.717,10.86,2.23,8.16,1.11,1.25,0.208,0.438,0.175,0.295,0.428,93.0,110.0,114.0,100.0,108.0,105.0,98.0,105.0,104.0,111.0,106.0,114.0,,,,,,,0.106,0.345,,,0.214,0.125,0.1,,,2.08,1.34,0.25,94.9,,,94.5,84.4,82.5,0.173,0.287,0.366,0.268,0.468,0.315,,,,,,,0.278,0.342,0.126,0.202,0.33,0.364,90.0,108.0,109.0,0.211,-0.17,88.4,0.257,0.41,0.284,,,,,,,,,,,,,,,,,,
2023/07/14,6:41 PM.,MIN,OAK,home,Clear.,71,628317,PH,1,1,1,1,0,0,0,0,0,0,0,.201,.289,.290,.579,628317,kentamaeda,Maeda,Right,Kenta Maeda,MIN,4.23,3.74,104.1,103.0,105.0,102.0,0.735,10.09,2.42,8.11,1.47,0.69,0.225,0.389,0.1,0.336,0.399,94.0,96.0,95.0,76.0,102.0,91.0,73.0,107.0,96.0,105.0,99.0,103.0,,,,138.0,107.0,112.0,0.064,0.274,,0.319,0.306,0.036,0.35,,1.6,-0.88,-0.07,-2.4,91.0,,84.1,90.3,81.6,76.4,0.206,0.471,0.28800000000000003,0.275,0.451,0.251,,,,0.182,0.263,0.35,0.385,0.538,0.128,0.333,0.667,0.063,,,,,,,,,,,,,,,,,,,,,,,,,,,
2023/07/09,1:37 PM.,BOS,OAK,away,Cloudy.,80,605463,LF,4,0,1,0,0,0,0,1,1,0,5,.197,.286,.283,.569,605463,taylerscott,"Scott, Tay",Right,Tayler Scott,- - -,5.6,5.16,17.2,97.0,97.0,101.0,0.791,8.66,5.09,11.72,1.53,0.72,0.328,0.293,0.103,0.448,0.391,,,,68.0,88.0,86.0,72.0,99.0,92.0,115.0,101.0,112.0,,,,,,,0.325,0.089,,,0.473,,0.01,,,-4.04,-0.15,,94.0,,,93.8,84.1,,0.25,0.417,0.273,0.143,0.143,0.267,,,,,,,0.522,0.957,0.125,,,,118.0,79.0,89.0,0.112,-4.09,87.3,0.125,0.5,0.5,,,,,,,,,,,,,,,,,,
2023/07/07,7:11 PM.,BOS,OAK,away,Partly Cloudy.,82,657514,2B,4,0,1,0,0,0,0,0,0,1,0,.196,.283,.283,.566,657514,brennanbernardino,Bernardino,Left,Brennan Bernardino,BOS,3.2,4.07,50.2,96.0,88.0,90.0,0.773,10.3,3.2,8.53,0.71,1.86,0.254,0.343,0.149,0.321,0.457,101.0,93.0,93.0,,,,79.0,100.0,88.0,,,,,,,,,,0.559,,,,,0.427,,,,1.73,,-0.78,,,,90.8,,77.6,,,,,,,,,,,,,0.252,0.362,0.185,0.238,0.349,0.35100000000000003,34.0,68.0,70.0,0.014,-13.88,82.4,0.5,2.0,0.0,,,,,,,,,,,,,,,,,,
2023/07/06,1:11 PM.,DET,OAK,away,Cloudy.,80,547179,LF,4,0,0,0,0,0,0,0,0,1,0,.195,.284,.284,.568,547179,michaellorenzen,Lorenzen,Right,Michael Lorenzen,- - -,4.18,4.51,153.0,101.0,101.0,101.0,0.809,6.53,2.76,8.12,1.18,1.06,0.246,0.417,0.097,0.352,0.447,103.0,112.0,110.0,98.0,100.0,97.0,82.0,108.0,100.0,116.0,102.0,106.0,89.0,75.0,71.0,,,,0.12,0.347,0.009,,0.297,0.011,1.17,-7.35,,0.73,0.34,-4.26,94.3,90.8,,93.7,84.7,82.3,0.293,0.61,0.214,0.211,0.333,0.171,0.6,1.2,0.16699999999999998,,,,0.333,0.4,0.038,0.667,1.667,0.182,95.0,101.0,102.0,0.216,0.26,84.5,0.186,0.403,0.314,,,,,,,,,,,,,,,,,,
2023/07/05,6:40 PM.,DET,OAK,away,Clear.,89,593958,2B,4,1,2,0,0,0,2,1,0,1,0,.199,.289,.289,.578,593958,eduardorodriguez,"Rodriguez, Ed",Left,Eduardo Rodriguez,DET,3.3,4.04,152.2,103.0,83.0,97.0,0.781,8.43,2.83,7.55,0.88,1.1,0.279,0.407,0.152,0.311,0.429,,,,73.0,101.0,91.0,84.0,117.0,107.0,103.0,107.0,106.0,90.0,101.0,98.0,,,,0.093,0.454,0.192,,0.072,,0.65,0.51,,1.11,3.12,,92.2,88.8,,92.4,84.5,,0.089,0.178,0.395,0.278,0.431,0.222,0.2,0.471,0.19399999999999998,,,,0.165,0.228,0.135,,,,91.0,102.0,103.0,0.189,0.71,85.9,0.233,0.292,0.317,,,,,,,,,,,,,,,,,,
2023/07/04,6:40 PM.,DET,OAK,away,Clear.,86,669373,2B,3,0,0,0,0,0,0,0,0,0,0,.193,.285,.285,.570,669373,tarikskubal,Skubal,Left,Tarik Skubal,DET,2.8,2.3,80.1,106.0,97.0,107.0,0.716,11.43,1.57,6.5,0.45,1.64,0.209,0.435,0.168,0.272,0.455,,,,94.0,112.0,103.0,98.0,109.0,105.0,114.0,104.0,109.0,,,,,,,0.122,0.36,,,0.207,,2.49,,,2.7,-0.49,,95.8,,,95.9,87.6,,0.224,0.448,0.24,0.206,0.299,0.256,,,,,,,0.229,0.286,0.17300000000000001,0.143,0.214,0.36,93.0,102.0,114.0,0.244,3.25,84.3,0.167,0.205,0.506,81.0,90.0,93.0,0.068,0.54,76.4,,,,,,,,,,,,
2023/07/02,1:07 PM.,CWS,OAK,home,Partly Cloudy.,79,657053,2B,5,2,2,0,0,0,1,1,0,0,2,.196,.289,.289,.578,657053,toukitoussaint,Toussaint,Right,Touki Toussaint,- - -,4.97,5.37,87.0,94.0,95.0,93.0,0.769,8.79,5.9,7.14,1.03,1.6,0.179,0.477,0.106,0.315,0.366,108.0,99.0,104.0,79.0,87.0,79.0,94.0,94.0,89.0,88.0,112.0,117.0,,,,96.0,96.0,99.0,0.265,0.235,,0.189,0.023,0.288,-1.46,,-0.3,0.33,-6.26,1.81,93.6,,87.5,92.9,86.6,76.1,0.333,1.333,0.35700000000000004,0.294,0.426,0.217,,,,0.188,0.348,0.324,0.3,0.412,0.095,0.115,0.184,0.35600000000000004,,,,,,,,,,,,,,,,,,,,,,,,,,,
2023/07/01,1:07 PM.,CWS,OAK,home,Sunny.,81,656302,2B,6,1,2,0,1,0,1,0,0,1,7,.191,.286,.286,.572,656302,dylancease,Cease,Right,Dylan Cease,CHW,4.58,4.13,177.0,97.0,115.0,104.0,0.705,10.88,4.02,8.75,0.97,0.92,0.243,0.432,0.173,0.341,0.376,,,,125.0,95.0,103.0,,,,120.0,101.0,108.0,,,,,,,,0.432,,,0.386,,-0.15,,,,0.4,,95.6,,,,86.3,,0.216,0.339,0.433,0.273,0.436,0.205,,,,,,,,,,0.298,0.538,0.249,60.0,90.0,78.0,0.03,1.0,74.6,0.111,0.111,0.5379999999999999,83.0,94.0,99.0,0.152,-1.83,80.2,,,,,,,,,,,,
2023/06/30,6:40 PM.,CWS,OAK,home,Clear.,71,621383,2B,4,1,2,0,1,0,1,1,0,0,1,.187,.285,.275,.560,621383,tannerbanks,Banks,Left,Tanner Banks,CHW,4.43,4.39,61.0,101.0,88.0,101.0,0.788,7.52,2.36,8.7,1.48,0.86,0.272,0.348,0.103,0.37,0.445,113.0,106.0,109.0,75.0,102.0,99.0,79.0,100.0,95.0,106.0,100.0,102.0,,,,,,,0.028,0.354,,,0.303,0.151,-0.84,,,-1.44,1.17,-3.1,92.6,,,91.4,86.3,80.9,0.225,0.408,0.263,0.291,0.494,0.244,,,,,,,0.5,0.5,0.444,0.31,0.69,0.243,64.0,102.0,96.0,0.165,2.23,86.3,0.162,0.324,0.188,,,,,,,,,,,,,,,,,,
2023/06/29,12:37 PM.,NYY,OAK,home,Sunny.,69,657376,2B,5,1,1,0,0,0,0,1,0,0,2,.180,.281,.259,.540,657376,clarkeschmidt,Schmidt,Right,Clarke Schmidt,NYY,4.64,4.33,159.0,102.0,102.0,104.0,0.783,8.43,2.6,9.57,1.36,1.16,0.232,0.447,0.154,0.309,0.439,,,,,,,68.0,103.0,88.0,109.0,99.0,107.0,96.0,106.0,105.0,,,,0.241,,0.279,,0.274,,,0.27,,-0.2,-0.59,,,91.3,,93.4,86.0,,0.276,0.559,0.263,,,,0.28,0.457,0.222,,,,0.288,0.447,0.11,0.198,0.314,0.345,31.0,95.0,88.0,0.015,-7.35,89.4,0.5,0.5,0.091,146.0,100.0,118.0,0.191,-0.46,83.7,,,,,,,,,,,,
2023/06/28,6:40 PM.,NYY,OAK,home,Partly Cloudy.,59,593334,2B,3,0,0,0,0,0,0,0,0,0,0,.179,.283,.261,.544,593334,domingogerman,Germán,Right,Domingo Germán,NYY,4.56,4.3,108.2,100.0,92.0,98.0,0.707,9.44,2.82,6.87,1.66,0.97,0.159,0.486,0.166,0.328,0.416,94.0,102.0,104.0,89.0,100.0,97.0,82.0,95.0,87.0,,,,,,,,,,0.105,0.277,,,,0.409,-1.75,,,0.95,,1.5,92.3,,,92.4,,82.9,,,,0.321,0.741,0.19,,,,,,,0.15,0.325,0.13,0.174,0.344,0.39299999999999996,96.0,98.0,95.0,0.209,1.01,85.8,0.2,0.306,0.322,,,,,,,,,,,,,,,,,,
2023/06/27,6:40 PM.,NYY,OAK,home,Partly Cloudy.,58,666745,2B,2,0,0,0,0,0,0,0,1,0,0,.182,.287,.265,.552,666745,jhonybrito,Brito,Right,Jhony Brito,NYY,4.28,4.55,90.1,103.0,93.0,102.0,0.809,7.17,2.79,8.17,1.39,1.1,0.261,0.399,0.134,0.347,0.424,,,,77.0,99.0,88.0,106.0,105.0,104.0,115.0,84.0,89.0,,,,,,,0.327,0.166,,,0.113,,-0.97,,,1.05,0.17,,95.8,,,96.0,83.0,,0.172,0.31,0.28,0.167,0.5,0.179,,,,,,,0.282,0.436,0.149,0.348,0.696,0.188,87.0,104.0,106.0,0.29,0.5,88.8,0.232,0.392,0.282,,,,0.104,-1.87,80.4,,,,,,,,,,,,
2023/06/25,1:38 PM.,TOR,OAK,away,Sunny.,77,579328,2B,3,1,1,0,0,1,1,0,0,0,1,.184,.286,.268,.554,579328,yuseikikuchi,Kikuchi,Left,Yusei Kikuchi,TOR,3.86,4.3,167.2,101.0,105.0,102.0,0.748,9.72,2.58,8.86,1.45,1.04,0.289,0.4,0.152,0.36,0.431,98.0,103.0,105.0,117.0,99.0,102.0,,,,101.0,105.0,108.0,,,,,,,,0.451,,,0.259,0.193,0.05,,,,1.11,0.24,95.1,,,,88.7,83.1,0.225,0.396,0.302,0.27,0.412,0.268,,,,,,,,,,0.284,0.463,0.307,82.0,93.0,83.0,0.097,-1.83,88.7,0.254,0.508,0.193,,,,,,,,,,,,,,,,,,
2023/06/24,4:08 PM.,TOR,OAK,away,Roof Closed.,68,621244,2B,4,1,1,0,0,0,0,0,0,0,2,.182,.286,.250,.536,621244,joseberrios,Berríos,Right,José Berríos,TOR,3.65,4.51,189.2,104.0,100.0,103.0,0.764,8.73,2.47,8.21,1.19,1.12,0.225,0.406,0.151,0.311,0.418,116.0,104.0,110.0,96.0,103.0,99.0,92.0,104.0,99.0,,,,,,,,,,0.315,0.204,,,,0.296,0.72,,,0.61,,0.31,94.3,,,93.8,,82.6,,,,0.254,0.456,0.276,,,,,,,0.255,0.398,0.131,,,,90.0,104.0,101.0,0.185,-0.38,84.1,0.245,0.409,0.33,,,,,,,,,,0.216,0.357,0.305,,,,,,
2023/06/23,7:08 PM.,TOR,OAK,away,Roof Closed.,68,605135,2B,4,1,1,0,0,0,0,1,0,0,2,.180,.283,.250,.533,605135,chrisbassitt,Bassitt,Right,Chris Bassitt,TOR,3.6,4.04,200.0,100.0,92.0,99.0,0.8,8.37,2.66,7.92,1.26,1.12,0.271,0.381,0.165,0.285,0.459,93.0,92.0,100.0,74.0,106.0,98.0,92.0,104.0,98.0,106.0,93.0,102.0,95.0,105.0,102.0,78.0,84.0,84.0,0.393,0.093,0.153,0.033,0.136,0.126,-3.9,-1.13,-3.07,2.11,-0.72,0.67,92.4,87.8,82.6,91.9,75.6,70.7,0.227,0.636,0.191,0.333,0.652,0.20600000000000002,0.274,0.496,0.253,0.375,0.563,0.226,0.22,0.336,0.14400000000000002,0.192,0.295,0.318,72.0,93.0,91.0,0.065,1.71,84.1,0.189,0.351,0.10099999999999999,,,,,,,,,,,,,,,,,,
2023/06/22,1:11 PM.,CLE,OAK,away,Cloudy.,71,671106,LF,2,1,0,0,0,0,0,0,1,0,1,.179,.284,.250,.534,671106,loganallen,"Allen, L.T.",Left,Logan Allen,CLE,3.81,4.42,125.1,102.0,86.0,100.0,0.773,8.55,3.45,9.12,1.15,1.17,0.247,0.432,0.155,0.337,0.414,,,,82.0,101.0,95.0,,,,108.0,98.0,101.0,110.0,97.0,98.0,,,,,0.451,0.089,,0.247,,-0.12,-2.1,,,-0.74,,91.4,86.3,,,79.3,,0.3,0.3,0.368,0.257,0.482,0.177,0.462,0.692,0.17,,,,,,,,,,60.0,104.0,105.0,0.213,1.49,82.7,0.191,0.223,0.33,,,,,,,,,,,,,,,,,,
2023/06/21,7:10 PM.,CLE,OAK,away,Cloudy.,76,668909,2B,3,2,2,0,0,0,0,0,1,0,0,.181,.283,.253,.536,668909,gavinwilliams,"Williams, G",Right,Gavin Williams,CLE,3.29,4.21,82.0,100.0,102.0,101.0,0.745,8.89,4.06,7.24,0.88,0.98,0.265,0.354,0.126,0.278,0.426,84.0,90.0,95.0,112.0,101.0,103.0,,,,83.0,107.0,102.0,,,,,,,,0.553,,,0.221,0.17,0.35,,,,2.27,-1.23,95.7,,,,84.9,76.2,0.157,0.241,0.318,0.25,0.404,0.249,,,,,,,,,,0.174,0.391,0.35200000000000004,136.0,95.0,93.0,0.056,-3.24,88.2,0.353,0.588,0.212,,,,,,,,,,,,,,,,,,
2023/06/20,7:01 PM.,CLE,OAK,away,Cloudy.,80,650644,2B,4,2,2,0,0,1,1,0,0,1,1,.172,.273,.245,.518,650644,aaroncivale,Civale,Right,Aaron Civale,- - -,3.46,3.69,122.1,106.0,105.0,104.0,0.786,8.53,2.43,8.02,0.88,1.0,0.212,0.458,0.149,0.307,0.413,153.0,113.0,120.0,76.0,101.0,91.0,75.0,101.0,89.0,128.0,111.0,116.0,96.0,104.0,103.0,58.0,95.0,95.0,0.185,0.123,0.372,0.017,0.058,0.244,-0.65,1.13,-6.33,1.59,0.15,0.77,91.8,87.7,85.2,92.4,82.5,78.1,0.172,0.345,0.23199999999999998,0.359,0.436,0.243,0.261,0.406,0.23399999999999999,0.5,0.625,0.182,0.202,0.292,0.14400000000000002,0.188,0.323,0.273,,,,,,,,,,,,,,,,,,,,,,,,,,,
2023/06/18,1:08 PM.,PHI,OAK,home,Sunny.,68,554430,2B,2,0,1,1,0,0,0,0,1,0,1,.164,.268,.220,.488,554430,zackwheeler,Wheeler,Right,Zack Wheeler,PHI,3.61,3.18,192.0,105.0,107.0,110.0,0.74,9.94,1.83,7.88,0.94,1.07,0.279,0.38,0.214,0.313,0.421,116.0,105.0,114.0,112.0,109.0,114.0,105.0,105.0,107.0,107.0,101.0,111.0,96.0,102.0,102.0,,,,0.18,0.435,0.144,,0.123,0.115,1.69,-0.63,,1.62,0.36,-1.61,95.8,90.9,,95.2,84.4,81.4,0.198,0.36,0.392,0.199,0.333,0.314,0.27,0.426,0.228,,,,0.252,0.308,0.192,0.264,0.473,0.33,48.0,106.0,77.0,0.004,-6.22,90.8,,,,,,,,,,,,,,,,,,,,,
2023/06/17,1:10 PM.,PHI,OAK,home,Sunny.,66,650911,2B,1,0,1,0,0,0,0,0,0,0,0,.159,.261,.210,.471,650911,cristophersanchez,"Sánchez, C",Left,Cristopher Sánchez,PHI,3.44,3.74,99.1,101.0,83.0,100.0,0.759,8.7,1.45,7.97,1.45,2.19,0.21,0.445,0.157,0.342,0.429,,,,,,,71.0,104.0,97.0,123.0,100.0,100.0,,,,,,,0.462,,,,0.211,,,,,0.65,0.2,,,,,92.1,82.7,,0.25,0.456,0.297,,,,,,,,,,0.297,0.523,0.107,,,,75.0,98.0,104.0,0.327,1.1,81.8,0.148,0.274,0.43,,,,,,,,,,,,,,,,,,
2023/06/16,6:40 PM.,PHI,OAK,home,Partly Cloudy.,65,592836,LF,3,0,1,0,0,0,0,0,0,0,3,.154,.257,.205,.462,592836,taijuanwalker,"Walker, T",Right,Taijuan Walker,PHI,4.38,4.36,172.2,99.0,94.0,97.0,0.808,7.19,3.7,8.08,1.04,1.21,0.217,0.43,0.167,0.326,0.382,92.0,91.0,94.0,79.0,98.0,90.0,81.0,100.0,93.0,124.0,109.0,114.0,99.0,103.0,100.0,104.0,97.0,100.0,0.233,0.176,0.176,0.332,0.026,0.057,-0.82,-0.44,0.48,0.53,-1.43,-1.07,92.8,87.1,87.9,92.4,82.5,74.8,0.158,0.632,0.342,0.257,0.541,0.254,0.284,0.441,0.158,0.205,0.295,0.244,0.273,0.429,0.1,0.212,0.485,0.36,,,,,,,,,,,,,,,,,,,,,,,,,,,
2023/06/15,12:37 PM.,TB,OAK,home,Partly Cloudy.,68,671737,2B,2,1,1,0,0,0,0,0,2,0,0,.150,.256,.203,.459,671737,tajbradley,"Bradley, T",Right,Taj Bradley,TBR,5.59,4.45,104.2,101.0,110.0,105.0,0.775,11.09,3.35,9.11,1.98,0.88,0.268,0.405,0.158,0.392,0.449,88.0,107.0,111.0,131.0,101.0,109.0,,,,,,,106.0,99.0,99.0,,,,0.001,0.449,0.248,0.136,,0.167,-0.8,-1.32,0.62,0.0,,0.04,96.1,88.9,89.3,97.8,,79.0,,,,0.277,0.559,0.191,0.312,0.581,0.295,0.19,0.333,0.41,,,,0.169,0.338,0.22399999999999998,,,,,,,,,,,,,,,,,,,,,,,,,,,
2023/06/11,1:11 PM.,MIL,OAK,away,Roof Closed.,66,642547,2B,3,1,0,0,0,0,0,0,0,1,0,.146,.244,.199,.443,642547,freddyperalta,"Peralta, F",Right,Freddy Peralta,MIL,3.86,3.35,165.2,102.0,103.0,105.0,0.698,11.41,2.93,7.12,1.41,1.04,0.267,0.455,0.171,0.308,0.405,85.0,103.0,110.0,117.0,104.0,110.0,,,,115.0,99.0,104.0,,,,,,,,0.512,,,0.218,0.124,0.89,,,,0.36,0.2,94.4,,,,82.4,76.9,0.203,0.392,0.46,0.213,0.387,0.292,,,,,,,,,,0.214,0.381,0.33799999999999997,50.0,97.0,85.0,0.146,0.15,88.6,0.224,0.388,0.312,,,,,,,,,,,,,,,,,,
2023/06/10,3:11 PM.,MIL,OAK,away,Cloudy.,81,527054,2B,0,1,0,0,0,0,0,0,0,0,0,.149,.244,.203,.447,527054,julioteheran,Teheran,Right,Julio Teheran,MIL,4.4,4.93,71.2,104.0,85.0,98.0,0.813,6.28,1.63,8.54,1.63,0.97,0.249,0.362,0.118,0.339,0.428,82.0,103.0,103.0,99.0,109.0,105.0,90.0,104.0,100.0,,,,79.0,101.0,96.0,,,,0.387,0.094,0.287,,,0.115,-5.82,0.93,,-0.03,,1.98,89.2,86.4,,90.0,,77.4,,,,0.368,1.105,0.265,0.219,0.359,0.22,,,,0.285,0.472,0.121,0.074,0.185,0.32799999999999996,94.0,107.0,89.0,0.118,-0.54,83.4,0.286,0.514,0.257,,,,,,,,,,,,,,,,,,
2023/06/04,1:41 PM.,MIA,OAK,away,Roof Closed.,72,645261,PH,1,0,0,0,0,0,0,0,0,0,0,.149,.244,.203,.447,645261,sandyalcantara,"Alcantara, S",Right,Sandy Alcantara,MIA,4.14,4.33,184.2,105.0,113.0,108.0,0.771,7.36,2.34,8.58,1.07,1.69,0.23,0.4,0.149,0.343,0.452,134.0,99.0,105.0,111.0,111.0,107.0,115.0,106.0,108.0,116.0,103.0,110.0,,,,,,,0.29,0.213,,,0.201,0.022,-0.27,,,1.72,0.72,-0.52,98.0,,,97.6,89.9,86.1,0.227,0.364,0.35200000000000004,0.253,0.448,0.267,,,,,,,0.237,0.366,0.124,0.308,0.308,0.182,108.0,104.0,107.0,0.273,-0.43,91.1,0.282,0.401,0.299,,,,,,,,,,,,,,,,,,
2023/06/03,4:11 PM.,MIA,OAK,away,Roof Closed.,72,691587,2B,3,0,0,0,0,0,0,0,0,0,4,.150,.246,.204,.450,691587,euryperez,"Pérez, Eu",Right,Eury Pérez,MIA,3.15,3.61,91.1,98.0,110.0,105.0,0.685,10.64,3.05,7.09,1.48,0.46,0.206,0.464,0.159,0.391,0.407,91.0,95.0,99.0,128.0,100.0,109.0,,,,101.0,102.0,107.0,,,,,,,,0.454,,,0.308,0.14,-0.47,,,,0.99,1.89,97.5,,,,86.4,81.2,0.183,0.365,0.47700000000000004,0.289,0.585,0.187,,,,,,,,,,0.098,0.171,0.5429999999999999,86.0,85.0,82.0,0.098,0.99,89.7,0.045,0.045,0.462,,,,,,,,,,,,,,,,,,
2023/06/02,6:40 PM.,MIA,OAK,away,Roof Closed.,72,665795,2B,2,0,0,0,0,0,0,1,1,0,1,.153,.245,.208,.453,665795,edwardcabrera,"Cabrera, E",Right,Edward Cabrera,MIA,4.24,3.77,99.2,97.0,103.0,97.0,0.718,10.66,5.96,7.04,0.99,1.68,0.159,0.488,0.163,0.293,0.347,109.0,102.0,103.0,106.0,95.0,92.0,109.0,86.0,82.0,115.0,98.0,104.0,,,,,,,0.093,0.279,,,0.081,0.234,0.19,,,-0.3,-0.71,-0.37,96.2,,,96.1,88.2,84.6,0.222,0.444,0.306,0.211,0.366,0.191,,,,,,,0.28,0.44,0.233,0.24,0.38,0.38,91.0,98.0,99.0,0.314,1.29,92.9,0.186,0.3,0.363,,,,,,,,,,,,,,,,,,
2023/05/29,5:08 PM.,ATL,OAK,home,Partly Cloudy.,65,647336,LF,1,0,0,0,0,0,0,0,0,0,2,.155,.244,.211,.455,647336,michaelsoroka,Soroka,Right,Michael Soroka,ATL,6.4,5.7,32.1,98.0,91.0,95.0,0.794,8.07,3.34,10.02,2.51,1.29,0.22,0.42,0.15,0.29,0.408,,,,85.0,104.0,96.0,83.0,100.0,90.0,115.0,96.0,102.0,,,,,,,0.227,0.324,,,0.266,,-1.72,,,1.07,-2.58,,93.2,,,92.5,83.1,,0.36,0.52,0.313,0.271,0.667,0.239,,,,,,,0.286,0.4,0.113,,,,79.0,88.0,87.0,0.182,-2.1,82.0,0.2,0.6,0.317,,,,,,,,,,,,,,,,,,
2023/05/28,1:08 PM.,HOU,OAK,home,Overcast.,59,664299,2B,2,0,0,0,0,0,0,0,0,0,1,.156,.245,.213,.458,664299,cristianjavier,Javier,Right,Cristian Javier,HOU,4.56,4.42,162.0,98.0,102.0,100.0,0.762,8.83,3.44,7.94,1.39,0.46,0.266,0.368,0.15,0.331,0.399,,,,101.0,98.0,98.0,,,,108.0,95.0,102.0,,,,,,,,0.584,,,0.3,,0.44,,,,-0.09,,92.7,,,,79.5,,0.211,0.367,0.287,0.236,0.455,0.265,,,,,,,,,,0.268,0.366,0.195,78.0,101.0,98.0,0.041,-1.29,83.7,0.28,0.36,0.392,91.0,99.0,102.0,0.075,-1.17,76.6,,,,,,,,,,,,
2023/05/27,1:07 PM.,HOU,OAK,home,Partly Cloudy.,62,664285,2B,2,0,0,0,0,0,0,0,1,0,2,.158,.248,.216,.464,664285,frambervaldez,"Valdez, F",Left,Framber Valdez,HOU,3.45,4.33,198.0,98.0,106.0,100.0,0.752,9.09,2.59,7.55,0.86,2.13,0.246,0.443,0.109,0.374,0.445,118.0,98.0,106.0,98.0,-63.0,-49.0,97.0,98.0,96.0,,,,99.0,99.0,95.0,,,,0.468,0.001,0.034,,0.087,0.253,-16.35,0.45,,0.93,-0.32,1.07,95.7,89.1,,95.3,84.7,80.2,0.189,0.405,0.43799999999999994,,,,0.182,0.182,0.435,,,,0.274,0.455,0.126,0.158,0.211,0.402,96.0,98.0,94.0,0.157,0.73,90.1,0.231,0.342,0.311,,,,,,,,,,,,,,,,,,
2023/05/25,6:40 PM.,SEA,OAK,away,Clear.,76,669302,2B,3,0,0,0,0,0,0,0,0,0,0,.161,.247,.219,.466,669302,logangilbert,"Gilbert, L",Right,Logan Gilbert,SEA,3.73,3.69,190.2,102.0,106.0,102.0,0.767,8.92,1.7,7.98,1.37,1.02,0.238,0.427,0.125,0.333,0.47,,,,88.0,103.0,99.0,55.0,90.0,81.0,133.0,101.0,99.0,,,,98.0,103.0,117.0,0.003,0.419,,0.148,0.297,,0.01,,0.25,-11.33,1.84,,95.7,,85.6,93.7,88.7,,0.211,0.349,0.322,0.28,0.491,0.177,,,,0.174,0.34,0.35,0.667,1.0,0.25,0.214,0.371,0.306,,,,,,,,,,110.0,95.0,103.0,0.134,0.39,80.3,,,,,,,,,,,,
2023/05/24,6:40 PM.,SEA,OAK,away,Clear.,67,682243,2B,2,0,0,0,0,0,0,0,1,0,2,.164,.252,.224,.476,682243,brycemiller,"Miller, B",Right,Bryce Miller,SEA,4.32,4.86,131.1,104.0,117.0,109.0,0.783,8.15,1.78,8.5,1.23,0.76,0.242,0.379,0.13,0.356,0.464,113.0,102.0,102.0,121.0,105.0,110.0,104.0,101.0,99.0,112.0,100.0,107.0,,,,,,,0.076,0.585,,,0.274,0.009,0.3,,,1.22,0.14,-8.41,95.1,,,95.1,85.0,78.2,0.3,0.475,0.174,0.256,0.45,0.271,,,,,,,0.26,0.36,0.096,0.667,1.333,0.125,90.0,101.0,107.0,0.056,0.66,85.0,0.167,0.433,0.179,,,,,,,,,,,,,,,,,,
2023/05/23,6:40 PM.,SEA,OAK,away,Cloudy.,62,594835,2B,0,0,0,0,0,0,0,0,0,0,0,.167,.250,.227,.477,594835,marcogonzales,"Gonzales, M",Left,Marco Gonzales,SEA,5.22,5.27,50.0,109.0,87.0,101.0,0.818,6.12,3.24,9.9,0.9,1.16,0.202,0.46,0.129,0.294,0.429,96.0,108.0,105.0,78.0,104.0,96.0,,,,,,,92.0,104.0,90.0,,,,0.002,0.366,0.088,,,0.242,-1.28,-2.98,,6.42,,1.1,89.0,85.9,,88.8,,79.3,,,,0.333,0.556,0.124,0.389,0.667,0.17600000000000002,,,,,,,0.294,0.353,0.135,89.0,116.0,105.0,0.302,1.36,79.9,0.222,0.358,0.295,,,,,,,,,,,,,,,,,,
2023/05/22,6:40 PM.,SEA,OAK,away,Cloudy.,61,622491,2B,4,0,0,0,0,0,0,0,0,3,1,.167,.250,.227,.477,622491,luiscastillo,"Castillo, L",Right,Luis Castillo,SEA,3.34,3.82,197.0,103.0,96.0,102.0,0.717,10.01,2.56,7.31,1.28,0.92,0.268,0.375,0.182,0.333,0.422,,,,95.0,104.0,100.0,82.0,103.0,95.0,117.0,100.0,108.0,,,,,,,0.179,0.444,,,0.221,,1.31,,,0.6,-0.12,,96.3,,,95.9,85.7,,0.234,0.455,0.37799999999999995,0.165,0.384,0.33,,,,,,,0.239,0.337,0.136,,,,83.0,108.0,105.0,0.156,-1.6,88.3,0.28,0.42,0.325,,,,,,,,,,,,,,,,,,
2023/05/20,3:10 PM.,HOU,OAK,away,Roof Closed.,73,686613,2B,3,0,1,0,0,0,0,0,0,1,1,.172,.257,.234,.491,686613,hunterbrown,"Brown, H",Right,Hunter Brown,HOU,5.09,4.27,155.2,100.0,104.0,101.0,0.77,10.29,3.18,9.08,1.5,1.78,0.274,0.364,0.135,0.362,0.433,,,,101.0,99.0,96.0,90.0,103.0,93.0,104.0,92.0,97.0,,,,92.0,104.0,105.0,0.002,0.461,0.235,0.048,0.017,,0.01,-0.4,0.92,-0.16,-2.64,,95.7,91.7,88.2,96.0,84.6,,0.25,0.625,0.33299999999999996,0.271,0.511,0.223,0.297,0.506,0.20800000000000002,,,,,,,0.247,0.374,0.303,,,,,,,0.121,0.242,0.37,112.0,102.0,110.0,0.238,-0.77,82.9,,,,,,,,,,,,
2023/05/19,7:10 PM.,HOU,OAK,away,Roof Closed.,73,656232,PH,1,0,0,0,0,0,0,0,0,0,1,.168,.255,.232,.487,656232,brandonbielak,Bielak,Right,Brandon Bielak,HOU,3.83,5.44,80.0,97.0,85.0,91.0,0.785,6.98,4.05,9.68,1.35,1.55,0.192,0.46,0.14,0.364,0.394,101.0,90.0,88.0,73.0,97.0,87.0,78.0,99.0,88.0,99.0,93.0,95.0,,,,,,,0.214,0.306,0.004,,0.118,0.111,-1.15,-0.48,,-0.12,-3.74,-0.81,92.1,84.4,,92.1,82.0,79.5,0.333,0.722,0.355,0.273,0.505,0.159,,,,,,,0.338,0.477,0.135,0.217,0.217,0.302,90.0,100.0,98.0,0.247,0.83,87.1,0.227,0.352,0.332,,,,,,,,,,,,,,,,,,
2023/05/17,12:40 PM.,AZ,OAK,home,Sunny.,68,669194,2B,3,0,1,0,0,0,0,0,1,0,0,.169,.257,.234,.491,669194,rynenelson,"Nelson, R",Right,Ryne Nelson,ARI,5.31,5.27,144.0,104.0,101.0,103.0,0.823,6.0,2.88,9.94,1.5,0.83,0.229,0.413,0.131,0.362,0.463,99.0,94.0,98.0,102.0,104.0,103.0,,,,106.0,105.0,113.0,101.0,111.0,105.0,,,,,0.546,0.135,,0.134,0.052,-0.72,-1.72,,,0.52,-2.44,94.4,85.6,,,81.7,76.4,0.174,0.565,0.257,0.308,0.553,0.16699999999999998,0.326,0.539,0.218,,,,,,,0.429,0.714,0.182,96.0,96.0,98.0,0.133,-0.16,83.3,0.203,0.407,0.312,,,,,,,,,,,,,,,,,,
2023/05/16,6:42 PM.,AZ,OAK,home,Clear.,70,674072,DH,1,0,0,0,0,0,0,0,0,0,1,.165,.250,.231,.481,674072,tommyhenry,Henry,Left,Tommy Henry,ARI,4.15,4.3,89.0,96.0,83.0,91.0,0.788,6.47,3.54,8.7,1.21,0.82,0.277,0.403,0.162,0.317,0.407,95.0,101.0,102.0,72.0,91.0,83.0,,,,92.0,101.0,93.0,,,,,,,,0.49,,,0.127,0.191,-0.88,,,,2.53,0.71,90.7,,,,83.1,79.1,0.158,0.281,0.287,0.292,0.523,0.155,,,,,,,,,,0.229,0.325,0.21,91.0,102.0,99.0,0.193,-0.09,84.0,0.278,0.444,0.331,,,,,,,,,,,,,,,,,,
2023/05/13,1:09 PM.,TEX,OAK,home,Sunny.,74,592351,2B,3,0,0,0,0,0,0,0,0,0,2,.167,.252,.233,.485,592351,jongray,"Gray, Jn",Right,Jon Gray,TEX,4.12,4.48,157.1,101.0,97.0,100.0,0.758,8.12,3.09,8.52,1.26,1.1,0.288,0.348,0.157,0.324,0.437,99.0,90.0,98.0,82.0,100.0,92.0,,,,116.0,103.0,109.0,,,,,,,,0.424,,,0.398,0.062,-1.83,,,,2.33,-1.69,95.7,,,,87.2,78.2,0.105,0.211,0.324,0.346,0.551,0.179,,,,,,,,,,0.263,0.737,0.27,77.0,96.0,97.0,0.116,1.71,88.8,0.211,0.268,0.213,,,,,,,,,,,,,,,,,,
2023/05/12,6:41 PM.,TEX,OAK,home,Clear.,65,527048,2B,0,0,0,0,0,0,0,0,0,0,0,.171,.258,.239,.497,527048,martinperez,"Pérez, M",Left,Martín Pérez,TEX,4.45,4.9,141.2,104.0,74.0,95.0,0.837,5.91,3.11,9.53,1.33,1.28,0.223,0.431,0.139,0.294,0.399,78.0,101.0,100.0,75.0,102.0,99.0,73.0,102.0,95.0,88.0,94.0,96.0,79.0,99.0,88.0,,,,0.428,0.04,0.221,,0.01,0.037,3.25,-2.02,,0.44,2.0,3.35,91.8,89.2,,91.6,83.4,79.1,0.0,0.0,0.2,0.167,0.222,0.146,0.342,0.64,0.11699999999999999,,,,0.244,0.394,0.09699999999999999,0.063,0.063,0.353,71.0,110.0,99.0,0.265,-0.75,84.1,0.316,0.447,0.278,,,,,,,,,,,,,,,,,,
2023/05/11,6:42 PM.,TEX,OAK,home,Clear.,60,543135,LF,3,0,0,0,0,0,0,0,0,0,0,.171,.258,.239,.497,543135,nathaneovaldi,Eovaldi,Right,Nathan Eovaldi,TEX,3.63,3.98,144.0,100.0,101.0,98.0,0.758,8.25,2.94,7.31,0.94,1.59,0.196,0.469,0.14,0.367,0.397,99.0,104.0,102.0,92.0,97.0,93.0,,,,101.0,113.0,109.0,86.0,98.0,92.0,125.0,101.0,106.0,,0.372,0.176,0.276,0.04,0.135,0.41,1.33,1.26,,-3.23,0.86,95.1,90.6,87.9,,83.9,76.0,0.303,0.606,0.13699999999999998,0.234,0.423,0.183,0.238,0.417,0.198,0.196,0.314,0.355,,,,0.2,0.22,0.41700000000000004,,,,,,,,,,,,,,,,,,,,,,,,,,,
2023/05/10,12:39 PM.,NYY,OAK,away,Sunny.,65,666745,LF,4,0,0,0,0,0,0,0,0,1,5,.175,.264,.246,.510,666745,jhonybrito,Brito,Right,Jhony Brito,NYY,4.28,4.55,90.1,103.0,93.0,102.0,0.809,7.17,2.79,8.17,1.39,1.1,0.261,0.399,0.134,0.347,0.424,,,,77.0,99.0,88.0,106.0,105.0,104.0,115.0,84.0,89.0,,,,,,,0.327,0.166,,,0.113,,-0.97,,,1.05,0.17,,95.8,,,96.0,83.0,,0.172,0.31,0.28,0.167,0.5,0.179,,,,,,,0.282,0.436,0.149,0.348,0.696,0.188,87.0,104.0,106.0,0.29,0.5,88.8,0.232,0.392,0.282,,,,0.104,-1.87,80.4,,,,,,,,,,,,
2023/05/09,7:10 PM.,NYY,OAK,away,Partly Cloudy.,62,657376,LF,5,0,0,0,0,0,0,0,0,2,7,.182,.272,.255,.527,657376,clarkeschmidt,Schmidt,Right,Clarke Schmidt,NYY,4.64,4.33,159.0,102.0,102.0,104.0,0.783,8.43,2.6,9.57,1.36,1.16,0.232,0.447,0.154,0.309,0.439,,,,,,,68.0,103.0,88.0,109.0,99.0,107.0,96.0,106.0,105.0,,,,0.241,,0.279,,0.274,,,0.27,,-0.2,-0.59,,,91.3,,93.4,86.0,,0.276,0.559,0.263,,,,0.28,0.457,0.222,,,,0.288,0.447,0.11,0.198,0.314,0.345,31.0,95.0,88.0,0.015,-7.35,89.4,0.5,0.5,0.091,146.0,100.0,118.0,0.191,-0.46,83.7,,,,,,,,,,,,
2023/05/08,7:08 PM.,NYY,OAK,away,Clear.,73,641482,2B,2,0,1,0,0,0,1,0,0,0,0,.190,.283,.267,.550,641482,nestorcortes,Cortes,Left,Nestor Cortes,NYY,4.97,3.66,63.1,103.0,104.0,104.0,0.79,9.52,2.84,8.38,1.56,0.46,0.233,0.432,0.176,0.29,0.441,,,,102.0,106.0,106.0,138.0,99.0,111.0,92.0,103.0,103.0,110.0,102.0,102.0,,,,0.005,0.521,0.288,,0.158,,0.68,0.39,,4.05,-1.47,,91.6,86.6,,89.3,76.9,,0.2,0.2,0.429,0.213,0.352,0.249,0.26,0.545,0.20600000000000002,,,,,,,,,,92.0,111.0,110.0,0.028,-6.99,83.4,0.5,0.6,0.294,,,,,,,,,,,,,,,,,,
2023/05/06,6:16 PM.,KC,OAK,away,Clear.,93,663903,2B,3,0,0,0,0,0,0,0,1,0,3,.184,.280,.262,.542,663903,bradysinger,Singer,Right,Brady Singer,KCR,5.52,4.93,159.2,100.0,84.0,95.0,0.789,7.5,2.76,10.26,1.13,1.62,0.23,0.439,0.119,0.387,0.443,,,,89.0,-304.0,-276.0,86.0,99.0,90.0,86.0,101.0,104.0,,,,,,,0.51,0.002,,,0.426,,-2.24,,,-1.24,0.01,,90.9,,,92.1,84.0,,0.0,0.0,0.6,,,,,,,,,,0.339,0.555,0.113,,,,53.0,96.0,88.0,0.063,-0.3,87.7,0.265,0.353,0.10400000000000001,,,,,,,,,,,,,,,,,,
2023/05/05,7:10 PM.,KC,OAK,away,Cloudy.,76,641745,LF,4,1,3,2,0,0,1,0,1,0,1,.190,.281,.270,.551,641745,bradkeller,"Keller, B",Right,Brad Keller,KCR,4.57,5.66,45.1,87.0,100.0,89.0,0.789,6.15,8.93,8.34,0.6,2.08,0.22,0.439,0.106,0.242,0.382,120.0,90.0,92.0,94.0,88.0,90.0,66.0,74.0,70.0,135.0,84.0,78.0,,,,,,,0.104,0.311,,,0.265,0.197,-2.21,,,0.62,0.26,-0.24,93.3,,,92.5,84.3,85.1,0.5,0.5,0.0,0.359,0.564,0.165,,,,,,,0.143,0.143,0.08,0.267,0.378,0.27899999999999997,91.0,90.0,78.0,0.123,1.66,90.8,0.125,0.125,0.273,,,,,,,,,,,,,,,,,,
2023/05/04,12:38 PM.,SEA,OAK,home,Cloudy.,59,669923,2B,4,0,0,0,0,0,1,0,0,1,0,.167,.257,.229,.486,669923,georgekirby,Kirby,Right,George Kirby,SEA,3.35,3.9,190.2,110.0,106.0,109.0,0.799,8.12,0.9,8.45,1.04,1.19,0.298,0.407,0.177,0.327,0.482,,,,97.0,111.0,105.0,106.0,110.0,109.0,126.0,106.0,112.0,,,,95.0,103.0,110.0,0.216,0.394,,0.061,0.197,,1.34,,1.07,0.43,1.03,,96.1,,84.9,95.8,86.3,,0.264,0.377,0.22,0.234,0.392,0.28,,,,0.143,0.286,0.35700000000000004,0.261,0.383,0.131,0.265,0.458,0.159,94.0,107.0,111.0,0.018,-5.31,86.6,0.5,0.9,0.125,,,,0.115,0.35,81.8,,,,,,,75.1,0.001,0.26,,,
2023/05/03,7:45 PM.,SEA,OAK,home,Overcast.,53,669302,2B,4,0,1,1,0,0,1,0,0,0,2,.174,.267,.239,.506,669302,logangilbert,"Gilbert, L",Right,Logan Gilbert,SEA,3.73,3.69,190.2,102.0,106.0,102.0,0.767,8.92,1.7,7.98,1.37,1.02,0.238,0.427,0.125,0.333,0.47,,,,88.0,103.0,99.0,55.0,90.0,81.0,133.0,101.0,99.0,,,,98.0,103.0,117.0,0.003,0.419,,0.148,0.297,,0.01,,0.25,-11.33,1.84,,95.7,,85.6,93.7,88.7,,0.211,0.349,0.322,0.28,0.491,0.177,,,,0.174,0.34,0.35,0.667,1.0,0.25,0.214,0.371,0.306,,,,,,,,,,110.0,95.0,103.0,0.134,0.39,80.3,,,,,,,,,,,,
2023/05/02,6:41 PM.,SEA,OAK,home,Cloudy.,54,682243,LF,2,1,1,0,0,0,0,0,1,0,0,.170,.267,.227,.494,682243,brycemiller,"Miller, B",Right,Bryce Miller,SEA,4.32,4.86,131.1,104.0,117.0,109.0,0.783,8.15,1.78,8.5,1.23,0.76,0.242,0.379,0.13,0.356,0.464,113.0,102.0,102.0,121.0,105.0,110.0,104.0,101.0,99.0,112.0,100.0,107.0,,,,,,,0.076,0.585,,,0.274,0.009,0.3,,,1.22,0.14,-8.41,95.1,,,95.1,85.0,78.2,0.3,0.475,0.174,0.256,0.45,0.271,,,,,,,0.26,0.36,0.096,0.667,1.333,0.125,90.0,101.0,107.0,0.056,0.66,85.0,0.167,0.433,0.179,,,,,,,,,,,,,,,,,,
2023/04/30,1:08 PM.,CIN,OAK,home,Partly Cloudy.,63,666157,2B,2,0,0,0,0,0,0,0,0,0,3,.163,.255,.221,.476,666157,nicklodolo,Lodolo,Left,Nick Lodolo,CIN,6.29,4.83,34.1,101.0,97.0,98.0,0.722,12.32,2.62,13.11,2.62,1.24,0.304,0.382,0.137,0.314,0.412,97.0,94.0,97.0,103.0,106.0,100.0,92.0,102.0,101.0,,,,,,,,,,0.053,0.464,,,,0.358,-0.45,,,-7.52,,-2.74,93.2,,,93.4,,79.6,,,,0.297,0.578,0.19,,,,,,,0.7,1.0,0.0,0.286,0.536,0.45,78.0,99.0,88.0,0.125,-4.06,87.3,0.471,0.706,0.326,,,,,,,,,,,,,,,,,,
2023/04/28,6:41 PM.,CIN,OAK,home,Partly Cloudy.,64,570666,LF,4,0,1,0,0,0,0,0,0,1,0,.167,.260,.226,.486,570666,luiscessa,Cessa,Right,Luis Cessa,CIN,9.0,9.18,26.0,102.0,84.0,98.0,0.876,3.81,4.15,15.92,1.04,1.52,0.213,0.398,0.167,0.333,0.432,,,,50.0,97.0,77.0,87.0,105.0,96.0,102.0,103.0,104.0,,,,,,,0.166,0.235,,,0.376,,-1.2,,,-7.56,-2.29,,91.9,,,92.0,81.2,,0.389,0.5,0.125,0.355,0.581,0.053,,,,,,,0.522,0.957,0.136,,,,88.0,105.0,110.0,0.222,-1.48,86.3,0.346,0.462,0.259,,,,,,,,,,,,,,,,,,
2023/04/27,1:07 PM.,LAA,OAK,away,Sunny.,74,660271,LF,3,0,0,0,0,0,0,0,0,1,2,.163,.261,.225,.486,660271,shoheiohtani,Ohtani,Right,Shohei Ohtani,LAA,3.14,3.82,132.0,96.0,121.0,103.0,0.722,11.39,3.75,5.8,1.23,1.25,0.253,0.441,0.185,0.343,0.457,87.0,97.0,105.0,114.0,99.0,100.0,104.0,94.0,95.0,136.0,97.0,112.0,96.0,89.0,88.0,129.0,93.0,108.0,0.06,0.33,0.156,0.062,0.356,0.036,1.64,-0.82,-0.25,-0.53,1.81,1.15,96.8,88.6,88.6,94.5,83.7,75.7,0.146,0.339,0.365,0.164,0.236,0.27,0.31,0.606,0.228,0.179,0.205,0.41100000000000003,0.273,0.409,0.225,0.111,0.167,0.41700000000000004,,,,,,,,,,,,,,,,,,,,,,,,,,,
2023/04/25,6:39 PM.,LAA,OAK,away,Partly Cloudy.,65,656288,LF,4,0,0,0,0,0,0,0,0,1,2,.169,.270,.234,.504,656288,griffincanning,Canning,Right,Griffin Canning,LAA,4.32,4.01,127.0,102.0,96.0,101.0,0.734,9.85,2.55,8.57,1.56,1.1,0.239,0.41,0.129,0.382,0.442,91.0,98.0,103.0,78.0,101.0,93.0,81.0,95.0,86.0,124.0,105.0,110.0,,,,,,,0.006,0.348,,,0.299,0.134,-0.21,,,-8.61,0.1,-0.53,94.7,,,95.0,88.4,81.8,0.261,0.344,0.34,0.235,0.5,0.28300000000000003,,,,,,,0.333,1.333,0.0,0.271,0.667,0.252,89.0,101.0,101.0,0.213,1.6,90.2,0.213,0.339,0.248,,,,,,,,,,,,,,,,,,
2023/04/24,6:39 PM.,LAA,OAK,away,Clear.,67,660761,2B,3,0,2,0,0,0,1,0,2,0,1,.178,.282,.247,.529,660761,josesuarez,"Suarez, J",Left,José Suarez,LAA,8.29,6.0,33.2,94.0,92.0,96.0,0.735,7.49,5.35,12.3,2.67,0.69,0.241,0.466,0.19,0.319,0.428,,,,89.0,92.0,89.0,74.0,94.0,82.0,105.0,90.0,103.0,99.0,68.0,88.0,,,,0.052,0.398,0.015,,0.267,,-0.97,0.89,,-3.55,-3.72,,92.3,88.1,,90.8,81.5,,0.591,1.091,0.25,0.273,0.477,0.222,0.0,0.0,0.5,,,,0.444,0.778,0.067,,,,84.0,100.0,103.0,0.269,-2.55,82.0,0.31,0.548,0.385,,,,,,,,,,,,,,,,,,
2023/04/23,1:37 PM.,TEX,OAK,away,Roof Closed.,74,594798,LF,2,0,0,0,0,0,0,0,0,1,2,.157,.250,.229,.479,594798,jacobdegrom,deGrom,Right,Jacob deGrom,TEX,2.67,1.87,30.1,106.0,161.0,117.0,0.603,13.35,1.19,5.64,0.59,0.83,0.333,0.273,0.212,0.212,0.371,133.0,116.0,132.0,155.0,104.0,112.0,,,,179.0,110.0,125.0,,,,,,,,0.521,,,0.37,0.02,2.0,,,,0.39,6.08,98.7,,,,91.8,84.8,0.189,0.378,0.5329999999999999,0.177,0.339,0.35,,,,,,,,,,,,,132.0,101.0,106.0,0.089,3.57,91.4,0.1,0.1,0.318,,,,,,,,,,,,,,,,,,
2023/04/21,7:08 PM.,TEX,OAK,away,Partly Cloudy.,73,592351,LF,3,1,1,0,0,1,1,0,1,0,2,.162,.256,.235,.491,592351,jongray,"Gray, Jn",Right,Jon Gray,TEX,4.12,4.48,157.1,101.0,97.0,100.0,0.758,8.12,3.09,8.52,1.26,1.1,0.288,0.348,0.157,0.324,0.437,99.0,90.0,98.0,82.0,100.0,92.0,,,,116.0,103.0,109.0,,,,,,,,0.424,,,0.398,0.062,-1.83,,,,2.33,-1.69,95.7,,,,87.2,78.2,0.105,0.211,0.324,0.346,0.551,0.179,,,,,,,,,,0.263,0.737,0.27,77.0,96.0,97.0,0.116,1.71,88.8,0.211,0.268,0.213,,,,,,,,,,,,,,,,,,
2023/04/19,12:37 PM.,CHC,OAK,home,Partly Cloudy.,56,657006,2B,1,0,0,0,0,0,0,0,0,0,1,.154,.243,.185,.428,657006,justinsteele,Steele,Left,Justin Steele,CHC,3.06,3.5,173.1,102.0,99.0,102.0,0.781,9.14,1.87,8.67,0.73,1.7,0.243,0.433,0.179,0.278,0.467,87.0,98.0,109.0,88.0,102.0,98.0,45.0,95.0,88.0,123.0,104.0,111.0,,,,,,,0.018,0.626,,,0.339,0.006,0.67,,,0.89,0.54,2.44,91.8,,,92.2,83.3,80.7,0.217,0.346,0.311,0.275,0.393,0.203,,,,,,,0.25,0.333,0.16699999999999998,0.0,0.0,0.33299999999999996,69.0,85.0,78.0,0.01,-1.94,87.5,0.4,0.4,0.1,,,,,,,,,,,,,,,,,,
2023/04/18,6:41 PM.,CHC,OAK,home,Clear.,53,573186,2B,4,0,0,0,0,0,0,0,0,0,5,.156,.247,.188,.435,573186,marcusstroman,Stroman,Right,Marcus Stroman,CHC,3.95,4.27,136.2,100.0,101.0,99.0,0.793,7.84,3.42,7.9,0.59,2.6,0.207,0.434,0.135,0.302,0.382,139.0,103.0,111.0,58.0,106.0,91.0,102.0,97.0,95.0,78.0,111.0,109.0,105.0,96.0,98.0,46.0,95.0,91.0,0.464,0.082,0.096,0.077,0.051,0.23,0.34,0.96,0.12,1.08,-0.41,0.34,92.0,89.7,86.6,91.4,86.1,84.6,0.184,0.237,0.322,0.154,0.256,0.32,0.26,0.42,0.242,0.205,0.308,0.324,0.245,0.332,0.14300000000000002,,,,,,,,,,,,,,,,,,,,,,0.24,0.38,0.301,,,,,,
2023/04/17,6:41 PM.,CHC,OAK,home,Partly Cloudy.,56,669713,2B,4,0,0,0,0,0,0,0,0,0,2,.167,.261,.200,.461,669713,haydenwesneski,Wesneski,Right,Hayden Wesneski,CHC,4.63,5.23,89.1,101.0,101.0,102.0,0.796,8.36,3.22,8.26,2.01,1.07,0.242,0.431,0.142,0.369,0.444,,,,80.0,105.0,94.0,92.0,96.0,91.0,123.0,98.0,110.0,100.0,98.0,104.0,,,,0.189,0.296,0.1,,0.366,,-1.9,-0.42,,-0.38,1.49,,94.3,88.8,,92.9,82.0,,0.14,0.231,0.376,0.327,0.636,0.165,0.308,0.654,0.2,,,,0.273,0.545,0.145,,,,77.0,102.0,103.0,0.049,0.65,84.5,0.188,0.188,0.133,,,,,,,,,,,,,,,,,,
2023/04/16,1:29 PM.,NYM,OAK,home,Partly Cloudy.,59,676130,LF,4,0,0,0,0,0,0,0,1,0,1,.179,.277,.214,.491,676130,josebutto,Buttó,Right,José Buttó,NYM,3.64,3.9,42.0,96.0,97.0,94.0,0.745,8.14,4.93,7.07,0.64,1.07,0.161,0.458,0.161,0.314,0.364,76.0,88.0,94.0,101.0,96.0,94.0,86.0,86.0,79.0,109.0,104.0,106.0,,,,,,,0.056,0.509,,,0.151,0.055,1.65,,,4.53,1.11,1.56,93.8,,,92.9,86.2,80.0,0.154,0.308,0.389,0.174,0.275,0.22699999999999998,,,,,,,0.231,0.231,0.185,0.2,0.2,0.267,83.0,96.0,92.0,0.229,-2.44,85.5,0.316,0.395,0.373,,,,,,,,,,,,,,,,,,
2023/04/15,1:07 PM.,NYM,OAK,home,Sunny.,58,471911,2B,5,0,0,0,0,0,0,0,0,0,7,.192,.283,.231,.514,471911,carloscarrasco,Carrasco,Right,Carlos Carrasco,NYM,6.8,6.77,90.0,98.0,93.0,96.0,0.765,6.6,3.8,11.5,1.8,1.52,0.195,0.459,0.13,0.352,0.382,88.0,103.0,104.0,75.0,95.0,85.0,91.0,90.0,87.0,104.0,98.0,108.0,86.0,88.0,95.0,,,,0.1,0.323,0.004,,0.184,0.091,-2.35,-9.5,,-3.88,-1.99,-1.25,92.7,89.5,,91.5,84.1,80.1,0.329,0.575,0.32899999999999996,0.358,0.651,0.166,,,,,,,0.45,0.725,0.129,0.25,0.594,0.217,108.0,103.0,104.0,0.299,0.12,87.2,0.22,0.314,0.311,,,,,,,,,,,,,,,,,,
2023/04/14,6:42 PM.,NYM,OAK,home,Clear.,56,673540,2B,3,0,0,0,0,0,1,1,1,1,4,.213,.309,.255,.564,673540,kodaisenga,Senga,Right,Kodai Senga,NYM,2.98,3.87,166.1,95.0,97.0,97.0,0.721,10.93,4.17,6.82,0.92,1.23,0.252,0.416,0.161,0.333,0.382,91.0,90.0,87.0,109.0,97.0,97.0,,,,100.0,93.0,102.0,93.0,95.0,93.0,,,,,0.37,0.25,,0.116,0.027,0.17,2.52,,,-0.96,-0.23,95.7,90.8,,,82.7,72.8,0.333,0.952,0.245,0.244,0.399,0.17300000000000001,0.244,0.339,0.182,0.11,0.147,0.595,,,,0.125,0.5,0.444,,,,,,,,,,,,,,,,0.237,0.95,83.2,,,,,,,,,
2023/04/12,6:37 PM.,BAL,OAK,away,Clear.,84,665152,LF,5,1,2,1,0,0,0,0,0,0,2,.227,.320,.273,.593,665152,deankremer,Kremer,Right,Dean Kremer,BAL,4.12,4.93,172.2,102.0,99.0,100.0,0.785,8.18,2.87,8.91,1.41,1.05,0.282,0.38,0.145,0.311,0.423,93.0,94.0,98.0,106.0,103.0,102.0,84.0,106.0,99.0,116.0,98.0,105.0,104.0,106.0,102.0,,,,0.145,0.371,0.239,,0.033,0.089,0.43,0.02,,1.81,-1.43,-2.29,94.6,88.8,,91.9,82.8,78.1,0.25,0.417,0.244,0.252,0.409,0.262,0.222,0.416,0.27699999999999997,,,,0.269,0.38,0.081,0.347,0.592,0.24,86.0,91.0,93.0,0.123,-1.4,85.3,0.26,0.377,0.27,,,,,,,,,,,,,,,,,,
2023/04/11,6:36 PM.,BAL,OAK,away,Partly Cloudy.,76,680570,2B,4,1,1,0,0,0,0,0,1,1,1,.205,.311,.231,.542,680570,graysonrodriguez,"Rodriguez, G",Right,Grayson Rodriguez,BAL,4.35,4.21,122.0,102.0,117.0,108.0,0.759,9.52,3.1,8.93,1.18,1.4,0.226,0.408,0.12,0.372,0.44,146.0,97.0,101.0,116.0,104.0,106.0,,,,126.0,103.0,114.0,76.0,90.0,86.0,,,,,0.496,0.052,,0.148,0.081,-0.83,-1.59,,,1.92,-0.49,97.4,90.0,,,82.4,79.9,0.153,0.169,0.34,0.342,0.535,0.24100000000000002,0.333,0.889,0.14300000000000002,,,,,,,0.176,0.353,0.281,110.0,102.0,115.0,0.224,1.7,83.9,0.201,0.318,0.28300000000000003,,,,,,,,,,,,,,,,,,
2023/04/10,6:36 PM.,BAL,OAK,away,Clear.,64,502043,2B,4,0,1,0,0,0,0,0,0,1,2,.200,.300,.229,.529,502043,kylegibson,Gibson,Right,Kyle Gibson,BAL,4.73,4.8,192.0,100.0,93.0,97.0,0.768,7.36,2.58,9.28,1.08,1.57,0.205,0.452,0.136,0.311,0.394,90.0,102.0,99.0,78.0,96.0,89.0,93.0,101.0,97.0,110.0,105.0,107.0,90.0,95.0,92.0,,,,0.261,0.134,0.166,,0.184,0.084,-0.69,-1.02,,-0.08,2.01,0.01,92.1,89.8,,91.9,81.6,79.5,0.147,0.228,0.47100000000000003,0.287,0.55,0.156,0.345,0.552,0.154,,,,0.289,0.459,0.11,0.279,0.419,0.40399999999999997,88.0,99.0,96.0,0.17,-0.29,85.5,0.288,0.453,0.29100000000000004,,,,,,,,,,,,,,,,,,
2023/04/09,1:10 PM.,TB,OAK,away,Dome.,72,656876,2B,4,0,0,0,0,0,0,0,0,2,1,.194,.306,.226,.532,656876,drewrasmussen,Rasmussen,Right,Drew Rasmussen,TBR,2.62,2.91,44.2,109.0,121.0,113.0,0.79,9.47,2.22,7.25,0.4,1.97,0.28,0.424,0.169,0.203,0.487,71.0,106.0,103.0,131.0,111.0,122.0,98.0,109.0,99.0,115.0,121.0,130.0,133.0,104.0,106.0,,,,0.122,0.295,0.359,,0.151,0.073,0.17,1.83,,2.15,3.01,1.91,95.7,88.2,,95.1,84.5,80.0,0.129,0.161,0.245,0.275,0.333,0.20800000000000002,0.204,0.327,0.275,,,,0.273,0.364,0.171,0.2,0.2,0.261,,,,,,,,,,,,,,,,,,,,,,,,,,,
2023/04/07,6:40 PM.,TB,OAK,away,Dome.,72,621107,2B,5,0,1,0,0,0,1,0,0,0,1,.222,.344,.259,.603,621107,zacheflin,Eflin,Right,Zach Eflin,TBR,3.5,3.02,177.2,108.0,98.0,106.0,0.775,9.42,1.22,8.0,0.96,1.48,0.21,0.449,0.159,0.343,0.449,100.0,110.0,107.0,83.0,123.0,112.0,98.0,107.0,105.0,122.0,120.0,127.0,100.0,106.0,102.0,,,,0.319,0.062,0.261,,0.044,0.263,2.53,-0.01,,1.09,0.79,1.27,92.9,88.5,,92.2,80.0,79.1,0.6,0.6,0.5,0.104,0.208,0.32,0.307,0.588,0.16699999999999998,,,,0.259,0.315,0.129,0.185,0.339,0.349,75.0,99.0,94.0,0.051,-0.61,86.4,0.192,0.308,0.28300000000000003,,,,,,,,,,,,,,,,,,
2023/04/05,12:37 PM.,CLE,OAK,home,Partly Cloudy.,57,683769,2B,3,1,0,0,0,0,0,0,2,1,2,.227,.370,.273,.643,683769,huntergaddis,Gaddis,Right,Hunter Gaddis,CLE,4.5,3.9,42.0,101.0,88.0,96.0,0.848,5.14,3.0,8.79,1.29,0.48,0.3,0.393,0.214,0.329,0.452,93.0,75.0,88.0,87.0,101.0,93.0,,,,102.0,104.0,104.0,90.0,98.0,86.0,,,,,0.399,0.036,,0.317,0.066,-0.22,-1.86,,,0.44,-0.85,93.4,89.0,,,85.3,75.5,0.268,0.446,0.16399999999999998,0.302,0.476,0.155,0.333,0.333,0.231,,,,,,,0.0,0.0,0.444,57.0,98.0,93.0,0.182,-1.29,81.2,0.156,0.469,0.16699999999999998,,,,,,,,,,,,,,,,,,
2023/04/04,6:40 PM.,CLE,OAK,home,Partly Cloudy.,54,669456,2B,5,1,2,0,0,0,1,1,0,0,4,.263,.364,.316,.680,669456,shanebieber,Bieber,Right,Shane Bieber,CLE,3.8,4.83,128.0,101.0,100.0,99.0,0.77,7.52,2.39,8.72,0.98,1.56,0.238,0.395,0.147,0.328,0.42,,,,81.0,103.0,96.0,,,,111.0,107.0,109.0,95.0,94.0,93.0,,,,,0.352,0.269,,0.207,,0.87,0.43,,,0.84,,91.3,86.5,,,84.6,,0.18,0.331,0.326,0.257,0.434,0.09300000000000001,0.316,0.465,0.293,,,,,,,0.237,0.368,0.32299999999999995,59.0,93.0,85.0,0.035,-4.04,87.2,0.5,0.571,0.083,155.0,104.0,109.0,0.137,-1.29,82.5,,,,,,,,,,,,
2023/04/03,6:41 PM.,CLE,OAK,home,Partly Cloudy.,54,668676,2B,6,1,2,0,0,0,1,0,0,0,1,.214,.353,.286,.639,668676,zachplesac,Plesac,Right,Zach Plesac,CLE,7.59,5.48,21.1,103.0,81.0,98.0,0.82,5.91,2.11,15.61,1.27,1.79,0.151,0.488,0.093,0.256,0.435,126.0,83.0,92.0,63.0,98.0,84.0,,,,98.0,110.0,116.0,,,,,,,,0.397,,,0.408,0.041,-3.51,,,,-1.04,-3.19,91.0,,,,84.7,78.8,0.275,0.431,0.247,0.5,0.676,0.132,,,,,,,,,,,,,71.0,101.0,86.0,0.154,-5.14,83.6,0.385,0.846,0.136,,,,,,,,,,,,,,,,,,
2023/04/02,1:06 PM.,LAA,OAK,home,Partly Cloudy.,56,542881,2B,4,0,0,0,0,0,0,0,0,2,4,.125,.364,.250,.614,542881,tyleranderson,Anderson,Left,Tyler Anderson,LAA,5.43,4.96,141.0,99.0,91.0,96.0,0.747,7.6,4.09,9.32,1.28,0.64,0.246,0.401,0.182,0.289,0.406,105.0,84.0,83.0,81.0,96.0,89.0,92.0,93.0,81.0,105.0,76.0,95.0,104.0,103.0,98.0,,,,0.055,0.374,0.224,0.001,0.007,0.002,-1.25,0.48,-4.72,-3.61,-1.06,-0.33,90.1,85.1,90.1,88.5,78.1,72.9,0.2,0.2,0.33299999999999996,0.301,0.566,0.193,0.239,0.366,0.268,,,,0.36,0.68,0.102,,,,92.0,101.0,106.0,0.338,0.08,80.0,0.238,0.381,0.39799999999999996,,,,,,,,,,,,,,,,,,
2023/04/01,1:07 PM.,LAA,OAK,home,Sunny.,58,663776,2B,1,0,0,0,0,0,0,0,2,0,0,.250,.571,.500,1.071,663776,patricksandoval,Sandoval,Left,Patrick Sandoval,LAA,4.11,4.7,144.2,97.0,92.0,97.0,0.741,7.96,4.6,9.02,0.75,1.55,0.196,0.427,0.166,0.297,0.414,99.0,96.0,101.0,63.0,94.0,89.0,69.0,97.0,86.0,123.0,100.0,107.0,,,,,,,0.111,0.256,,,0.285,0.09,-1.22,,,0.36,0.02,0.27,93.0,,,93.2,86.5,76.5,0.2,0.5,0.306,0.336,0.507,0.156,,,,,,,0.269,0.327,0.129,0.286,0.286,0.237,99.0,98.0,100.0,0.258,0.3,83.0,0.184,0.33,0.43200000000000005,,,,,,,,,,,,,,,,,,
2023/03/30,7:14 PM.,LAA,OAK,home,Partly Cloudy.,52,660271,2B,3,1,1,1,0,0,1,0,1,1,1,.333,.500,.667,1.167,660271,shoheiohtani,Ohtani,Right,Shohei Ohtani,LAA,3.14,3.82,132.0,96.0,121.0,103.0,0.722,11.39,3.75,5.8,1.23,1.25,0.253,0.441,0.185,0.343,0.457,87.0,97.0,105.0,114.0,99.0,100.0,104.0,94.0,95.0,136.0,97.0,112.0,96.0,89.0,88.0,129.0,93.0,108.0,0.06,0.33,0.156,0.062,0.356,0.036,1.64,-0.82,-0.25,-0.53,1.81,1.15,96.8,88.6,88.6,94.5,83.7,75.7,0.146,0.339,0.365,0.164,0.236,0.27,0.31,0.606,0.228,0.179,0.205,0.41100000000000003,0.273,0.409,0.225,0.111,0.167,0.41700000000000004,,,,,,,,,,,,,,,,,,,,,,,,,,,
