date,time,opponent,team,location,weather,temp,opposingPitcherId,position,ab,r,h,doubles,triples,hr,rbi,sb,bb,k,lob,avg,obp,slg,ops,id,fullName,boxscoreName,PitchingHand,PlayerName,Team,ERA,xERA,IP,Location+,Stuff+,Pitching+,Contact%,K/9,BB/9,H/9,HR/9,GB/FB,Oppo%,Pull%,Soft%,Hard%,Zone%,Stf+ CH,Loc+ CH,Pit+ CH,Stf+ FA,Loc+ FA,Pit+ FA,Stf+ SL,Loc+ SL,Pit+ SL,Stf+ KC,Loc+ KC,Pit+ KC,FA%,SL%,KC%,CH%,wFA/C,wSL/C,wKC/C,wCH/C,vFA,vCH,vSL,vKC,SL_ba,SL_slg,SL_whiff,FF_ba,FF_slg,FF_whiff,CU_ba,CU_slg,CU_whiff,CH_ba,CH_slg,CH_whiff,Stf+ CU,Loc+ CU,Pit+ CU,CU%,wCU/C,vCU,Stf+ SI,Loc+ SI,Pit+ SI,SI%,wSI/C,vSI,SI_ba,SI_slg,SI_whiff,Stf+ FS,Loc+ FS,Pit+ FS,FS%,wFS/C,vFS,FS_ba,FS_slg,FS_whiff,Stf+ FC,Loc+ FC,Pit+ FC,FC%,wFC/C,vFC,FC_ba,FC_slg,FC_whiff,vKN (sc),KN%,wKN/C,KC_ba,KC_slg,KC_whiff
2023/09/26,7:07 PM.,SEA,HOU,away,Roof Closed.,57,669923,C,3,1,0,0,0,0,0,0,0,2,4,.282,.309,.540,.849,669923,georgekirby,Kirby,Right,George Kirby,SEA,3.35,3.9,190.2,110.0,106.0,109.0,0.799,8.12,0.9,8.45,1.04,1.19,0.298,0.407,0.177,0.327,0.482,94.0,107.0,111.0,97.0,111.0,105.0,126.0,106.0,112.0,,,,0.394,0.197,0.115,0.018,1.34,1.03,0.35,-5.31,96.1,86.6,86.3,81.8,0.264,0.377,0.22,0.234,0.392,0.28,0.265,0.458,0.159,0.5,0.9,0.125,,,,,,,106.0,110.0,109.0,0.216,0.43,95.8,0.261,0.383,0.131,95.0,103.0,110.0,0.061,1.07,84.9,0.143,0.286,0.35700000000000004,,,,,,,,,,75.1,0.001,0.26,,,
2023/09/24,1:10 PM.,KC,HOU,home,Roof Closed.,73,674444,C,4,1,1,0,0,0,1,0,0,1,3,.285,.309,.544,.853,674444,stevencruz,Cruz,Right,Steven Cruz,KCR,4.97,4.73,12.2,90.0,119.0,93.0,0.778,10.66,7.82,7.82,0.71,0.67,0.343,0.343,0.143,0.257,0.418,,,,109.0,82.0,82.0,129.0,99.0,106.0,,,,0.439,0.27,,,-1.04,1.99,,,97.7,,89.4,,0.111,0.278,0.483,0.263,0.421,0.18600000000000003,,,,,,,,,,,,,128.0,92.0,96.0,0.217,-0.41,97.3,0.167,0.333,0.125,,,,,,,,,,119.0,100.0,98.0,0.074,-7.69,93.5,0.429,0.714,0.091,,,,,,
2023/09/23,6:10 PM.,KC,HOU,home,Roof Closed.,73,543475,C,4,0,1,0,0,0,0,0,0,1,2,.285,.310,.548,.858,543475,jordanlyles,Lyles,Right,Jordan Lyles,KCR,6.28,4.93,177.2,101.0,85.0,97.0,0.817,6.08,2.28,8.92,1.98,0.69,0.217,0.463,0.139,0.332,0.402,73.0,95.0,90.0,75.0,101.0,92.0,99.0,107.0,110.0,,,,0.306,0.247,,0.109,1.11,-1.31,,-1.66,91.2,85.5,80.2,,0.28,0.543,0.249,0.227,0.444,0.154,0.238,0.476,0.21899999999999997,0.26,0.481,0.257,95.0,97.0,99.0,0.131,-1.6,79.4,76.0,103.0,88.0,0.131,-0.01,90.5,0.248,0.457,0.158,,,,,,,,,,96.0,99.0,98.0,0.076,-0.94,86.8,0.314,0.725,0.19,,,,,,
2023/09/22,7:12 PM.,KC,HOU,home,Roof Closed.,73,666142,C,1,0,0,0,0,0,0,0,0,0,1,.286,.310,.551,.861,666142,coleragans,Ragans,Left,Cole Ragans,- - -,3.47,3.33,96.0,99.0,101.0,101.0,0.713,10.59,3.84,6.56,0.66,1.21,0.284,0.364,0.178,0.284,0.409,90.0,97.0,103.0,108.0,100.0,100.0,126.0,114.0,125.0,,,,0.401,0.104,0.124,0.237,0.24,2.79,-0.05,2.84,96.5,86.6,86.6,81.8,0.18,0.2,0.4,0.234,0.411,0.27899999999999997,0.194,0.306,0.295,0.152,0.192,0.344,,,,,,,,,,,,,,,,,,,,,,,,,89.0,92.0,87.0,0.134,1.47,91.8,0.27,0.378,0.23800000000000002,,,,,,
2023/09/20,1:12 PM.,BAL,HOU,home,Roof Closed.,73,680694,C,3,1,1,1,0,0,0,0,0,2,1,.287,.311,.553,.864,680694,kylebradish,Bradish,Right,Kyle Bradish,BAL,2.83,3.77,168.2,103.0,126.0,105.0,0.759,8.96,2.35,7.04,0.75,1.61,0.258,0.336,0.116,0.269,0.432,97.0,100.0,98.0,101.0,96.0,96.0,171.0,105.0,116.0,,,,0.224,0.313,,0.083,-1.0,1.77,,-0.36,94.5,90.8,88.1,,0.168,0.272,0.364,0.366,0.602,0.15,0.142,0.165,0.35600000000000004,0.259,0.37,0.114,135.0,105.0,109.0,0.173,3.99,84.8,88.0,104.0,98.0,0.207,1.53,95.0,0.23,0.367,0.15,,,,,,,,,,,,,,,,,,,,,,,,
2023/09/19,7:10 PM.,BAL,HOU,home,Roof Closed.,73,502043,C,4,1,2,1,0,1,2,0,0,0,1,.286,.309,.552,.861,502043,kylegibson,Gibson,Right,Kyle Gibson,BAL,4.73,4.8,192.0,100.0,93.0,97.0,0.768,7.36,2.58,9.28,1.08,1.57,0.205,0.452,0.136,0.311,0.394,88.0,99.0,96.0,78.0,96.0,89.0,110.0,105.0,107.0,,,,0.134,0.184,,0.17,-0.69,2.01,,-0.29,92.1,85.5,81.6,,0.147,0.228,0.47100000000000003,0.287,0.55,0.156,0.279,0.419,0.40399999999999997,0.288,0.453,0.29100000000000004,90.0,102.0,99.0,0.084,0.01,79.5,93.0,101.0,97.0,0.261,-0.08,91.9,0.289,0.459,0.11,,,,,,,,,,90.0,95.0,92.0,0.166,-1.02,89.8,0.345,0.552,0.154,,,,,,
2023/09/16,6:47 PM.,KC,HOU,away,Cloudy.,71,666142,C,5,1,1,0,0,1,1,0,0,1,2,.284,.307,.540,.847,666142,coleragans,Ragans,Left,Cole Ragans,- - -,3.47,3.33,96.0,99.0,101.0,101.0,0.713,10.59,3.84,6.56,0.66,1.21,0.284,0.364,0.178,0.284,0.409,90.0,97.0,103.0,108.0,100.0,100.0,126.0,114.0,125.0,,,,0.401,0.104,0.124,0.237,0.24,2.79,-0.05,2.84,96.5,86.6,86.6,81.8,0.18,0.2,0.4,0.234,0.411,0.27899999999999997,0.194,0.306,0.295,0.152,0.192,0.344,,,,,,,,,,,,,,,,,,,,,,,,,89.0,92.0,87.0,0.134,1.47,91.8,0.27,0.378,0.23800000000000002,,,,,,
2023/09/15,7:10 PM.,KC,HOU,away,Cloudy.,79,425844,PH,1,0,0,0,0,0,0,0,0,1,0,.285,.309,.536,.845,425844,zackgreinke,Greinke,Right,Zack Greinke,KCR,5.06,5.06,142.1,104.0,85.0,100.0,0.848,6.13,1.45,9.99,1.58,1.19,0.26,0.39,0.147,0.29,0.425,84.0,109.0,109.0,72.0,103.0,92.0,94.0,103.0,106.0,,,,0.265,0.2,0.0,0.166,0.25,1.12,-3.64,0.06,89.5,86.5,79.2,57.9,0.214,0.282,0.231,0.276,0.472,0.159,0.386,0.729,0.155,0.241,0.37,0.207,96.0,97.0,104.0,0.141,-2.99,72.5,76.0,106.0,93.0,0.157,-0.92,89.8,0.333,0.609,0.081,,,,,,,,,,100.0,113.0,103.0,0.07,-0.94,85.2,0.32,0.5,0.18600000000000003,,,,,,
2023/09/13,6:11 PM.,OAK,HOU,home,Roof Closed.,73,621112,C,4,0,2,1,0,0,1,0,0,0,1,.286,.309,.538,.847,621112,paulblackburn,Blackburn,Right,Paul Blackburn,OAK,4.43,4.42,103.2,100.0,87.0,97.0,0.778,9.03,3.73,10.16,0.95,1.17,0.246,0.38,0.166,0.297,0.346,67.0,108.0,96.0,77.0,95.0,87.0,91.0,103.0,108.0,,,,0.146,0.181,,0.112,-2.52,0.46,,2.14,91.9,86.0,80.8,,0.198,0.308,0.344,0.383,0.553,0.17,0.14,0.326,0.245,0.143,0.286,0.389,89.0,104.0,104.0,0.117,1.69,79.1,82.0,96.0,87.0,0.24,-0.75,91.8,0.306,0.435,0.15,,,,,,,,,,106.0,100.0,100.0,0.204,-2.38,88.9,0.435,0.624,0.159,,,,,,
2023/09/10,1:10 PM.,SD,HOU,home,Roof Closed.,73,663362,C,3,2,1,0,0,0,1,0,1,2,2,.283,.307,.535,.842,663362,mattwaldron,Waldron,Right,Matt Waldron,SDP,4.35,4.48,41.1,106.0,88.0,101.0,0.832,6.75,2.61,8.49,1.96,0.96,0.238,0.415,0.215,0.308,0.456,,,,76.0,105.0,98.0,101.0,100.0,109.0,,,,0.205,0.16,,,-0.95,-0.44,,,91.3,,79.8,,0.269,0.5,0.204,0.259,0.519,0.217,,,,,,,,,,,,,81.0,106.0,95.0,0.236,0.75,91.3,0.239,0.457,0.095,,,,,,,,,,104.0,114.0,109.0,0.131,0.15,86.7,0.214,0.464,0.193,76.6,0.267,-1.01,0.242,0.485,0.247
2023/09/08,7:10 PM.,SD,HOU,home,Roof Closed.,73,605483,DH,4,0,1,1,0,0,0,0,0,2,2,.283,.305,.537,.842,605483,blakesnell,Snell,Left,Blake Snell,SDP,2.25,3.77,180.0,95.0,107.0,100.0,0.642,11.7,4.95,5.75,0.75,1.3,0.262,0.388,0.168,0.309,0.326,72.0,103.0,106.0,120.0,91.0,96.0,107.0,91.0,94.0,,,,0.486,0.131,,0.184,0.07,0.68,,2.65,95.5,86.7,88.4,,0.123,0.26,0.536,0.255,0.389,0.195,0.079,0.14,0.563,0.185,0.266,0.46799999999999997,106.0,102.0,110.0,0.198,2.55,81.0,,,,,,,,,,,,,,,,,,,,,,,,,,,,,,,,,
2023/09/04,3:08 PM.,TEX,HOU,away,Roof Closed.,74,571760,C,5,2,1,0,0,1,3,0,0,2,3,.283,.306,.538,.844,571760,andrewheaney,Heaney,Left,Andrew Heaney,TEX,4.15,4.55,147.1,100.0,103.0,100.0,0.768,9.22,3.67,8.74,1.4,0.96,0.255,0.44,0.121,0.343,0.399,101.0,97.0,92.0,107.0,99.0,99.0,94.0,104.0,108.0,,,,0.579,0.252,,0.169,0.1,-1.35,,-0.11,92.5,84.0,82.0,,0.259,0.443,0.29600000000000004,0.236,0.431,0.256,,,,0.274,0.452,0.24,80.0,143.0,68.0,0.0,-3.87,74.4,,,,,,,,,,,,,,,,,,,,,,,,,,,,,,,,,
2023/09/03,6:11 PM.,NYY,HOU,home,Roof Closed.,73,650633,C,1,0,1,0,0,0,0,0,0,0,0,.284,.307,.534,.841,650633,michaelking,King,Right,Michael King,NYY,2.75,3.48,104.2,102.0,113.0,105.0,0.725,10.92,2.75,7.57,0.86,1.2,0.243,0.442,0.169,0.288,0.403,71.0,105.0,97.0,106.0,108.0,106.0,144.0,93.0,108.0,,,,0.227,0.293,,0.145,1.4,-0.8,,3.43,94.7,87.2,81.8,,0.264,0.455,0.395,0.2,0.294,0.25,,,,0.104,0.134,0.41,,,,,,,109.0,104.0,104.0,0.335,1.26,94.0,0.273,0.398,0.157,,,,,,,,,,,,,,,,,,,,,,,,
2023/09/02,6:10 PM.,NYY,HOU,home,Roof Closed.,73,622663,C,4,1,2,0,0,1,2,0,0,1,0,.282,.305,.532,.837,622663,luisseverino,"Severino, L",Right,Luis Severino,NYY,6.65,5.89,89.1,103.0,104.0,101.0,0.822,7.96,3.43,11.38,2.32,1.14,0.248,0.399,0.144,0.346,0.447,80.0,99.0,97.0,103.0,104.0,98.0,126.0,109.0,117.0,,,,0.449,0.188,,0.186,-2.42,-2.59,,-1.4,96.5,86.7,84.7,,0.289,0.566,0.254,0.355,0.692,0.196,,,,0.279,0.441,0.21600000000000003,,,,,,,92.0,91.0,87.0,0.028,5.41,95.7,0.091,0.091,0.20800000000000002,,,,,,,,,,110.0,100.0,98.0,0.15,-0.08,90.8,0.208,0.313,0.17300000000000001,,,,,,
2023/09/01,7:11 PM.,NYY,HOU,home,Roof Closed.,73,607074,DH,4,0,1,0,0,0,0,0,0,2,0,.279,.303,.523,.826,607074,carlosrodon,Rodón,Left,Carlos Rodón,NYY,6.85,5.34,64.1,97.0,111.0,100.0,0.764,8.95,3.92,9.09,2.1,0.52,0.212,0.402,0.116,0.381,0.429,84.0,67.0,81.0,106.0,101.0,100.0,126.0,95.0,104.0,,,,0.603,0.29,,0.043,-1.05,-0.06,,0.96,95.3,85.5,85.4,,0.2,0.347,0.37200000000000005,0.294,0.55,0.217,0.375,1.25,0.21100000000000002,0.0,0.0,0.42100000000000004,102.0,92.0,96.0,0.065,-3.96,79.7,,,,,,,,,,,,,,,,,,,,,,,,,,,,,,,,,
2023/08/29,7:13 PM.,BOS,HOU,away,Cloudy.,69,678394,C,3,1,0,0,0,0,0,0,1,1,0,.280,.303,.526,.829,678394,brayanbello,Bello,Right,Brayan Bello,BOS,4.24,4.16,157.0,100.0,90.0,98.0,0.778,7.57,2.58,9.46,1.38,1.94,0.194,0.48,0.144,0.351,0.408,80.0,103.0,99.0,83.0,102.0,93.0,103.0,94.0,103.0,,,,0.207,0.175,,0.239,-1.91,-1.86,,1.38,95.5,86.2,85.3,,0.3,0.456,0.259,0.31,0.646,0.19899999999999998,,,,0.196,0.291,0.387,,,,,,,93.0,101.0,98.0,0.364,0.52,95.0,0.278,0.435,0.16,,,,,,,,,,88.0,100.0,88.0,0.015,-6.73,89.1,0.462,1.077,0.20800000000000002,,,,,,
2023/08/28,7:11 PM.,BOS,HOU,away,Cloudy.,70,519242,DH,5,1,1,0,0,0,1,0,1,0,3,.282,.304,.532,.836,519242,chrissale,Sale,Left,Chris Sale,BOS,4.3,3.61,102.2,100.0,94.0,99.0,0.725,10.96,2.54,7.63,1.31,0.86,0.293,0.384,0.16,0.308,0.405,81.0,103.0,99.0,99.0,102.0,100.0,92.0,98.0,100.0,,,,0.432,0.375,,0.131,0.46,0.7,,-1.09,93.9,86.1,77.8,,0.162,0.358,0.389,0.252,0.437,0.23399999999999999,,,,0.309,0.473,0.322,,,,,,,98.0,94.0,96.0,0.062,-1.13,93.3,0.267,0.5,0.16699999999999998,,,,,,,,,,,,,,,,,,,,,,,,
2023/08/27,1:40 PM.,DET,HOU,away,Sunny.,71,656412,C,2,2,2,0,0,1,2,0,0,0,0,.284,.304,.537,.841,656412,alexfaedo,Faedo,Right,Alex Faedo,DET,4.45,3.82,64.2,104.0,92.0,101.0,0.781,8.07,2.78,6.68,1.67,0.79,0.235,0.459,0.18,0.339,0.436,84.0,101.0,97.0,87.0,104.0,96.0,103.0,105.0,108.0,,,,0.485,0.381,,0.133,0.89,0.65,,-0.75,92.9,85.9,82.3,,0.192,0.364,0.413,0.2,0.438,0.124,,,,0.222,0.417,0.16899999999999998,,,,,,,,,,,,,,,,,,,,,,,,,,,,,,,,,,,,,,,
2023/08/26,6:10 PM.,DET,HOU,away,Clear.,75,593958,C,4,0,0,0,0,0,0,0,1,0,5,.279,.299,.524,.823,593958,eduardorodriguez,"Rodriguez, Ed",Left,Eduardo Rodriguez,DET,3.3,4.04,152.2,103.0,83.0,97.0,0.781,8.43,2.83,7.55,0.88,1.1,0.279,0.407,0.152,0.311,0.429,91.0,102.0,103.0,73.0,101.0,91.0,103.0,107.0,106.0,,,,0.454,0.072,,0.189,0.65,3.12,,0.71,92.2,85.9,84.5,,0.089,0.178,0.395,0.278,0.431,0.222,,,,0.233,0.292,0.317,,,,,,,84.0,117.0,107.0,0.093,1.11,92.4,0.165,0.228,0.135,,,,,,,,,,90.0,101.0,98.0,0.192,0.51,88.8,0.2,0.471,0.19399999999999998,,,,,,
2023/08/25,6:39 PM.,DET,HOU,away,Cloudy.,76,666159,DH,4,0,0,0,0,0,0,0,0,0,2,.283,.301,.531,.832,666159,mattmanning,Manning,Right,Matt Manning,DET,3.58,5.48,78.0,102.0,104.0,102.0,0.831,5.77,2.42,6.92,1.27,0.83,0.272,0.423,0.142,0.389,0.492,62.0,96.0,84.0,103.0,104.0,100.0,112.0,102.0,107.0,,,,0.478,0.315,,0.036,0.58,1.21,,0.93,93.4,87.7,81.9,,0.185,0.383,0.261,0.214,0.366,0.182,0.258,0.419,0.094,0.111,0.111,0.063,102.0,99.0,101.0,0.172,-0.9,79.5,,,,,,,,,,,,,,,,,,,,,,,,,,,,,,,,,
2023/08/24,1:10 PM.,BOS,HOU,home,Roof Closed.,73,678394,C,3,0,1,0,0,0,0,0,1,0,4,.287,.305,.538,.843,678394,brayanbello,Bello,Right,Brayan Bello,BOS,4.24,4.16,157.0,100.0,90.0,98.0,0.778,7.57,2.58,9.46,1.38,1.94,0.194,0.48,0.144,0.351,0.408,80.0,103.0,99.0,83.0,102.0,93.0,103.0,94.0,103.0,,,,0.207,0.175,,0.239,-1.91,-1.86,,1.38,95.5,86.2,85.3,,0.3,0.456,0.259,0.31,0.646,0.19899999999999998,,,,0.196,0.291,0.387,,,,,,,93.0,101.0,98.0,0.364,0.52,95.0,0.278,0.435,0.16,,,,,,,,,,88.0,100.0,88.0,0.015,-6.73,89.1,0.462,1.077,0.20800000000000002,,,,,,
2023/08/23,7:10 PM.,BOS,HOU,home,Roof Closed.,73,519242,C,5,0,3,0,0,0,1,0,0,0,2,.286,.302,.541,.843,519242,chrissale,Sale,Left,Chris Sale,BOS,4.3,3.61,102.2,100.0,94.0,99.0,0.725,10.96,2.54,7.63,1.31,0.86,0.293,0.384,0.16,0.308,0.405,81.0,103.0,99.0,99.0,102.0,100.0,92.0,98.0,100.0,,,,0.432,0.375,,0.131,0.46,0.7,,-1.09,93.9,86.1,77.8,,0.162,0.358,0.389,0.252,0.437,0.23399999999999999,,,,0.309,0.473,0.322,,,,,,,98.0,94.0,96.0,0.062,-1.13,93.3,0.267,0.5,0.16699999999999998,,,,,,,,,,,,,,,,,,,,,,,,
2023/08/22,7:10 PM.,BOS,HOU,home,Roof Closed.,73,656557,1B,4,1,1,0,0,0,1,0,0,1,0,.281,.297,.540,.837,656557,tannerhouck,Houck,Right,Tanner Houck,BOS,5.01,4.21,106.0,100.0,101.0,100.0,0.727,8.41,3.48,8.83,1.19,1.92,0.151,0.489,0.123,0.353,0.418,,,,95.0,96.0,88.0,113.0,99.0,107.0,,,,0.099,0.383,,,-2.8,0.98,,,93.9,,83.9,,0.178,0.301,0.387,0.325,0.55,0.157,,,,,,,,,,,,,111.0,102.0,101.0,0.295,-0.38,93.4,0.306,0.507,0.187,67.0,105.0,92.0,0.114,-1.52,87.6,0.31,0.452,0.40399999999999997,80.0,100.0,92.0,0.108,0.73,91.3,0.229,0.354,0.21600000000000003,,,,,,
2023/08/21,7:11 PM.,BOS,HOU,home,Roof Closed.,73,572020,1B,5,1,2,0,0,1,1,0,0,1,5,.281,.298,.544,.842,572020,jamespaxton,Paxton,Left,James Paxton,BOS,4.5,3.77,96.0,100.0,89.0,96.0,0.744,9.47,3.09,8.72,1.69,1.15,0.311,0.392,0.136,0.337,0.437,112.0,88.0,93.0,95.0,103.0,98.0,,,,87.0,93.0,94.0,0.566,,0.195,0.067,0.04,,-0.31,-0.96,95.2,84.4,,81.3,,,,0.269,0.498,0.217,0.231,0.338,0.376,0.316,0.421,0.467,,,,,,,98.0,92.0,90.0,0.007,-0.01,94.9,,,,,,,,,,,,,63.0,101.0,91.0,0.165,-0.15,85.8,0.191,0.426,0.331,,,,,,
2023/08/20,12:05 PM.,SEA,HOU,home,Roof Closed.,73,676106,C,5,1,1,1,0,0,1,0,0,1,5,.279,.296,.535,.831,676106,emersonhancock,Hancock,Right,Emerson Hancock,SEA,4.5,3.33,12.0,105.0,84.0,100.0,0.853,4.5,2.25,9.75,0.75,1.27,0.25,0.475,0.25,0.175,0.428,89.0,95.0,102.0,89.0,128.0,125.0,84.0,113.0,106.0,,,,0.464,0.268,,0.129,1.54,3.26,,-7.29,92.5,84.5,86.7,,0.214,0.214,0.14300000000000002,0.25,0.438,0.213,,,,0.5,0.5,0.231,,,,,,,68.0,103.0,98.0,0.139,1.65,92.7,0.25,0.25,0.133,,,,,,,,,,,,,,,,,,,,,,,,
2023/08/19,6:12 PM.,SEA,HOU,home,Roof Closed.,73,669302,1B,4,1,2,1,0,1,1,0,0,1,0,.280,.297,.538,.835,669302,logangilbert,"Gilbert, L",Right,Logan Gilbert,SEA,3.73,3.69,190.2,102.0,106.0,102.0,0.767,8.92,1.7,7.98,1.37,1.02,0.238,0.427,0.125,0.333,0.47,,,,88.0,103.0,99.0,133.0,101.0,99.0,110.0,95.0,103.0,0.419,0.297,0.134,,0.01,1.84,0.39,,95.7,,88.7,80.3,0.211,0.349,0.322,0.28,0.491,0.177,0.214,0.371,0.306,,,,,,,,,,55.0,90.0,81.0,0.003,-11.33,93.7,0.667,1.0,0.25,98.0,103.0,117.0,0.148,0.25,85.6,0.174,0.34,0.35,,,,,,,,,,,,,,,
2023/08/18,7:10 PM.,SEA,HOU,home,Roof Closed.,73,682243,1B,4,0,2,1,0,0,0,0,0,0,2,.277,.295,.523,.818,682243,brycemiller,"Miller, B",Right,Bryce Miller,SEA,4.32,4.86,131.1,104.0,117.0,109.0,0.783,8.15,1.78,8.5,1.23,0.76,0.242,0.379,0.13,0.356,0.464,90.0,101.0,107.0,121.0,105.0,110.0,112.0,100.0,107.0,,,,0.585,0.274,,0.056,0.3,0.14,,0.66,95.1,85.0,85.0,,0.3,0.475,0.174,0.256,0.45,0.271,0.667,1.333,0.125,0.167,0.433,0.179,113.0,102.0,102.0,0.009,-8.41,78.2,104.0,101.0,99.0,0.076,1.22,95.1,0.26,0.36,0.096,,,,,,,,,,,,,,,,,,,,,,,,
2023/08/15,6:41 PM.,MIA,HOU,away,Roof Closed.,72,456501,C,4,1,1,0,0,1,2,0,0,1,4,.273,.292,.520,.812,456501,johnnycueto,Cueto,Right,Johnny Cueto,MIA,6.02,5.13,52.1,107.0,84.0,103.0,0.831,6.71,2.58,8.77,2.92,0.7,0.298,0.472,0.161,0.323,0.408,73.0,106.0,102.0,87.0,116.0,112.0,88.0,95.0,96.0,,,,0.346,0.234,,0.192,-0.03,-1.92,,-3.11,92.2,84.1,86.1,,0.27,0.73,0.154,0.242,0.53,0.245,,,,0.286,0.595,0.278,120.0,47.0,56.0,0.004,-3.06,76.0,89.0,103.0,100.0,0.196,2.47,92.2,0.244,0.4,0.035,,,,,,,,,,69.0,90.0,66.0,0.028,0.08,88.1,0.222,0.333,0.1,,,,,,
2023/08/14,6:40 PM.,MIA,HOU,away,Roof Closed.,72,666129,PH,1,0,0,0,0,0,0,0,0,0,0,.274,.292,.512,.804,666129,braxtongarrett,"Garrett, B",Left,Braxton Garrett,MIA,3.66,4.58,159.2,101.0,91.0,97.0,0.762,8.79,1.63,8.68,1.13,1.72,0.184,0.501,0.13,0.413,0.434,85.0,95.0,86.0,79.0,101.0,93.0,100.0,102.0,102.0,,,,0.075,0.258,,0.088,-1.84,0.45,,0.73,90.8,84.1,82.8,,0.169,0.302,0.408,0.325,0.575,0.159,0.5,1.059,0.2,0.286,0.327,0.327,80.0,97.0,95.0,0.084,-4.44,77.7,91.0,102.0,97.0,0.317,1.06,90.5,0.256,0.377,0.107,,,,,,,,,,95.0,100.0,97.0,0.177,1.53,87.5,0.243,0.477,0.247,,,,,,
2023/08/13,1:11 PM.,LAA,HOU,home,Roof Closed.,73,681217,PH,1,0,0,0,0,0,0,0,0,1,0,.275,.293,.514,.807,681217,chasesilseth,Silseth,Right,Chase Silseth,LAA,3.96,4.27,52.1,97.0,93.0,97.0,0.741,9.63,4.47,7.05,1.55,1.68,0.153,0.496,0.117,0.401,0.411,,,,93.0,90.0,85.0,102.0,94.0,102.0,,,,0.349,0.229,,,-1.53,1.7,,,95.0,,82.0,,0.143,0.571,0.14300000000000002,0.255,0.553,0.248,0.333,1.333,0.0,,,,107.0,93.0,97.0,0.024,-5.15,79.4,82.0,105.0,97.0,0.148,1.39,94.3,0.344,0.469,0.14,84.0,108.0,116.0,0.167,1.35,87.2,0.137,0.294,0.345,99.0,92.0,92.0,0.084,3.24,90.3,0.167,0.167,0.268,,,,,,
2023/08/12,6:16 PM.,LAA,HOU,home,Roof Closed.,73,542881,C,5,0,1,0,0,0,2,0,0,3,3,.276,.294,.516,.810,542881,tyleranderson,Anderson,Left,Tyler Anderson,LAA,5.43,4.96,141.0,99.0,91.0,96.0,0.747,7.6,4.09,9.32,1.28,0.64,0.246,0.401,0.182,0.289,0.406,92.0,101.0,106.0,81.0,96.0,89.0,105.0,76.0,95.0,,,,0.374,0.007,,0.338,-1.25,-1.06,,0.08,90.1,80.0,78.1,,0.2,0.2,0.33299999999999996,0.301,0.566,0.193,,,,0.238,0.381,0.39799999999999996,105.0,84.0,83.0,0.002,-0.33,72.9,92.0,93.0,81.0,0.055,-3.61,88.5,0.36,0.68,0.102,,,,0.001,-4.72,90.1,,,,104.0,103.0,98.0,0.224,0.48,85.1,0.239,0.366,0.268,,,,,,
2023/08/11,7:11 PM.,LAA,HOU,home,Roof Closed.,73,672282,DH,5,2,2,1,0,0,0,0,0,1,0,.278,.296,.522,.818,672282,reiddetmers,Detmers,Left,Reid Detmers,LAA,4.48,4.55,148.2,99.0,101.0,99.0,0.749,10.17,3.63,8.54,1.15,0.91,0.223,0.444,0.139,0.362,0.438,92.0,101.0,97.0,87.0,101.0,95.0,124.0,100.0,102.0,,,,0.432,0.319,,0.054,-0.38,0.91,,-2.03,94.3,84.8,88.7,,0.0,0.0,0.267,0.291,0.505,0.212,0.191,0.326,0.28600000000000003,0.242,0.424,0.24600000000000002,93.0,94.0,105.0,0.194,0.14,74.7,,,,,,,,,,,,,,,,,,,,,,,,,,,,,,,,,
2023/08/10,12:48 PM.,BAL,HOU,away,Overcast.,79,665152,C,5,1,2,0,0,1,2,0,0,0,1,.275,.294,.521,.815,665152,deankremer,Kremer,Right,Dean Kremer,BAL,4.12,4.93,172.2,102.0,99.0,100.0,0.785,8.18,2.87,8.91,1.41,1.05,0.282,0.38,0.145,0.311,0.423,86.0,91.0,93.0,106.0,103.0,102.0,116.0,98.0,105.0,,,,0.371,0.033,,0.123,0.43,-1.43,,-1.4,94.6,85.3,82.8,,0.25,0.417,0.244,0.252,0.409,0.262,0.347,0.592,0.24,0.26,0.377,0.27,93.0,94.0,98.0,0.089,-2.29,78.1,84.0,106.0,99.0,0.145,1.81,91.9,0.269,0.38,0.081,,,,,,,,,,104.0,106.0,102.0,0.239,0.02,88.8,0.222,0.416,0.27699999999999997,,,,,,
2023/08/08,7:07 PM.,BAL,HOU,away,Clear.,81,680570,C,3,0,0,0,0,0,1,0,0,2,1,.272,.292,.511,.803,680570,graysonrodriguez,"Rodriguez, G",Right,Grayson Rodriguez,BAL,4.35,4.21,122.0,102.0,117.0,108.0,0.759,9.52,3.1,8.93,1.18,1.4,0.226,0.408,0.12,0.372,0.44,110.0,102.0,115.0,116.0,104.0,106.0,126.0,103.0,114.0,,,,0.496,0.148,,0.224,-0.83,1.92,,1.7,97.4,83.9,82.4,,0.153,0.169,0.34,0.342,0.535,0.24100000000000002,0.176,0.353,0.281,0.201,0.318,0.28300000000000003,146.0,97.0,101.0,0.081,-0.49,79.9,,,,,,,,,,,,,,,,,,,76.0,90.0,86.0,0.052,-1.59,90.0,0.333,0.889,0.14300000000000002,,,,,,
2023/08/05,1:07 PM.,NYY,HOU,away,Sunny.,80,641482,1B,1,0,1,0,0,0,0,0,0,0,0,.276,.294,.517,.811,641482,nestorcortes,Cortes,Left,Nestor Cortes,NYY,4.97,3.66,63.1,103.0,104.0,104.0,0.79,9.52,2.84,8.38,1.56,0.46,0.233,0.432,0.176,0.29,0.441,92.0,111.0,110.0,102.0,106.0,106.0,92.0,103.0,103.0,,,,0.521,0.158,,0.028,0.68,-1.47,,-6.99,91.6,83.4,76.9,,0.2,0.2,0.429,0.213,0.352,0.249,,,,0.5,0.6,0.294,,,,,,,138.0,99.0,111.0,0.005,4.05,89.3,,,,,,,,,,,,,110.0,102.0,102.0,0.288,0.39,86.6,0.26,0.545,0.20600000000000002,,,,,,
2023/08/04,7:08 PM.,NYY,HOU,away,Cloudy.,74,622663,C,5,1,1,0,0,1,3,0,0,0,3,.273,.291,.515,.806,622663,luisseverino,"Severino, L",Right,Luis Severino,NYY,6.65,5.89,89.1,103.0,104.0,101.0,0.822,7.96,3.43,11.38,2.32,1.14,0.248,0.399,0.144,0.346,0.447,80.0,99.0,97.0,103.0,104.0,98.0,126.0,109.0,117.0,,,,0.449,0.188,,0.186,-2.42,-2.59,,-1.4,96.5,86.7,84.7,,0.289,0.566,0.254,0.355,0.692,0.196,,,,0.279,0.441,0.21600000000000003,,,,,,,92.0,91.0,87.0,0.028,5.41,95.7,0.091,0.091,0.20800000000000002,,,,,,,,,,110.0,100.0,98.0,0.15,-0.08,90.8,0.208,0.313,0.17300000000000001,,,,,,
2023/08/03,7:16 PM.,NYY,HOU,away,Clear.,74,657376,PH,1,0,0,0,0,0,0,0,0,0,1,.274,.293,.509,.802,657376,clarkeschmidt,Schmidt,Right,Clarke Schmidt,NYY,4.64,4.33,159.0,102.0,102.0,104.0,0.783,8.43,2.6,9.57,1.36,1.16,0.232,0.447,0.154,0.309,0.439,31.0,95.0,88.0,,,,109.0,99.0,107.0,146.0,100.0,118.0,,0.274,0.191,0.015,,-0.59,-0.46,-7.35,,89.4,86.0,83.7,0.276,0.559,0.263,,,,0.198,0.314,0.345,0.5,0.5,0.091,,,,,,,68.0,103.0,88.0,0.241,-0.2,93.4,0.288,0.447,0.11,,,,,,,,,,96.0,106.0,105.0,0.279,0.27,91.3,0.28,0.457,0.222,,,,,,
2023/08/02,1:10 PM.,CLE,HOU,home,Roof Closed.,73,676440,C,4,0,2,0,0,0,0,0,0,0,2,.276,.294,.511,.805,676440,tannerbibee,Bibee,Right,Tanner Bibee,CLE,2.98,3.69,142.0,100.0,98.0,101.0,0.763,8.94,2.85,7.73,0.82,0.88,0.244,0.383,0.168,0.302,0.427,101.0,98.0,105.0,91.0,97.0,91.0,110.0,106.0,115.0,,,,0.471,0.27,,0.166,0.6,1.35,,1.07,94.9,83.8,84.7,,0.206,0.355,0.317,0.243,0.348,0.19,0.271,0.479,0.233,0.213,0.298,0.37799999999999995,88.0,98.0,102.0,0.093,-1.11,78.3,,,,,,,,,,,,,,,,,,,,,,,,,,,,,,,,,
2023/08/01,7:12 PM.,CLE,HOU,home,Roof Closed.,73,668909,DH,3,0,1,0,0,0,0,0,0,1,2,.271,.291,.511,.802,668909,gavinwilliams,"Williams, G",Right,Gavin Williams,CLE,3.29,4.21,82.0,100.0,102.0,101.0,0.745,8.89,4.06,7.24,0.88,0.98,0.265,0.354,0.126,0.278,0.426,136.0,95.0,93.0,112.0,101.0,103.0,83.0,107.0,102.0,,,,0.553,0.221,,0.056,0.35,2.27,,-3.24,95.7,88.2,84.9,,0.157,0.241,0.318,0.25,0.404,0.249,0.174,0.391,0.35200000000000004,0.353,0.588,0.212,84.0,90.0,95.0,0.17,-1.23,76.2,,,,,,,,,,,,,,,,,,,,,,,,,,,,,,,,,
2023/07/31,7:10 PM.,CLE,HOU,home,Roof Closed.,73,592789,C,3,1,2,1,0,0,0,0,0,0,1,.271,.290,.514,.804,592789,noahsyndergaard,Syndergaard,Right,Noah Syndergaard,- - -,6.5,6.48,88.2,104.0,80.0,99.0,0.834,5.68,1.93,10.56,2.23,0.94,0.203,0.438,0.147,0.363,0.468,72.0,104.0,100.0,65.0,109.0,95.0,88.0,99.0,97.0,,,,0.181,0.067,,0.222,0.68,-2.33,,-2.71,92.2,87.3,85.0,,0.24,0.72,0.083,0.208,0.354,0.182,0.233,0.512,0.22,0.286,0.571,0.218,95.0,104.0,107.0,0.141,-0.93,77.9,87.0,102.0,96.0,0.261,-1.16,92.3,0.363,0.593,0.138,43.0,87.0,84.0,0.003,1.25,87.7,,,,85.0,103.0,98.0,0.126,-0.49,89.5,0.333,0.489,0.18899999999999997,,,,,,
2023/07/29,6:16 PM.,TB,HOU,home,Roof Closed.,73,671737,C,5,2,2,1,0,1,3,0,0,0,3,.265,.282,.507,.789,671737,tajbradley,"Bradley, T",Right,Taj Bradley,TBR,5.59,4.45,104.2,101.0,110.0,105.0,0.775,11.09,3.35,9.11,1.98,0.88,0.268,0.405,0.158,0.392,0.449,,,,131.0,101.0,109.0,,,,,,,0.449,,,,-0.8,,,,96.1,,,,,,,0.277,0.559,0.191,0.169,0.338,0.22399999999999998,,,,88.0,107.0,111.0,0.167,0.04,79.0,,,,0.001,0.0,97.8,,,,,,,0.136,0.62,89.3,0.19,0.333,0.41,106.0,99.0,99.0,0.248,-1.32,88.9,0.312,0.581,0.295,,,,,,
2023/07/28,7:11 PM.,TB,HOU,home,Roof Closed.,73,663556,PH,1,0,0,0,0,0,0,0,0,0,1,.262,.279,.490,.769,663556,shanemcclanahan,McClanahan,Left,Shane McClanahan,TBR,3.29,4.13,115.0,102.0,112.0,106.0,0.694,9.47,3.21,7.43,1.17,1.18,0.28,0.384,0.134,0.355,0.455,115.0,104.0,109.0,111.0,100.0,104.0,107.0,102.0,105.0,,,,0.419,0.153,,0.258,-0.34,-0.27,,2.65,96.8,86.9,89.3,,0.261,0.58,0.29100000000000004,0.269,0.479,0.233,0.197,0.344,0.314,0.153,0.191,0.541,115.0,101.0,107.0,0.17,1.12,83.5,,,,,,,,,,,,,,,,,,,,,,,,,,,,,,,,,
2023/07/26,7:12 PM.,TEX,HOU,home,Roof Closed.,73,571760,C,3,1,1,0,0,1,2,0,0,0,0,.263,.281,.493,.774,571760,andrewheaney,Heaney,Left,Andrew Heaney,TEX,4.15,4.55,147.1,100.0,103.0,100.0,0.768,9.22,3.67,8.74,1.4,0.96,0.255,0.44,0.121,0.343,0.399,101.0,97.0,92.0,107.0,99.0,99.0,94.0,104.0,108.0,,,,0.579,0.252,,0.169,0.1,-1.35,,-0.11,92.5,84.0,82.0,,0.259,0.443,0.29600000000000004,0.236,0.431,0.256,,,,0.274,0.452,0.24,80.0,143.0,68.0,0.0,-3.87,74.4,,,,,,,,,,,,,,,,,,,,,,,,,,,,,,,,,
2023/07/25,7:10 PM.,TEX,HOU,home,Roof Closed.,73,666720,DH,3,0,0,0,0,0,0,0,0,1,3,.262,.280,.481,.761,666720,yerryrodriguez,"Rodríguez, Y",Right,Yerry Rodríguez,TEX,7.9,4.1,13.2,100.0,104.0,104.0,0.752,9.88,3.95,13.17,0.66,0.68,0.378,0.267,0.089,0.333,0.486,100.0,105.0,104.0,104.0,102.0,102.0,103.0,97.0,108.0,,,,0.514,0.371,,0.076,-1.12,-4.29,,3.83,97.2,85.9,84.1,,0.444,0.833,0.382,0.353,0.441,0.2,,,,0.0,0.0,0.25,,,,,,,112.0,101.0,102.0,0.04,6.1,96.8,,,,,,,,,,,,,,,,,,,,,,,,,,,
2023/07/24,7:10 PM.,TEX,HOU,home,Roof Closed.,73,592351,DH,4,0,1,0,0,0,2,0,0,1,2,.266,.284,.488,.772,592351,jongray,"Gray, Jn",Right,Jon Gray,TEX,4.12,4.48,157.1,101.0,97.0,100.0,0.758,8.12,3.09,8.52,1.26,1.1,0.288,0.348,0.157,0.324,0.437,77.0,96.0,97.0,82.0,100.0,92.0,116.0,103.0,109.0,,,,0.424,0.398,,0.116,-1.83,2.33,,1.71,95.7,88.8,87.2,,0.105,0.211,0.324,0.346,0.551,0.179,0.263,0.737,0.27,0.211,0.268,0.213,99.0,90.0,98.0,0.062,-1.69,78.2,,,,,,,,,,,,,,,,,,,,,,,,,,,,,,,,,
2023/07/23,1:07 PM.,OAK,HOU,away,Partly Cloudy.,72,665622,C,4,1,2,0,0,1,1,0,0,0,0,.266,.286,.492,.778,665622,luismedina,Medina,Right,Luis Medina,OAK,5.42,4.8,109.2,94.0,107.0,95.0,0.767,8.7,4.68,8.95,1.15,1.27,0.321,0.349,0.154,0.352,0.416,84.0,86.0,90.0,112.0,93.0,94.0,106.0,97.0,100.0,,,,0.415,0.238,,0.087,-0.35,-0.8,,1.25,96.1,87.3,85.3,,0.233,0.456,0.484,0.272,0.494,0.121,0.146,0.366,0.308,0.256,0.282,0.304,99.0,96.0,98.0,0.117,-0.73,79.6,117.0,96.0,96.0,0.142,-0.8,95.5,0.313,0.406,0.141,,,,,,,,,,,,,,,,,,,,,,,,
2023/07/22,6:08 PM.,OAK,HOU,away,Partly Cloudy.,75,621112,PH,1,0,0,0,0,0,0,0,0,0,2,.262,.282,.477,.759,621112,paulblackburn,Blackburn,Right,Paul Blackburn,OAK,4.43,4.42,103.2,100.0,87.0,97.0,0.778,9.03,3.73,10.16,0.95,1.17,0.246,0.38,0.166,0.297,0.346,67.0,108.0,96.0,77.0,95.0,87.0,91.0,103.0,108.0,,,,0.146,0.181,,0.112,-2.52,0.46,,2.14,91.9,86.0,80.8,,0.198,0.308,0.344,0.383,0.553,0.17,0.14,0.326,0.245,0.143,0.286,0.389,89.0,104.0,104.0,0.117,1.69,79.1,82.0,96.0,87.0,0.24,-0.75,91.8,0.306,0.435,0.15,,,,,,,,,,106.0,100.0,100.0,0.204,-2.38,88.9,0.435,0.624,0.159,,,,,,
2023/07/20,6:40 PM.,OAK,HOU,away,Clear.,71,663687,C,3,0,0,0,0,0,0,0,0,0,1,.263,.283,.479,.762,663687,hoganharris,"Harris, H",Left,Hogan Harris,OAK,7.14,5.13,63.0,98.0,82.0,94.0,0.804,8.0,4.0,9.57,1.43,0.9,0.306,0.357,0.184,0.316,0.496,75.0,93.0,96.0,84.0,98.0,92.0,,,,,,,0.47,0.078,,0.203,-0.58,-2.5,,0.61,92.6,80.1,77.4,,0.278,0.556,0.188,0.25,0.442,0.217,0.3,0.5,0.2,0.205,0.409,0.368,69.0,92.0,89.0,0.06,-1.37,74.9,,,,,,,,,,,,,,,,,,,87.0,104.0,98.0,0.188,-1.58,90.5,0.351,0.544,0.16699999999999998,,,,,,
2023/07/18,6:42 PM.,COL,HOU,away,Partly Cloudy.,88,656234,C,4,0,1,1,0,0,1,0,0,1,2,.267,.287,.487,.774,656234,jakebird,Bird,Right,Jake Bird,COL,4.33,4.48,89.1,99.0,108.0,91.0,0.809,7.76,2.72,9.47,0.6,1.99,0.196,0.407,0.133,0.333,0.466,47.0,112.0,34.0,,,,105.0,98.0,103.0,,,,,0.071,,0.002,,0.95,,-46.49,,87.3,86.3,,0.222,0.278,0.325,,,,0.133,0.265,0.38299999999999995,,,,135.0,110.0,114.0,0.2,1.82,81.7,99.0,96.0,80.0,0.595,-0.04,94.4,0.32,0.402,0.135,,,,,,,,,,112.0,99.0,98.0,0.132,-1.98,89.7,0.341,0.614,0.25,,,,,,
2023/07/16,4:10 PM.,LAA,HOU,away,Sunny.,83,542881,C,4,0,1,0,0,0,0,0,1,2,3,.267,.288,.487,.775,542881,tyleranderson,Anderson,Left,Tyler Anderson,LAA,5.43,4.96,141.0,99.0,91.0,96.0,0.747,7.6,4.09,9.32,1.28,0.64,0.246,0.401,0.182,0.289,0.406,92.0,101.0,106.0,81.0,96.0,89.0,105.0,76.0,95.0,,,,0.374,0.007,,0.338,-1.25,-1.06,,0.08,90.1,80.0,78.1,,0.2,0.2,0.33299999999999996,0.301,0.566,0.193,,,,0.238,0.381,0.39799999999999996,105.0,84.0,83.0,0.002,-0.33,72.9,92.0,93.0,81.0,0.055,-3.61,88.5,0.36,0.68,0.102,,,,0.001,-4.72,90.1,,,,104.0,103.0,98.0,0.224,0.48,85.1,0.239,0.366,0.268,,,,,,
2023/07/15,6:08 PM.,LAA,HOU,away,Clear.,77,672282,C,4,2,2,0,0,0,1,0,1,2,1,.268,.285,.492,.777,672282,reiddetmers,Detmers,Left,Reid Detmers,LAA,4.48,4.55,148.2,99.0,101.0,99.0,0.749,10.17,3.63,8.54,1.15,0.91,0.223,0.444,0.139,0.362,0.438,92.0,101.0,97.0,87.0,101.0,95.0,124.0,100.0,102.0,,,,0.432,0.319,,0.054,-0.38,0.91,,-2.03,94.3,84.8,88.7,,0.0,0.0,0.267,0.291,0.505,0.212,0.191,0.326,0.28600000000000003,0.242,0.424,0.24600000000000002,93.0,94.0,105.0,0.194,0.14,74.7,,,,,,,,,,,,,,,,,,,,,,,,,,,,,,,,,
2023/07/09,1:10 PM.,SEA,HOU,home,Roof Closed.,73,669302,DH,3,0,0,0,0,0,0,0,0,1,1,.263,.277,.492,.769,669302,logangilbert,"Gilbert, L",Right,Logan Gilbert,SEA,3.73,3.69,190.2,102.0,106.0,102.0,0.767,8.92,1.7,7.98,1.37,1.02,0.238,0.427,0.125,0.333,0.47,,,,88.0,103.0,99.0,133.0,101.0,99.0,110.0,95.0,103.0,0.419,0.297,0.134,,0.01,1.84,0.39,,95.7,,88.7,80.3,0.211,0.349,0.322,0.28,0.491,0.177,0.214,0.371,0.306,,,,,,,,,,55.0,90.0,81.0,0.003,-11.33,93.7,0.667,1.0,0.25,98.0,103.0,117.0,0.148,0.25,85.6,0.174,0.34,0.35,,,,,,,,,,,,,,,
2023/07/08,6:17 PM.,SEA,HOU,home,Roof Closed.,73,693433,DH,3,0,0,0,0,0,0,0,0,0,1,.267,.281,.500,.781,693433,bryanwoo,Woo,Right,Bryan Woo,SEA,4.21,3.45,87.2,102.0,103.0,103.0,0.754,9.55,3.18,7.7,1.33,0.99,0.296,0.363,0.175,0.271,0.453,85.0,91.0,93.0,101.0,105.0,106.0,110.0,96.0,105.0,,,,0.469,0.24,,0.037,0.69,-0.83,,-2.37,95.1,89.7,86.0,,0.257,0.457,0.311,0.207,0.407,0.303,,,,0.4,0.4,0.222,,,,,,,109.0,102.0,103.0,0.255,1.34,95.0,0.213,0.372,0.20800000000000002,,,,,,,,,,,,,,,,,,,,,,,,
2023/07/07,7:11 PM.,SEA,HOU,home,Roof Closed.,73,622491,C,4,0,1,0,0,0,0,0,0,0,1,.272,.286,.509,.795,622491,luiscastillo,"Castillo, L",Right,Luis Castillo,SEA,3.34,3.82,197.0,103.0,96.0,102.0,0.717,10.01,2.56,7.31,1.28,0.92,0.268,0.375,0.182,0.333,0.422,83.0,108.0,105.0,95.0,104.0,100.0,117.0,100.0,108.0,,,,0.444,0.221,,0.156,1.31,-0.12,,-1.6,96.3,88.3,85.7,,0.234,0.455,0.37799999999999995,0.165,0.384,0.33,,,,0.28,0.42,0.325,,,,,,,82.0,103.0,95.0,0.179,0.6,95.9,0.239,0.337,0.136,,,,,,,,,,,,,,,,,,,,,,,,
2023/07/06,7:10 PM.,SEA,HOU,home,Roof Closed.,73,669923,C,4,1,2,0,0,0,0,0,0,0,0,.272,.287,.515,.802,669923,georgekirby,Kirby,Right,George Kirby,SEA,3.35,3.9,190.2,110.0,106.0,109.0,0.799,8.12,0.9,8.45,1.04,1.19,0.298,0.407,0.177,0.327,0.482,94.0,107.0,111.0,97.0,111.0,105.0,126.0,106.0,112.0,,,,0.394,0.197,0.115,0.018,1.34,1.03,0.35,-5.31,96.1,86.6,86.3,81.8,0.264,0.377,0.22,0.234,0.392,0.28,0.265,0.458,0.159,0.5,0.9,0.125,,,,,,,106.0,110.0,109.0,0.216,0.43,95.8,0.261,0.383,0.131,95.0,103.0,110.0,0.061,1.07,84.9,0.143,0.286,0.35700000000000004,,,,,,,,,,75.1,0.001,0.26,,,
2023/07/05,1:10 PM.,COL,HOU,home,Roof Closed.,72,502624,C,4,2,2,0,0,2,3,0,0,1,0,.267,.282,.515,.797,502624,chaseanderson,Anderson,Right,Chase Anderson,- - -,5.42,4.96,86.1,99.0,82.0,94.0,0.8,6.67,3.44,9.38,1.77,0.84,0.261,0.354,0.153,0.325,0.397,71.0,106.0,104.0,67.0,93.0,82.0,104.0,114.0,115.0,,,,0.312,0.082,,0.229,-2.17,0.92,,2.14,93.3,83.9,80.6,,0.172,0.172,0.24600000000000002,0.351,0.619,0.17300000000000001,0.3,0.9,0.125,0.163,0.25,0.287,75.0,91.0,92.0,0.041,-4.22,77.6,70.0,96.0,82.0,0.073,-5.45,92.6,0.545,0.955,0.073,,,,,,,,,,108.0,98.0,97.0,0.263,0.63,89.2,0.244,0.444,0.226,,,,,,
2023/07/04,3:10 PM.,COL,HOU,home,Roof Closed.,73,607536,C,3,0,0,0,0,0,0,0,1,1,2,.261,.276,.478,.754,607536,kylefreeland,Freeland,Left,Kyle Freeland,COL,5.03,5.7,155.2,103.0,70.0,94.0,0.847,5.43,2.43,10.81,1.68,1.0,0.202,0.441,0.122,0.391,0.437,47.0,105.0,95.0,68.0,105.0,90.0,65.0,99.0,96.0,96.0,105.0,105.0,0.184,0.236,0.176,0.122,1.13,-0.2,-1.91,-3.3,88.8,84.2,84.1,80.6,0.246,0.549,0.2,0.239,0.431,0.127,0.261,0.41,0.32,0.435,0.681,0.139,,,,,,,67.0,103.0,88.0,0.283,-0.86,88.7,0.349,0.529,0.091,,,,,,,,,,,,,,,,,,,,,,,,
2023/07/03,1:08 PM.,TEX,HOU,away,Roof Closed.,74,527048,DH,5,1,1,0,0,1,1,0,0,1,1,.266,.277,.487,.764,527048,martinperez,"Pérez, M",Left,Martín Pérez,TEX,4.45,4.9,141.2,104.0,74.0,95.0,0.837,5.91,3.11,9.53,1.33,1.28,0.223,0.431,0.139,0.294,0.399,71.0,110.0,99.0,75.0,102.0,99.0,88.0,94.0,96.0,,,,0.04,0.01,,0.265,3.25,2.0,,-0.75,91.8,84.1,83.4,,0.0,0.0,0.2,0.167,0.222,0.146,0.063,0.063,0.353,0.316,0.447,0.278,78.0,101.0,100.0,0.037,3.35,79.1,73.0,102.0,95.0,0.428,0.44,91.6,0.244,0.394,0.09699999999999999,,,,,,,,,,79.0,99.0,88.0,0.221,-2.02,89.2,0.342,0.64,0.11699999999999999,,,,,,
2023/07/02,1:37 PM.,TEX,HOU,away,Roof Closed.,74,571760,DH,4,0,0,0,0,0,0,0,0,3,7,.268,.280,.477,.757,571760,andrewheaney,Heaney,Left,Andrew Heaney,TEX,4.15,4.55,147.1,100.0,103.0,100.0,0.768,9.22,3.67,8.74,1.4,0.96,0.255,0.44,0.121,0.343,0.399,101.0,97.0,92.0,107.0,99.0,99.0,94.0,104.0,108.0,,,,0.579,0.252,,0.169,0.1,-1.35,,-0.11,92.5,84.0,82.0,,0.259,0.443,0.29600000000000004,0.236,0.431,0.256,,,,0.274,0.452,0.24,80.0,143.0,68.0,0.0,-3.87,74.4,,,,,,,,,,,,,,,,,,,,,,,,,,,,,,,,,
2023/07/01,3:08 PM.,TEX,HOU,away,Roof Closed.,74,543135,DH,3,0,1,0,0,0,0,0,0,0,1,.275,.287,.490,.777,543135,nathaneovaldi,Eovaldi,Right,Nathan Eovaldi,TEX,3.63,3.98,144.0,100.0,101.0,98.0,0.758,8.25,2.94,7.31,0.94,1.59,0.196,0.469,0.14,0.367,0.397,,,,92.0,97.0,93.0,101.0,113.0,109.0,,,,0.372,0.04,,,0.41,-3.23,,,95.1,,83.9,,0.303,0.606,0.13699999999999998,0.234,0.423,0.183,0.2,0.22,0.41700000000000004,,,,99.0,104.0,102.0,0.135,0.86,76.0,,,,,,,,,,125.0,101.0,106.0,0.276,1.26,87.9,0.196,0.314,0.355,86.0,98.0,92.0,0.176,1.33,90.6,0.238,0.417,0.198,,,,,,
2023/06/30,7:08 PM.,TEX,HOU,away,Roof Closed.,74,592351,DH,4,1,1,0,0,0,0,0,0,1,0,.274,.286,.493,.779,592351,jongray,"Gray, Jn",Right,Jon Gray,TEX,4.12,4.48,157.1,101.0,97.0,100.0,0.758,8.12,3.09,8.52,1.26,1.1,0.288,0.348,0.157,0.324,0.437,77.0,96.0,97.0,82.0,100.0,92.0,116.0,103.0,109.0,,,,0.424,0.398,,0.116,-1.83,2.33,,1.71,95.7,88.8,87.2,,0.105,0.211,0.324,0.346,0.551,0.179,0.263,0.737,0.27,0.211,0.268,0.213,99.0,90.0,98.0,0.062,-1.69,78.2,,,,,,,,,,,,,,,,,,,,,,,,,,,,,,,,,
2023/06/29,6:16 PM.,STL,HOU,away,Partly Cloudy.,85,425794,C,6,0,3,2,0,0,1,0,0,1,4,.275,.287,.500,.787,425794,adamwainwright,Wainwright,Right,Adam Wainwright,STL,7.4,7.35,101.0,99.0,103.0,97.0,0.88,4.9,3.65,13.46,1.78,1.07,0.186,0.439,0.129,0.339,0.425,66.0,84.0,80.0,80.0,94.0,84.0,83.0,78.0,71.0,,,,0.099,0.003,0.002,0.05,-1.48,-13.9,6.39,-3.6,85.7,81.4,75.6,65.7,,,,0.326,0.512,0.11699999999999999,0.291,0.475,0.153,0.389,0.611,0.1,129.0,102.0,110.0,0.306,-1.5,71.5,87.0,99.0,89.0,0.314,-3.36,86.9,0.394,0.746,0.09300000000000001,,,,,,,,,,107.0,99.0,95.0,0.226,-0.27,82.9,0.344,0.473,0.152,,,,,,
2023/06/28,6:47 PM.,STL,HOU,away,Partly Cloudy.,91,571945,DH,5,0,0,0,0,0,0,0,0,2,3,.265,.278,.485,.763,571945,milesmikolas,Mikolas,Right,Miles Mikolas,STL,4.78,5.44,201.1,108.0,88.0,101.0,0.852,6.12,1.74,10.1,1.16,0.99,0.251,0.375,0.128,0.349,0.475,58.0,96.0,93.0,74.0,112.0,99.0,108.0,107.0,108.0,,,,0.26,0.243,0.002,0.054,-0.19,0.62,-0.89,2.68,93.3,84.4,86.4,68.1,0.245,0.375,0.22399999999999998,0.29,0.495,0.18899999999999997,0.261,0.387,0.198,0.182,0.382,0.085,95.0,105.0,102.0,0.198,-0.92,75.9,86.0,108.0,99.0,0.243,-1.61,92.7,0.34,0.54,0.085,,,,,,,,,,,,,,,,,,,,,,,,
2023/06/27,6:47 PM.,STL,HOU,away,Partly Cloudy.,87,656756,C,4,0,1,0,0,0,0,0,0,0,1,.275,.288,.504,.792,656756,jordanmontgomery,Montgomery,Left,Jordan Montgomery,- - -,3.2,3.98,188.2,101.0,97.0,96.0,0.76,7.92,2.29,8.44,0.86,1.24,0.277,0.392,0.143,0.322,0.405,99.0,101.0,98.0,75.0,95.0,84.0,,,,,,,0.106,,,0.229,-0.68,,,0.2,93.4,83.5,,,,,,0.333,0.5,0.195,0.191,0.357,0.371,0.239,0.405,0.392,116.0,108.0,111.0,0.222,0.84,80.5,91.0,99.0,91.0,0.426,1.22,93.3,0.255,0.374,0.141,,,,,,,,,,101.0,102.0,87.0,0.016,-4.4,88.2,0.417,0.667,0.31,,,,,,
2023/06/24,4:15 PM.,LAD,HOU,away,Sunny.,76,676272,C,5,0,2,1,0,0,1,0,0,1,3,.276,.289,.512,.801,676272,bobbymiller,"Miller, Bo",Right,Bobby Miller,LAD,3.76,3.4,124.1,102.0,123.0,110.0,0.764,8.61,2.32,7.6,0.87,1.46,0.256,0.428,0.147,0.299,0.426,105.0,100.0,117.0,130.0,102.0,105.0,153.0,110.0,121.0,,,,0.289,0.174,,0.16,1.2,-1.0,,0.6,99.0,88.2,89.7,,0.5,0.75,0.25,0.258,0.367,0.20600000000000002,0.184,0.303,0.36,0.133,0.307,0.39899999999999997,115.0,100.0,110.0,0.185,1.25,80.6,107.0,99.0,100.0,0.192,1.75,98.8,0.258,0.382,0.17800000000000002,,,,,,,,,,,,,,,,,,,,,,,,
2023/06/23,7:10 PM.,LAD,HOU,away,Clear.,68,686218,DH,3,0,0,0,0,0,0,0,0,0,2,.270,.285,.508,.793,686218,emmetsheehan,Sheehan,Right,Emmet Sheehan,LAD,4.92,3.5,60.1,95.0,101.0,97.0,0.732,9.55,3.88,6.86,1.64,0.62,0.21,0.433,0.121,0.287,0.395,74.0,99.0,100.0,104.0,96.0,95.0,112.0,98.0,103.0,,,,0.6,0.228,,0.172,0.04,1.57,,0.51,95.4,82.9,85.8,,0.091,0.182,0.41200000000000003,0.24,0.504,0.20199999999999999,,,,0.178,0.333,0.47600000000000003,,,,,,,,,,,,,,,,,,,,,,,,,,,,,,,,,,,,,,,
2023/06/21,1:11 PM.,NYM,HOU,home,Roof Closed.,73,656731,DH,5,1,1,0,0,1,2,0,0,2,3,.277,.291,.521,.812,656731,tylormegill,Megill,Right,Tylor Megill,NYM,4.7,5.85,126.1,97.0,90.0,95.0,0.789,7.48,4.13,10.04,1.28,1.25,0.275,0.345,0.123,0.32,0.414,88.0,97.0,98.0,86.0,95.0,89.0,96.0,103.0,106.0,,,,0.557,0.206,,0.149,-0.4,-1.04,,-0.09,94.9,87.9,84.4,,0.264,0.445,0.311,0.314,0.494,0.184,0.167,0.167,0.354,0.264,0.396,0.24100000000000002,101.0,91.0,96.0,0.086,-0.05,77.2,,,,,,,,,,116.0,83.0,118.0,0.002,5.58,86.1,,,,,,,,,,,,,,,,,,
2023/06/20,7:12 PM.,NYM,HOU,home,Roof Closed.,73,434378,DH,4,0,2,0,0,0,0,0,0,1,0,.281,.295,.509,.804,434378,justinverlander,Verlander,Right,Justin Verlander,- - -,3.22,3.63,162.1,104.0,106.0,105.0,0.8,7.98,2.49,7.71,1.0,0.79,0.232,0.438,0.168,0.307,0.433,102.0,107.0,113.0,97.0,100.0,100.0,127.0,112.0,111.0,,,,0.5,0.253,,0.047,0.89,0.97,,-0.23,94.3,85.2,86.9,,0.201,0.325,0.292,0.235,0.417,0.18100000000000002,0.241,0.328,0.244,0.214,0.286,0.28600000000000003,105.0,103.0,106.0,0.2,0.43,78.2,,,,,,,,,,,,,,,,,,,,,,,,,,,,,,,,,
2023/06/19,7:11 PM.,NYM,HOU,home,Roof Closed.,73,453286,DH,4,1,1,0,0,1,1,0,0,1,1,.273,.288,.509,.797,453286,maxscherzer,Scherzer,Right,Max Scherzer,- - -,3.77,3.28,152.2,103.0,101.0,103.0,0.737,10.26,2.65,7.43,1.65,0.68,0.239,0.412,0.183,0.319,0.434,94.0,106.0,106.0,104.0,101.0,101.0,106.0,108.0,108.0,,,,0.463,0.168,,0.141,0.72,-0.21,,0.03,93.7,83.8,84.0,,0.25,0.545,0.364,0.255,0.458,0.23800000000000002,0.187,0.373,0.326,0.207,0.283,0.275,96.0,101.0,104.0,0.124,0.51,75.4,,,,,,,,,,,,,,,,,,,98.0,108.0,99.0,0.104,2.12,88.4,0.135,0.243,0.33299999999999996,,,,,,
2023/06/18,1:10 PM.,CIN,HOU,home,Roof Closed.,73,596133,C,5,0,3,1,0,0,1,0,0,0,1,.274,.289,.491,.780,596133,lukeweaver,Weaver,Right,Luke Weaver,- - -,6.4,5.55,123.2,102.0,95.0,100.0,0.805,7.93,2.91,11.28,2.11,0.91,0.261,0.395,0.134,0.378,0.433,83.0,103.0,100.0,88.0,102.0,96.0,112.0,101.0,104.0,,,,0.435,0.137,0.118,0.2,-1.47,-2.22,-1.56,-2.01,94.0,86.1,85.8,81.7,0.235,0.294,0.321,0.311,0.543,0.175,0.255,0.691,0.16699999999999998,0.316,0.547,0.32299999999999995,,,,,,,,,,,,,,,,,,,,,,,,,99.0,103.0,102.0,0.11,0.87,90.3,0.218,0.473,0.252,,,,,,
2023/06/17,3:10 PM.,CIN,HOU,home,Roof Closed.,73,668881,C,4,1,1,0,0,1,1,0,0,0,1,.257,.275,.475,.750,668881,huntergreene,"Greene, H",Right,Hunter Greene,CIN,4.82,3.82,112.0,103.0,124.0,107.0,0.725,12.21,3.86,8.92,1.53,0.74,0.241,0.407,0.128,0.345,0.42,69.0,88.0,90.0,127.0,103.0,105.0,126.0,104.0,112.0,,,,0.544,0.404,,0.053,-0.95,0.16,,-2.39,98.3,91.1,87.3,,0.229,0.416,0.392,0.265,0.518,0.252,,,,0.304,0.478,0.242,,,,,,,,,,,,,,,,,,,,,,,,,,,,,,,,,,,,,,,
2023/06/16,7:11 PM.,CIN,HOU,home,Roof Closed.,73,671096,DH,4,0,0,0,0,0,0,0,0,1,4,.258,.276,.454,.730,671096,andrewabbott,"Abbott, A",Left,Andrew Abbott,CIN,3.87,3.93,109.1,101.0,87.0,97.0,0.765,9.88,3.62,8.23,1.32,0.55,0.255,0.381,0.133,0.347,0.404,72.0,96.0,91.0,81.0,99.0,91.0,106.0,107.0,113.0,,,,0.501,0.165,,0.163,-0.02,1.61,,0.99,92.7,86.6,82.9,,0.174,0.304,0.29,0.249,0.459,0.198,0.367,0.65,0.26,0.203,0.27,0.39399999999999996,99.0,103.0,103.0,0.171,-2.27,80.9,,,,,,,,,,,,,,,,,,,,,,,,,,,,,,,,,
2023/06/15,7:10 PM.,WSH,HOU,home,Roof Closed.,73,669022,DH,1,0,1,0,0,0,1,0,0,0,0,.269,.287,.473,.760,669022,mackenziegore,Gore,Left,MacKenzie Gore,WSN,4.42,5.2,136.1,97.0,100.0,101.0,0.749,9.97,3.76,8.85,1.78,0.97,0.26,0.391,0.158,0.354,0.409,69.0,88.0,90.0,112.0,98.0,100.0,101.0,97.0,102.0,,,,0.595,0.188,,0.029,-0.27,0.77,,1.1,95.0,86.5,88.5,,0.213,0.415,0.375,0.279,0.503,0.21600000000000003,0.257,0.416,0.379,0.188,0.25,0.382,72.0,99.0,104.0,0.188,-0.85,83.2,,,,,,,,,,,,,,,,,,,,,,,,,,,,,,,,,
2023/06/14,7:11 PM.,WSH,HOU,home,Roof Closed.,73,680686,DH,4,1,1,0,0,1,1,0,0,1,3,.261,.280,.467,.747,680686,josiahgray,"Gray, Js",Right,Josiah Gray,WSN,3.91,5.03,159.0,95.0,88.0,91.0,0.762,8.09,4.53,8.6,1.25,0.92,0.253,0.453,0.21,0.313,0.389,44.0,96.0,90.0,82.0,91.0,83.0,84.0,92.0,96.0,,,,0.166,0.299,,0.016,-1.21,-0.07,,0.6,93.5,88.6,85.1,,0.163,0.233,0.429,0.291,0.557,0.20199999999999999,0.221,0.358,0.349,0.286,0.357,0.1,96.0,95.0,97.0,0.161,0.24,82.2,93.0,101.0,90.0,0.176,0.15,93.1,0.313,0.385,0.138,,,,,,,,,,95.0,95.0,83.0,0.181,-0.09,88.8,0.243,0.461,0.205,,,,,,
2023/06/13,7:10 PM.,WSH,HOU,home,Roof Closed.,73,571578,DH,4,0,0,0,0,0,0,0,0,1,6,.261,.281,.443,.724,571578,patrickcorbin,Corbin,Left,Patrick Corbin,WSN,5.2,6.16,180.0,101.0,81.0,95.0,0.797,6.2,2.85,10.5,1.65,1.3,0.24,0.392,0.127,0.344,0.411,66.0,101.0,96.0,65.0,103.0,88.0,84.0,99.0,100.0,,,,0.169,0.35,,0.064,-0.69,-0.51,,-2.07,91.8,81.2,80.5,,0.233,0.461,0.397,0.327,0.541,0.121,,,,0.29,0.645,0.4,,,,,,,86.0,102.0,93.0,0.417,-0.89,92.1,0.32,0.463,0.07400000000000001,,,,,,,,,,,,,,,,,,,,,,,,
2023/06/11,12:40 PM.,CLE,HOU,away,Partly Cloudy.,78,669456,1B,4,0,1,1,0,0,0,0,0,1,0,.274,.293,.464,.757,669456,shanebieber,Bieber,Right,Shane Bieber,CLE,3.8,4.83,128.0,101.0,100.0,99.0,0.77,7.52,2.39,8.72,0.98,1.56,0.238,0.395,0.147,0.328,0.42,59.0,93.0,85.0,81.0,103.0,96.0,111.0,107.0,109.0,155.0,104.0,109.0,0.352,0.207,0.137,0.035,0.87,0.84,-1.29,-4.04,91.3,87.2,84.6,82.5,0.18,0.331,0.326,0.257,0.434,0.09300000000000001,0.237,0.368,0.32299999999999995,0.5,0.571,0.083,,,,,,,,,,,,,,,,,,,,,,,,,95.0,94.0,93.0,0.269,0.43,86.5,0.316,0.465,0.293,,,,,,
2023/06/09,7:10 PM.,CLE,HOU,away,Clear.,70,671106,DH,3,0,1,0,0,0,1,0,1,1,2,.275,.295,.463,.758,671106,loganallen,"Allen, L.T.",Left,Logan Allen,CLE,3.81,4.42,125.1,102.0,86.0,100.0,0.773,8.55,3.45,9.12,1.15,1.17,0.247,0.432,0.155,0.337,0.414,60.0,104.0,105.0,82.0,101.0,95.0,108.0,98.0,101.0,,,,0.451,0.247,,0.213,-0.12,-0.74,,1.49,91.4,82.7,79.3,,0.3,0.3,0.368,0.257,0.482,0.177,,,,0.191,0.223,0.33,,,,,,,,,,,,,,,,,,,,,,,,,110.0,97.0,98.0,0.089,-2.1,86.3,0.462,0.692,0.17,,,,,,
2023/06/07,7:08 PM.,TOR,HOU,away,Roof Closed.,68,605135,C,3,0,0,0,0,0,0,0,0,0,1,.273,.289,.468,.757,605135,chrisbassitt,Bassitt,Right,Chris Bassitt,TOR,3.6,4.04,200.0,100.0,92.0,99.0,0.8,8.37,2.66,7.92,1.26,1.12,0.271,0.381,0.165,0.285,0.459,72.0,93.0,91.0,74.0,106.0,98.0,106.0,93.0,102.0,,,,0.093,0.136,,0.065,-3.9,-0.72,,1.71,92.4,84.1,75.6,,0.227,0.636,0.191,0.333,0.652,0.20600000000000002,0.192,0.295,0.318,0.189,0.351,0.10099999999999999,93.0,92.0,100.0,0.126,0.67,70.7,92.0,104.0,98.0,0.393,2.11,91.9,0.22,0.336,0.14400000000000002,78.0,84.0,84.0,0.033,-3.07,82.6,0.375,0.563,0.226,95.0,105.0,102.0,0.153,-1.13,87.8,0.274,0.496,0.253,,,,,,
2023/06/05,7:08 PM.,TOR,HOU,away,Overcast.,68,666201,C,5,1,4,2,0,0,0,0,0,1,0,.284,.300,.486,.786,666201,alekmanoah,Manoah,Right,Alek Manoah,TOR,5.87,6.12,87.1,95.0,89.0,93.0,0.804,8.14,6.08,9.58,1.55,0.92,0.231,0.407,0.134,0.369,0.388,69.0,98.0,89.0,91.0,95.0,92.0,94.0,93.0,96.0,,,,0.29,0.3,,0.128,-2.16,-1.17,,-1.01,92.8,86.3,80.8,,0.239,0.432,0.28600000000000003,0.316,0.592,0.244,,,,0.273,0.432,0.2,,,,,,,92.0,96.0,91.0,0.282,0.68,92.6,0.25,0.379,0.129,,,,,,,,,,,,,,,,,,,,,,,,
2023/06/04,1:11 PM.,LAA,HOU,home,Roof Closed.,73,656288,1B,4,1,2,1,0,1,1,0,0,0,3,.246,.267,.435,.702,656288,griffincanning,Canning,Right,Griffin Canning,LAA,4.32,4.01,127.0,102.0,96.0,101.0,0.734,9.85,2.55,8.57,1.56,1.1,0.239,0.41,0.129,0.382,0.442,89.0,101.0,101.0,78.0,101.0,93.0,124.0,105.0,110.0,,,,0.348,0.299,,0.213,-0.21,0.1,,1.6,94.7,90.2,88.4,,0.261,0.344,0.34,0.235,0.5,0.28300000000000003,0.271,0.667,0.252,0.213,0.339,0.248,91.0,98.0,103.0,0.134,-0.53,81.8,81.0,95.0,86.0,0.006,-8.61,95.0,0.333,1.333,0.0,,,,,,,,,,,,,,,,,,,,,,,,
2023/06/01,7:10 PM.,LAA,HOU,home,Roof Closed.,73,672282,C,3,1,1,0,0,0,1,0,0,0,0,.231,.254,.369,.623,672282,reiddetmers,Detmers,Left,Reid Detmers,LAA,4.48,4.55,148.2,99.0,101.0,99.0,0.749,10.17,3.63,8.54,1.15,0.91,0.223,0.444,0.139,0.362,0.438,92.0,101.0,97.0,87.0,101.0,95.0,124.0,100.0,102.0,,,,0.432,0.319,,0.054,-0.38,0.91,,-2.03,94.3,84.8,88.7,,0.0,0.0,0.267,0.291,0.505,0.212,0.191,0.326,0.28600000000000003,0.242,0.424,0.24600000000000002,93.0,94.0,105.0,0.194,0.14,74.7,,,,,,,,,,,,,,,,,,,,,,,,,,,,,,,,,
2023/05/31,7:10 PM.,MIN,HOU,home,Roof Closed.,73,686973,C,2,1,1,0,0,1,1,0,0,0,1,.226,.250,.371,.621,686973,louievarland,Varland,Right,Louie Varland,MIN,4.63,4.58,68.0,106.0,99.0,105.0,0.767,9.4,2.25,8.74,2.12,1.12,0.263,0.376,0.082,0.381,0.467,86.0,91.0,95.0,107.0,111.0,110.0,107.0,107.0,107.0,,,,0.427,0.132,,0.113,-0.42,-2.34,,-1.07,95.3,85.9,83.9,,0.22,0.512,0.263,0.267,0.533,0.237,,,,0.267,0.6,0.264,,,,,,,104.0,93.0,94.0,0.009,6.39,95.7,,,,,,,,,,,,,89.0,105.0,102.0,0.319,0.85,89.3,0.25,0.405,0.285,,,,,,
2023/05/29,3:10 PM.,MIN,HOU,home,Roof Closed.,73,543243,C,1,0,0,0,0,0,0,0,0,1,1,.217,.242,.317,.559,543243,sonnygray,"Gray, So",Right,Sonny Gray,MIN,2.79,3.66,184.0,101.0,103.0,104.0,0.759,8.95,2.69,7.63,0.39,1.55,0.255,0.424,0.143,0.3,0.422,84.0,95.0,89.0,105.0,99.0,100.0,122.0,108.0,121.0,,,,0.271,0.205,0.001,0.067,0.61,3.25,-0.41,-0.63,92.9,87.9,84.3,72.9,0.096,0.117,0.413,0.301,0.422,0.16399999999999998,0.257,0.371,0.282,0.27,0.405,0.174,91.0,98.0,101.0,0.168,0.87,79.6,82.0,99.0,94.0,0.157,-0.46,92.8,0.275,0.413,0.177,,,,,,,,,,118.0,102.0,102.0,0.131,1.3,87.6,0.265,0.368,0.278,,,,,,
2023/05/28,1:08 PM.,OAK,HOU,away,Overcast.,59,686610,C,4,1,1,0,0,0,0,0,0,1,3,.220,.246,.322,.568,686610,kenwaldichuk,Waldichuk,Left,Ken Waldichuk,OAK,5.36,4.67,141.0,95.0,91.0,93.0,0.767,8.43,4.53,9.51,1.53,0.99,0.223,0.401,0.155,0.31,0.414,92.0,90.0,88.0,89.0,95.0,92.0,96.0,99.0,100.0,,,,0.543,0.271,,0.166,-0.52,-0.79,,-1.4,93.3,84.2,81.1,,0.218,0.423,0.32799999999999996,0.275,0.493,0.17800000000000002,0.333,0.833,0.0,0.34,0.515,0.374,93.0,77.0,85.0,0.02,-3.62,74.5,,,,,,,,,,,,,,,,,,,,,,,,,,,,,,,,,
2023/05/23,6:40 PM.,MIL,HOU,away,Clear.,73,607067,C,4,0,0,0,0,0,0,0,0,0,3,.218,.246,.327,.573,607067,colinrea,Rea,Right,Colin Rea,MIL,4.55,4.42,124.2,104.0,89.0,99.0,0.786,7.94,2.74,7.94,1.66,1.16,0.216,0.436,0.123,0.359,0.419,,,,82.0,111.0,99.0,97.0,109.0,109.0,,,,0.193,0.109,,,2.43,-0.31,,,93.2,,83.1,,0.226,0.377,0.36200000000000004,0.135,0.27,0.264,0.242,0.455,0.231,,,,101.0,105.0,105.0,0.079,-0.94,78.8,96.0,105.0,99.0,0.299,0.31,92.6,0.253,0.42,0.136,62.0,96.0,91.0,0.056,-5.76,86.0,0.44,0.84,0.184,87.0,99.0,95.0,0.265,-0.01,86.7,0.245,0.519,0.293,,,,,,
2023/05/22,6:41 PM.,MIL,HOU,away,Partly Cloudy.,69,669203,DH,1,0,0,0,0,0,0,0,0,0,1,.235,.263,.353,.616,669203,corbinburnes,Burnes,Right,Corbin Burnes,MIL,3.39,3.38,193.2,102.0,127.0,107.0,0.736,9.29,3.07,6.55,1.02,1.3,0.21,0.459,0.19,0.29,0.38,82.0,105.0,112.0,,,,144.0,110.0,127.0,,,,,0.085,,0.112,,1.12,,1.07,,89.3,86.0,,0.159,0.275,0.43799999999999994,,,,0.133,0.211,0.488,0.204,0.258,0.306,160.0,104.0,113.0,0.171,1.35,79.8,103.0,97.0,90.0,0.077,-2.42,95.3,0.291,0.564,0.129,,,,,,,,,,127.0,101.0,103.0,0.554,1.51,94.4,0.209,0.34,0.22699999999999998,,,,,,
2023/05/17,7:10 PM.,CHC,HOU,home,Roof Closed.,73,592767,C,4,1,2,0,0,0,0,0,0,0,0,.240,.268,.360,.628,592767,drewsmyly,Smyly,Left,Drew Smyly,CHC,5.0,4.13,142.1,98.0,92.0,95.0,0.755,8.92,3.54,9.3,1.64,0.79,0.229,0.428,0.182,0.31,0.382,,,,,,,,,,105.0,102.0,103.0,,,0.494,,,,-0.09,,,,,78.6,,,,,,,0.229,0.399,0.36,,,,,,,,,,77.0,94.0,88.0,0.389,-1.32,91.9,0.314,0.6,0.17300000000000001,,,,,,,,,,86.0,94.0,82.0,0.117,-0.51,88.6,0.293,0.463,0.21600000000000003,,,,,,
2023/05/14,1:10 PM.,CWS,HOU,away,Overcast.,58,608337,DH,4,1,1,0,0,1,1,0,0,0,1,.217,.250,.348,.598,608337,lucasgiolito,Giolito,Right,Lucas Giolito,- - -,4.88,4.61,184.1,101.0,95.0,101.0,0.737,9.96,3.56,8.25,2.0,0.79,0.262,0.426,0.183,0.343,0.413,99.0,100.0,107.0,84.0,100.0,95.0,107.0,105.0,104.0,,,,0.419,0.282,,0.283,-0.85,-0.25,,-0.2,93.1,80.9,84.0,,0.236,0.438,0.345,0.262,0.546,0.2,0.5,0.5,0.2,0.209,0.442,0.35200000000000004,81.0,76.0,78.0,0.015,-3.72,77.9,,,,,,,,,,,,,,,,,,,,,,,,,,,,,,,,,
2023/05/13,6:16 PM.,CWS,HOU,away,Cloudy.,59,656302,PH,1,0,0,0,0,0,0,0,0,0,1,.214,.250,.286,.536,656302,dylancease,Cease,Right,Dylan Cease,CHW,4.58,4.13,177.0,97.0,115.0,104.0,0.705,10.88,4.02,8.75,0.97,0.92,0.243,0.432,0.173,0.341,0.376,60.0,90.0,78.0,125.0,95.0,103.0,120.0,101.0,108.0,83.0,94.0,99.0,0.432,0.386,0.152,0.03,-0.15,0.4,-1.83,1.0,95.6,74.6,86.3,80.2,0.216,0.339,0.433,0.273,0.436,0.205,0.298,0.538,0.249,0.111,0.111,0.5379999999999999,,,,,,,,,,,,,,,,,,,,,,,,,,,,,,,,,,,,,,,
2023/05/10,1:08 PM.,LAA,HOU,away,Partly Cloudy.,69,656288,1B,3,0,1,0,0,0,1,0,0,2,0,.220,.255,.293,.548,656288,griffincanning,Canning,Right,Griffin Canning,LAA,4.32,4.01,127.0,102.0,96.0,101.0,0.734,9.85,2.55,8.57,1.56,1.1,0.239,0.41,0.129,0.382,0.442,89.0,101.0,101.0,78.0,101.0,93.0,124.0,105.0,110.0,,,,0.348,0.299,,0.213,-0.21,0.1,,1.6,94.7,90.2,88.4,,0.261,0.344,0.34,0.235,0.5,0.28300000000000003,0.271,0.667,0.252,0.213,0.339,0.248,91.0,98.0,103.0,0.134,-0.53,81.8,81.0,95.0,86.0,0.006,-8.61,95.0,0.333,1.333,0.0,,,,,,,,,,,,,,,,,,,,,,,,
2023/05/08,6:39 PM.,LAA,HOU,away,Clear.,69,663776,C,3,0,0,0,0,0,0,0,0,2,1,.211,.256,.289,.545,663776,patricksandoval,Sandoval,Left,Patrick Sandoval,LAA,4.11,4.7,144.2,97.0,92.0,97.0,0.741,7.96,4.6,9.02,0.75,1.55,0.196,0.427,0.166,0.297,0.414,99.0,98.0,100.0,63.0,94.0,89.0,123.0,100.0,107.0,,,,0.256,0.285,,0.258,-1.22,0.02,,0.3,93.0,83.0,86.5,,0.2,0.5,0.306,0.336,0.507,0.156,0.286,0.286,0.237,0.184,0.33,0.43200000000000005,99.0,96.0,101.0,0.09,0.27,76.5,69.0,97.0,86.0,0.111,0.36,93.2,0.269,0.327,0.129,,,,,,,,,,,,,,,,,,,,,,,,
2023/05/06,6:40 PM.,SEA,HOU,away,Cloudy.,58,594835,C,4,0,0,0,0,0,0,0,0,0,5,.229,.275,.314,.589,594835,marcogonzales,"Gonzales, M",Left,Marco Gonzales,SEA,5.22,5.27,50.0,109.0,87.0,101.0,0.818,6.12,3.24,9.9,0.9,1.16,0.202,0.46,0.129,0.294,0.429,89.0,116.0,105.0,78.0,104.0,96.0,,,,,,,0.366,,,0.302,-1.28,,,1.36,89.0,79.9,,,,,,0.333,0.556,0.124,0.294,0.353,0.135,0.222,0.358,0.295,96.0,108.0,105.0,0.242,1.1,79.3,,,,0.002,6.42,88.8,,,,,,,,,,,,,92.0,104.0,90.0,0.088,-2.98,85.9,0.389,0.667,0.17600000000000002,,,,,,
2023/05/02,7:10 PM.,SF,HOU,home,Cloudy.,76,543101,C,3,0,2,1,0,0,0,0,0,0,0,.258,.306,.355,.661,543101,anthonydesclafani,DeSclafani,Right,Anthony DeSclafani,SFG,4.88,5.16,99.2,99.0,94.0,97.0,0.818,7.13,1.81,9.48,1.35,1.22,0.257,0.387,0.162,0.365,0.417,75.0,92.0,86.0,86.0,88.0,84.0,101.0,97.0,101.0,106.0,109.0,109.0,0.126,0.448,0.05,0.098,-1.8,0.88,-0.59,-1.71,93.1,86.4,87.4,82.2,0.257,0.429,0.26899999999999996,0.306,0.528,0.132,0.16,0.28,0.278,0.344,0.5,0.15,,,,,,,90.0,106.0,99.0,0.277,-0.66,93.1,0.283,0.5,0.11199999999999999,,,,,,,,,,,,,,,,,,,,,,,,
2023/04/26,6:41 PM.,TB,HOU,away,Dome.,72,676534,C,2,0,1,0,0,0,0,0,1,0,0,.214,.273,.286,.559,676534,calvinfaucher,Faucher,Right,Calvin Faucher,TBR,7.01,6.61,25.2,102.0,113.0,104.0,0.777,8.77,4.21,10.87,1.4,1.64,0.268,0.366,0.159,0.329,0.444,,,,,,,132.0,104.0,108.0,,,,,0.296,,,,0.16,,,,,87.2,,0.267,0.4,0.26,,,,0.333,0.333,0.294,,,,90.0,101.0,105.0,0.101,-2.81,84.6,93.0,97.0,98.0,0.288,-2.24,95.0,0.364,0.864,0.182,,,,,,,,,,109.0,102.0,100.0,0.315,-0.08,91.1,0.258,0.29,0.213,,,,,,
2023/04/24,6:40 PM.,TB,HOU,away,Dome.,72,671737,DH,4,0,0,0,0,0,0,0,0,2,0,.192,.233,.269,.502,671737,tajbradley,"Bradley, T",Right,Taj Bradley,TBR,5.59,4.45,104.2,101.0,110.0,105.0,0.775,11.09,3.35,9.11,1.98,0.88,0.268,0.405,0.158,0.392,0.449,,,,131.0,101.0,109.0,,,,,,,0.449,,,,-0.8,,,,96.1,,,,,,,0.277,0.559,0.191,0.169,0.338,0.22399999999999998,,,,88.0,107.0,111.0,0.167,0.04,79.0,,,,0.001,0.0,97.8,,,,,,,0.136,0.62,89.3,0.19,0.333,0.41,106.0,99.0,99.0,0.248,-1.32,88.9,0.312,0.581,0.295,,,,,,
2023/04/21,7:20 PM.,ATL,HOU,away,Overcast.,75,693821,C,4,1,1,1,0,0,0,0,0,0,2,.227,.269,.318,.587,693821,bryceelder,Elder,Right,Bryce Elder,ATL,3.81,4.61,174.2,99.0,80.0,95.0,0.785,6.6,3.25,8.24,0.98,1.68,0.218,0.462,0.113,0.357,0.382,64.0,95.0,91.0,62.0,100.0,86.0,92.0,103.0,107.0,,,,0.134,0.353,,0.137,-1.13,0.97,,1.3,90.7,85.0,82.7,,0.21,0.393,0.337,0.286,0.495,0.19399999999999998,,,,0.188,0.235,0.23600000000000002,,,,,,,82.0,96.0,90.0,0.376,0.01,89.5,0.28,0.402,0.134,,,,,,,,,,,,,,,,,,,,,,,,
2023/04/15,6:09 PM.,TEX,HOU,home,Roof Closed.,73,592351,C,3,1,1,0,0,0,1,0,0,0,2,.222,.273,.278,.551,592351,jongray,"Gray, Jn",Right,Jon Gray,TEX,4.12,4.48,157.1,101.0,97.0,100.0,0.758,8.12,3.09,8.52,1.26,1.1,0.288,0.348,0.157,0.324,0.437,77.0,96.0,97.0,82.0,100.0,92.0,116.0,103.0,109.0,,,,0.424,0.398,,0.116,-1.83,2.33,,1.71,95.7,88.8,87.2,,0.105,0.211,0.324,0.346,0.551,0.179,0.263,0.737,0.27,0.211,0.268,0.213,99.0,90.0,98.0,0.062,-1.69,78.2,,,,,,,,,,,,,,,,,,,,,,,,,,,,,,,,,
2023/04/12,12:35 PM.,PIT,HOU,away,Sunny.,77,448179,C,3,1,1,0,0,0,1,0,0,0,1,.200,.278,.267,.545,448179,richhill,Hill,Left,Rich Hill,- - -,5.41,5.66,146.1,97.0,94.0,97.0,0.832,7.93,3.57,10.15,1.41,1.01,0.196,0.459,0.14,0.336,0.448,80.0,81.0,80.0,77.0,102.0,94.0,90.0,92.0,97.0,,,,0.342,0.088,0.008,0.023,-0.32,-2.52,-3.65,-0.06,88.4,83.0,71.1,67.1,0.5,0.929,0.125,0.249,0.454,0.218,0.283,0.47,0.174,0.263,0.421,0.037000000000000005,116.0,94.0,103.0,0.354,-1.16,72.0,98.0,101.0,98.0,0.04,2.5,86.1,0.105,0.105,0.226,,,,,,,,,,85.0,97.0,93.0,0.147,-1.27,83.3,0.39,0.701,0.19899999999999998,,,,,,
2023/04/09,1:13 PM.,MIN,HOU,away,Partly Cloudy.,62,641816,C,4,0,2,1,0,0,0,0,0,1,2,.167,.286,.250,.536,641816,tylermahle,Mahle,Right,Tyler Mahle,MIN,3.16,3.23,25.2,106.0,111.0,105.0,0.774,9.82,1.75,7.71,1.75,0.84,0.232,0.348,0.203,0.246,0.359,,,,122.0,104.0,105.0,104.0,101.0,102.0,,,,0.518,0.264,,,1.08,-0.02,,,92.6,,83.8,,0.219,0.313,0.255,0.25,0.455,0.179,,,,,,,,,,,,,,,,,,,,,,100.0,116.0,112.0,0.197,-1.89,84.9,0.211,0.579,0.37200000000000005,44.0,122.0,104.0,0.021,12.66,84.7,,,,,,,,,
2023/04/08,1:12 PM.,MIN,HOU,away,Sunny.,56,657746,PH,1,0,0,0,0,0,0,0,0,1,2,.000,.200,.000,.200,657746,joeryan,Ryan,Right,Joe Ryan,MIN,4.51,3.53,161.2,107.0,99.0,105.0,0.749,10.97,1.89,8.63,1.78,0.63,0.232,0.423,0.147,0.326,0.455,,,,102.0,112.0,108.0,102.0,88.0,94.0,,,,0.569,0.159,,,0.89,-2.12,,,92.3,,80.3,,0.32,0.56,0.24100000000000002,0.24,0.457,0.287,,,,,,,,,,,,,,,,,,,,,,91.0,104.0,102.0,0.272,-0.3,83.9,0.242,0.415,0.213,,,,,,,,,,,,,,,
2023/04/03,7:11 PM.,DET,HOU,home,Clear.,73,571510,C,1,1,0,0,0,0,0,0,0,1,1,.000,.222,.000,.222,571510,matthewboyd,Boyd,Left,Matthew Boyd,DET,5.45,4.24,71.0,98.0,86.0,96.0,0.717,9.25,3.17,8.75,1.39,0.9,0.222,0.394,0.153,0.32,0.379,87.0,97.0,101.0,81.0,102.0,94.0,95.0,95.0,96.0,,,,0.386,0.284,,0.186,-0.64,0.57,,0.56,91.4,80.2,79.6,,0.203,0.338,0.305,0.281,0.509,0.295,0.4,1.0,0.182,0.245,0.367,0.389,90.0,87.0,92.0,0.074,-2.52,73.8,76.0,100.0,90.0,0.07,2.52,90.8,0.207,0.207,0.244,,,,,,,,,,,,,,,,,,,,,,,,
2023/04/01,1:10 PM.,CWS,HOU,home,Roof Closed.,73,608337,C,2,1,0,0,0,0,0,0,1,0,2,.000,.250,.000,.250,608337,lucasgiolito,Giolito,Right,Lucas Giolito,- - -,4.88,4.61,184.1,101.0,95.0,101.0,0.737,9.96,3.56,8.25,2.0,0.79,0.262,0.426,0.183,0.343,0.413,99.0,100.0,107.0,84.0,100.0,95.0,107.0,105.0,104.0,,,,0.419,0.282,,0.283,-0.85,-0.25,,-0.2,93.1,80.9,84.0,,0.236,0.438,0.345,0.262,0.546,0.2,0.5,0.5,0.2,0.209,0.442,0.35200000000000004,81.0,76.0,78.0,0.015,-3.72,77.9,,,,,,,,,,,,,,,,,,,,,,,,,,,,,,,,,
2023/03/30,6:14 PM.,CWS,HOU,home,Roof Closed.,73,656302,DH,4,0,0,0,0,0,0,0,0,2,4,.000,.000,.000,.000,656302,dylancease,Cease,Right,Dylan Cease,CHW,4.58,4.13,177.0,97.0,115.0,104.0,0.705,10.88,4.02,8.75,0.97,0.92,0.243,0.432,0.173,0.341,0.376,60.0,90.0,78.0,125.0,95.0,103.0,120.0,101.0,108.0,83.0,94.0,99.0,0.432,0.386,0.152,0.03,-0.15,0.4,-1.83,1.0,95.6,74.6,86.3,80.2,0.216,0.339,0.433,0.273,0.436,0.205,0.298,0.538,0.249,0.111,0.111,0.5379999999999999,,,,,,,,,,,,,,,,,,,,,,,,,,,,,,,,,,,,,,,
2023/03/28,7:10 PM.,SUG,HOU,home,Partly Cloudy.,73,666215,1B,2,0,0,0,0,0,0,0,0,1,3,.286,.286,.714,1.000,666215,forrestwhitley,Whitley,Right,Forrest Whitley,,,,,,,,,,,,,,,,,,,,,,,,,,,,,,,,,,,,,,,,,,,,,,,,,,,,,,,,,,,,,,,,,,,,,,,,,,,,,,,,,,,,,,,,,,,,,
