date,gameId,event,eventType,isOut,batter_id,pitcher_id,batter_name,pitcher_name,rob,playID,id,fullName,boxscoreName,PitchingHand,PlayerName,Team,ERA,xERA,IP,Location+,Stuff+,Pitching+,Contact%,K/9,BB/9,H/9,HR/9,GB/FB,Oppo%,Pull%,Soft%,Hard%,Zone%,Stf+ CH,Loc+ CH,Pit+ CH,Stf+ FA,Loc+ FA,Pit+ FA,Stf+ SI,Loc+ SI,Pit+ SI,Stf+ SL,Loc+ SL,Pit+ SL,Stf+ FC,Loc+ FC,Pit+ FC,SI%,FA%,FC%,SL%,CH%,wFA/C,wFC/C,wSI/C,wSL/C,wCH/C,vFA,vFC,vCH,vSI,vSL,CH_ba,CH_slg,CH_whiff,FF_ba,FF_slg,FF_whiff,FC_ba,FC_slg,FC_whiff,SI_ba,SI_slg,SI_whiff,Stf+ KC,Loc+ KC,Pit+ KC,KC%,wKC/C,vKC,CU_ba,CU_slg,CU_whiff,SL_ba,SL_slg,SL_whiff,Stf+ CU,Loc+ CU,Pit+ CU,CU%,wCU/C,vCU,Stf+ FS,Loc+ FS,Pit+ FS,FS%,wFS/C,vFS,FS_ba,FS_slg,FS_whiff,ST_ba,ST_slg,ST_whiff,SV_ba,SV_slg,SV_whiff,FO%,wFO/C,vFO
2024-06-08,746223,Single,single,False,683021,605463,Michael Stefanic,Tayler Scott,0,d89c0425-08c8-43e1-b87b-fa5cebe9a734,605463.0,taylerscott,"Scott, Tay",Right,Tayler Scott,HOU,1.36,2.99,46.1,99.0,98.0,99.0,0.745,8.35,4.27,4.86,0.39,1.67,0.231,0.41,0.214,0.231,0.372,60.0,103.0,101.0,121.0,98.0,97.0,105.0,93.0,86.0,89.0,97.0,106.0,,,,0.073,0.433,,0.262,0.232,2.65,,-0.27,0.86,0.69,92.7,,85.5,92.6,84.0,0.143,0.214,0.329,0.089,0.107,0.287,,,,0.375,0.375,0.211,,,,,,,,,,0.212,0.288,0.276,,,,,,,,,,,,,,,,,,,,,,,,
2024-06-09,746216,Lineout,field_out,True,683021,434378,Michael Stefanic,Justin Verlander,0,4fa95474-25cc-47ac-b089-caa47a970dca,434378.0,justinverlander,Verlander,Right,Justin Verlander,HOU,3.95,3.85,57.0,102.0,120.0,104.0,0.806,8.05,2.68,8.21,1.74,0.44,0.299,0.335,0.222,0.275,0.455,112.0,93.0,96.0,122.0,100.0,104.0,,,,130.0,108.0,114.0,,,,,0.495,,0.19,0.09,0.16,,,-0.8,1.19,93.5,,84.2,,86.5,0.15,0.15,0.302,0.243,0.47,0.211,,,,,,,,,,,,,0.294,0.412,0.206,0.239,0.457,0.214,112.0,104.0,100.0,0.225,-0.77,77.7,,,,,,,,,,,,,,,,,,
2024-06-09,746216,Flyout,field_out,True,683021,434378,Michael Stefanic,Justin Verlander,0,ebfc718a-92a9-4b12-82aa-8106b0061c2c,434378.0,justinverlander,Verlander,Right,Justin Verlander,HOU,3.95,3.85,57.0,102.0,120.0,104.0,0.806,8.05,2.68,8.21,1.74,0.44,0.299,0.335,0.222,0.275,0.455,112.0,93.0,96.0,122.0,100.0,104.0,,,,130.0,108.0,114.0,,,,,0.495,,0.19,0.09,0.16,,,-0.8,1.19,93.5,,84.2,,86.5,0.15,0.15,0.302,0.243,0.47,0.211,,,,,,,,,,,,,0.294,0.412,0.206,0.239,0.457,0.214,112.0,104.0,100.0,0.225,-0.77,77.7,,,,,,,,,,,,,,,,,,
2024-06-09,746216,Groundout,field_out,True,683021,434378,Michael Stefanic,Justin Verlander,1,b3642b2e-e80c-4a66-bcd0-df31aca6c213,434378.0,justinverlander,Verlander,Right,Justin Verlander,HOU,3.95,3.85,57.0,102.0,120.0,104.0,0.806,8.05,2.68,8.21,1.74,0.44,0.299,0.335,0.222,0.275,0.455,112.0,93.0,96.0,122.0,100.0,104.0,,,,130.0,108.0,114.0,,,,,0.495,,0.19,0.09,0.16,,,-0.8,1.19,93.5,,84.2,,86.5,0.15,0.15,0.302,0.243,0.47,0.211,,,,,,,,,,,,,0.294,0.412,0.206,0.239,0.457,0.214,112.0,104.0,100.0,0.225,-0.77,77.7,,,,,,,,,,,,,,,,,,
2024-06-09,746216,Caught Stealing 2B,caught_stealing_2b,True,683021,606160,Michael Stefanic,Rafael Montero,0,728409f7-6535-4375-b42f-c109337b5083,606160.0,rafaelmontero,Montero,Right,Rafael Montero,HOU,4.84,5.5,35.1,101.0,101.0,97.0,0.826,5.86,4.08,8.41,2.04,1.21,0.255,0.409,0.155,0.345,0.351,90.0,111.0,101.0,105.0,98.0,98.0,95.0,100.0,94.0,122.0,89.0,92.0,,,,0.227,0.46,,0.079,0.235,-0.42,,3.22,-9.5,-0.86,95.4,,91.0,94.8,86.2,0.273,0.409,0.123,0.233,0.605,0.254,,,,0.154,0.179,0.103,,,,,,,,,,0.714,1.714,0.235,,,,,,,,,,,,,,,,,,,,,,,,
2024-06-09,746216,Lineout,field_out,True,683021,650556,Michael Stefanic,Bryan Abreu,0,6e3ff2f8-c735-48cb-90bb-3088a89e661d,650556.0,bryanabreu,"Abreu, B",Right,Bryan Abreu,HOU,3.04,3.54,47.1,96.0,125.0,101.0,0.708,12.93,4.75,7.42,1.14,1.1,0.321,0.358,0.132,0.33,0.411,101.0,76.0,78.0,125.0,95.0,97.0,,,,124.0,98.0,106.0,,,,,0.48,,0.513,0.007,-0.78,,,1.09,-4.48,96.6,,89.9,,86.0,,,,0.271,0.482,0.244,,,,,,,,,,,,,,,,0.18,0.236,0.402,,,,,,,,,,,,,,,,,,,,,,,,
2024-06-09,746216,Groundout,field_out,True,683021,519151,Michael Stefanic,Ryan Pressly,1,b8457f76-9e0f-46bf-8643-aa63d6cb231f,519151.0,ryanpressly,Pressly,Right,Ryan Pressly,HOU,3.58,3.41,37.2,102.0,124.0,110.0,0.744,10.04,2.63,8.84,0.48,1.45,0.229,0.4,0.133,0.314,0.454,110.0,101.0,101.0,99.0,103.0,104.0,75.0,95.0,91.0,152.0,100.0,113.0,,,,0.027,0.331,,0.292,0.091,0.65,,-2.9,-0.01,-2.11,93.9,,89.4,93.4,89.7,0.364,0.636,0.25,0.25,0.425,0.198,,,,,,,,,,,,,0.22,0.293,0.29,0.255,0.353,0.32,129.0,103.0,118.0,0.259,0.99,82.4,,,,,,,,,,,,,,,,,,
2024-06-11,747190,Flyout,field_out,True,683021,656756,Michael Stefanic,Jordan Montgomery,0,347cfd23-881c-4dd0-85e1-3df922ba7539,656756.0,jordanmontgomery,Montgomery,Left,Jordan Montgomery,ARI,6.44,5.16,65.2,98.0,94.0,95.0,0.768,6.17,3.15,11.92,1.1,1.29,0.157,0.454,0.114,0.354,0.395,97.0,96.0,90.0,69.0,99.0,90.0,90.0,96.0,93.0,102.0,90.0,85.0,,,,0.332,0.164,,0.022,0.19,-1.97,,-1.73,4.12,-2.03,91.9,,82.8,91.7,83.4,0.319,0.638,0.382,0.34,0.44,0.17,,,,0.371,0.567,0.135,,,,,,,0.268,0.437,0.315,0.0,0.0,0.7,108.0,102.0,105.0,0.292,-0.37,79.0,,,,,,,,,,,,,,,,,,
2024-06-11,747190,Single,single,False,683021,656756,Michael Stefanic,Jordan Montgomery,0,e45e1074-7141-4cb0-8ff5-556ff6bb92f6,656756.0,jordanmontgomery,Montgomery,Left,Jordan Montgomery,ARI,6.44,5.16,65.2,98.0,94.0,95.0,0.768,6.17,3.15,11.92,1.1,1.29,0.157,0.454,0.114,0.354,0.395,97.0,96.0,90.0,69.0,99.0,90.0,90.0,96.0,93.0,102.0,90.0,85.0,,,,0.332,0.164,,0.022,0.19,-1.97,,-1.73,4.12,-2.03,91.9,,82.8,91.7,83.4,0.319,0.638,0.382,0.34,0.44,0.17,,,,0.371,0.567,0.135,,,,,,,0.268,0.437,0.315,0.0,0.0,0.7,108.0,102.0,105.0,0.292,-0.37,79.0,,,,,,,,,,,,,,,,,,
2024-06-11,747190,Single,single,False,683021,656756,Michael Stefanic,Jordan Montgomery,0,57e96137-7693-4c4d-908a-fff739a511d3,656756.0,jordanmontgomery,Montgomery,Left,Jordan Montgomery,ARI,6.44,5.16,65.2,98.0,94.0,95.0,0.768,6.17,3.15,11.92,1.1,1.29,0.157,0.454,0.114,0.354,0.395,97.0,96.0,90.0,69.0,99.0,90.0,90.0,96.0,93.0,102.0,90.0,85.0,,,,0.332,0.164,,0.022,0.19,-1.97,,-1.73,4.12,-2.03,91.9,,82.8,91.7,83.4,0.319,0.638,0.382,0.34,0.44,0.17,,,,0.371,0.567,0.135,,,,,,,0.268,0.437,0.315,0.0,0.0,0.7,108.0,102.0,105.0,0.292,-0.37,79.0,,,,,,,,,,,,,,,,,,
2024-06-11,747190,Strikeout,strikeout,True,683021,679885,Michael Stefanic,Justin Martinez,0,98463c13-89aa-4bdd-97a4-cc875f7b4e57,679885.0,justinmartinez,"Martinez, Ju",Right,Justin Martinez,ARI,1.54,3.27,41.0,101.0,110.0,104.0,0.71,9.88,4.17,6.59,0.22,3.94,0.275,0.402,0.225,0.275,0.428,,,,78.0,94.0,95.0,115.0,101.0,103.0,118.0,100.0,108.0,,,,0.462,0.094,,0.218,,0.24,,1.03,2.47,,100.0,,,100.1,89.5,,,,0.231,0.231,0.306,,,,0.318,0.333,0.203,,,,,,,,,,0.091,0.227,0.492,,,,,,,103.0,108.0,108.0,0.226,1.83,89.8,0.091,0.114,0.486,,,,,,,,,
2024-06-11,747190,Lineout,field_out,True,683021,686826,Michael Stefanic,Bryce Jarvis,0,06b04e8d-6a03-4a0f-98da-6e2dc4ba552c,686826.0,brycejarvis,Jarvis,Right,Bryce Jarvis,ARI,3.52,5.19,53.2,96.0,99.0,94.0,0.803,5.53,4.86,8.05,1.01,1.16,0.263,0.407,0.084,0.383,0.448,86.0,91.0,95.0,86.0,99.0,91.0,87.0,94.0,90.0,124.0,94.0,102.0,113.0,100.0,91.0,0.132,0.344,0.133,0.242,0.141,1.29,-1.94,0.74,0.9,-1.82,95.6,89.6,85.1,95.2,86.4,0.176,0.353,0.326,0.234,0.313,0.147,0.364,0.773,0.224,0.28,0.52,0.132,,,,,,,,,,0.221,0.279,0.298,121.0,83.0,88.0,0.008,5.82,83.2,,,,,,,,,,,,,,,,,,
2024-06-13,747192,Walk,walk,False,683021,694297,Michael Stefanic,Brandon Pfaadt,0,5e396e5c-9a0f-4a0d-a323-0a1eecb49cfc,694297.0,brandonpfaadt,Pfaadt,Right,Brandon Pfaadt,ARI,3.97,3.39,113.1,106.0,106.0,106.0,0.779,8.26,2.06,8.34,1.11,1.1,0.238,0.428,0.145,0.298,0.457,95.0,99.0,94.0,92.0,104.0,101.0,90.0,106.0,105.0,141.0,111.0,118.0,,,,0.211,0.35,,0.286,0.102,1.3,,0.11,0.32,0.12,93.5,,87.6,93.3,84.5,0.289,0.316,0.3,0.246,0.388,0.201,,,,0.273,0.364,0.119,,,,,,,0.5,0.5,0.261,0.186,0.421,0.35,97.0,102.0,105.0,0.041,-1.37,80.1,,,,0.01,0.39,89.6,0.2,0.8,0.0,,,,,,,,,
2024-06-13,747192,Groundout,field_out,True,683021,694297,Michael Stefanic,Brandon Pfaadt,0,0f94d83c-3b0a-43e2-956e-b16b38ecc929,694297.0,brandonpfaadt,Pfaadt,Right,Brandon Pfaadt,ARI,3.97,3.39,113.1,106.0,106.0,106.0,0.779,8.26,2.06,8.34,1.11,1.1,0.238,0.428,0.145,0.298,0.457,95.0,99.0,94.0,92.0,104.0,101.0,90.0,106.0,105.0,141.0,111.0,118.0,,,,0.211,0.35,,0.286,0.102,1.3,,0.11,0.32,0.12,93.5,,87.6,93.3,84.5,0.289,0.316,0.3,0.246,0.388,0.201,,,,0.273,0.364,0.119,,,,,,,0.5,0.5,0.261,0.186,0.421,0.35,97.0,102.0,105.0,0.041,-1.37,80.1,,,,0.01,0.39,89.6,0.2,0.8,0.0,,,,,,,,,
2024-06-13,747192,Hit By Pitch,hit_by_pitch,False,683021,656464,Michael Stefanic,Kevin Ginkel,0,d7f8aab7-a9e6-4b19-8f53-8fdffbd50572,656464.0,kevinginkel,Ginkel,Right,Kevin Ginkel,ARI,2.55,3.36,42.1,104.0,105.0,105.0,0.768,9.14,1.49,8.5,0.64,1.27,0.262,0.402,0.115,0.352,0.407,,,,89.0,105.0,99.0,88.0,103.0,101.0,134.0,103.0,115.0,,,,0.108,0.523,,0.369,,0.98,,1.28,-0.37,,96.0,,,94.5,87.6,,,,0.235,0.346,0.184,,,,0.286,0.286,0.116,,,,,,,,,,0.246,0.41,0.392,,,,,,,,,,,,,,,,,,,,,,,,
2024-06-13,747192,Grounded Into DP,grounded_into_double_play,True,683021,623149,Michael Stefanic,Paul Sewald,1,c6e31f5f-79ab-46ce-a0f6-c270376a609a,623149.0,paulsewald,Sewald,Right,Paul Sewald,ARI,3.22,3.85,22.1,105.0,111.0,108.0,0.801,8.87,1.61,6.04,1.61,0.53,0.305,0.39,0.271,0.39,0.52,87.0,62.0,70.0,112.0,106.0,105.0,,,,110.0,103.0,114.0,,,,,0.64,,0.348,0.012,0.33,,,2.56,1.37,91.3,,84.2,,82.7,,,,0.208,0.415,0.207,,,,,,,,,,,,,,,,0.143,0.286,0.27,,,,,,,,,,,,,,,,,,,,,,,,
2024-06-14,745326,Single,single,False,683021,675921,Michael Stefanic,Spencer Howard,1,95b27922-8033-45d0-8039-04ce3c8e1eeb,675921.0,spencerhoward,Howard,Right,Spencer Howard,- - -,6.33,4.96,27.0,103.0,87.0,95.0,0.781,8.33,4.67,13.33,1.0,0.85,0.34,0.351,0.149,0.383,0.466,103.0,86.0,83.0,75.0,106.0,96.0,,,,102.0,105.0,101.0,,,,,0.513,,0.263,0.161,-1.44,,,-2.33,-1.96,93.9,,80.2,,85.4,0.222,0.389,0.323,0.349,0.508,0.201,,,,,,,,,,,,,0.333,0.333,0.0,0.394,0.606,0.338,76.0,106.0,97.0,0.063,-1.72,75.7,,,,,,,,,,,,,,,,,,
2024-06-14,745326,Walk,walk,False,683021,675921,Michael Stefanic,Spencer Howard,1,0b46d4b2-02c3-4b67-8814-c035fa812f50,675921.0,spencerhoward,Howard,Right,Spencer Howard,- - -,6.33,4.96,27.0,103.0,87.0,95.0,0.781,8.33,4.67,13.33,1.0,0.85,0.34,0.351,0.149,0.383,0.466,103.0,86.0,83.0,75.0,106.0,96.0,,,,102.0,105.0,101.0,,,,,0.513,,0.263,0.161,-1.44,,,-2.33,-1.96,93.9,,80.2,,85.4,0.222,0.389,0.323,0.349,0.508,0.201,,,,,,,,,,,,,0.333,0.333,0.0,0.394,0.606,0.338,76.0,106.0,97.0,0.063,-1.72,75.7,,,,,,,,,,,,,,,,,,
2024-06-14,745326,Flyout,field_out,True,683021,678495,Michael Stefanic,Randy Rodríguez,0,fa719d10-3484-4354-b64e-4bacdb03d948,678495.0,randyrodriguez,"Rodríguez, R",Right,Randy Rodríguez,SFG,4.1,3.03,41.2,97.0,118.0,102.0,0.728,9.07,3.02,6.91,0.86,1.04,0.207,0.405,0.198,0.252,0.412,67.0,76.0,82.0,131.0,99.0,103.0,96.0,88.0,84.0,114.0,99.0,106.0,,,,0.068,0.483,,0.4,0.049,0.11,,-0.41,1.23,1.9,97.8,,90.1,96.5,84.9,0.167,0.167,0.4,0.206,0.412,0.214,,,,0.333,0.333,0.105,,,,,,,,,,0.206,0.338,0.371,,,,,,,,,,,,,,,,,,,,,,,,
2024-06-14,745326,Single,single,False,683021,573124,Michael Stefanic,Taylor Rogers,0,58f4be6b-bf82-44dc-92eb-071930fbc437,573124.0,taylorrogers,"Rogers, Ta",Left,Taylor Rogers,SFG,2.15,3.15,37.2,96.0,94.0,96.0,0.763,9.8,3.11,7.88,0.96,1.05,0.19,0.39,0.25,0.28,0.453,,,,,,,79.0,96.0,90.0,109.0,95.0,101.0,,,,0.495,,,0.505,,,,1.7,-1.03,,,,,93.3,79.5,,,,,,,,,,0.159,0.232,0.136,,,,,,,,,,0.306,0.569,0.333,,,,,,,,,,,,,,,,,,,,,,,,
2024-06-16,745321,Groundout,field_out,True,683021,669062,Michael Stefanic,Erik Miller,0,7642139c-8dbc-4c43-a211-4ee158ea5bd6,669062.0,erikmiller,"Miller, E",Left,Erik Miller,SFG,3.35,3.05,43.0,97.0,109.0,99.0,0.715,10.05,4.6,6.28,1.26,1.59,0.163,0.519,0.202,0.317,0.393,116.0,98.0,105.0,96.0,96.0,92.0,,,,130.0,99.0,109.0,,,,,0.474,,0.175,0.35,0.26,,,-1.79,1.88,96.8,,85.1,,82.6,0.159,0.238,0.31,0.219,0.406,0.293,,,,,,,,,,,,,,,,0.25,0.5,0.341,,,,0.001,3.88,81.1,,,,,,,,,,,,,,,,,,
2024-06-16,745321,Strikeout,strikeout,True,683021,702352,Michael Stefanic,Spencer Bivens,0,135fe0d8-d008-4be5-b94f-dafc5dec5b1c,702352.0,spencerbivens,Bivens,Right,Spencer Bivens,SFG,2.65,5.06,17.0,102.0,103.0,101.0,0.752,8.47,2.65,7.41,2.65,1.47,0.234,0.362,0.191,0.383,0.408,106.0,95.0,95.0,72.0,103.0,83.0,89.0,99.0,97.0,136.0,110.0,114.0,78.0,124.0,109.0,0.482,0.077,0.018,0.276,0.147,-4.12,6.66,-2.42,1.65,5.34,94.4,88.5,88.9,94.0,81.2,0.0,0.0,0.25,0.2,0.8,0.25,,,,0.333,0.7,0.176,,,,,,,,,,0.176,0.353,0.385,,,,,,,,,,,,,,,,,,,,,,,,
2024-06-16,745321,Groundout,field_out,True,683021,592426,Michael Stefanic,Luke Jackson,0,b89d955d-e151-4358-b22e-ed57d4589a99,592426.0,lukejackson,Jackson,Right,Luke Jackson,SFG,5.79,5.12,32.2,93.0,126.0,107.0,0.749,7.71,4.13,9.64,1.38,1.69,0.18,0.43,0.15,0.3,0.393,,,,99.0,96.0,97.0,,,,138.0,91.0,111.0,97.0,75.0,81.0,,0.313,0.007,0.569,,-0.65,-1.69,,-0.35,,94.7,90.8,,,87.2,,,,0.25,0.406,0.265,,,,,,,,,,,,,0.294,0.471,0.258,0.286,0.455,0.255,133.0,106.0,115.0,0.111,-0.61,84.2,,,,,,,,,,,,,,,,,,
2024-06-16,745321,Flyout,field_out,True,683021,643511,Michael Stefanic,Tyler Rogers,0,6676101b-5a63-44ac-b009-0e48a942bfe7,643511.0,tylerrogers,"Rogers, Ty",Right,Tyler Rogers,SFG,3.15,2.48,45.2,106.0,126.0,105.0,0.839,6.7,0.59,9.66,0.79,2.1,0.304,0.372,0.284,0.236,0.532,,,,109.0,106.0,94.0,114.0,111.0,106.0,145.0,97.0,103.0,,,,0.622,0.008,,0.371,,-4.89,,1.34,-1.38,,82.3,,,82.4,73.8,,,,,,,,,,0.284,0.358,0.143,,,,,,,,,,0.246,0.478,0.28,,,,,,,,,,,,,,,,,,,,,,,,
2024-06-16,745321,Double,double,False,683021,666808,Michael Stefanic,Camilo Doval,1,8b8623e7-54a9-4f96-a9bf-c3d57eb56a0c,666808.0,camilodoval,Doval,Right,Camilo Doval,SFG,4.38,3.67,37.0,96.0,113.0,98.0,0.655,11.92,5.84,8.76,0.73,2.15,0.204,0.48,0.204,0.306,0.393,,,,,,,71.0,91.0,80.0,140.0,94.0,106.0,94.0,102.0,95.0,0.14,,0.373,0.487,,,-0.42,-1.95,0.2,,,99.6,,98.0,88.7,,,,,,,0.26,0.5,0.241,0.333,0.476,0.175,,,,,,,,,,0.216,0.311,0.468,,,,,,,,,,,,,,,,,,,,,,,,
2024-06-19,746219,Strikeout,strikeout,True,683021,663542,Michael Stefanic,Bryan Hudson,0,67f9cf41-f045-44e6-a4e3-0b7f6e091adf,663542.0,bryanhudson,"Hudson, B",Left,Bryan Hudson,MIL,1.49,2.94,48.1,104.0,84.0,103.0,0.781,9.87,2.23,4.47,1.12,1.14,0.286,0.321,0.205,0.241,0.481,,,,84.0,106.0,103.0,,,,113.0,105.0,107.0,50.0,97.0,98.0,,0.526,0.221,0.253,,1.88,-0.05,,2.78,,91.7,86.7,,,81.9,,,,0.185,0.346,0.197,0.219,0.531,0.187,,,,,,,,,,,,,0.039,0.078,0.359,,,,,,,,,,,,,,,,,,,,,,,,
2024-06-21,746131,Lineout,field_out,True,683021,689017,Michael Stefanic,Landon Knack,0,ecb633c8-deaa-4507-ab40-2801d26c9c6b,689017.0,landonknack,Knack,Right,Landon Knack,LAD,3.23,4.02,39.0,98.0,102.0,98.0,0.766,8.31,2.31,7.15,1.85,0.69,0.189,0.541,0.135,0.387,0.424,73.0,92.0,89.0,111.0,100.0,102.0,,,,117.0,105.0,104.0,,,,,0.442,,0.248,0.179,-0.92,,,1.14,0.32,92.9,,83.8,,84.5,0.161,0.323,0.271,0.266,0.641,0.208,,,,,,,,,,,,,0.0,0.0,0.308,0.214,0.31,0.267,83.0,86.0,89.0,0.131,1.94,78.6,,,,,,,,,,,,,,,,,,
2024-06-21,746131,Lineout,field_out,True,683021,689017,Michael Stefanic,Landon Knack,0,6c8b1c1c-b194-4cfa-b02c-b2a6e83a0ae8,689017.0,landonknack,Knack,Right,Landon Knack,LAD,3.23,4.02,39.0,98.0,102.0,98.0,0.766,8.31,2.31,7.15,1.85,0.69,0.189,0.541,0.135,0.387,0.424,73.0,92.0,89.0,111.0,100.0,102.0,,,,117.0,105.0,104.0,,,,,0.442,,0.248,0.179,-0.92,,,1.14,0.32,92.9,,83.8,,84.5,0.161,0.323,0.271,0.266,0.641,0.208,,,,,,,,,,,,,0.0,0.0,0.308,0.214,0.31,0.267,83.0,86.0,89.0,0.131,1.94,78.6,,,,,,,,,,,,,,,,,,
2024-06-21,746131,Strikeout,strikeout,True,683021,642232,Michael Stefanic,Ryan Yarbrough,0,6dbbaf86-0d00-41aa-9e32-799967435e50,642232.0,ryanyarbrough,Yarbrough,Left,Ryan Yarbrough,LAD,3.73,4.67,62.2,98.0,80.0,93.0,0.813,4.45,3.59,7.04,1.15,0.95,0.259,0.403,0.169,0.259,0.444,63.0,102.0,82.0,86.0,96.0,90.0,63.0,100.0,91.0,,,,95.0,83.0,77.0,0.251,0.173,0.142,,0.149,0.52,-4.83,2.48,,1.05,86.5,83.8,77.5,85.9,,0.229,0.229,0.231,0.258,0.387,0.149,0.421,0.789,0.204,0.211,0.324,0.099,,,,,,,0.141,0.282,0.282,,,,96.0,102.0,111.0,0.286,0.81,71.5,,,,,,,,,,,,,,,,,,
2024-06-21,746131,Lineout,field_out,True,683021,607455,Michael Stefanic,Anthony Banda,0,273ae70e-9fae-4d15-9ed1-4f28b1a3b282,607455.0,anthonybanda,Banda,Left,Anthony Banda,LAD,2.1,2.64,25.2,103.0,93.0,101.0,0.786,8.77,4.21,7.36,0.35,0.8,0.254,0.352,0.211,0.282,0.461,78.0,107.0,103.0,91.0,99.0,94.0,90.0,104.0,102.0,112.0,104.0,110.0,57.0,104.0,92.0,0.26,0.395,0.003,0.212,0.12,0.4,-2.0,1.98,1.25,0.62,95.8,83.2,89.0,95.7,85.3,0.222,0.222,0.318,0.235,0.382,0.207,,,,0.28,0.32,0.098,,,,,,,,,,0.167,0.25,0.459,,,,0.01,1.82,82.0,,,,,,,,,,,,,,,,,,
2024-06-22,746132,Pop Out,field_out,True,683021,607192,Michael Stefanic,Tyler Glasnow,0,4ce6f40a-251f-427f-a0d5-725e46337b1e,607192.0,tylerglasnow,Glasnow,Right,Tyler Glasnow,LAD,3.47,2.5,109.0,103.0,118.0,107.0,0.712,11.81,2.39,5.94,0.99,1.4,0.211,0.382,0.163,0.283,0.472,,,,117.0,102.0,103.0,98.0,107.0,109.0,110.0,105.0,110.0,,,,0.076,0.476,,0.266,,1.01,,2.5,0.56,,96.3,,,96.5,90.1,,,,0.208,0.404,0.209,,,,0.129,0.161,0.188,,,,,,,0.104,0.195,0.462,0.215,0.364,0.412,139.0,99.0,112.0,0.182,2.05,83.8,,,,,,,,,,,,,,,,,,
2024-06-22,746132,Groundout,field_out,True,683021,607192,Michael Stefanic,Tyler Glasnow,0,20a39db9-4308-4178-b1e1-a4cd2351edbb,607192.0,tylerglasnow,Glasnow,Right,Tyler Glasnow,LAD,3.47,2.5,109.0,103.0,118.0,107.0,0.712,11.81,2.39,5.94,0.99,1.4,0.211,0.382,0.163,0.283,0.472,,,,117.0,102.0,103.0,98.0,107.0,109.0,110.0,105.0,110.0,,,,0.076,0.476,,0.266,,1.01,,2.5,0.56,,96.3,,,96.5,90.1,,,,0.208,0.404,0.209,,,,0.129,0.161,0.188,,,,,,,0.104,0.195,0.462,0.215,0.364,0.412,139.0,99.0,112.0,0.182,2.05,83.8,,,,,,,,,,,,,,,,,,
2024-06-24,746218,Lineout,field_out,True,683021,665622,Michael Stefanic,Luis Medina,0,f2f89d70-a839-4ec9-a1d9-07e3bcf709b7,665622.0,luismedina,Medina,Right,Luis Medina,OAK,5.18,4.48,40.0,95.0,105.0,96.0,0.81,7.2,4.5,9.68,0.9,0.94,0.291,0.457,0.173,0.307,0.438,103.0,88.0,87.0,100.0,98.0,96.0,108.0,97.0,97.0,111.0,90.0,95.0,,,,0.143,0.425,,0.251,0.079,0.46,,-2.94,-0.29,-2.65,95.9,,89.6,95.9,85.8,0.353,0.529,0.067,0.238,0.365,0.122,,,,0.429,0.667,0.118,,,,,,,0.154,0.308,0.433,0.262,0.357,0.308,107.0,102.0,104.0,0.101,-0.18,81.2,,,,,,,,,,,,,,,,,,
2024-06-24,746218,Groundout,field_out,True,683021,605156,Michael Stefanic,Aaron Brooks,0,8caa0442-ac96-4197-a218-ec7dd866576f,605156.0,aaronbrooks,Brooks,Right,Aaron Brooks,OAK,5.06,6.58,26.2,101.0,88.0,96.0,0.81,4.05,2.7,11.14,1.35,1.39,0.224,0.429,0.071,0.357,0.4,98.0,100.0,104.0,61.0,90.0,75.0,87.0,107.0,99.0,106.0,104.0,107.0,,,,0.243,0.28,,0.325,0.134,-3.06,,0.96,-0.25,-1.78,92.1,,85.0,91.9,85.2,0.231,0.538,0.308,0.5,0.611,0.208,,,,0.293,0.39,0.068,107.0,98.0,96.0,0.017,5.07,79.5,,,,0.265,0.529,0.281,,,,,,,,,,,,,,,,,,,,,,,,
2024-06-24,746218,Walk,walk,False,683021,605156,Michael Stefanic,Aaron Brooks,1,a5b2967d-0262-4ad9-bd67-76986ee8ce23,605156.0,aaronbrooks,Brooks,Right,Aaron Brooks,OAK,5.06,6.58,26.2,101.0,88.0,96.0,0.81,4.05,2.7,11.14,1.35,1.39,0.224,0.429,0.071,0.357,0.4,98.0,100.0,104.0,61.0,90.0,75.0,87.0,107.0,99.0,106.0,104.0,107.0,,,,0.243,0.28,,0.325,0.134,-3.06,,0.96,-0.25,-1.78,92.1,,85.0,91.9,85.2,0.231,0.538,0.308,0.5,0.611,0.208,,,,0.293,0.39,0.068,107.0,98.0,96.0,0.017,5.07,79.5,,,,0.265,0.529,0.281,,,,,,,,,,,,,,,,,,,,,,,,
2024-06-24,746218,Groundout,field_out,True,683021,605156,Michael Stefanic,Aaron Brooks,0,bb8ac7d7-5869-4444-8f3a-2a2bd3515e0e,605156.0,aaronbrooks,Brooks,Right,Aaron Brooks,OAK,5.06,6.58,26.2,101.0,88.0,96.0,0.81,4.05,2.7,11.14,1.35,1.39,0.224,0.429,0.071,0.357,0.4,98.0,100.0,104.0,61.0,90.0,75.0,87.0,107.0,99.0,106.0,104.0,107.0,,,,0.243,0.28,,0.325,0.134,-3.06,,0.96,-0.25,-1.78,92.1,,85.0,91.9,85.2,0.231,0.538,0.308,0.5,0.611,0.208,,,,0.293,0.39,0.068,107.0,98.0,96.0,0.017,5.07,79.5,,,,0.265,0.529,0.281,,,,,,,,,,,,,,,,,,,,,,,,
2024-07-31,746198,Grounded Into DP,grounded_into_double_play,True,683021,607536,Michael Stefanic,Kyle Freeland,1,9ad06e82-5243-4173-b517-8b887efdc7b3,607536.0,kylefreeland,Freeland,Left,Kyle Freeland,COL,5.51,4.94,85.0,102.0,83.0,98.0,0.829,7.09,2.54,10.69,1.48,1.17,0.204,0.434,0.147,0.344,0.432,56.0,98.0,84.0,70.0,100.0,92.0,86.0,106.0,99.0,63.0,103.0,102.0,,,,0.267,0.208,,0.228,0.103,-0.56,,-1.66,-1.76,-2.53,91.9,,86.4,91.6,87.1,0.4,0.6,0.141,0.274,0.411,0.067,,,,0.33,0.6,0.061,129.0,99.0,106.0,0.193,0.9,83.8,0.173,0.213,0.477,0.354,0.677,0.179,,,,,,,,,,,,,,,,,,,,,,,,
2024-07-31,746198,Single,single,False,683021,607536,Michael Stefanic,Kyle Freeland,0,9289dd8f-b700-4405-a0df-9e261d112b11,607536.0,kylefreeland,Freeland,Left,Kyle Freeland,COL,5.51,4.94,85.0,102.0,83.0,98.0,0.829,7.09,2.54,10.69,1.48,1.17,0.204,0.434,0.147,0.344,0.432,56.0,98.0,84.0,70.0,100.0,92.0,86.0,106.0,99.0,63.0,103.0,102.0,,,,0.267,0.208,,0.228,0.103,-0.56,,-1.66,-1.76,-2.53,91.9,,86.4,91.6,87.1,0.4,0.6,0.141,0.274,0.411,0.067,,,,0.33,0.6,0.061,129.0,99.0,106.0,0.193,0.9,83.8,0.173,0.213,0.477,0.354,0.677,0.179,,,,,,,,,,,,,,,,,,,,,,,,
2024-07-31,746198,Sac Bunt,sac_bunt,True,683021,641755,Michael Stefanic,Tyler Kinley,1,e081dcf0-2197-4b1d-bf92-470853e0862b,641755.0,tylerkinley,Kinley,Right,Tyler Kinley,COL,6.4,4.97,57.2,97.0,88.0,95.0,0.687,9.68,4.53,9.05,1.72,0.97,0.156,0.491,0.18,0.335,0.398,68.0,85.0,80.0,76.0,89.0,87.0,16.0,56.0,52.0,95.0,103.0,101.0,,,,0.002,0.342,,0.617,0.039,-2.34,,-2.96,0.04,0.48,95.9,,87.3,93.9,89.5,0.0,0.0,0.643,0.368,0.539,0.117,,,,,,,,,,,,,,,,0.204,0.456,0.409,,,,,,,,,,,,,,,,,,,,,,,,
2024-08-01,746196,Groundout,field_out,True,683021,663372,Michael Stefanic,Ryan Feltner,0,504e9a5e-e6ae-418a-b1e1-3e6be3090dae,663372.0,ryanfeltner,Feltner,Right,Ryan Feltner,COL,4.95,4.47,127.1,99.0,98.0,100.0,0.783,7.7,2.9,9.97,1.2,1.35,0.223,0.404,0.145,0.353,0.446,118.0,94.0,102.0,82.0,102.0,97.0,92.0,91.0,87.0,111.0,100.0,104.0,,,,0.136,0.348,,0.271,0.144,-0.11,,-0.46,-0.99,-1.47,94.7,,85.3,94.3,87.9,0.318,0.515,0.407,0.259,0.418,0.177,,,,0.313,0.438,0.154,,,,,,,0.172,0.266,0.272,0.362,0.533,0.215,106.0,108.0,113.0,0.101,1.51,79.1,,,,,,,,,,0.125,0.375,0.379,,,,,,
2024-08-01,746196,Single,single,False,683021,663372,Michael Stefanic,Ryan Feltner,0,6c28a68a-7c33-4907-95a8-3aef980de84a,663372.0,ryanfeltner,Feltner,Right,Ryan Feltner,COL,4.95,4.47,127.1,99.0,98.0,100.0,0.783,7.7,2.9,9.97,1.2,1.35,0.223,0.404,0.145,0.353,0.446,118.0,94.0,102.0,82.0,102.0,97.0,92.0,91.0,87.0,111.0,100.0,104.0,,,,0.136,0.348,,0.271,0.144,-0.11,,-0.46,-0.99,-1.47,94.7,,85.3,94.3,87.9,0.318,0.515,0.407,0.259,0.418,0.177,,,,0.313,0.438,0.154,,,,,,,0.172,0.266,0.272,0.362,0.533,0.215,106.0,108.0,113.0,0.101,1.51,79.1,,,,,,,,,,0.125,0.375,0.379,,,,,,
2024-08-01,746196,Single,single,False,683021,663372,Michael Stefanic,Ryan Feltner,1,97358da5-d773-4e7f-b954-cb2302eb0a48,663372.0,ryanfeltner,Feltner,Right,Ryan Feltner,COL,4.95,4.47,127.1,99.0,98.0,100.0,0.783,7.7,2.9,9.97,1.2,1.35,0.223,0.404,0.145,0.353,0.446,118.0,94.0,102.0,82.0,102.0,97.0,92.0,91.0,87.0,111.0,100.0,104.0,,,,0.136,0.348,,0.271,0.144,-0.11,,-0.46,-0.99,-1.47,94.7,,85.3,94.3,87.9,0.318,0.515,0.407,0.259,0.418,0.177,,,,0.313,0.438,0.154,,,,,,,0.172,0.266,0.272,0.362,0.533,0.215,106.0,108.0,113.0,0.101,1.51,79.1,,,,,,,,,,0.125,0.375,0.379,,,,,,
2024-08-01,746196,Groundout,field_out,True,683021,595928,Michael Stefanic,John Curtiss,1,fcb7b610-f6e3-4b11-9a13-ba3c3bf269b2,595928.0,johncurtiss,Curtiss,Right,John Curtiss,,,,,,,,,,,,,,,,,,,,,,,,,,,,,,,,,,,,,,,,,,,,,,,,,,,,0.75,1.75,0.25,,,,,,,,,,,,,,,,0.375,0.875,0.231,,,,,,,,,,,,,,,,,,,,,,,,
2024-08-03,746194,Single,single,False,683021,656849,Michael Stefanic,David Peterson,0,e36f9217-fae4-4eba-add8-c8687f740fa3,656849.0,davidpeterson,"Peterson, D",Left,David Peterson,NYM,2.83,5.11,92.1,97.0,93.0,95.0,0.786,6.82,3.8,8.09,0.78,1.87,0.244,0.364,0.105,0.32,0.415,94.0,87.0,92.0,68.0,101.0,91.0,103.0,96.0,94.0,114.0,99.0,104.0,,,,0.32,0.252,,0.186,0.169,-0.31,,1.7,-1.49,0.25,93.1,,84.7,92.0,85.2,0.16,0.26,0.294,0.254,0.31,0.236,,,,0.264,0.376,0.139,,,,,,,0.174,0.348,0.25,0.27,0.432,0.326,85.0,100.0,99.0,0.073,0.21,79.0,,,,,,,,,,,,,,,,,,
2024-08-03,746194,Strikeout,strikeout,True,683021,656849,Michael Stefanic,David Peterson,0,abdd3ac8-0acc-46f4-91a5-32b5a8fe8c2e,656849.0,davidpeterson,"Peterson, D",Left,David Peterson,NYM,2.83,5.11,92.1,97.0,93.0,95.0,0.786,6.82,3.8,8.09,0.78,1.87,0.244,0.364,0.105,0.32,0.415,94.0,87.0,92.0,68.0,101.0,91.0,103.0,96.0,94.0,114.0,99.0,104.0,,,,0.32,0.252,,0.186,0.169,-0.31,,1.7,-1.49,0.25,93.1,,84.7,92.0,85.2,0.16,0.26,0.294,0.254,0.31,0.236,,,,0.264,0.376,0.139,,,,,,,0.174,0.348,0.25,0.27,0.432,0.326,85.0,100.0,99.0,0.073,0.21,79.0,,,,,,,,,,,,,,,,,,
2024-08-03,746194,Single,single,False,683021,623211,Michael Stefanic,Huascar Brazobán,0,5043959a-7c0d-4551-9655-2c428039510c,623211.0,huascarbrazoban,Brazoban,Right,Huascar Brazobán,- - -,3.67,3.15,41.2,97.0,99.0,96.0,0.716,9.5,4.1,6.26,0.43,1.64,0.183,0.431,0.266,0.165,0.384,124.0,100.0,108.0,89.0,99.0,94.0,97.0,88.0,88.0,,,,88.0,98.0,93.0,0.212,0.22,0.272,,0.297,1.58,2.14,-0.6,,0.98,96.4,88.8,90.1,95.9,,0.18,0.246,0.402,0.167,0.2,0.128,0.13,0.239,0.364,0.438,0.563,0.255,,,,,,,,,,,,,,,,,,,,,,,,,,,,,,,,,,,,
2024-08-04,746191,Flyout,field_out,True,683021,500779,Michael Stefanic,Jose Quintana,0,5b14098f-b812-461c-85b2-90d7c7a0fcdb,500779.0,josequintana,Quintana,Left,Jose Quintana,NYM,4.36,4.88,140.1,98.0,83.0,93.0,0.808,6.8,3.46,8.27,1.41,1.2,0.22,0.425,0.169,0.343,0.339,69.0,100.0,97.0,70.0,92.0,85.0,75.0,97.0,90.0,,,,,,,0.293,0.222,,,0.197,-0.55,,0.19,,-0.09,90.6,,85.7,90.7,,0.225,0.294,0.32,0.225,0.461,0.167,,,,0.261,0.491,0.136,,,,,,,0.266,0.448,0.258,,,,110.0,103.0,100.0,0.287,0.04,77.6,,,,,,,,,,,,,0.176,0.382,0.274,,,
2024-08-04,746191,Walk,walk,False,683021,500779,Michael Stefanic,Jose Quintana,0,618cd11a-439f-412b-9f27-600d9634870c,500779.0,josequintana,Quintana,Left,Jose Quintana,NYM,4.36,4.88,140.1,98.0,83.0,93.0,0.808,6.8,3.46,8.27,1.41,1.2,0.22,0.425,0.169,0.343,0.339,69.0,100.0,97.0,70.0,92.0,85.0,75.0,97.0,90.0,,,,,,,0.293,0.222,,,0.197,-0.55,,0.19,,-0.09,90.6,,85.7,90.7,,0.225,0.294,0.32,0.225,0.461,0.167,,,,0.261,0.491,0.136,,,,,,,0.266,0.448,0.258,,,,110.0,103.0,100.0,0.287,0.04,77.6,,,,,,,,,,,,,0.176,0.382,0.274,,,
2024-08-04,746191,Strikeout,strikeout,True,683021,664849,Michael Stefanic,Danny Young,0,a7dc35e9-3c5f-4d5f-9aed-509c2d20e80d,664849.0,dannyyoung,"Young, D",Left,Danny Young,NYM,3.0,4.03,30.0,92.0,103.0,91.0,0.689,12.0,4.5,6.3,0.6,2.0,0.286,0.329,0.186,0.229,0.368,,,,,,,68.0,100.0,92.0,136.0,85.0,90.0,97.0,74.0,84.0,0.474,,0.007,0.518,,,-39.04,1.45,0.4,,,87.1,,91.3,80.4,,,,,,,,,,0.234,0.297,0.156,,,,,,,,,,,,,,,,,,,,,,,,,,,,0.114,0.205,0.505,,,,,,
2024-08-07,745713,Strikeout,strikeout,True,683021,701542,Michael Stefanic,Will Warren,0,015800ea-d8ed-434f-8068-1456e65f77e7,701542.0,willwarren,"Warren, W",Right,Will Warren,NYY,9.68,4.32,17.2,100.0,102.0,104.0,0.75,11.72,3.06,13.25,1.53,0.65,0.204,0.352,0.148,0.37,0.389,91.0,102.0,106.0,91.0,103.0,102.0,95.0,105.0,109.0,128.0,86.0,96.0,110.0,115.0,125.0,0.228,0.325,0.053,0.256,0.139,1.79,-6.37,-5.09,-2.77,-3.74,93.8,86.6,86.3,93.1,83.1,0.444,0.667,0.364,0.091,0.273,0.222,0.6,0.6,0.273,0.522,0.87,0.227,,,,,,,,,,,,,,,,,,,,,,,,,,,,0.294,0.588,0.333,,,,,,
2024-08-07,745713,Double,double,False,683021,701542,Michael Stefanic,Will Warren,1,5ab3b19f-9829-4e47-adb2-67a3c93a6b96,701542.0,willwarren,"Warren, W",Right,Will Warren,NYY,9.68,4.32,17.2,100.0,102.0,104.0,0.75,11.72,3.06,13.25,1.53,0.65,0.204,0.352,0.148,0.37,0.389,91.0,102.0,106.0,91.0,103.0,102.0,95.0,105.0,109.0,128.0,86.0,96.0,110.0,115.0,125.0,0.228,0.325,0.053,0.256,0.139,1.79,-6.37,-5.09,-2.77,-3.74,93.8,86.6,86.3,93.1,83.1,0.444,0.667,0.364,0.091,0.273,0.222,0.6,0.6,0.273,0.522,0.87,0.227,,,,,,,,,,,,,,,,,,,,,,,,,,,,0.294,0.588,0.333,,,,,,
2024-08-07,745713,Single,single,False,683021,543859,Michael Stefanic,Michael Tonkin,0,5e3f1187-a13d-45c0-b3b8-472b7c668cdf,543859.0,michaeltonkin,Tonkin,Right,Michael Tonkin,- - -,3.68,4.29,66.0,98.0,104.0,99.0,0.781,9.68,3.41,7.64,0.82,1.14,0.178,0.422,0.15,0.283,0.41,,,,111.0,102.0,100.0,87.0,98.0,97.0,108.0,96.0,99.0,,,,0.177,0.375,,0.448,,0.28,,0.79,-0.14,,93.2,,,92.5,83.0,,,,0.223,0.388,0.224,,,,0.314,0.429,0.173,,,,,,,,,,0.18,0.28,0.296,,,,,,,,,,,,,,,,0.444,0.556,0.25,,,,,,
2024-08-07,745713,Single,single,False,683021,657612,Michael Stefanic,Tim Hill,0,dd2b6fff-fb1c-4b13-85ac-9f7d161aecc1,657612.0,timhill,"Hill, T",Left,Tim Hill,- - -,3.79,3.49,54.2,104.0,108.0,99.0,0.893,3.62,2.63,11.69,0.33,4.34,0.279,0.365,0.192,0.288,0.499,,,,105.0,106.0,101.0,105.0,105.0,100.0,157.0,89.0,89.0,,,,0.661,0.277,,0.059,0.002,-1.46,,0.59,-4.82,0.75,90.7,,89.3,88.7,82.2,,,,0.288,0.407,0.183,,,,0.307,0.325,0.071,,,,,,,,,,0.571,1.0,0.391,,,,,,,,,,,,,,,,,,,,,,,,
2024-08-08,745710,Double,double,False,683021,641482,Michael Stefanic,Nestor Cortes,0,938f3247-e4d8-4846-ae90-5bdc9149b0a6,641482.0,nestorcortes,Cortes,Left,Nestor Cortes,NYY,3.89,3.7,155.0,102.0,99.0,101.0,0.792,8.25,1.8,8.48,1.28,0.6,0.258,0.374,0.165,0.315,0.434,85.0,103.0,95.0,96.0,103.0,100.0,85.0,117.0,115.0,98.0,99.0,101.0,109.0,101.0,104.0,0.015,0.444,0.286,0.17,0.085,0.15,1.19,1.62,-0.92,-1.24,92.0,87.4,83.4,90.2,78.2,0.239,0.418,0.333,0.243,0.46,0.206,0.246,0.382,0.257,0.143,0.143,0.316,,,,,,,,,,0.3,0.4,0.182,,,,,,,,,,,,,,,,0.28,0.488,0.235,,,,,,
2024-08-08,745710,Single,single,False,683021,641482,Michael Stefanic,Nestor Cortes,0,1a9d7ca0-dc5b-4e65-a65a-7b0cacd28218,641482.0,nestorcortes,Cortes,Left,Nestor Cortes,NYY,3.89,3.7,155.0,102.0,99.0,101.0,0.792,8.25,1.8,8.48,1.28,0.6,0.258,0.374,0.165,0.315,0.434,85.0,103.0,95.0,96.0,103.0,100.0,85.0,117.0,115.0,98.0,99.0,101.0,109.0,101.0,104.0,0.015,0.444,0.286,0.17,0.085,0.15,1.19,1.62,-0.92,-1.24,92.0,87.4,83.4,90.2,78.2,0.239,0.418,0.333,0.243,0.46,0.206,0.246,0.382,0.257,0.143,0.143,0.316,,,,,,,,,,0.3,0.4,0.182,,,,,,,,,,,,,,,,0.28,0.488,0.235,,,,,,
2024-08-08,745710,Strikeout,strikeout,True,683021,660853,Michael Stefanic,Enyel De Los Santos,0,d802a81d-1373-49c8-b5b3-1731e3e62a65,660853.0,enyeldelossantos,"De Los Santos, E",Right,Enyel De Los Santos,- - -,5.8,5.07,49.2,104.0,91.0,100.0,0.719,10.51,3.08,9.97,2.36,0.62,0.348,0.411,0.199,0.333,0.475,74.0,94.0,84.0,78.0,105.0,97.0,,,,110.0,104.0,106.0,,,,,0.477,,0.445,0.078,-1.99,,,0.06,-3.74,95.5,,87.8,,86.5,0.286,0.643,0.379,0.327,0.635,0.212,,,,,,,,,,,,,,,,0.21,0.457,0.422,,,,,,,,,,,,,,,,,,,,,,,,
2024-08-08,745710,Groundout,field_out,True,683021,657612,Michael Stefanic,Tim Hill,1,6fdb2cd4-0c74-46bb-8b9f-d2d3dd7c4205,657612.0,timhill,"Hill, T",Left,Tim Hill,- - -,3.79,3.49,54.2,104.0,108.0,99.0,0.893,3.62,2.63,11.69,0.33,4.34,0.279,0.365,0.192,0.288,0.499,,,,105.0,106.0,101.0,105.0,105.0,100.0,157.0,89.0,89.0,,,,0.661,0.277,,0.059,0.002,-1.46,,0.59,-4.82,0.75,90.7,,89.3,88.7,82.2,,,,0.288,0.407,0.183,,,,0.307,0.325,0.071,,,,,,,,,,0.571,1.0,0.391,,,,,,,,,,,,,,,,,,,,,,,,
2024-08-09,744818,Single,single,False,683021,680730,Michael Stefanic,Mitchell Parker,0,5510b9d5-0faa-47e4-a954-88778629d48a,680730.0,mitchellparker,Parker,Left,Mitchell Parker,WSN,4.26,4.41,126.2,101.0,88.0,98.0,0.808,7.74,2.42,8.95,1.21,0.89,0.246,0.454,0.133,0.328,0.448,,,,79.0,103.0,98.0,,,,106.0,106.0,108.0,,,,,0.492,,0.103,,0.19,,,-0.44,,92.5,,,,84.3,,,,0.276,0.445,0.115,,,,,,,,,,,,,0.271,0.396,0.258,0.218,0.4,0.325,99.0,97.0,97.0,0.223,0.39,80.4,88.0,96.0,96.0,0.182,-0.23,85.7,0.2,0.367,0.376,,,,,,,,,
2024-08-09,744818,Flyout,field_out,True,683021,680730,Michael Stefanic,Mitchell Parker,0,79d2c7a7-8e02-462d-a1f7-3cffe7a399f2,680730.0,mitchellparker,Parker,Left,Mitchell Parker,WSN,4.26,4.41,126.2,101.0,88.0,98.0,0.808,7.74,2.42,8.95,1.21,0.89,0.246,0.454,0.133,0.328,0.448,,,,79.0,103.0,98.0,,,,106.0,106.0,108.0,,,,,0.492,,0.103,,0.19,,,-0.44,,92.5,,,,84.3,,,,0.276,0.445,0.115,,,,,,,,,,,,,0.271,0.396,0.258,0.218,0.4,0.325,99.0,97.0,97.0,0.223,0.39,80.4,88.0,96.0,96.0,0.182,-0.23,85.7,0.2,0.367,0.376,,,,,,,,,
2024-08-09,744818,Single,single,False,683021,680730,Michael Stefanic,Mitchell Parker,1,f1691e40-0103-4de2-be0a-1269c24b21bb,680730.0,mitchellparker,Parker,Left,Mitchell Parker,WSN,4.26,4.41,126.2,101.0,88.0,98.0,0.808,7.74,2.42,8.95,1.21,0.89,0.246,0.454,0.133,0.328,0.448,,,,79.0,103.0,98.0,,,,106.0,106.0,108.0,,,,,0.492,,0.103,,0.19,,,-0.44,,92.5,,,,84.3,,,,0.276,0.445,0.115,,,,,,,,,,,,,0.271,0.396,0.258,0.218,0.4,0.325,99.0,97.0,97.0,0.223,0.39,80.4,88.0,96.0,96.0,0.182,-0.23,85.7,0.2,0.367,0.376,,,,,,,,,
2024-08-10,744820,Groundout,field_out,True,683021,571578,Michael Stefanic,Patrick Corbin,0,ec35cd1a-76c5-4da5-b502-163df6ccdcce,571578.0,patrickcorbin,Corbin,Left,Patrick Corbin,WSN,5.5,5.75,147.1,101.0,76.0,95.0,0.797,6.9,2.93,10.63,1.22,1.5,0.218,0.37,0.14,0.341,0.395,88.0,96.0,96.0,55.0,98.0,84.0,71.0,104.0,92.0,87.0,97.0,96.0,77.0,106.0,99.0,0.346,0.086,0.179,0.338,0.04,-1.45,-0.37,-1.43,0.28,-5.52,91.3,85.2,81.0,91.5,79.9,0.409,0.773,0.279,0.318,0.591,0.135,0.29,0.439,0.225,0.333,0.54,0.09,,,,0.001,4.69,63.2,0.5,2.0,0.545,0.227,0.344,0.344,65.0,90.0,85.0,0.012,-3.46,70.1,,,,,,,,,,,,,,,,,,
2024-08-10,744820,Lineout,field_out,True,683021,571578,Michael Stefanic,Patrick Corbin,0,304dc0d9-aa7b-4312-b28f-8e463e14f5ad,571578.0,patrickcorbin,Corbin,Left,Patrick Corbin,WSN,5.5,5.75,147.1,101.0,76.0,95.0,0.797,6.9,2.93,10.63,1.22,1.5,0.218,0.37,0.14,0.341,0.395,88.0,96.0,96.0,55.0,98.0,84.0,71.0,104.0,92.0,87.0,97.0,96.0,77.0,106.0,99.0,0.346,0.086,0.179,0.338,0.04,-1.45,-0.37,-1.43,0.28,-5.52,91.3,85.2,81.0,91.5,79.9,0.409,0.773,0.279,0.318,0.591,0.135,0.29,0.439,0.225,0.333,0.54,0.09,,,,0.001,4.69,63.2,0.5,2.0,0.545,0.227,0.344,0.344,65.0,90.0,85.0,0.012,-3.46,70.1,,,,,,,,,,,,,,,,,,
2024-08-10,744820,Groundout,field_out,True,683021,571578,Michael Stefanic,Patrick Corbin,0,45e4fade-2eea-4b81-904d-bcb3dabc4707,571578.0,patrickcorbin,Corbin,Left,Patrick Corbin,WSN,5.5,5.75,147.1,101.0,76.0,95.0,0.797,6.9,2.93,10.63,1.22,1.5,0.218,0.37,0.14,0.341,0.395,88.0,96.0,96.0,55.0,98.0,84.0,71.0,104.0,92.0,87.0,97.0,96.0,77.0,106.0,99.0,0.346,0.086,0.179,0.338,0.04,-1.45,-0.37,-1.43,0.28,-5.52,91.3,85.2,81.0,91.5,79.9,0.409,0.773,0.279,0.318,0.591,0.135,0.29,0.439,0.225,0.333,0.54,0.09,,,,0.001,4.69,63.2,0.5,2.0,0.545,0.227,0.344,0.344,65.0,90.0,85.0,0.012,-3.46,70.1,,,,,,,,,,,,,,,,,,
2024-08-10,744820,Walk,walk,False,683021,674285,Michael Stefanic,Eduardo Salazar,0,ae686f26-af71-40d9-a02a-06ee33b047e5,674285.0,eduardosalazar,Salazar,Right,Eduardo Salazar,- - -,1.29,4.09,21.0,94.0,104.0,95.0,0.762,9.0,4.29,8.57,0.43,2.62,0.197,0.443,0.164,0.279,0.401,,,,80.0,104.0,96.0,93.0,93.0,88.0,119.0,93.0,101.0,,,,0.466,0.06,,0.466,0.006,0.85,,0.71,0.73,-26.48,95.7,,90.7,94.4,87.9,,,,0.25,0.25,0.25,,,,0.324,0.378,0.066,,,,,,,,,,0.15,0.25,0.408,,,,0.003,-3.49,81.6,,,,,,,,,,,,,,,,,,
2024-08-10,744820,Groundout,field_out,True,683021,571882,Michael Stefanic,Derek Law,0,9cea003b-6084-40cc-9d10-bcd87793193b,571882.0,dereklaw,"Law, D",Right,Derek Law,WSN,2.85,3.75,75.2,104.0,90.0,98.0,0.744,7.26,2.26,8.44,0.83,1.7,0.207,0.436,0.137,0.242,0.402,83.0,106.0,106.0,79.0,103.0,92.0,84.0,99.0,89.0,110.0,113.0,110.0,80.0,100.0,94.0,0.097,0.14,0.38,0.299,0.05,-0.24,0.26,-1.35,3.1,3.54,95.0,91.5,88.2,94.6,87.2,0.143,0.143,0.226,0.27,0.432,0.174,0.3,0.411,0.26,0.407,0.481,0.111,,,,,,,0.75,2.25,0.0,0.164,0.236,0.392,100.0,94.0,99.0,0.035,-7.75,77.8,,,,,,,,,,,,,,,,,,
2024-08-11,744816,Strikeout,strikeout,True,683021,669022,Michael Stefanic,MacKenzie Gore,0,73a652e4-9d77-4461-8ae2-5f91f65fec72,669022.0,mackenziegore,Gore,Left,MacKenzie Gore,WSN,4.45,4.47,137.2,98.0,112.0,101.0,0.756,9.54,3.6,10.33,0.85,1.09,0.265,0.367,0.153,0.292,0.437,95.0,89.0,93.0,126.0,99.0,103.0,,,,91.0,91.0,92.0,,,,,0.551,,0.167,0.091,-0.15,,,-1.02,-2.17,96.1,,85.9,,90.8,0.333,0.59,0.509,0.298,0.441,0.229,,,,,,,,,,,,,0.246,0.325,0.308,0.263,0.411,0.327,105.0,103.0,103.0,0.19,0.19,82.9,,,,,,,,,,0.444,0.667,0.263,,,,,,
2024-08-11,744816,Grounded Into DP,grounded_into_double_play,True,683021,669022,Michael Stefanic,MacKenzie Gore,1,689291c3-4bfa-450d-b344-02a8892d13c4,669022.0,mackenziegore,Gore,Left,MacKenzie Gore,WSN,4.45,4.47,137.2,98.0,112.0,101.0,0.756,9.54,3.6,10.33,0.85,1.09,0.265,0.367,0.153,0.292,0.437,95.0,89.0,93.0,126.0,99.0,103.0,,,,91.0,91.0,92.0,,,,,0.551,,0.167,0.091,-0.15,,,-1.02,-2.17,96.1,,85.9,,90.8,0.333,0.59,0.509,0.298,0.441,0.229,,,,,,,,,,,,,0.246,0.325,0.308,0.263,0.411,0.327,105.0,103.0,103.0,0.19,0.19,82.9,,,,,,,,,,0.444,0.667,0.263,,,,,,
2024-08-11,744816,Forceout,force_out,True,683021,678606,Michael Stefanic,Jose Ferrer,1,88b666cb-c765-4d60-be3b-f6cc6960760e,678606.0,joseaferrer,Ferrer,Left,Jose Ferrer,,,,,,,,,,,,,,,,,,,,,,,,,,,,,,,,,,,,,,,,,,,,,,,,,0.143,0.143,0.5,0.333,0.417,0.176,,,,0.278,0.333,0.081,,,,,,,,,,0.0,0.0,0.833,,,,,,,,,,,,,,,,,,,,,,,,
2024-08-11,744816,Walk,walk,False,683021,607179,Michael Stefanic,Jordan Weems,1,0298aaeb-ed54-417a-abfc-4ca3de3965fe,607179.0,jordanweems,Weems,Right,Jordan Weems,WSN,6.7,5.18,41.2,95.0,107.0,95.0,0.832,7.56,5.18,10.58,1.51,0.95,0.267,0.319,0.193,0.378,0.426,,,,99.0,94.0,90.0,,,,121.0,99.0,103.0,,,,,0.615,,0.349,,-0.41,,,-1.3,,96.0,,,,87.6,,,,0.27,0.41,0.17,,,,,,,,,,,,,,,,0.258,0.516,0.264,145.0,94.0,115.0,0.008,-8.85,79.7,,,,0.027,-18.51,87.4,0.833,1.333,0.286,,,,,,,,,
2024-08-11,744816,Pop Out,field_out,True,683021,663432,Michael Stefanic,Tanner Rainey,0,3aaecc3f-0bf6-4404-b3dd-29931900e459,663432.0,tannerrainey,Rainey,Right,Tanner Rainey,WSN,5.63,6.37,40.0,95.0,106.0,98.0,0.762,6.75,5.85,9.23,1.58,0.52,0.231,0.377,0.138,0.315,0.408,87.0,76.0,73.0,108.0,98.0,101.0,,,,103.0,87.0,90.0,,,,,0.715,,0.268,0.017,-0.79,,,-0.99,-6.91,93.9,,85.6,,86.4,,,,0.266,0.516,0.204,,,,,,,,,,,,,,,,0.2,0.2,0.476,,,,,,,,,,,,,,,,,,,,,,,,
2024-08-14,746188,Forceout,force_out,True,683021,621244,Michael Stefanic,José Berríos,1,87c99551-aba5-4c9b-a901-6685d09a70ac,621244.0,joseberrios,Berríos,Right,José Berríos,TOR,3.72,5.07,164.1,103.0,92.0,99.0,0.814,7.06,2.52,8.0,1.53,1.14,0.258,0.412,0.153,0.348,0.414,88.0,105.0,103.0,83.0,99.0,92.0,86.0,103.0,95.0,,,,82.0,106.0,97.0,0.335,0.185,0.032,,0.161,-1.7,-1.18,0.68,,1.22,94.2,91.6,84.8,93.5,,0.167,0.377,0.253,0.318,0.591,0.2,0.333,0.381,0.087,0.282,0.388,0.123,,,,,,,,,,,,,109.0,102.0,106.0,0.287,0.44,83.2,,,,,,,,,,,,,0.184,0.385,0.302,,,
2024-08-14,746188,Groundout,field_out,True,683021,621244,Michael Stefanic,José Berríos,0,55507618-91c0-4c2d-804c-4e51c4df07a8,621244.0,joseberrios,Berríos,Right,José Berríos,TOR,3.72,5.07,164.1,103.0,92.0,99.0,0.814,7.06,2.52,8.0,1.53,1.14,0.258,0.412,0.153,0.348,0.414,88.0,105.0,103.0,83.0,99.0,92.0,86.0,103.0,95.0,,,,82.0,106.0,97.0,0.335,0.185,0.032,,0.161,-1.7,-1.18,0.68,,1.22,94.2,91.6,84.8,93.5,,0.167,0.377,0.253,0.318,0.591,0.2,0.333,0.381,0.087,0.282,0.388,0.123,,,,,,,,,,,,,109.0,102.0,106.0,0.287,0.44,83.2,,,,,,,,,,,,,0.184,0.385,0.302,,,
2024-08-14,746188,Grounded Into DP,grounded_into_double_play,True,683021,663893,Michael Stefanic,Brendon Little,1,48ecbe00-bb95-4cd2-b2f4-45056238805e,663893.0,brendonlittle,Little,Left,Brendon Little,TOR,3.93,4.14,34.1,93.0,89.0,91.0,0.746,7.34,3.67,8.65,1.57,4.5,0.123,0.462,0.217,0.33,0.422,,,,,,,85.0,92.0,89.0,,,,89.0,89.0,86.0,0.607,,0.086,,,,-3.56,0.25,,,,93.8,,94.5,,,,,,,,0.308,0.846,0.308,0.292,0.444,0.178,97.0,98.0,96.0,0.307,1.15,86.8,0.167,0.229,0.42,,,,,,,,,,,,,,,,,,,,,,,,,,,
2024-08-16,746189,Strikeout,strikeout,True,683021,680885,Michael Stefanic,Spencer Schwellenbach,0,bd58b7a2-82c7-4a1a-a92c-6005a9725543,680885.0,spencerschwellenbach,Schwellenbach,Right,Spencer Schwellenbach,ATL,3.72,3.04,87.0,106.0,101.0,107.0,0.719,10.55,1.86,7.76,1.03,1.15,0.23,0.439,0.196,0.3,0.452,,,,109.0,108.0,108.0,93.0,106.0,106.0,112.0,112.0,118.0,95.0,100.0,98.0,0.075,0.267,0.166,0.201,,0.12,-0.21,0.46,0.83,,96.0,92.7,,95.1,87.0,,,,0.25,0.45,0.247,0.32,0.58,0.211,0.25,0.35,0.103,,,,,,,0.227,0.432,0.444,0.198,0.296,0.299,99.0,101.0,105.0,0.151,0.48,80.3,83.0,103.0,104.0,0.139,1.84,84.3,0.145,0.255,0.466,,,,,,,,,
2024-08-16,746189,Strikeout,strikeout,True,683021,680885,Michael Stefanic,Spencer Schwellenbach,0,079c3c0d-cf81-489a-8ad8-4e03fc55b4f5,680885.0,spencerschwellenbach,Schwellenbach,Right,Spencer Schwellenbach,ATL,3.72,3.04,87.0,106.0,101.0,107.0,0.719,10.55,1.86,7.76,1.03,1.15,0.23,0.439,0.196,0.3,0.452,,,,109.0,108.0,108.0,93.0,106.0,106.0,112.0,112.0,118.0,95.0,100.0,98.0,0.075,0.267,0.166,0.201,,0.12,-0.21,0.46,0.83,,96.0,92.7,,95.1,87.0,,,,0.25,0.45,0.247,0.32,0.58,0.211,0.25,0.35,0.103,,,,,,,0.227,0.432,0.444,0.198,0.296,0.299,99.0,101.0,105.0,0.151,0.48,80.3,83.0,103.0,104.0,0.139,1.84,84.3,0.145,0.255,0.466,,,,,,,,,
2024-08-16,746189,Strikeout,strikeout,True,683021,669276,Michael Stefanic,Dylan Lee,0,32a394b1-46ed-4217-9f39-3e6cb03ce694,669276.0,dylanlee,"Lee, D",Left,Dylan Lee,ATL,1.94,2.48,51.0,103.0,97.0,104.0,0.661,10.41,2.47,7.24,0.88,0.82,0.138,0.492,0.077,0.277,0.444,105.0,105.0,99.0,88.0,102.0,99.0,,,,100.0,103.0,109.0,,,,,0.333,,0.54,0.127,-0.31,,,1.9,0.51,92.1,,85.6,,83.9,0.226,0.355,0.446,0.305,0.525,0.156,,,,,,,,,,,,,,,,0.167,0.271,0.454,,,,,,,,,,,,,,,,,,,,,,,,
2024-08-17,746190,Single,single,False,683021,519242,Michael Stefanic,Chris Sale,1,e809b385-0aac-4980-b469-99532a9b6558,519242.0,chrissale,Sale,Left,Chris Sale,ATL,2.58,2.71,153.2,104.0,99.0,103.0,0.712,11.54,1.99,7.2,0.47,1.44,0.248,0.437,0.175,0.243,0.446,62.0,106.0,97.0,97.0,107.0,104.0,112.0,100.0,97.0,111.0,100.0,105.0,,,,0.074,0.38,,0.403,0.144,-0.07,,-1.49,2.17,2.72,95.0,,87.2,94.3,78.8,0.163,0.207,0.233,0.277,0.447,0.243,,,,0.333,0.524,0.139,,,,,,,,,,0.173,0.226,0.42,,,,,,,,,,,,,,,,,,,,,,,,
2024-08-17,746190,Lineout,field_out,True,683021,519242,Michael Stefanic,Chris Sale,0,8bbf43cd-c1fd-43d7-9f03-4bfb8c2f413a,519242.0,chrissale,Sale,Left,Chris Sale,ATL,2.58,2.71,153.2,104.0,99.0,103.0,0.712,11.54,1.99,7.2,0.47,1.44,0.248,0.437,0.175,0.243,0.446,62.0,106.0,97.0,97.0,107.0,104.0,112.0,100.0,97.0,111.0,100.0,105.0,,,,0.074,0.38,,0.403,0.144,-0.07,,-1.49,2.17,2.72,95.0,,87.2,94.3,78.8,0.163,0.207,0.233,0.277,0.447,0.243,,,,0.333,0.524,0.139,,,,,,,,,,0.173,0.226,0.42,,,,,,,,,,,,,,,,,,,,,,,,
2024-08-17,746190,Groundout,field_out,True,683021,572955,Michael Stefanic,Pierce Johnson,0,fdab535b-3e32-4474-9d06-570b6cee7912,572955.0,piercejohnson,Johnson,Right,Pierce Johnson,ATL,3.47,3.81,46.2,101.0,135.0,104.0,0.736,10.61,4.24,7.91,0.58,1.46,0.175,0.417,0.142,0.342,0.442,,,,98.0,97.0,95.0,,,,,,,108.0,86.0,85.0,,0.214,0.031,,,-1.26,0.88,,,,95.4,92.0,,,,,,,0.28,0.36,0.241,0.0,0.0,0.286,,,,,,,,,,0.231,0.34,0.297,,,,147.0,103.0,108.0,0.754,0.89,85.5,,,,,,,,,,,,,,,,,,
2024-08-17,746190,Strikeout,strikeout,True,683021,623474,Michael Stefanic,Jimmy Herget,0,8e8e55ab-3996-49e4-a81a-9d87727e68f3,623474.0,jimmyherget,Herget,Right,Jimmy Herget,ATL,4.38,2.81,12.1,96.0,77.0,100.0,0.722,10.95,2.19,9.49,1.46,0.47,0.294,0.382,0.324,0.176,0.444,78.0,90.0,89.0,32.0,92.0,91.0,47.0,94.0,83.0,84.0,88.0,92.0,,,,0.259,0.175,,0.101,0.063,-4.46,,-2.1,5.99,7.29,92.2,,86.3,91.1,84.0,0.0,0.0,0.375,0.429,1.0,0.188,,,,0.556,0.667,0.15,,,,,,,0.2,0.36,0.372,0.0,0.0,0.2,119.0,103.0,120.0,0.402,0.59,77.9,,,,,,,,,,,,,,,,,,
2024-08-18,746186,Groundout,field_out,True,683021,450203,Michael Stefanic,Charlie Morton,0,4416b190-ad0d-48a0-badf-ea1013807d50,450203.0,charliemorton,"Morton, C",Right,Charlie Morton,ATL,4.26,4.59,137.1,98.0,95.0,97.0,0.757,9.17,3.41,8.39,1.38,1.41,0.227,0.425,0.147,0.324,0.413,87.0,95.0,93.0,70.0,100.0,89.0,78.0,98.0,89.0,,,,74.0,93.0,88.0,0.097,0.282,0.08,,0.116,-1.49,-1.21,-0.05,,-0.49,94.0,88.5,84.9,93.4,,0.241,0.5,0.336,0.279,0.529,0.181,0.333,0.667,0.145,0.353,0.471,0.074,,,,,,,0.203,0.32,0.338,,,,122.0,99.0,108.0,0.425,0.67,81.5,,,,,,,,,,,,,,,,,,
2024-08-18,746186,Pop Out,field_out,True,683021,450203,Michael Stefanic,Charlie Morton,0,979d0ac3-3bec-4bf9-9722-6b71fcbe2def,450203.0,charliemorton,"Morton, C",Right,Charlie Morton,ATL,4.26,4.59,137.1,98.0,95.0,97.0,0.757,9.17,3.41,8.39,1.38,1.41,0.227,0.425,0.147,0.324,0.413,87.0,95.0,93.0,70.0,100.0,89.0,78.0,98.0,89.0,,,,74.0,93.0,88.0,0.097,0.282,0.08,,0.116,-1.49,-1.21,-0.05,,-0.49,94.0,88.5,84.9,93.4,,0.241,0.5,0.336,0.279,0.529,0.181,0.333,0.667,0.145,0.353,0.471,0.074,,,,,,,0.203,0.32,0.338,,,,122.0,99.0,108.0,0.425,0.67,81.5,,,,,,,,,,,,,,,,,,
2024-08-18,746186,Hit By Pitch,hit_by_pitch,False,683021,641729,Michael Stefanic,Joe Jiménez,0,ad224dd4-1d67-407c-a007-70c54deb25c8,641729.0,joejimenez,"Jiménez, J",Right,Joe Jiménez,ATL,2.83,2.56,54.0,105.0,101.0,106.0,0.699,9.83,3.0,6.17,0.17,0.97,0.203,0.471,0.161,0.263,0.449,65.0,112.0,112.0,98.0,101.0,104.0,,,,108.0,109.0,107.0,,,,,0.459,,0.491,0.05,1.1,,,2.05,3.11,94.5,,88.9,,84.4,0.176,0.176,0.208,0.238,0.298,0.249,,,,,,,,,,,,,,,,0.149,0.213,0.399,,,,,,,,,,,,,,,,,,,,,,,,
2024-08-22,744894,Groundout,field_out,True,683021,642232,Michael Stefanic,Ryan Yarbrough,0,d97d26d9-41c9-4d58-aa38-6d24fd60c0a6,642232.0,ryanyarbrough,Yarbrough,Left,Ryan Yarbrough,- - -,3.54,4.41,81.1,100.0,81.0,95.0,0.801,5.53,3.21,6.75,1.11,1.0,0.255,0.417,0.174,0.251,0.438,73.0,105.0,87.0,83.0,101.0,93.0,65.0,100.0,91.0,,,,96.0,82.0,76.0,0.247,0.206,0.112,,0.154,0.98,-4.77,1.94,,0.11,86.5,83.7,77.3,85.9,,0.261,0.37,0.225,0.196,0.348,0.168,0.421,0.789,0.204,0.222,0.333,0.09,,,,,,,0.133,0.256,0.328,,,,95.0,103.0,113.0,0.28,1.21,71.2,,,,,,,,,,,,,,,,,,
2024-08-22,744894,Strikeout,strikeout,True,683021,642232,Michael Stefanic,Ryan Yarbrough,0,c49828be-0a3d-4f12-a620-bdeec029dc4d,642232.0,ryanyarbrough,Yarbrough,Left,Ryan Yarbrough,- - -,3.54,4.41,81.1,100.0,81.0,95.0,0.801,5.53,3.21,6.75,1.11,1.0,0.255,0.417,0.174,0.251,0.438,73.0,105.0,87.0,83.0,101.0,93.0,65.0,100.0,91.0,,,,96.0,82.0,76.0,0.247,0.206,0.112,,0.154,0.98,-4.77,1.94,,0.11,86.5,83.7,77.3,85.9,,0.261,0.37,0.225,0.196,0.348,0.168,0.421,0.789,0.204,0.222,0.333,0.09,,,,,,,0.133,0.256,0.328,,,,95.0,103.0,113.0,0.28,1.21,71.2,,,,,,,,,,,,,,,,,,
2024-08-22,744894,Groundout,field_out,True,683021,663893,Michael Stefanic,Brendon Little,0,718e5b56-64fd-46d2-b5bd-dcfdba63842b,663893.0,brendonlittle,Little,Left,Brendon Little,TOR,3.93,4.14,34.1,93.0,89.0,91.0,0.746,7.34,3.67,8.65,1.57,4.5,0.123,0.462,0.217,0.33,0.422,,,,,,,85.0,92.0,89.0,,,,89.0,89.0,86.0,0.607,,0.086,,,,-3.56,0.25,,,,93.8,,94.5,,,,,,,,0.308,0.846,0.308,0.292,0.444,0.178,97.0,98.0,96.0,0.307,1.15,86.8,0.167,0.229,0.42,,,,,,,,,,,,,,,,,,,,,,,,,,,
2024-08-22,744894,Groundout,field_out,True,683021,667297,Michael Stefanic,Tommy Nance,0,c5a8581a-aab0-47a0-8271-1ccdccf27c52,667297.0,tommynance,Nance,Right,Tommy Nance,TOR,3.97,4.23,11.1,98.0,115.0,99.0,0.778,7.15,3.18,6.35,1.59,1.78,0.258,0.419,0.161,0.452,0.411,,,,,,,101.0,94.0,97.0,122.0,88.0,94.0,,,,0.443,,,0.203,,,,2.31,-4.69,,,,,94.5,87.4,,,,,,,,,,0.278,0.333,0.094,,,,,,,0.091,0.182,0.333,0.182,0.727,0.316,129.0,109.0,105.0,0.354,0.85,84.9,,,,,,,,,,,,,,,,,,
2024-08-25,744892,Groundout,field_out,True,683021,592332,Michael Stefanic,Kevin Gausman,0,3c653022-e4a4-4a68-a03e-af4f42773cea,592332.0,kevingausman,Gausman,Right,Kevin Gausman,TOR,4.1,4.75,151.1,105.0,94.0,105.0,0.789,8.39,2.56,8.44,1.19,0.91,0.246,0.438,0.136,0.358,0.425,,,,98.0,106.0,105.0,88.0,103.0,93.0,89.0,90.0,95.0,,,,0.056,0.527,,0.08,,0.27,,-2.96,-1.81,,93.9,,,93.4,82.9,,,,0.281,0.493,0.187,,,,0.303,0.606,0.127,,,,,,,,,,0.294,0.5,0.277,,,,,,,90.0,108.0,108.0,0.336,0.34,85.8,0.172,0.278,0.32,,,,,,,,,
2024-08-25,744892,Groundout,field_out,True,683021,592332,Michael Stefanic,Kevin Gausman,0,50646c9e-4bdf-4dfe-b978-611d5b892d58,592332.0,kevingausman,Gausman,Right,Kevin Gausman,TOR,4.1,4.75,151.1,105.0,94.0,105.0,0.789,8.39,2.56,8.44,1.19,0.91,0.246,0.438,0.136,0.358,0.425,,,,98.0,106.0,105.0,88.0,103.0,93.0,89.0,90.0,95.0,,,,0.056,0.527,,0.08,,0.27,,-2.96,-1.81,,93.9,,,93.4,82.9,,,,0.281,0.493,0.187,,,,0.303,0.606,0.127,,,,,,,,,,0.294,0.5,0.277,,,,,,,90.0,108.0,108.0,0.336,0.34,85.8,0.172,0.278,0.32,,,,,,,,,
2024-08-25,744892,Lineout,field_out,True,683021,667297,Michael Stefanic,Tommy Nance,0,86b9566a-aa98-4622-afa4-c739464a84a8,667297.0,tommynance,Nance,Right,Tommy Nance,TOR,3.97,4.23,11.1,98.0,115.0,99.0,0.778,7.15,3.18,6.35,1.59,1.78,0.258,0.419,0.161,0.452,0.411,,,,,,,101.0,94.0,97.0,122.0,88.0,94.0,,,,0.443,,,0.203,,,,2.31,-4.69,,,,,94.5,87.4,,,,,,,,,,0.278,0.333,0.094,,,,,,,0.091,0.182,0.333,0.182,0.727,0.316,129.0,109.0,105.0,0.354,0.85,84.9,,,,,,,,,,,,,,,,,,
2024-08-29,746432,Walk,walk,False,683021,672456,Michael Stefanic,Keider Montero,0,283810e0-b213-4f2d-a650-988fc3bc13af,672456.0,keidermontero,Montero,Right,Keider Montero,DET,5.17,5.04,69.2,99.0,96.0,99.0,0.814,7.49,3.1,9.04,1.68,1.05,0.232,0.469,0.121,0.372,0.466,85.0,87.0,88.0,92.0,100.0,95.0,83.0,104.0,96.0,107.0,100.0,105.0,,,,0.061,0.437,,0.297,0.099,0.33,,2.04,1.03,-3.43,94.9,,85.9,94.2,83.2,0.333,0.619,0.28,0.27,0.468,0.18,,,,0.308,0.308,0.0,96.0,100.0,110.0,0.105,-5.65,78.9,0.364,0.818,0.194,0.195,0.322,0.272,,,,,,,,,,,,,,,,,,,,,,,,
2024-08-29,746432,Strikeout,strikeout,True,683021,672456,Michael Stefanic,Keider Montero,0,236ae8af-635a-492a-855c-49382a428ee9,672456.0,keidermontero,Montero,Right,Keider Montero,DET,5.17,5.04,69.2,99.0,96.0,99.0,0.814,7.49,3.1,9.04,1.68,1.05,0.232,0.469,0.121,0.372,0.466,85.0,87.0,88.0,92.0,100.0,95.0,83.0,104.0,96.0,107.0,100.0,105.0,,,,0.061,0.437,,0.297,0.099,0.33,,2.04,1.03,-3.43,94.9,,85.9,94.2,83.2,0.333,0.619,0.28,0.27,0.468,0.18,,,,0.308,0.308,0.0,96.0,100.0,110.0,0.105,-5.65,78.9,0.364,0.818,0.194,0.195,0.322,0.272,,,,,,,,,,,,,,,,,,,,,,,,
2024-08-29,746432,Single,single,False,683021,666214,Michael Stefanic,Joey Wentz,0,07ff5edc-b1c2-4026-9775-8f97dff8fe23,666214.0,joeywentz,Wentz,Left,Joey Wentz,DET,5.37,4.0,55.1,97.0,89.0,95.0,0.732,9.76,4.39,9.76,1.3,1.17,0.244,0.439,0.152,0.329,0.388,99.0,94.0,97.0,78.0,94.0,89.0,,,,,,,90.0,98.0,94.0,,0.368,0.314,0.001,0.186,-1.84,0.19,,-2.43,-1.38,93.8,86.1,85.8,,80.4,0.289,0.447,0.42,0.341,0.518,0.176,0.216,0.365,0.373,,,,,,,,,,0.174,0.174,0.351,,,,95.0,105.0,102.0,0.131,1.27,79.2,,,,,,,,,,,,,,,,,,
2024-09-05,744966,Groundout,field_out,True,683021,674003,Michael Stefanic,Cody Bradford,0,cb7b6d6a-3ed5-41a8-9879-2106b79d2e34,674003.0,codybradford,Bradford,Left,Cody Bradford,TEX,3.05,3.27,62.0,106.0,91.0,101.0,0.782,8.13,1.45,6.39,1.02,0.67,0.259,0.322,0.149,0.299,0.41,103.0,104.0,109.0,91.0,106.0,94.0,,,,47.0,116.0,110.0,53.0,110.0,97.0,,0.524,0.006,0.063,0.267,2.29,-1.33,,3.61,1.06,89.8,85.8,80.9,,82.8,0.224,0.293,0.355,0.164,0.311,0.22,,,,,,,,,,,,,0.258,0.516,0.148,0.167,0.222,0.242,96.0,107.0,107.0,0.14,-1.45,75.0,,,,,,,,,,,,,,,,,,
2024-09-05,744966,Flyout,field_out,True,683021,674003,Michael Stefanic,Cody Bradford,0,fb7b5f08-46db-405e-9d12-712163f67cc8,674003.0,codybradford,Bradford,Left,Cody Bradford,TEX,3.05,3.27,62.0,106.0,91.0,101.0,0.782,8.13,1.45,6.39,1.02,0.67,0.259,0.322,0.149,0.299,0.41,103.0,104.0,109.0,91.0,106.0,94.0,,,,47.0,116.0,110.0,53.0,110.0,97.0,,0.524,0.006,0.063,0.267,2.29,-1.33,,3.61,1.06,89.8,85.8,80.9,,82.8,0.224,0.293,0.355,0.164,0.311,0.22,,,,,,,,,,,,,0.258,0.516,0.148,0.167,0.222,0.242,96.0,107.0,107.0,0.14,-1.45,75.0,,,,,,,,,,,,,,,,,,
2024-09-05,744966,Strikeout,strikeout,True,683021,502085,Michael Stefanic,David Robertson,0,832e812c-fb00-4820-86de-fd81183d64d3,502085.0,davidrobertson,Robertson,Right,David Robertson,TEX,2.86,3.1,63.0,99.0,119.0,105.0,0.725,13.0,3.14,7.0,0.57,1.63,0.207,0.321,0.186,0.343,0.434,108.0,90.0,69.0,,,,107.0,112.0,111.0,105.0,92.0,99.0,121.0,101.0,108.0,0.016,0.002,0.631,0.062,0.019,-2.4,2.08,1.85,-3.17,6.33,94.1,93.4,88.2,94.7,83.9,0.0,0.0,0.182,,,,0.188,0.241,0.311,0.0,0.0,0.25,119.0,94.0,101.0,0.268,-0.96,84.3,0.257,0.351,0.302,0.333,0.6,0.212,,,,0.002,-4.2,80.9,,,,,,,,,,,,,,,,,,
2024-09-08,744965,Flyout,field_out,True,683021,571760,Michael Stefanic,Andrew Heaney,0,a3e4a30e-1dc0-4831-b563-38c4e62c19ba,571760.0,andrewheaney,Heaney,Left,Andrew Heaney,TEX,3.84,4.14,145.1,101.0,81.0,98.0,0.752,9.23,2.42,8.36,1.18,0.76,0.257,0.401,0.142,0.292,0.424,84.0,102.0,95.0,78.0,101.0,98.0,34.0,83.0,74.0,81.0,99.0,101.0,20.0,51.0,51.0,0.015,0.509,0.001,0.277,0.165,0.49,-19.13,-4.51,-0.2,0.9,91.5,86.6,83.7,92.2,82.4,0.221,0.352,0.253,0.215,0.383,0.213,,,,0.455,0.455,0.125,,,,,,,0.5,1.25,0.222,0.254,0.379,0.387,124.0,106.0,103.0,0.033,-3.64,75.4,,,,,,,,,,,,,,,,,,
2024-09-08,744965,Flyout,field_out,True,683021,571760,Michael Stefanic,Andrew Heaney,0,54249d23-3c03-45b3-a152-1059c0f4f2bb,571760.0,andrewheaney,Heaney,Left,Andrew Heaney,TEX,3.84,4.14,145.1,101.0,81.0,98.0,0.752,9.23,2.42,8.36,1.18,0.76,0.257,0.401,0.142,0.292,0.424,84.0,102.0,95.0,78.0,101.0,98.0,34.0,83.0,74.0,81.0,99.0,101.0,20.0,51.0,51.0,0.015,0.509,0.001,0.277,0.165,0.49,-19.13,-4.51,-0.2,0.9,91.5,86.6,83.7,92.2,82.4,0.221,0.352,0.253,0.215,0.383,0.213,,,,0.455,0.455,0.125,,,,,,,0.5,1.25,0.222,0.254,0.379,0.387,124.0,106.0,103.0,0.033,-3.64,75.4,,,,,,,,,,,,,,,,,,
2024-09-08,744965,Groundout,field_out,True,683021,600917,Michael Stefanic,José Leclerc,1,4a7a741e-d61a-426b-ae37-c08b3eea22bc,600917.0,joseleclerc,Leclerc,Right,José Leclerc,TEX,4.48,3.56,60.1,97.0,110.0,100.0,0.641,12.38,4.48,7.46,1.04,0.79,0.224,0.42,0.182,0.294,0.378,71.0,102.0,93.0,109.0,91.0,99.0,81.0,94.0,83.0,117.0,103.0,104.0,133.0,96.0,102.0,0.065,0.346,0.161,0.325,0.103,0.47,-0.51,1.84,0.53,-1.97,95.3,90.2,88.2,95.0,82.0,0.35,0.35,0.521,0.175,0.302,0.331,0.278,0.361,0.253,0.25,0.45,0.205,,,,,,,,,,0.207,0.378,0.467,,,,,,,,,,,,,,,,,,,,,,,,
2024-09-08,744965,Walk,walk,False,683021,489446,Michael Stefanic,Kirby Yates,0,a109e334-287b-4735-b3af-3e05013459c4,489446.0,kirbyyates,Yates,Right,Kirby Yates,TEX,1.29,1.82,55.2,102.0,97.0,103.0,0.682,12.77,4.04,3.56,0.49,1.09,0.213,0.435,0.157,0.269,0.395,,,,89.0,104.0,102.0,,,,93.0,96.0,103.0,,,,,0.605,,0.007,,2.21,,,0.41,,93.1,,,,85.8,,,,0.124,0.23,0.365,,,,,,,,,,,,,,,,,,,,,,,,,108.0,99.0,104.0,0.388,1.84,86.3,0.113,0.141,0.32,,,,,,,,,
2024-09-09,745860,Groundout,field_out,True,683021,701581,Michael Stefanic,David Festa,1,c0a7afb7-eeaf-4094-8def-2b75122bb4e1,701581.0,davidfesta,"Festa, D",Right,David Festa,MIN,5.08,3.94,51.1,101.0,102.0,103.0,0.735,10.87,2.81,8.42,1.58,0.86,0.246,0.457,0.167,0.348,0.403,74.0,105.0,106.0,106.0,97.0,99.0,,,,121.0,104.0,105.0,,,,,0.404,,0.316,0.281,-1.1,,,1.89,-1.18,94.8,,88.4,,86.2,0.22,0.508,0.42,0.319,0.58,0.19,,,,,,,,,,,,,,,,0.181,0.292,0.273,,,,,,,,,,,,,,,,,,,,,,,,
2024-09-09,745860,Flyout,field_out,True,683021,701581,Michael Stefanic,David Festa,0,a15f211b-dc53-4b74-a59d-c613b3c511e8,701581.0,davidfesta,"Festa, D",Right,David Festa,MIN,5.08,3.94,51.1,101.0,102.0,103.0,0.735,10.87,2.81,8.42,1.58,0.86,0.246,0.457,0.167,0.348,0.403,74.0,105.0,106.0,106.0,97.0,99.0,,,,121.0,104.0,105.0,,,,,0.404,,0.316,0.281,-1.1,,,1.89,-1.18,94.8,,88.4,,86.2,0.22,0.508,0.42,0.319,0.58,0.19,,,,,,,,,,,,,,,,0.181,0.292,0.273,,,,,,,,,,,,,,,,,,,,,,,,
2024-09-09,745860,Hit By Pitch,hit_by_pitch,False,683021,678692,Michael Stefanic,Ronny Henriquez,0,6d2eacbc-5fad-4073-b068-56b9d06ec7cb,678692.0,ronnyhenriquez,Henriquez,Right,Ronny Henriquez,MIN,2.81,5.45,16.0,103.0,107.0,105.0,0.746,6.75,1.69,7.88,1.13,1.79,0.184,0.347,0.143,0.469,0.454,86.0,105.0,99.0,125.0,107.0,117.0,124.0,113.0,106.0,111.0,96.0,100.0,,,,0.029,0.303,,0.345,0.324,-0.53,,5.97,-1.48,3.11,95.5,,90.6,95.0,88.4,0.174,0.174,0.341,0.25,0.5,0.119,,,,,,,,,,,,,,,,0.313,0.563,0.378,,,,,,,,,,,,,,,,,,,,,,,,
2024-09-10,745856,Strikeout,strikeout,True,683021,641154,Michael Stefanic,Pablo López,0,467bf1eb-4caf-4997-85ba-2ba9525c7120,641154.0,pablolopez,"López, P",Right,Pablo López,MIN,3.84,3.55,175.2,104.0,98.0,105.0,0.745,9.58,1.9,8.45,1.18,1.2,0.241,0.44,0.135,0.297,0.437,95.0,104.0,105.0,97.0,105.0,101.0,97.0,108.0,107.0,106.0,102.0,109.0,,,,0.073,0.409,,0.222,0.194,2.12,,-2.83,-0.55,-0.37,95.0,,88.5,94.6,84.4,0.296,0.38,0.234,0.19,0.32,0.268,,,,0.414,0.638,0.15,,,,,,,0.243,0.471,0.336,,,,92.0,103.0,108.0,0.103,-1.54,82.4,,,,,,,,,,0.229,0.412,0.343,,,,,,
2024-09-10,745856,Forceout,force_out,True,683021,641154,Michael Stefanic,Pablo López,1,7473ee6b-a57b-4871-acd3-c5f71a1f3559,641154.0,pablolopez,"López, P",Right,Pablo López,MIN,3.84,3.55,175.2,104.0,98.0,105.0,0.745,9.58,1.9,8.45,1.18,1.2,0.241,0.44,0.135,0.297,0.437,95.0,104.0,105.0,97.0,105.0,101.0,97.0,108.0,107.0,106.0,102.0,109.0,,,,0.073,0.409,,0.222,0.194,2.12,,-2.83,-0.55,-0.37,95.0,,88.5,94.6,84.4,0.296,0.38,0.234,0.19,0.32,0.268,,,,0.414,0.638,0.15,,,,,,,0.243,0.471,0.336,,,,92.0,103.0,108.0,0.103,-1.54,82.4,,,,,,,,,,0.229,0.412,0.343,,,,,,
2024-09-10,745856,Single,single,False,683021,641154,Michael Stefanic,Pablo López,0,0af695e1-9f09-402a-91cc-dbce47faea3f,641154.0,pablolopez,"López, P",Right,Pablo López,MIN,3.84,3.55,175.2,104.0,98.0,105.0,0.745,9.58,1.9,8.45,1.18,1.2,0.241,0.44,0.135,0.297,0.437,95.0,104.0,105.0,97.0,105.0,101.0,97.0,108.0,107.0,106.0,102.0,109.0,,,,0.073,0.409,,0.222,0.194,2.12,,-2.83,-0.55,-0.37,95.0,,88.5,94.6,84.4,0.296,0.38,0.234,0.19,0.32,0.268,,,,0.414,0.638,0.15,,,,,,,0.243,0.471,0.336,,,,92.0,103.0,108.0,0.103,-1.54,82.4,,,,,,,,,,0.229,0.412,0.343,,,,,,
2024-09-10,745856,Grounded Into DP,grounded_into_double_play,True,683021,686973,Michael Stefanic,Louie Varland,1,335798da-1e0c-464e-a5b7-fc4e0853c59c,686973.0,louievarland,Varland,Right,Louie Varland,MIN,8.57,5.95,42.0,99.0,101.0,99.0,0.799,8.14,3.0,13.07,2.36,1.35,0.287,0.373,0.093,0.38,0.465,95.0,91.0,93.0,104.0,104.0,103.0,91.0,109.0,104.0,,,,92.0,93.0,92.0,0.04,0.393,0.279,,0.109,-0.86,-3.61,-5.44,,-0.3,96.0,89.9,89.3,93.7,,0.267,0.267,0.118,0.333,0.591,0.209,0.333,0.614,0.231,0.5,0.875,0.059,108.0,92.0,98.0,0.179,-1.4,84.6,0.3,0.375,0.278,,,,,,,,,,,,,,,,,,,,,,,,,,,
2024-09-11,745857,Groundout,field_out,True,683021,661395,Michael Stefanic,Jhoan Duran,1,9e4ac1b6-1e57-4051-917f-6b117e4bcc81,661395.0,jhoanduran,"Duran, J",Right,Jhoan Duran,MIN,4.1,2.82,48.1,97.0,132.0,97.0,0.72,10.43,2.42,8.01,0.74,2.85,0.271,0.38,0.264,0.202,0.44,,,,123.0,101.0,95.0,,,,,,,,,,,0.41,,,,-0.14,,,,,100.5,,,,,,,,0.29,0.387,0.346,,,,,,,,,,,,,0.152,0.326,0.45,,,,131.0,96.0,103.0,0.274,-0.16,86.1,146.0,92.0,94.0,0.316,1.76,97.0,0.243,0.365,0.189,,,,,,,,,
2024-09-18,746172,Flyout,field_out,True,683021,694363,Michael Stefanic,Jared Shuster,0,d91079ed-24b9-47b2-ab89-506473f0e30d,694363.0,jaredshuster,Shuster,Left,Jared Shuster,CHW,4.35,4.88,70.1,100.0,75.0,93.0,0.788,6.65,3.71,9.34,1.15,0.8,0.282,0.401,0.145,0.26,0.413,71.0,99.0,94.0,71.0,98.0,86.0,68.0,105.0,92.0,86.0,105.0,102.0,,,,0.046,0.38,,0.286,0.288,-0.54,,-0.66,0.54,-0.79,92.5,,84.1,91.9,86.0,0.253,0.387,0.296,0.277,0.491,0.162,,,,0.313,0.5,0.088,,,,,,,,,,0.25,0.319,0.274,,,,,,,,,,,,,,,,,,,,,,,,
2024-09-18,746172,Groundout,field_out,True,683021,681402,Michael Stefanic,Gus Varland,0,cfde19f6-9f48-447f-b381-37f2c15e6fe2,681402.0,gusvarland,Varland,Right,Gus Varland,- - -,3.57,3.73,22.2,105.0,116.0,111.0,0.764,9.93,2.78,11.12,0.79,1.13,0.25,0.441,0.088,0.235,0.474,70.0,83.0,76.0,122.0,106.0,113.0,108.0,106.0,98.0,113.0,106.0,113.0,,,,0.03,0.531,,0.39,0.05,1.13,,7.0,-3.01,-1.12,95.3,,89.7,95.2,88.6,0.2,0.2,0.2,0.282,0.333,0.23,,,,0.0,0.0,0.0,,,,,,,,,,0.348,0.522,0.265,,,,,,,,,,,,,,,,,,,,,,,,
2024-09-21,746338,Strikeout,strikeout,True,683021,661527,Michael Stefanic,Seth Martinez,0,295858d6-705e-4377-b1b5-d20c0d34e977,661527.0,sethmartinez,"Martinez, S",Right,Seth Martinez,HOU,3.59,4.12,52.2,100.0,94.0,96.0,0.803,6.15,3.08,8.37,1.2,0.98,0.238,0.421,0.201,0.329,0.402,32.0,96.0,86.0,73.0,100.0,94.0,104.0,101.0,91.0,136.0,102.0,108.0,,,,0.21,0.326,,0.319,0.146,0.5,,2.08,-1.46,-0.85,90.8,,84.7,89.8,79.1,0.258,0.387,0.286,0.271,0.424,0.186,,,,0.217,0.283,0.141,,,,,,,,,,,,,,,,,,,,,,,,,,,,0.238,0.54,0.298,,,,,,
2024-09-25,746742,Single,single,False,683021,605121,Michael Stefanic,Justin Anderson,1,e09fc054-f30f-4fee-a1ce-040f7aa7e084,605121.0,justinanderson,"Anderson, J",Right,Justin Anderson,CHW,4.39,5.0,53.1,98.0,112.0,99.0,0.723,9.62,5.4,8.1,0.84,0.9,0.207,0.393,0.167,0.34,0.392,,,,104.0,97.0,95.0,99.0,96.0,91.0,127.0,98.0,104.0,74.0,106.0,102.0,0.145,0.325,0.076,0.454,,0.43,-1.43,-0.2,0.0,,96.0,92.4,,94.8,85.6,,,,0.188,0.281,0.256,0.444,0.611,0.075,0.258,0.29,0.175,,,,,,,,,,0.217,0.37,0.41,,,,,,,,,,,,,,,,,,,,,,,,
2024-09-26,746738,Pop Out,field_out,True,683021,623167,Michael Stefanic,Chris Flexen,0,4343143c-1190-46e2-8b5a-09a435d67a6b,623167.0,chrisflexen,Flexen,Right,Chris Flexen,CHW,4.95,4.8,160.0,97.0,56.0,92.0,0.789,6.92,3.54,10.13,1.35,0.79,0.249,0.41,0.156,0.304,0.373,126.0,99.0,104.0,2.0,93.0,82.0,74.0,108.0,87.0,148.0,102.0,103.0,47.0,101.0,90.0,0.002,0.37,0.261,0.087,0.157,-0.64,-0.75,2.01,-2.65,-1.32,91.3,87.4,81.3,91.4,80.0,0.257,0.436,0.379,0.261,0.473,0.132,0.319,0.536,0.218,,,,,,,,,,0.246,0.393,0.308,0.361,0.475,0.271,83.0,98.0,101.0,0.122,0.43,72.0,,,,,,,,,,,,,,,,,,
2024-09-26,746738,Groundout,field_out,True,683021,683568,Michael Stefanic,Jairo Iriarte,0,7b8222a2-9c7c-45e8-9adf-bfb480b19aed,683568.0,jairoiriarte,Iriarte,Right,Jairo Iriarte,CHW,1.5,4.14,6.0,79.0,95.0,82.0,0.756,9.0,12.0,4.5,0.0,1.14,0.25,0.438,0.188,0.188,0.35,92.0,62.0,63.0,80.0,98.0,99.0,,,,107.0,67.0,72.0,,,,,0.46,,0.401,0.139,1.82,,,-0.48,-0.7,94.1,,87.2,,81.9,0.0,0.0,0.286,0.167,0.167,0.048,,,,,,,,,,,,,,,,0.167,0.167,0.471,,,,,,,,,,,,,,,,,,,,,,,,
2024-09-27,746173,Strikeout,strikeout,True,683021,594798,Michael Stefanic,Jacob deGrom,0,fca965b1-94c6-4879-8717-94b5865f8ca8,594798.0,jacobdegrom,deGrom,Right,Jacob deGrom,TEX,1.69,2.56,10.2,110.0,143.0,122.0,0.711,11.81,0.84,9.28,0.84,0.83,0.25,0.321,0.321,0.393,0.459,111.0,109.0,106.0,138.0,116.0,127.0,,,,154.0,105.0,119.0,,,,,0.459,,0.453,0.058,-0.57,,,0.51,8.34,97.3,,90.5,,90.0,0.0,0.0,0.667,0.278,0.556,0.256,,,,,,,,,,,,,,,,0.3,0.35,0.342,125.0,117.0,108.0,0.029,0.17,81.1,,,,,,,,,,,,,,,,,,
2024-09-27,746173,Strikeout,strikeout,True,683021,670036,Michael Stefanic,Matt Festa,0,b3d679cf-19f5-440c-a472-8edb65dbc4da,670036.0,mattfesta,"Festa, M",Right,Matt Festa,,,,,,,,,,,,,,,,,,,,,,,,,,,,,,,,,,,,,,,,,,,,,,,,,,,,0.143,0.343,0.292,0.233,0.333,0.281,,,,,,,,,,,,,,,,,,,,,,,,,,,,,,,0.36,0.52,0.197,,,,,,
2024-09-27,746173,Groundout,field_out,True,683021,605177,Michael Stefanic,Andrew Chafin,1,3d9c3d4e-6c68-4cd6-bd7a-18c8cb04c9ce,605177.0,andrewchafin,Chafin,Left,Andrew Chafin,- - -,3.51,3.59,56.1,90.0,89.0,92.0,0.664,11.18,4.95,8.31,0.8,0.9,0.25,0.313,0.146,0.257,0.289,,,,71.0,90.0,81.0,75.0,91.0,82.0,107.0,88.0,105.0,,,,0.375,0.166,,0.458,,1.45,,-1.09,1.38,,91.7,,,91.7,82.1,,,,0.176,0.353,0.206,,,,0.44,0.547,0.142,,,,,,,,,,0.127,0.186,0.547,,,,,,,,,,,,,,,,,,,,,,,,
2024-09-27,746173,Flyout,field_out,True,683021,489446,Michael Stefanic,Kirby Yates,1,27fc7464-46d7-4af0-bf22-c477a3b8a249,489446.0,kirbyyates,Yates,Right,Kirby Yates,TEX,1.17,1.81,61.2,102.0,97.0,102.0,0.69,12.41,4.09,3.36,0.44,1.08,0.215,0.421,0.165,0.248,0.401,,,,90.0,103.0,101.0,,,,93.0,96.0,103.0,,,,,0.608,,0.006,,2.33,,,0.4,,93.1,,,,85.8,,,,0.113,0.21,0.352,,,,,,,,,,,,,,,,,,,,,,,,,109.0,99.0,103.0,0.387,1.84,86.3,0.114,0.139,0.311,,,,,,,,,
2024-09-28,746171,Double,double,False,683021,571760,Michael Stefanic,Andrew Heaney,1,df17ed2e-c97d-4c0c-80b8-9e950e35bc48,571760.0,andrewheaney,Heaney,Left,Andrew Heaney,TEX,4.28,4.49,160.0,102.0,80.0,99.0,0.76,8.94,2.31,8.94,1.29,0.75,0.247,0.407,0.148,0.304,0.428,83.0,102.0,94.0,77.0,102.0,98.0,34.0,82.0,74.0,79.0,100.0,103.0,20.0,51.0,51.0,0.014,0.501,0.001,0.278,0.17,0.15,-19.13,-4.52,-0.26,0.46,91.5,86.6,83.7,92.2,82.5,0.239,0.384,0.243,0.23,0.412,0.213,,,,0.455,0.455,0.125,,,,,,,0.5,1.1,0.188,0.26,0.385,0.36,126.0,105.0,103.0,0.036,-3.31,75.6,,,,,,,,,,,,,,,,,,
2024-09-28,746171,Groundout,field_out,True,683021,571760,Michael Stefanic,Andrew Heaney,0,060bbe2b-dab4-4c0b-98d5-f9c184e19e97,571760.0,andrewheaney,Heaney,Left,Andrew Heaney,TEX,4.28,4.49,160.0,102.0,80.0,99.0,0.76,8.94,2.31,8.94,1.29,0.75,0.247,0.407,0.148,0.304,0.428,83.0,102.0,94.0,77.0,102.0,98.0,34.0,82.0,74.0,79.0,100.0,103.0,20.0,51.0,51.0,0.014,0.501,0.001,0.278,0.17,0.15,-19.13,-4.52,-0.26,0.46,91.5,86.6,83.7,92.2,82.5,0.239,0.384,0.243,0.23,0.412,0.213,,,,0.455,0.455,0.125,,,,,,,0.5,1.1,0.188,0.26,0.385,0.36,126.0,105.0,103.0,0.036,-3.31,75.6,,,,,,,,,,,,,,,,,,
2024-09-28,746171,Walk,walk,False,683021,642520,Michael Stefanic,Gerson Garabito,1,1e04959a-28e5-4745-ae18-a284e6789c89,642520.0,gersongarabito,Garabito,Right,Gerson Garabito,TEX,4.78,6.69,26.1,101.0,97.0,100.0,0.8,7.52,4.1,7.86,1.37,0.84,0.195,0.481,0.143,0.299,0.392,74.0,90.0,85.0,97.0,99.0,96.0,85.0,110.0,106.0,83.0,60.0,69.0,,,,0.104,0.392,,0.049,0.116,-1.82,,1.24,-2.94,-1.78,93.3,,86.6,92.1,88.7,0.2,0.467,0.222,0.333,0.7,0.163,,,,0.333,0.333,0.105,,,,,,,0.171,0.171,0.297,0.0,0.0,0.111,109.0,110.0,111.0,0.339,2.75,82.1,,,,,,,,,,,,,,,,,,
2024-09-28,746171,Lineout,field_out,True,683021,687847,Michael Stefanic,Marc Church,0,cfd35bf9-8967-4c9a-8e50-ac738b784e26,687847.0,marcchurch,Church,Right,Marc Church,,,,,,,,,,,,,,,,,,,,,,,,,,,,,,,,,,,,,,,,,,,,,,,,,,,,,,,,,,,,,,,,,,,,,,0.333,0.667,0.333,,,,,,,,,,,,,,,,,,,,,,,,
2024-09-29,746174,Walk,walk,False,683021,543135,Michael Stefanic,Nathan Eovaldi,0,fe62c5ef-9f81-48d2-a4c9-5656525fc97c,543135.0,nathaneovaldi,Eovaldi,Right,Nathan Eovaldi,TEX,3.8,3.86,170.2,104.0,98.0,103.0,0.751,8.75,2.21,7.75,1.21,1.47,0.227,0.399,0.119,0.341,0.458,,,,75.0,105.0,98.0,,,,114.0,102.0,102.0,91.0,108.0,99.0,,0.374,0.148,0.033,,0.83,-1.41,,-0.69,,95.4,91.4,,,86.3,,,,0.212,0.335,0.178,0.327,0.624,0.2,,,,,,,,,,0.214,0.471,0.355,0.269,0.462,0.25,99.0,104.0,104.0,0.137,-0.79,76.7,127.0,101.0,110.0,0.308,1.55,88.4,0.2,0.286,0.366,,,,,,,,,
2024-09-29,746174,Groundout,field_out,True,683021,543135,Michael Stefanic,Nathan Eovaldi,0,ea236ce3-175c-470c-bdc5-d4f19acb6474,543135.0,nathaneovaldi,Eovaldi,Right,Nathan Eovaldi,TEX,3.8,3.86,170.2,104.0,98.0,103.0,0.751,8.75,2.21,7.75,1.21,1.47,0.227,0.399,0.119,0.341,0.458,,,,75.0,105.0,98.0,,,,114.0,102.0,102.0,91.0,108.0,99.0,,0.374,0.148,0.033,,0.83,-1.41,,-0.69,,95.4,91.4,,,86.3,,,,0.212,0.335,0.178,0.327,0.624,0.2,,,,,,,,,,0.214,0.471,0.355,0.269,0.462,0.25,99.0,104.0,104.0,0.137,-0.79,76.7,127.0,101.0,110.0,0.308,1.55,88.4,0.2,0.286,0.366,,,,,,,,,
2024-09-29,746174,Single,single,True,683021,543135,Michael Stefanic,Nathan Eovaldi,1,576e2f4a-e0ba-4f25-a984-2414b10bdb55,543135.0,nathaneovaldi,Eovaldi,Right,Nathan Eovaldi,TEX,3.8,3.86,170.2,104.0,98.0,103.0,0.751,8.75,2.21,7.75,1.21,1.47,0.227,0.399,0.119,0.341,0.458,,,,75.0,105.0,98.0,,,,114.0,102.0,102.0,91.0,108.0,99.0,,0.374,0.148,0.033,,0.83,-1.41,,-0.69,,95.4,91.4,,,86.3,,,,0.212,0.335,0.178,0.327,0.624,0.2,,,,,,,,,,0.214,0.471,0.355,0.269,0.462,0.25,99.0,104.0,104.0,0.137,-0.79,76.7,127.0,101.0,110.0,0.308,1.55,88.4,0.2,0.286,0.366,,,,,,,,,
