gameId,pitcher_id,pitcher_name,batter_id,batter_name,description,type,startSpeed,endSpeed,strikeZoneTop,strikeZoneBottom,zone,x,y,pX,pY,verticalMovement,horizontalMovement
747075,450203,Charlie Morton,453568,Charlie Blackmon,Called Strike,Four-Seam Fastball,95.2,87.3,3.38539051816063,1.61225651990129,5,114.5,172.35,0.06567185417499576,2.460414953231315,-20.5,15.6
747075,450203,Charlie Morton,453568,Charlie Blackmon,Called Strike,Four-Seam Fastball,95.8,88.2,3.4120194198716,1.58605963151042,8,116.3,180.73,0.018319538104054896,2.149891539741783,-22.1,16.4
747075,450203,Charlie Morton,453568,Charlie Blackmon,Foul,Four-Seam Fastball,95.4,87.7,3.39,1.61,6,93.5,172.08,0.6164976996948363,2.470388050466458,-21.7,17.0
747075,450203,Charlie Morton,453568,Charlie Blackmon,Single,Curveball,82.3,76.0,3.39,1.61,14,114.51,203.79,0.0653123795489962,1.2958902544696458,-47.9,-12.7
747075,450203,Charlie Morton,678662,Ezequiel Tovar,Foul,Sinker,94.3,86.5,3.25,1.49,11,150.07,174.53,-0.8674846924007417,2.379787590238622,-26.9,19.2
747075,450203,Charlie Morton,678662,Ezequiel Tovar,Ball,Four-Seam Fastball,94.8,86.9,3.11162844608226,1.48898007099173,14,70.79,177.71,1.2123256831821614,2.2618489950378224,-18.1,17.0
747075,450203,Charlie Morton,678662,Ezequiel Tovar,Ball,Curveball,82.8,77.7,3.20327735827205,1.48898007099173,13,161.6,185.81,-1.1701762572020253,1.9617057210345836,-44.0,-1.7
747075,450203,Charlie Morton,678662,Ezequiel Tovar,Forceout,Curveball,82.3,76.2,3.25,1.49,9,90.27,184.53,0.7011217901477147,2.0092533029631587,-49.7,-6.7
747075,450203,Charlie Morton,686668,Brenton Doyle,Called Strike,Four-Seam Fastball,95.2,87.2,3.37911153827184,1.59313212179953,6,102.51,173.04,0.38013588985480606,2.4347265434379963,-19.1,12.2
747075,450203,Charlie Morton,686668,Brenton Doyle,Foul,Curveball,82.9,76.4,3.38,1.64,2,108.51,156.82,0.22273681913233567,3.0354782795728608,-47.0,-10.7
747075,450203,Charlie Morton,686668,Brenton Doyle,Ball,Curveball,82.6,75.9,3.4020182083141,1.59313212179953,14,15.94,231.13,2.651278468172051,0.28341768099750314,-53.3,-13.4
747075,450203,Charlie Morton,686668,Brenton Doyle,Swinging Strike,Curveball,82.1,75.8,3.38,1.64,14,83.06,224.49,0.890433821597969,0.5290866846497847,-51.0,-14.5
747075,450203,Charlie Morton,641857,Ryan McMahon,Single,Four-Seam Fastball,94.4,87.0,3.44,1.57,14,79.05,176.73,0.9954717231638311,2.298014199670025,-20.4,11.2
747075,450203,Charlie Morton,663898,Brendan Rodgers,Ball,Curveball,83.2,77.1,3.27457232720901,1.45726292387658,14,21.05,208.79,2.517264500526311,1.1109106808671643,-49.1,-10.7
747075,450203,Charlie Morton,663898,Brendan Rodgers,Groundout,Sinker,96.3,88.5,3.39,1.55,1,135.34,154.1,-0.48103627696243145,3.1363335285262286,-27.6,16.9
747075,687134,Bradley Blalock,671739,Michael Harris II,Lineout,Four-Seam Fastball,92.7,84.9,3.42,1.6,6,101.34,169.16,0.410816417463296,2.5783853399188836,-15.1,6.2
747075,687134,Bradley Blalock,624585,Jorge Soler,Called Strike,Four-Seam Fastball,93.2,85.7,3.62203427551155,1.73607203500826,9,89.72,178.09,0.7155974213161546,2.2476969768313695,-16.9,6.5
747075,687134,Bradley Blalock,624585,Jorge Soler,Flyout,Four-Seam Fastball,93.4,85.7,3.6,1.76,1,147.65,156.98,-0.8041344427731881,3.029783715595175,-15.4,4.7
747075,687134,Bradley Blalock,542303,Marcell Ozuna,Called Strike,Four-Seam Fastball,94.4,86.9,3.55493038387171,1.71314339643585,3,99.6,157.94,0.45659604534213066,2.9939853664610006,-13.4,3.7
747075,687134,Bradley Blalock,542303,Marcell Ozuna,Ball,Four-Seam Fastball,94.9,86.7,3.48447883574994,1.71113727047637,1,143.51,142.8,-0.6955452996893229,3.554878712551444,-13.9,4.1
747075,687134,Bradley Blalock,542303,Marcell Ozuna,Double,Curveball,81.5,75.5,3.51,1.76,5,107.58,172.11,0.2470740275260846,2.4693007580633517,-50.8,-0.1
747075,687134,Bradley Blalock,621566,Matt Olson,Double,Cutter,90.8,83.6,3.53,1.75,5,116.46,166.34,0.014181389863978254,2.6828937879100123,-23.6,2.3
747075,687134,Bradley Blalock,518595,Travis d'Arnaud,Ball,Four-Seam Fastball,94.3,85.9,3.52492895222156,1.6289904383253,12,99.03,134.16,0.4713220387644937,3.8748351034439397,-12.2,6.1
747075,687134,Bradley Blalock,518595,Travis d'Arnaud,Ball,Slider,86.1,80.2,3.41040568617552,1.65191981602829,14,67.81,200.72,1.2903721390859304,1.4097126524733206,-39.5,-4.2
747075,687134,Bradley Blalock,518595,Travis d'Arnaud,Swinging Strike,Slider,86.7,80.4,3.48,1.63,8,112.32,186.01,0.12286594738990467,1.9544352855723839,-34.9,-5.4
747075,687134,Bradley Blalock,518595,Travis d'Arnaud,Swinging Strike,Four-Seam Fastball,94.6,85.7,3.48,1.63,1,131.76,142.78,-0.38713881294017183,3.5557301402429182,-12.1,5.5
747075,687134,Bradley Blalock,518595,Travis d'Arnaud,Ball,Four-Seam Fastball,94.4,86.3,3.52492895222156,1.56020119934466,12,112.05,112.28,0.12986276387330226,4.6850714569460585,-11.5,2.4
747075,687134,Bradley Blalock,518595,Travis d'Arnaud,Ball,Slider,87.0,80.5,3.45621681771369,1.5831311243461,12,73.35,166.26,1.1452152590787001,2.6860165217130327,-37.0,-5.5
747075,687134,Bradley Blalock,672284,Jarred Kelenic,Ball,Splitter,85.5,79.0,3.60493253838325,1.62728094373016,14,113.16,215.01,0.10071535127256069,0.8803603432678198,-29.8,13.0
747075,687134,Bradley Blalock,672284,Jarred Kelenic,Ball,Splitter,84.7,78.1,3.44461082622301,1.48970084826311,11,170.71,124.28,-1.409112203166574,4.240594279538562,-30.7,11.6
747075,687134,Bradley Blalock,672284,Jarred Kelenic,Foul,Splitter,86.0,79.0,3.56,1.72,5,124.48,169.35,-0.19619796750781474,2.5715825368647427,-28.7,12.8
747075,687134,Bradley Blalock,672284,Jarred Kelenic,Called Strike,Splitter,85.6,79.1,3.4904201541141,1.58142160257907,1,147.41,157.96,-0.7976893185130836,2.9934279316736,-29.2,12.6
747075,687134,Bradley Blalock,672284,Jarred Kelenic,Foul,Four-Seam Fastball,93.5,86.1,3.56,1.72,6,98.78,159.32,0.47808962983885,2.942862100851453,-17.0,7.4
747075,687134,Bradley Blalock,672284,Jarred Kelenic,Foul,Four-Seam Fastball,94.9,87.3,3.56,1.72,6,100.91,173.33,0.4220959224981109,2.424193065907766,-13.1,5.3
747075,687134,Bradley Blalock,672284,Jarred Kelenic,Home Run,Splitter,86.2,80.5,3.56,1.72,8,108.48,191.93,0.22361666450093795,1.735233675777611,-26.3,8.5
747075,687134,Bradley Blalock,606115,Orlando Arcia,Ball,Slider,86.6,79.4,3.5523492600912,1.61484561635913,12,86.34,124.92,0.804329801022303,4.217116902171829,-39.6,-1.7
747075,687134,Bradley Blalock,606115,Orlando Arcia,Ball,Slider,85.7,79.6,3.52856836415314,1.68262450099691,9,106.08,196.24,0.28650570436197237,1.575544539652464,-38.9,-5.0
747075,687134,Bradley Blalock,606115,Orlando Arcia,Foul,Four-Seam Fastball,92.8,85.1,3.37,1.57,5,113.49,164.56,0.09197797673415589,2.7490564493046303,-15.6,9.5
747075,687134,Bradley Blalock,606115,Orlando Arcia,Ball,Four-Seam Fastball,93.5,85.9,3.50654328455164,1.66070441489722,14,35.08,174.08,2.149191496019593,2.396394426568499,-13.7,5.0
747075,687134,Bradley Blalock,606115,Orlando Arcia,Ball,Four-Seam Fastball,93.2,85.7,3.34620315773518,1.61484561635913,12,70.82,157.46,1.2116354130269351,3.0120108867340907,-14.9,3.4
747075,687134,Bradley Blalock,570482,Gio Urshela,Flyout,Four-Seam Fastball,92.6,85.1,3.44,1.63,6,105.72,168.65,0.29580955399042325,2.597464279553138,-12.0,5.8
747075,450203,Charlie Morton,669911,Michael Toglia,Ball,Four-Seam Fastball,94.4,86.3,3.6762457359031,1.76900148741878,11,163.88,157.17,-1.2298399557387005,3.0224986462583128,-23.3,18.2
747075,450203,Charlie Morton,669911,Michael Toglia,Swinging Strike,Curveball,81.6,75.3,3.7,1.77,14,90.31,198.43,0.7002769585169066,1.4943825938041257,-48.8,-13.6
747075,450203,Charlie Morton,669911,Michael Toglia,Ball,Four-Seam Fastball,95.4,87.0,3.69914418387428,1.76900148741878,11,156.0,155.08,-1.023173484598938,3.10010027283882,-18.6,17.3
747075,450203,Charlie Morton,669911,Michael Toglia,Foul,Four-Seam Fastball,95.2,86.6,3.7,1.77,13,148.98,177.74,-0.838922198366983,2.2606518716124975,-20.2,18.1
747075,450203,Charlie Morton,669911,Michael Toglia,Foul,Curveball,82.2,75.6,3.7,1.77,14,113.15,194.79,0.10107601974462078,1.629346795827631,-50.3,-13.2
747075,450203,Charlie Morton,669911,Michael Toglia,Foul,Changeup,86.1,79.1,3.7,1.77,13,153.39,186.3,-0.9545836609207178,1.9437190582545312,-36.5,18.6
747075,450203,Charlie Morton,669911,Michael Toglia,Called Strike,Curveball,81.4,74.8,3.69914418387428,1.76900148741878,8,114.92,186.82,0.054496935787874096,1.9244585130046237,-51.0,-14.9
747075,450203,Charlie Morton,666134,Nolan Jones,Ball,Cutter,87.8,81.0,3.68493650698741,1.78778242668974,11,175.74,156.34,-1.5409669896192604,3.0532762502785356,-31.3,-0.1
747075,450203,Charlie Morton,666134,Nolan Jones,Ball,Changeup,86.4,79.2,3.66203763599258,1.74192591286904,11,194.22,159.16,-2.025930955164927,2.9488299889771357,-35.0,18.4
747075,450203,Charlie Morton,666134,Nolan Jones,Ball,Cutter,88.1,81.4,3.63913808962481,1.69606853380012,14,113.03,197.05,0.10418716923612543,1.5456438121256684,-30.1,1.3
747075,450203,Charlie Morton,666134,Nolan Jones,Ball,Four-Seam Fastball,95.1,87.1,3.66203763599258,1.71899732859254,14,84.42,186.74,0.8547685519683863,1.9273442799335296,-19.6,15.2
747075,450203,Charlie Morton,656541,Sam Hilliard,Ball,Curveball,81.8,75.7,3.51332389607717,1.61313401393599,14,81.62,222.92,0.9281091183862469,0.5875389111148059,-50.3,-12.4
747075,450203,Charlie Morton,656541,Sam Hilliard,Called Strike,Four-Seam Fastball,94.1,86.4,3.55912949776351,1.68192196387469,9,88.92,179.22,0.7366344326988133,2.2059170424096552,-21.7,16.1
747075,450203,Charlie Morton,656541,Sam Hilliard,Triple,Curveball,82.2,75.9,3.56,1.66,9,96.09,187.28,0.5486091854448061,1.90752941790117,-46.0,-12.8
747075,450203,Charlie Morton,691011,Drew Romo,Swinging Strike,Four-Seam Fastball,93.9,86.2,3.01,1.44,5,118.03,180.21,-0.026906338782932596,2.169242609781315,-20.8,13.3
747075,450203,Charlie Morton,691011,Drew Romo,Swinging Strike,Four-Seam Fastball,95.1,86.6,3.01,1.44,4,145.51,176.86,-0.7478657772366588,2.2933918382164356,-20.6,13.3
747075,450203,Charlie Morton,691011,Drew Romo,Foul,Curveball,82.8,76.6,3.01,1.44,14,80.27,200.2,0.9634969409356715,1.428982196774947,-46.6,-13.4
747075,450203,Charlie Morton,691011,Drew Romo,Swinging Strike,Curveball,81.9,75.6,3.01,1.44,14,76.54,224.96,1.0614971029498281,0.5119448230405098,-52.4,-12.7
747075,450203,Charlie Morton,453568,Charlie Blackmon,Foul,Changeup,85.2,77.7,3.39,1.61,7,138.78,185.61,-0.5713635107707776,1.9690863568723804,-35.9,18.4
747075,450203,Charlie Morton,453568,Charlie Blackmon,Ball,Curveball,82.7,76.7,3.38911300562425,1.56312972877601,14,46.43,248.79,1.8512966731036753,-0.3708775567978815,-50.3,-10.9
747075,450203,Charlie Morton,453568,Charlie Blackmon,Foul,Four-Seam Fastball,95.2,87.0,3.39,1.61,2,111.62,149.67,0.14124365986195764,3.3003705065394757,-22.4,14.0
747075,450203,Charlie Morton,453568,Charlie Blackmon,Foul,Four-Seam Fastball,94.9,87.1,3.39,1.61,4,148.53,169.43,-0.8270905415515235,2.568361873265279,-19.4,14.5
747075,450203,Charlie Morton,453568,Charlie Blackmon,Foul,Curveball,83.1,76.4,3.39,1.61,8,111.08,186.51,0.15522476447572714,1.9360399644844157,-50.0,-10.6
747075,450203,Charlie Morton,453568,Charlie Blackmon,Double,Changeup,85.5,78.3,3.39,1.61,14,113.34,213.78,0.09603409740757221,0.9257652432909824,-37.6,19.6
747075,450203,Charlie Morton,678662,Ezequiel Tovar,Foul,Cutter,88.5,81.9,3.25,1.49,2,112.31,162.58,0.12314014124778175,2.8223531338211036,-29.6,-2.3
747075,450203,Charlie Morton,678662,Ezequiel Tovar,Ball,Four-Seam Fastball,94.5,86.5,3.18036589834114,1.55777090266551,12,98.15,135.59,0.49460003859645446,3.821998968595336,-20.3,12.2
747075,450203,Charlie Morton,678662,Ezequiel Tovar,Foul,Sinker,94.5,86.9,3.25,1.49,1,139.11,158.77,-0.5801164087912519,2.963406724165971,-28.4,18.2
747075,450203,Charlie Morton,678662,Ezequiel Tovar,Foul,Four-Seam Fastball,94.7,87.0,3.25,1.49,1,147.9,155.87,-0.8105400392850728,3.0708512391755365,-19.1,12.2
747075,450203,Charlie Morton,678662,Ezequiel Tovar,Ball,Curveball,83.1,77.2,3.13454143508314,1.48898007099173,14,32.47,232.6,2.2175637644562114,0.22877076375505326,-48.5,-14.4
747075,450203,Charlie Morton,678662,Ezequiel Tovar,Foul,Curveball,84.2,77.1,3.25,1.49,14,88.52,202.43,0.7471099836198969,1.3463290558634897,-50.3,-11.3
747075,450203,Charlie Morton,678662,Ezequiel Tovar,Swinging Strike,Curveball,82.0,75.3,3.25,1.49,14,63.73,232.46,1.3974616483917437,0.23404229499113038,-51.7,-12.6
747075,687134,Bradley Blalock,663897,Luke Williams,Ball,Four-Seam Fastball,92.8,85.4,3.24619088011353,1.6407035619543,12,72.43,140.57,1.1693193568534175,3.6375564447825557,-15.1,4.4
747075,687134,Bradley Blalock,663897,Luke Williams,Ball,Cutter,88.6,81.7,3.15454583711728,1.59484443582591,11,117.13,145.36,-0.0034771389265683744,3.459854343935126,-26.8,0.1
747075,687134,Bradley Blalock,663897,Luke Williams,Ball,Four-Seam Fastball,92.9,84.8,3.2003694049236,1.6407035619543,11,117.85,139.39,-0.022349519556904656,3.681051529697651,-13.1,4.6
747075,687134,Bradley Blalock,663897,Luke Williams,Ball,Four-Seam Fastball,92.2,84.1,3.2003694049236,1.61777409154352,11,122.09,140.65,-0.13345258226432433,3.634522274747131,-14.2,3.8
747075,687134,Bradley Blalock,671739,Michael Harris II,Ball,Four-Seam Fastball,91.6,83.8,3.37240887835151,1.6209012938447,6,87.73,168.17,0.7677771239450433,2.6150559723067293,-15.2,4.6
747075,687134,Bradley Blalock,671739,Michael Harris II,Called Strike,Splitter,85.2,79.2,3.3274869253671,1.46140707885524,5,122.4,170.36,-0.14168917874342501,2.534027587699532,-33.7,11.2
747075,687134,Bradley Blalock,671739,Michael Harris II,Ball,Four-Seam Fastball,92.7,85.3,3.41911533942749,1.53019848393478,11,152.27,135.1,-0.9253916208644946,3.840114675031223,-13.0,2.6
747075,687134,Bradley Blalock,671739,Michael Harris II,Ball,Four-Seam Fastball,92.1,84.5,3.37330228957588,1.53019848393478,12,114.99,131.51,0.052646185606018886,3.9728737298558303,-12.0,1.0
747075,687134,Bradley Blalock,671739,Michael Harris II,Pop Out,Four-Seam Fastball,91.5,84.2,3.42,1.6,3,97.42,161.73,0.5137263541234285,2.853623544838337,-12.7,-0.1
747075,687134,Bradley Blalock,624585,Jorge Soler,Ball,Four-Seam Fastball,93.3,85.5,3.66783369733334,1.78192866186575,11,175.2,131.52,-1.5269384718839905,3.9724324605067123,-12.8,3.6
747075,687134,Bradley Blalock,624585,Jorge Soler,Called Strike,Slider,85.0,79.2,3.62203427551155,1.71314339643585,8,122.72,180.92,-0.14994451486946633,2.1430753661998896,-37.1,-3.4
747075,687134,Bradley Blalock,624585,Jorge Soler,Groundout,Slider,84.3,78.1,3.6,1.76,8,112.18,176.31,0.1265151354124692,2.3137608168687187,-39.2,-4.8
747075,687134,Bradley Blalock,542303,Marcell Ozuna,Ball,Slider,84.4,77.8,3.5091245504901,1.78192866186575,14,75.01,177.64,1.1016307822235978,2.264379400266964,-40.7,-4.7
747075,687134,Bradley Blalock,542303,Marcell Ozuna,Groundout,Slider,85.6,79.0,3.51,1.76,6,105.23,174.66,0.30878422575173675,2.3749541521857362,-36.8,-5.3
747075,450203,Charlie Morton,686668,Brenton Doyle,Ball,Sinker,93.8,85.9,3.44782977696916,1.63899127557131,14,90.45,201.02,0.6965745772353431,1.3985041474806117,-25.8,19.3
747075,450203,Charlie Morton,686668,Brenton Doyle,Called Strike,Four-Seam Fastball,93.6,85.3,3.44694343080527,1.66090804035347,12,83.05,160.42,0.890760660780792,2.90226391876488,-19.8,17.9
747075,450203,Charlie Morton,686668,Brenton Doyle,Ball,Cutter,88.1,81.2,3.4020182083141,1.59313212179953,14,57.63,209.62,1.5575108685554577,1.0800132778103315,-32.0,-0.2
747075,450203,Charlie Morton,686668,Brenton Doyle,Swinging Strike,Curveball,82.5,76.2,3.38,1.64,9,95.36,194.54,0.5677040960757862,1.6385608493514614,-47.9,-11.2
747075,450203,Charlie Morton,686668,Brenton Doyle,Ball,Curveball,81.1,74.5,3.44782977696916,1.6160617911271,14,7.06,219.18,2.8841107969993423,0.7259891929357613,-47.4,-17.3
747075,450203,Charlie Morton,686668,Brenton Doyle,Flyout,Four-Seam Fastball,94.1,85.8,3.38,1.64,1,138.65,157.08,-0.5678918886427512,3.025794804145783,-21.1,15.0
747075,450203,Charlie Morton,641857,Ryan McMahon,Ball,Four-Seam Fastball,93.9,86.3,3.46202307544091,1.5689860794508,11,162.16,143.84,-1.1847840299978945,3.5161228521743024,-22.7,16.9
747075,450203,Charlie Morton,641857,Ryan McMahon,Ball,Cutter,87.4,81.0,3.34749158007448,1.59191593738277,11,188.92,154.37,-1.8867462563033814,3.1262471783750647,-31.9,-0.6
747075,450203,Charlie Morton,641857,Ryan McMahon,Ball,Curveball,82.3,75.5,3.39241185064308,1.56796651962772,13,148.71,171.82,-0.8319894884090787,2.4800447835775223,-45.8,-12.5
747075,450203,Charlie Morton,641857,Ryan McMahon,Called Strike,Four-Seam Fastball,94.3,85.9,3.34749158007448,1.61484561635913,2,119.57,158.74,-0.06730703832156862,2.964408536996842,-18.6,14.0
747075,450203,Charlie Morton,641857,Ryan McMahon,Ball,Cutter,88.3,81.6,3.39330594111173,1.54605604817645,11,172.39,150.98,-1.4532121982526558,3.2517994846246254,-31.6,-0.7
747075,450203,Charlie Morton,663898,Brendan Rodgers,Ball,Cutter,87.5,81.3,3.29748158576736,1.5260544130672,14,76.67,193.32,1.0581290385666475,1.6837215423983332,-31.6,1.3
747075,450203,Charlie Morton,663898,Brendan Rodgers,Ball,Curveball,82.1,76.1,3.29658949971279,1.52503343970708,13,143.63,201.36,-0.6987279695413652,1.3861073586561588,-49.1,-8.9
747075,450203,Charlie Morton,663898,Brendan Rodgers,Foul,Sinker,94.2,86.1,3.39,1.55,4,128.59,176.81,-0.3039954248494211,2.2952284608741764,-27.6,21.2
747075,450203,Charlie Morton,663898,Brendan Rodgers,Swinging Strike,Cutter,85.4,79.3,3.39,1.55,14,101.35,201.37,0.41050959964829387,1.3854867498919217,-38.2,-3.7
747075,450203,Charlie Morton,663898,Brendan Rodgers,Foul,Four-Seam Fastball,93.0,85.3,3.39,1.55,1,141.31,154.27,-0.6376990519707387,3.1300622744535564,-23.2,12.0
747075,450203,Charlie Morton,663898,Brendan Rodgers,Swinging Strike,Curveball,81.8,75.0,3.39,1.55,14,80.65,208.18,0.9535722648661921,1.1333063829522267,-52.6,-9.8
747075,450203,Charlie Morton,669911,Michael Toglia,Foul,Four-Seam Fastball,94.0,85.9,3.7,1.77,11,153.3,151.88,-0.9523614651925145,3.2185945680449612,-19.9,16.6
747075,450203,Charlie Morton,669911,Michael Toglia,Ball,Four-Seam Fastball,93.7,86.1,3.72204194364269,1.76900148741878,13,155.35,173.75,-1.0062169304288815,2.4085930829173385,-19.7,12.5
747075,450203,Charlie Morton,669911,Michael Toglia,Foul,Curveball,82.4,75.5,3.7,1.77,9,89.86,180.55,0.7119044654290907,2.1568412712399683,-50.4,-11.9
747075,450203,Charlie Morton,669911,Michael Toglia,Ball,Four-Seam Fastball,93.7,85.8,3.6762457359031,1.76900148741878,14,75.17,183.05,1.097285033771581,2.064043614883352,-22.3,14.8
747075,450203,Charlie Morton,669911,Michael Toglia,Groundout,Curveball,82.2,75.6,3.7,1.77,8,121.75,185.73,-0.12465340245039763,1.9649830488240518,-48.6,-16.0
747075,687134,Bradley Blalock,621566,Matt Olson,Ball,Four-Seam Fastball,93.7,85.4,3.50622315949275,1.7260715696731,1,127.52,141.5,-0.2761145931789625,3.6029323424570316,-10.7,7.3
747075,687134,Bradley Blalock,621566,Matt Olson,Ball,Four-Seam Fastball,92.4,84.5,3.48331922536438,1.70314283921649,14,101.56,200.79,0.404990384508955,1.4069768695648726,-13.2,5.8
747075,687134,Bradley Blalock,621566,Matt Olson,Flyout,Slider,85.3,79.6,3.53,1.75,9,106.41,190.46,0.27776554297440087,1.7896244843885043,-36.0,-2.4
747075,687134,Bradley Blalock,518595,Travis d'Arnaud,Called Strike,Four-Seam Fastball,93.8,85.9,3.43331155107297,1.606060872547,9,97.82,184.48,0.5031929043712484,2.0111616759714295,-10.4,9.5
747075,687134,Bradley Blalock,518595,Travis d'Arnaud,Ball,Four-Seam Fastball,93.5,85.0,3.45621681771369,1.606060872547,12,91.83,128.67,0.6602909605279925,4.0779701452979,-12.6,9.4
747075,687134,Bradley Blalock,518595,Travis d'Arnaud,Ball,Curveball,81.0,74.4,3.41040568617552,1.67484899997643,12,87.78,140.23,0.7666255633634945,3.6500889423575926,-52.6,0.4
747075,687134,Bradley Blalock,518595,Travis d'Arnaud,Swinging Strike,Four-Seam Fastball,92.8,84.2,3.48,1.63,11,150.75,140.34,-0.885539666909486,3.645978665428037,-12.6,4.8
747075,687134,Bradley Blalock,518595,Travis d'Arnaud,Foul,Slider,86.6,79.9,3.48,1.63,6,103.38,177.41,0.35734358368993885,2.273129466381742,-36.2,-3.2
747075,687134,Bradley Blalock,518595,Travis d'Arnaud,Ball,Slider,85.9,80.5,3.43331155107297,1.5831311243461,14,93.88,213.56,0.606452378129455,0.9339365404658077,-40.0,-2.3
747075,687134,Bradley Blalock,518595,Travis d'Arnaud,Ball,Four-Seam Fastball,94.0,86.4,3.45621681771369,1.606060872547,12,99.61,108.99,0.45614444596805115,4.806911275486297,-13.6,3.2
747075,687134,Bradley Blalock,672284,Jarred Kelenic,Foul,Four-Seam Fastball,92.8,84.8,3.56,1.72,12,82.8,146.99,0.897191078759217,3.399755599045867,-14.8,2.3
747075,687134,Bradley Blalock,672284,Jarred Kelenic,Forceout,Four-Seam Fastball,92.8,84.9,3.56,1.72,9,96.43,179.7,0.5396980947160808,2.188047886574787,-14.5,4.3
747075,687134,Bradley Blalock,606115,Orlando Arcia,Called Strike,Slider,84.3,78.2,3.48275934058434,1.59090338299622,13,127.71,200.48,-0.28104655990276584,1.4184964397995574,-38.5,-0.1
747075,687134,Bradley Blalock,606115,Orlando Arcia,Ball,Slider,85.5,79.3,3.41492392341863,1.54605604817645,14,82.07,193.85,0.9163005519512658,1.664227513930283,-36.8,-2.9
747075,687134,Bradley Blalock,606115,Orlando Arcia,Foul,Four-Seam Fastball,93.8,85.4,3.37,1.57,2,121.41,160.09,-0.11570108190852818,2.9143306366806185,-9.6,3.8
747075,687134,Bradley Blalock,606115,Orlando Arcia,Groundout,Slider,86.0,80.3,3.37,1.57,14,84.69,186.36,0.8477020163552335,1.9414537772545495,-37.8,-4.1
747075,450203,Charlie Morton,666134,Nolan Jones,Called Strike,Sinker,93.0,84.8,3.75362898848206,1.69606853380012,6,93.15,171.76,0.6257554159863796,2.4822737599265223,-27.7,16.3
747075,450203,Charlie Morton,666134,Nolan Jones,Called Strike,Curveball,81.1,74.5,3.72987969678225,1.83263396786084,13,150.8,188.11,-0.8866220376360788,1.8765391983857085,-50.3,-13.2
747075,450203,Charlie Morton,666134,Nolan Jones,Foul,Curveball,80.3,73.5,3.64,1.72,14,101.63,208.98,0.40327581759467457,1.1036546788514892,-50.9,-14.5
747075,450203,Charlie Morton,666134,Nolan Jones,Ball,Four-Seam Fastball,93.8,85.3,3.68407662362982,1.76385018974064,3,104.16,141.25,0.33679524011811524,3.6122612153390836,-19.1,13.3
747075,450203,Charlie Morton,666134,Nolan Jones,Ball,Curveball,80.2,73.7,3.59333700222565,1.65021033564959,13,144.39,222.2,-0.7184622425580908,0.61404122703486,-53.9,-16.3
747075,450203,Charlie Morton,666134,Nolan Jones,Called Strike,Four-Seam Fastball,94.3,86.1,3.57043547684214,1.67313953424124,3,98.44,154.59,0.4870058106815163,3.1181980658940915,-19.3,16.2
747075,450203,Charlie Morton,656541,Sam Hilliard,Ball,Four-Seam Fastball,93.7,86.0,3.6736321611472,1.77363638621508,12,70.2,161.93,1.2277971559700198,2.846321584453996,-21.4,19.1
747075,450203,Charlie Morton,656541,Sam Hilliard,Ball,Cutter,88.8,82.6,3.55912949776351,1.70485088568342,14,105.62,208.91,0.29850100752302594,1.1062916384473025,-28.3,2.2
747075,450203,Charlie Morton,656541,Sam Hilliard,Called Strike,Changeup,86.6,79.6,3.6736321611472,1.7507081026357,9,104.98,193.54,0.315277926734956,1.6754845444568334,-37.1,19.2
747075,450203,Charlie Morton,656541,Sam Hilliard,Ball,Sinker,93.5,85.8,3.58203134208141,1.70485088568342,14,36.59,193.25,2.1096420062010584,1.6862668423370804,-29.3,20.6
747075,450203,Charlie Morton,656541,Sam Hilliard,Ball,Curveball,82.0,75.4,3.58203134208141,1.70485088568342,13,133.83,217.83,-0.44157848342907813,0.7761078127404716,-51.4,-12.2
747075,450203,Charlie Morton,691011,Drew Romo,Foul,Curveball,81.0,74.9,3.01,1.44,5,117.27,181.92,-0.00702553918188647,2.1059472265413057,-45.8,-13.9
747075,450203,Charlie Morton,691011,Drew Romo,Ball,Four-Seam Fastball,93.5,84.8,3.0778202560131,1.46190672842401,11,166.21,151.14,-1.291099431920385,3.2460699997096123,-20.9,17.5
747075,450203,Charlie Morton,691011,Drew Romo,Swinging Strike,Four-Seam Fastball,92.9,84.9,3.01,1.44,5,113.62,182.13,0.0887905310414692,2.098246405480315,-19.2,16.8
747075,450203,Charlie Morton,691011,Drew Romo,Swinging Strike,Four-Seam Fastball,93.8,85.6,3.01,1.44,5,111.16,178.78,0.153211179006305,2.2223447140795782,-18.2,17.2
747075,450203,Charlie Morton,453568,Charlie Blackmon,Ball,Four-Seam Fastball,93.0,84.7,3.38911300562425,1.58605963151042,12,116.2,122.9,0.02095860727700421,4.291977058033543,-18.8,14.6
747075,687134,Bradley Blalock,570482,Gio Urshela,Ball,Slider,85.4,79.2,3.14129958035942,1.39968724067331,14,83.59,205.72,0.8766233987770309,1.2244963000456304,-36.1,-5.3
747075,687134,Bradley Blalock,570482,Gio Urshela,Foul,Four-Seam Fastball,92.0,84.0,3.44,1.63,3,98.7,148.89,0.480212129676138,3.3292761290433135,-13.9,2.4
747075,687134,Bradley Blalock,570482,Gio Urshela,Ball,Slider,86.7,80.6,3.39330594111173,1.606060872547,14,89.42,214.14,0.7236594086803471,0.9125494872053672,-37.6,-0.8
747075,687134,Bradley Blalock,570482,Gio Urshela,Groundout,Four-Seam Fastball,92.1,84.8,3.44,1.63,2,121.01,143.08,-0.1051718698431508,3.5445652420647926,-14.5,2.8
747075,687134,Bradley Blalock,663897,Luke Williams,Foul,Four-Seam Fastball,92.6,84.9,3.27,1.55,2,106.66,151.79,0.2711483477427579,3.221824596295972,-12.4,3.6
747075,687134,Bradley Blalock,663897,Luke Williams,Ball,Curveball,79.2,73.0,3.26910081486024,1.57191460043784,11,153.25,142.56,-0.9511103519158283,3.5638629571500586,-57.5,2.9
747075,687134,Bradley Blalock,663897,Luke Williams,Foul,Curveball,77.8,72.4,3.27,1.55,8,113.34,194.25,0.0959473042418436,1.6493221461383545,-58.0,4.2
747075,687134,Bradley Blalock,663897,Luke Williams,Ball,Curveball,80.3,75.1,3.2003694049236,1.59484443582591,14,101.37,243.98,0.4100809923684927,-0.19251965791711775,-54.4,-0.6
747075,687134,Bradley Blalock,663897,Luke Williams,Foul,Slider,84.5,78.3,3.27,1.55,6,99.29,178.43,0.46460870763178025,2.2351655777224395,-43.1,-1.0
747075,687134,Bradley Blalock,663897,Luke Williams,Ball,Four-Seam Fastball,95.1,87.5,3.24619088011353,1.59484443582591,12,49.39,166.97,1.7737777608653174,2.659667692704085,-13.0,2.8
747075,687134,Bradley Blalock,663897,Luke Williams,Foul,Slider,84.7,78.1,3.27,1.55,11,134.47,144.42,-0.4582157015616388,3.4947903495249797,-38.5,-1.8
747075,687134,Bradley Blalock,663897,Luke Williams,Ball,Slider,84.5,78.6,3.29201020465528,1.6407035619543,14,79.14,231.39,0.9931717302388232,0.2737247906211524,-40.0,-0.4
747075,687134,Bradley Blalock,671739,Michael Harris II,Pitchout,Four-Seam Fastball,93.0,84.5,3.42,1.6,11,167.88,95.1,-1.3348910304298178,5.321449585526799,-13.6,4.4
747075,687134,Bradley Blalock,671739,Michael Harris II,Single,Splitter,83.3,76.6,3.42,1.6,11,150.39,155.36,-0.8759400274497419,3.089632597788715,-30.4,11.9
747075,687134,Bradley Blalock,624585,Jorge Soler,Called Strike,Slider,83.8,77.6,3.55333019991064,1.75900045875518,2,120.13,150.44,-0.08203048199155247,3.2718165156683745,-38.8,-2.5
747075,687134,Bradley Blalock,624585,Jorge Soler,Ball,Curveball,77.6,71.7,3.5974125641704,1.77992959009659,1,135.97,143.43,-0.49761074867714916,3.531568330744541,-57.1,1.2
747075,687134,Bradley Blalock,624585,Jorge Soler,Flyout,Slider,83.4,77.6,3.6,1.76,11,152.94,154.06,-0.9427835427485078,3.137740696557218,-39.5,-3.6
747075,687134,Bradley Blalock,542303,Marcell Ozuna,Swinging Strike,Slider,84.5,78.2,3.51,1.76,8,125.1,181.22,-0.21253100167859462,2.131714578375912,-41.5,-1.9
747075,687134,Bradley Blalock,542303,Marcell Ozuna,Called Strike,Four-Seam Fastball,94.0,86.1,3.44041114362166,1.6672854978998,6,99.76,174.49,0.4522149344088406,2.380932965017579,-12.7,5.4
747075,687134,Bradley Blalock,542303,Marcell Ozuna,Foul,Slider,85.5,79.7,3.51,1.76,14,102.92,216.77,0.3693113958481313,0.815301610716325,-39.7,-0.7
747075,687134,Bradley Blalock,542303,Marcell Ozuna,Ball,Slider,87.1,80.7,3.62363432318011,1.73607203500826,13,127.05,223.77,-0.2636463653288184,0.5560708077771018,-35.3,-0.5
747075,687134,Bradley Blalock,542303,Marcell Ozuna,Pop Out,Curveball,79.3,73.5,3.51,1.76,7,147.02,193.59,-0.7876089316455588,1.6736563712030013,-55.3,3.1
747075,450203,Charlie Morton,453568,Charlie Blackmon,Called Strike,Four-Seam Fastball,94.1,86.2,3.50275419829453,1.67676628728239,11,149.34,159.66,-0.8483856646263025,2.9303044587034885,-18.6,18.2
747075,450203,Charlie Morton,453568,Charlie Blackmon,Ball,Four-Seam Fastball,93.2,85.1,3.4120194198716,1.60898935672777,11,157.92,166.05,-1.073416328297556,2.693787412084335,-20.9,19.0
747075,450203,Charlie Morton,453568,Charlie Blackmon,Ball,Four-Seam Fastball,94.0,86.4,3.38911300562425,1.58605963151042,14,67.12,184.26,1.3085776914337746,2.0191423823685692,-20.3,19.6
747075,450203,Charlie Morton,453568,Charlie Blackmon,Ball,Curveball,81.9,75.6,3.4120194198716,1.56312972877601,13,176.37,173.78,-1.5575353015688518,2.4073489741834098,-47.8,-10.2
747075,450203,Charlie Morton,453568,Charlie Blackmon,Lineout,Sinker,93.5,85.9,3.39,1.61,5,107.1,178.94,0.2598263320423609,2.216381204638298,-25.8,21.5
747075,450203,Charlie Morton,678662,Ezequiel Tovar,Called Strike,Cutter,87.7,81.3,3.27110526849859,1.48796188537307,11,132.46,146.21,-0.40547350157623063,3.428441390821552,-31.6,-2.4
747075,450203,Charlie Morton,678662,Ezequiel Tovar,Foul,Changeup,84.9,78.1,3.25,1.49,6,98.31,166.63,0.4904547678219281,2.6721192300503964,-38.9,19.7
747075,450203,Charlie Morton,678662,Ezequiel Tovar,Foul,Four-Seam Fastball,94.5,86.5,3.25,1.49,3,103.86,152.54,0.344832611183057,3.194245755932582,-20.2,16.9
747075,450203,Charlie Morton,678662,Ezequiel Tovar,Ball,Curveball,82.5,75.9,2.92830728955271,1.42018785325011,13,117.63,238.11,-0.016633676451443778,0.024800570704083896,-51.4,-10.6
747075,450203,Charlie Morton,678662,Ezequiel Tovar,Swinging Strike,Curveball,82.2,75.7,3.25,1.49,14,114.67,207.35,0.06117394018298547,1.1640279082678537,-51.5,-13.3
747075,450203,Charlie Morton,686668,Brenton Doyle,Foul,Cutter,86.9,80.5,3.38,1.64,2,126.59,158.36,-0.2515878507547751,2.978396806096078,-32.8,0.7
747075,450203,Charlie Morton,686668,Brenton Doyle,Ball,Four-Seam Fastball,92.9,85.7,3.42492429038639,1.59313212179953,12,74.45,160.12,1.1162690614083868,2.913460662713269,-22.9,15.4
747075,450203,Charlie Morton,686668,Brenton Doyle,Swinging Strike,Changeup,85.0,77.9,3.38,1.64,8,116.23,184.42,0.020204107678989024,2.013336393973312,-38.9,20.3
747075,450203,Charlie Morton,686668,Brenton Doyle,Foul,Sinker,92.1,84.4,3.38,1.64,12,115.96,137.32,0.027250527319897567,3.7578437840397116,-29.3,17.9
747075,450203,Charlie Morton,686668,Brenton Doyle,Single,Four-Seam Fastball,93.4,85.5,3.38,1.64,6,103.57,177.17,0.35238229150938155,2.2817529219596677,-21.2,13.6
747075,450203,Charlie Morton,641857,Ryan McMahon,Pop Out,Four-Seam Fastball,92.9,85.0,3.44,1.57,9,96.91,188.24,0.5271692902395292,1.8719346603065246,-19.2,17.4
747075,687134,Bradley Blalock,621566,Matt Olson,Foul,Four-Seam Fastball,92.0,83.9,3.53,1.75,8,115.17,180.46,0.04812716897981984,2.1599216694208363,-15.8,5.5
747075,687134,Bradley Blalock,621566,Matt Olson,Ball,Four-Seam Fastball,93.4,85.4,3.52912647114749,1.77192838788844,12,130.68,142.31,1.525705385509952,3.3385635415083796,-13.1,3.5
747075,687134,Bradley Blalock,621566,Matt Olson,Ball,Splitter,84.7,78.2,3.48331922536438,1.68021390222231,14,80.75,205.25,0.9509842516041637,1.2416725522327263,-34.3,9.8
747075,687134,Bradley Blalock,621566,Matt Olson,Foul,Four-Seam Fastball,91.1,84.2,3.53,1.75,4,139.62,175.05,-0.5933848665619094,2.360513049654419,-14.6,5.6
747075,687134,Bradley Blalock,621566,Matt Olson,Ball,Four-Seam Fastball,93.8,85.8,3.48331922536438,1.74900008782804,12,61.2,148.96,1.463893861419434,3.3266472732141983,-13.7,0.5
747075,687134,Bradley Blalock,621566,Matt Olson,Ball,Four-Seam Fastball,91.7,84.4,3.50622315949275,1.74900008782804,13,125.8,198.32,-0.23078375529061293,1.4984060485675355,-15.0,4.1
747075,687134,Bradley Blalock,518595,Travis d'Arnaud,Ball,Four-Seam Fastball,91.4,83.8,3.47912147852978,1.65191981602829,14,72.27,195.93,1.1733532034632586,1.5871504989146303,-14.4,2.5
747075,687134,Bradley Blalock,518595,Travis d'Arnaud,Called Strike,Slider,85.0,79.2,3.50202552591175,1.67484899997643,8,116.0,195.13,0.026321100806998676,1.6167286550670892,-37.1,-3.2
747075,687134,Bradley Blalock,518595,Travis d'Arnaud,Swinging Strike,Four-Seam Fastball,92.3,84.9,3.48,1.63,2,121.59,155.8,-0.12036451230924983,3.0733678567162115,-13.9,4.4
747075,687134,Bradley Blalock,518595,Travis d'Arnaud,Swinging Strike,Slider,83.6,77.5,3.48,1.63,5,119.74,164.03,-0.07182633111965277,2.768507439778143,-40.0,-1.7
747075,687134,Bradley Blalock,672284,Jarred Kelenic,Ball,Four-Seam Fastball,92.8,85.1,3.55912949776351,1.62728094373016,14,66.68,185.01,1.3200762348124693,1.991633593970913,-12.8,2.8
747075,687134,Bradley Blalock,672284,Jarred Kelenic,Ball,Slider,82.7,76.8,3.51332389607717,1.58142160257907,13,167.58,194.73,-1.326956918284707,1.6313840026172444,-39.1,-1.4
747075,687134,Bradley Blalock,672284,Jarred Kelenic,Ball,Four-Seam Fastball,91.1,83.7,3.55912949776351,1.65021033564959,14,96.2,207.14,0.5457831217405261,1.1717213773008999,-13.1,3.6
747075,687134,Bradley Blalock,672284,Jarred Kelenic,Called Strike,Four-Seam Fastball,91.4,83.9,3.30716863529713,1.55849166462052,4,130.29,167.38,-0.3486831686402914,2.6444734715694618,-15.0,2.3
747075,687134,Bradley Blalock,672284,Jarred Kelenic,Foul,Four-Seam Fastball,91.3,84.0,3.56,1.72,7,134.67,178.58,-0.463440545954626,2.2297043255821074,-15.1,3.0
747075,687134,Bradley Blalock,672284,Jarred Kelenic,Swinging Strike,Four-Seam Fastball,89.7,82.2,3.56,1.72,5,120.7,158.57,-0.0970387226312663,2.970725462451785,-16.4,3.8
747075,687134,Bradley Blalock,606115,Orlando Arcia,Called Strike,Curveball,76.8,70.9,3.34620315773518,1.54605604817645,5,112.05,167.85,0.12985065406465798,2.627203138948785,-56.6,5.4
747075,687134,Bradley Blalock,606115,Orlando Arcia,Lineout,Four-Seam Fastball,93.7,85.6,3.37,1.57,6,95.34,171.07,0.5681467649511008,2.5076572899750773,-13.1,3.2
747075,669276,Dylan Lee,663898,Brendan Rodgers,Ball,Slider,82.4,77.2,3.27457232720901,1.50312407222447,13,131.93,224.37,-0.3915768342181343,0.5335503549217189,-31.4,3.1
747075,669276,Dylan Lee,663898,Brendan Rodgers,Called Strike,Slider,82.2,76.2,3.34329843336901,1.50312407222447,6,90.74,165.33,0.6888144656049574,2.720447659247411,-34.2,6.4
747075,669276,Dylan Lee,663898,Brendan Rodgers,Ball,Changeup,85.2,78.5,3.34329843336901,1.48019357399322,14,80.41,181.1,0.959853555211063,2.136358311401284,-23.9,-9.0
747075,669276,Dylan Lee,663898,Brendan Rodgers,Foul,Slider,83.4,77.2,3.39,1.55,4,145.54,176.78,-0.748705982938915,2.296471919010118,-33.2,8.0
747075,669276,Dylan Lee,663898,Brendan Rodgers,Called Strike,Four-Seam Fastball,94.3,85.7,3.29748158576736,1.48019357399322,7,145.1,193.22,-0.7372422196138022,1.6874645247245004,-9.8,-6.0
747075,669276,Dylan Lee,669911,Michael Toglia,Ball,Slider,85.6,79.5,3.72204194364269,1.74607315919558,14,114.45,208.36,0.0670247469828227,1.1265779612034026,-29.9,4.3
747075,669276,Dylan Lee,669911,Michael Toglia,Ball,Changeup,85.8,79.3,3.76783536667941,1.72314461361589,13,125.49,219.1,-0.2227484590586939,0.7289128311656411,-21.8,-7.6
747075,669276,Dylan Lee,669911,Michael Toglia,Ball,Slider,83.7,78.2,3.65334660765263,1.70021585646897,13,152.87,230.91,-0.9410304410855074,0.29131958989831813,-30.5,2.2
747075,669276,Dylan Lee,669911,Michael Toglia,Called Strike,Four-Seam Fastball,92.6,84.7,3.74493900724347,1.70021585646897,6,95.49,157.11,0.5644215103757718,3.024814138060541,-11.3,-6.7
747075,669276,Dylan Lee,669911,Michael Toglia,Called Strike,Four-Seam Fastball,91.8,84.4,3.76698675786148,1.79093251010095,13,122.36,196.48,-0.14065594290640016,1.5667972634752974,-12.4,-5.3
747075,669276,Dylan Lee,669911,Michael Toglia,Ball,Four-Seam Fastball,93.9,86.2,3.79073101391926,1.76900148741878,14,101.44,202.75,0.4083235388191846,1.334514499423863,-11.2,-5.5
747075,669276,Dylan Lee,666134,Nolan Jones,Ball,Four-Seam Fastball,91.7,83.8,3.59333700222565,1.65021033564959,13,121.11,201.83,-0.10771191997855392,1.3683786805783202,-13.0,-4.7
747075,669276,Dylan Lee,666134,Nolan Jones,Foul,Four-Seam Fastball,92.7,84.5,3.64,1.72,5,118.66,172.08,-0.043499867745944415,2.470498581724417,-12.4,-5.6
747075,669276,Dylan Lee,666134,Nolan Jones,Lineout,Four-Seam Fastball,92.2,83.7,3.64,1.72,5,121.0,169.84,-0.1048152934174365,2.5533231539036403,-12.6,-8.6
747075,669276,Dylan Lee,656541,Sam Hilliard,Swinging Strike,Slider,84.9,78.6,3.56,1.66,5,125.21,175.55,-0.21536826515214885,2.3419443823614237,-33.2,4.6
747075,669276,Dylan Lee,656541,Sam Hilliard,Called Strike,Slider,85.7,79.2,3.4217052555011,1.61313401393599,7,146.96,187.39,-0.7860741411523029,1.9034748990639372,-35.2,6.2
747075,669276,Dylan Lee,656541,Sam Hilliard,Called Strike,Slider,85.3,78.4,3.53622701318974,1.68192196387469,2,109.29,158.16,0.20238586973817974,2.985782150928689,-37.6,5.4
747075,656234,Jake Bird,570482,Gio Urshela,Swinging Strike,Sinker,95.3,87.8,3.44,1.63,9,100.85,190.49,0.42358324211273884,1.788636499472247,-27.2,15.4
747075,656234,Jake Bird,570482,Gio Urshela,Groundout,Sinker,94.4,86.3,3.44,1.63,11,159.71,169.16,-1.1205182248335954,2.5784050470705613,-31.1,15.8
747075,656234,Jake Bird,663897,Luke Williams,Foul,Sinker,95.5,87.2,3.27,1.55,7,143.94,184.22,-0.7068784256804009,2.0207966018254053,-30.2,17.9
747075,656234,Jake Bird,663897,Luke Williams,Ball,Slider,87.6,81.1,3.31491904215682,1.61777409154352,14,34.73,194.93,2.158228596675226,1.6241571427974175,-34.6,-4.9
747075,656234,Jake Bird,663897,Luke Williams,Ball,Sinker,95.7,88.4,3.31491904215682,1.61777409154352,13,149.5,203.51,-0.8526770112995263,1.3063294092337072,-28.3,16.1
747075,656234,Jake Bird,663897,Luke Williams,Groundout,Sinker,95.5,88.1,3.27,1.55,2,115.77,155.37,0.03231321037931743,3.089435401074693,-28.1,13.2
747075,656234,Jake Bird,671739,Michael Harris II,Called Strike,Sinker,96.4,89.0,3.35039489303622,1.55312863182215,4,141.64,170.92,-0.6464114127510834,2.51348307233202,-25.4,15.0
747075,656234,Jake Bird,671739,Michael Harris II,Double,Curveball,82.7,76.1,3.42,1.6,6,103.57,179.26,0.3523888004366384,2.2043854662563365,-46.6,-12.7
747075,656234,Jake Bird,624585,Jorge Soler,Swinging Strike,Slider,87.0,80.4,3.6,1.76,14,63.84,175.4,1.3946200968657394,2.3475789566005765,-29.2,-8.2
747075,656234,Jake Bird,624585,Jorge Soler,Ball,Slider,88.2,81.4,3.6449343211664,1.73607203500826,14,14.22,208.18,2.6964817154691856,1.1332654315358024,-31.1,-6.8
747075,656234,Jake Bird,624585,Jorge Soler,Single,Sinker,96.3,89.2,3.6,1.76,13,119.12,196.39,-0.055546399142068575,1.5701666544054116,-23.3,13.1
747075,656234,Jake Bird,542303,Marcell Ozuna,Called Strike,Sinker,95.2,87.5,3.71523026791129,1.78192866186575,4,129.25,160.21,-0.32147918347561294,2.9101315567330817,-25.0,14.3
747075,656234,Jake Bird,542303,Marcell Ozuna,Ball,Sinker,94.3,86.4,3.57783234615476,1.73607203500826,11,208.1,150.35,-2.389937557646243,3.2752541045045973,-27.0,16.8
747075,656234,Jake Bird,542303,Marcell Ozuna,Ball,Slider,86.5,79.8,3.62363432318011,1.75900045875518,12,73.7,164.88,1.1360114500517873,2.736923098593991,-32.9,-5.6
747075,656234,Jake Bird,542303,Marcell Ozuna,Swinging Strike,Slider,87.9,80.9,3.51,1.76,14,54.82,174.32,1.6312435972120158,2.3875910074941173,-31.3,-5.3
747075,656234,Jake Bird,542303,Marcell Ozuna,Ball,Curveball,83.9,77.2,3.60073366185569,1.71314339643585,14,40.85,206.65,1.9977373496945425,1.1899944728183074,-49.1,-13.0
747075,656234,Jake Bird,542303,Marcell Ozuna,Ball,Sinker,96.7,88.7,3.48622069479158,1.73607203500826,13,183.46,185.42,-1.743668329478874,1.9763316413987688,-26.2,15.5
747075,678821,Luis Peralta,621566,Matt Olson,Ball,Curveball,82.7,77.0,3.39169741649314,1.70314283921649,13,188.19,219.13,-1.8677427638772648,0.7277315223173124,-44.4,9.1
747075,678821,Luis Peralta,621566,Matt Olson,Lineout,Four-Seam Fastball,94.6,86.5,3.53,1.75,5,127.41,163.86,-0.27315870228172695,2.774974698809234,-15.6,-5.3
747075,572955,Pierce Johnson,691011,Drew Romo,Foul,Cutter,91.5,84.8,3.01,1.44,9,86.63,189.71,0.7968318386812416,1.8175501757629244,-21.6,2.6
747075,572955,Pierce Johnson,691011,Drew Romo,Foul,Curveball,84.1,78.1,3.01,1.44,9,98.15,196.32,0.4944411344443678,1.5726915999132751,-41.5,-9.1
747075,572955,Pierce Johnson,691011,Drew Romo,Swinging Strike,Curveball,85.5,79.7,3.01,1.44,14,95.24,212.72,0.5709564707427568,0.9651146194971358,-43.6,-5.5
747075,572955,Pierce Johnson,453568,Charlie Blackmon,Ball,Curveball,84.4,78.0,3.38911300562425,1.58605963151042,14,60.08,229.98,1.4933413269924993,0.32590645793831785,-46.1,-9.7
747075,572955,Pierce Johnson,453568,Charlie Blackmon,Ball,Four-Seam Fastball,94.6,86.2,3.43404237872082,1.60797470902314,1,146.99,159.48,-0.7866896853129276,2.9369448589148797,-15.5,14.6
747075,572955,Pierce Johnson,453568,Charlie Blackmon,Called Strike,Four-Seam Fastball,94.9,86.5,3.43492524287235,1.60898935672777,5,123.81,177.64,-0.17873726649040875,2.2645591618141574,-15.8,14.6
747075,572955,Pierce Johnson,453568,Charlie Blackmon,Ball,Four-Seam Fastball,94.8,85.9,3.45783046708359,1.58605963151042,11,122.47,126.02,-0.14347966635065082,4.1761647046763475,-14.6,12.2
747075,572955,Pierce Johnson,453568,Charlie Blackmon,Foul,Curveball,83.6,77.0,3.39,1.61,1,133.35,144.29,-0.4288460839495767,3.499524155717687,-43.6,-10.3
747075,572955,Pierce Johnson,453568,Charlie Blackmon,Called Strike,Four-Seam Fastball,95.7,86.8,3.4120194198716,1.56312972877601,8,107.38,187.77,0.2523072170678364,1.8891429627851721,-15.4,12.6
747075,572955,Pierce Johnson,678662,Ezequiel Tovar,Called Strike,Cutter,91.5,84.2,3.22528285795121,1.44209703959682,14,74.46,181.16,1.1160649195548755,2.134206109991863,-25.4,1.8
747075,572955,Pierce Johnson,678662,Ezequiel Tovar,Lineout,Curveball,85.3,79.0,3.25,1.49,14,111.09,205.1,0.15492155948731925,1.24745320269102,-47.3,-1.8
747075,678821,Luis Peralta,518595,Travis d'Arnaud,Called Strike,Four-Seam Fastball,94.6,86.2,3.52492895222156,1.6289904383253,6,93.09,169.75,0.6272996104598126,2.5567579263217945,-17.0,-9.1
747075,678821,Luis Peralta,518595,Travis d'Arnaud,Ball,Four-Seam Fastball,95.5,86.9,3.47912147852978,1.606060872547,11,152.8,166.12,-0.9391948546712852,2.691073462706974,-15.5,-9.1
747075,678821,Luis Peralta,518595,Travis d'Arnaud,Foul,Curveball,82.5,76.2,3.48,1.63,7,148.23,180.01,-0.8192252735598051,2.1766992179603566,-43.4,8.6
747075,678821,Luis Peralta,518595,Travis d'Arnaud,Ball,Curveball,82.2,76.2,3.38749923055529,1.44554911727203,14,57.27,175.58,1.5670332721325018,2.340894068278619,-43.1,7.9
747075,678821,Luis Peralta,518595,Travis d'Arnaud,Foul,Four-Seam Fastball,95.2,86.6,3.48,1.63,6,87.66,174.04,0.7696656778858789,2.397646025052511,-14.2,-7.1
747075,678821,Luis Peralta,518595,Travis d'Arnaud,Swinging Strike,Four-Seam Fastball,96.1,87.8,3.48,1.63,3,105.69,153.83,0.2967284826030353,3.146254380613048,-14.5,-5.3
747075,678821,Luis Peralta,672284,Jarred Kelenic,Foul,Four-Seam Fastball,95.1,86.7,3.56,1.72,5,111.76,161.58,0.13734525161345143,2.859135430144231,-13.8,-4.6
747075,678821,Luis Peralta,672284,Jarred Kelenic,Ball,Four-Seam Fastball,94.1,85.6,3.53622701318974,1.69606853380012,4,141.4,164.22,-0.6401372031207563,2.7613837268340364,-15.2,-9.0
747075,678821,Luis Peralta,672284,Jarred Kelenic,Called Strike,Four-Seam Fastball,95.1,86.6,3.4904201541141,1.67313953424124,4,141.5,175.1,-0.6427545241263125,2.3584887354724593,-16.3,-10.1
747075,678821,Luis Peralta,672284,Jarred Kelenic,Called Strike,Four-Seam Fastball,95.9,87.1,3.4904201541141,1.65021033564959,8,119.01,185.12,-0.052827528793360404,1.9874969495828445,-14.4,-10.0
747075,678821,Luis Peralta,606115,Orlando Arcia,Foul,Four-Seam Fastball,95.5,87.2,3.37,1.57,5,111.06,165.04,0.1557728111073861,2.7311176507467776,-15.0,-10.3
747075,678821,Luis Peralta,606115,Orlando Arcia,Ball,Four-Seam Fastball,95.3,87.3,3.52944658745214,1.61484561635913,11,173.5,147.8,-1.4822148681565666,3.369452219620844,-14.3,-5.6
747075,678821,Luis Peralta,606115,Orlando Arcia,Ball,Curveball,82.5,76.9,3.3232950863618,1.5689860794508,14,97.39,217.66,0.5145257139494334,0.7821774760591451,-47.8,5.6
747075,678821,Luis Peralta,606115,Orlando Arcia,Single,Four-Seam Fastball,95.0,86.9,3.37,1.57,8,108.25,194.79,0.2295683679723689,1.6291726819471668,-14.5,-6.7
747075,678821,Luis Peralta,570482,Gio Urshela,Ball,Four-Seam Fastball,94.8,86.9,3.39330594111173,1.606060872547,11,155.95,141.79,-1.0219574941741394,3.5920682830507302,-17.5,-7.6
747075,678821,Luis Peralta,570482,Gio Urshela,Foul,Four-Seam Fastball,94.3,86.2,3.44,1.63,5,118.43,173.85,-0.03764632388467641,2.4048840421328967,-13.8,-8.9
747075,678821,Luis Peralta,570482,Gio Urshela,Called Strike,Four-Seam Fastball,96.0,87.5,3.46202307544091,1.6289904383253,9,90.28,183.92,0.7009285291378776,2.031954496093877,-17.0,-9.2
747075,678821,Luis Peralta,570482,Gio Urshela,Ball,Curveball,82.7,76.4,3.39330594111173,1.5831311243461,14,51.62,217.62,1.7152220349178338,0.7836159576446949,-43.1,9.4
747075,678821,Luis Peralta,570482,Gio Urshela,Foul,Four-Seam Fastball,94.9,86.2,3.44,1.63,11,178.43,166.48,-1.6116737882127274,2.6779014634329843,-16.2,-4.1
747075,678821,Luis Peralta,570482,Gio Urshela,Ball,Curveball,82.9,76.6,3.39330594111173,1.6289904383253,14,89.51,210.47,0.721244860346972,1.0484178633110435,-44.3,11.5
747075,678821,Luis Peralta,570482,Gio Urshela,Ball,Four-Seam Fastball,95.8,87.7,3.3703990494093,1.606060872547,14,36.01,179.01,2.124635493397707,2.2138252744490137,-13.1,-9.5
747075,678020,Seth Halvorsen,663897,Luke Williams,Called Strike,Slider,87.6,80.5,3.26910081486024,1.59484443582591,5,112.31,180.53,0.12317121578057484,2.1572667147160427,-34.7,-1.0
747075,678020,Seth Halvorsen,663897,Luke Williams,Foul,Sinker,99.2,91.2,3.27,1.55,4,140.06,167.95,-0.6050234503553594,2.623288436053189,-11.5,14.8
747075,678020,Seth Halvorsen,663897,Luke Williams,Ball,Slider,88.8,82.0,3.22328040771195,1.57191460043784,14,90.83,200.29,0.6866439178390862,1.4254018626141187,-34.6,-2.2
747075,678020,Seth Halvorsen,663897,Luke Williams,Swinging Strike,Sinker,101.1,91.8,3.27,1.55,11,172.65,166.74,-1.459946091281053,2.668204369930113,-11.2,15.2
747075,641729,Joe Jiménez,686668,Brenton Doyle,Ball,Four-Seam Fastball,92.6,85.0,3.35620428775397,1.57020227321777,12,73.83,156.49,1.1325675100347024,3.0478338116315844,-16.1,9.4
747075,641729,Joe Jiménez,686668,Brenton Doyle,Swinging Strike,Four-Seam Fastball,92.6,84.7,3.38,1.64,3,102.44,154.78,0.3818728583600216,3.111016263734594,-15.1,8.9
747075,641729,Joe Jiménez,686668,Brenton Doyle,Swinging Strike,Slider,85.5,79.2,3.38,1.64,14,67.05,187.59,1.3104532359872754,1.895765270981947,-32.4,-1.8
747075,641729,Joe Jiménez,686668,Brenton Doyle,Swinging Strike,Slider,86.3,80.1,3.38,1.64,13,118.8,207.89,-0.04716905718457083,1.14422482077818,-29.8,-1.3
747075,641729,Joe Jiménez,641857,Ryan McMahon,Ball,Four-Seam Fastball,94.5,86.5,3.3703990494093,1.47726496995143,12,112.92,134.35,0.1069251080869023,3.867919680494063,-13.9,9.8
747075,641729,Joe Jiménez,641857,Ryan McMahon,Foul,Four-Seam Fastball,93.8,86.1,3.44,1.57,6,104.41,175.31,0.33016915532101165,2.350730902584212,-14.9,10.6
747075,641729,Joe Jiménez,641857,Ryan McMahon,Called Strike,Four-Seam Fastball,94.1,86.6,3.3703990494093,1.50019548788543,1,136.55,153.86,-0.5130122627157613,3.1452371841250035,-14.5,8.8
747075,641729,Joe Jiménez,641857,Ryan McMahon,Ball,Four-Seam Fastball,94.5,87.1,3.32458354054958,1.47726496995143,11,178.25,167.66,-1.606758496442037,2.6342472397432446,-17.3,10.7
747075,641729,Joe Jiménez,641857,Ryan McMahon,Swinging Strike,Four-Seam Fastball,94.5,86.8,3.44,1.57,4,148.41,177.9,-0.8241000696322941,2.2548714271714525,-14.3,15.1
747075,641729,Joe Jiménez,663898,Brendan Rodgers,Foul,Four-Seam Fastball,95.0,87.5,3.39,1.55,11,150.87,152.78,-0.8886489072086939,3.185083536640401,-14.0,14.5
747075,641729,Joe Jiménez,663898,Brendan Rodgers,Swinging Strike,Four-Seam Fastball,94.4,86.1,3.39,1.55,1,131.91,162.35,-0.3912633323875269,2.830839518135581,-12.8,10.3
747075,641729,Joe Jiménez,663898,Brendan Rodgers,Ball,Slider,84.7,78.5,3.25166252195024,1.38847011686374,14,87.76,206.55,0.7669926302033024,1.1936153772224263,-34.1,0.2
747075,641729,Joe Jiménez,663898,Brendan Rodgers,Foul,Slider,87.0,80.3,3.39,1.55,5,115.71,180.92,0.033778718438168584,2.1429281458698575,-29.3,-1.1
747075,641729,Joe Jiménez,663898,Brendan Rodgers,Groundout,Four-Seam Fastball,95.8,87.4,3.39,1.55,6,91.86,176.02,0.6595179275928157,2.3244176131779515,-14.2,15.5
747075,678020,Seth Halvorsen,671739,Michael Harris II,Lineout,Sinker,99.3,90.9,3.42,1.6,6,106.12,177.61,0.28549822725743157,2.2656854120572105,-11.2,10.7
747075,678020,Seth Halvorsen,642201,Eli White,Called Strike,Sinker,100.5,91.7,3.48752009695295,1.56434662465269,6,94.34,178.37,0.5945849615489786,2.2375707691068607,-11.3,13.3
747075,678020,Seth Halvorsen,642201,Eli White,Swinging Strike,Slider,89.9,83.5,3.58,1.68,14,69.99,206.15,1.233243960565425,1.2083599055090877,-31.6,-1.4
747075,678020,Seth Halvorsen,642201,Eli White,Ball,Slider,90.0,84.0,3.5791316050428,1.61020623374593,14,87.66,214.5,0.7697779670238322,0.8992747775705197,-31.1,-3.6
747075,678020,Seth Halvorsen,642201,Eli White,Ball,Slider,90.3,84.7,3.5791316050428,1.58727651810433,14,105.55,199.99,0.300286049369035,1.4367697032258273,-29.6,0.1
747075,678020,Seth Halvorsen,642201,Eli White,Hit By Pitch,Sinker,100.2,91.0,3.58,1.68,11,188.95,146.46,-1.8876387450217829,3.419343317709615,-13.9,15.1
747075,678020,Seth Halvorsen,542303,Marcell Ozuna,Pitchout,Sinker,100.3,91.4,3.51,1.76,12,54.09,156.26,1.6504383580197093,3.056405328507164,-13.1,15.7
747075,678020,Seth Halvorsen,542303,Marcell Ozuna,Swinging Strike,Splitter,91.1,83.9,3.51,1.76,14,97.57,206.07,0.5096320092640209,1.211374377406605,-26.8,14.3
747075,678020,Seth Halvorsen,542303,Marcell Ozuna,Ball,Splitter,91.8,84.4,3.5091245504901,1.73607203500826,13,131.47,237.72,-0.37967031783424127,0.039174192304310095,-25.4,17.6
747075,678020,Seth Halvorsen,542303,Marcell Ozuna,Foul,Sinker,100.1,91.3,3.51,1.76,8,108.31,182.82,0.22803127533387405,2.0724769928379043,-10.0,13.7
747075,678020,Seth Halvorsen,542303,Marcell Ozuna,Foul,Sinker,100.8,91.4,3.51,1.76,5,119.38,167.32,-0.062354604880666784,2.6468156607594864,-11.9,15.1
747075,678020,Seth Halvorsen,542303,Marcell Ozuna,Called Strike,Sinker,100.8,92.8,3.64653432231396,1.69021454881646,6,90.6,168.38,0.6926303924001433,2.607352678302325,-10.4,12.8
747075,628452,Raisel Iglesias,669911,Michael Toglia,Flyout,Four-Seam Fastball,95.8,87.8,3.7,1.77,8,121.57,177.36,-0.1199570263205105,2.2748615081334873,-14.5,8.5
747075,628452,Raisel Iglesias,666134,Nolan Jones,Called Strike,Sinker,95.6,87.4,3.63913808962481,1.69606853380012,6,88.34,167.68,0.7519609356042508,2.6334439392062325,-20.9,18.6
747075,628452,Raisel Iglesias,666134,Nolan Jones,Called Strike,Four-Seam Fastball,96.4,88.5,3.7212902921677,1.65047227046481,4,141.27,174.08,-0.6367428617220252,2.3961116005957934,-15.5,8.8
747075,628452,Raisel Iglesias,666134,Nolan Jones,Swinging Strike,Changeup,91.6,84.1,3.64,1.72,13,150.01,202.83,-0.8659044831870154,1.331601621333847,-30.7,19.8
747075,628452,Raisel Iglesias,656541,Sam Hilliard,Ball,Changeup,91.2,84.0,3.44647322528608,1.65047227046481,13,130.21,200.9,-0.34664182686118694,1.4028275397749583,-31.2,20.4
747075,628452,Raisel Iglesias,656541,Sam Hilliard,Swinging Strike,Four-Seam Fastball,96.3,88.1,3.56,1.66,1,147.99,150.97,-0.8129332980044165,3.252368369870358,-14.4,8.4
747075,628452,Raisel Iglesias,656541,Sam Hilliard,Swinging Strike,Changeup,91.1,83.8,3.56,1.66,13,142.73,204.78,-0.674991623391707,1.2593050364260068,-32.9,20.9
747075,628452,Raisel Iglesias,656541,Sam Hilliard,Ball,Sinker,97.0,88.6,3.49228245399765,1.71925925649047,14,65.32,171.52,1.355726377148009,2.4912920890679953,-19.3,18.5
747075,628452,Raisel Iglesias,656541,Sam Hilliard,Ball,Changeup,91.4,84.0,3.51518614544169,1.69633046406587,14,113.57,204.15,0.0899102055187443,1.2826563469410472,-29.5,19.6
747075,628452,Raisel Iglesias,656541,Sam Hilliard,Ball,Changeup,91.4,84.4,3.40066158612338,1.7421878383285,13,127.64,211.64,-0.2790686285177604,1.0050227710551232,-31.4,19.1
747075,628452,Raisel Iglesias,595909,Jake Cave,Ball,Four-Seam Fastball,96.5,88.3,3.28612233705645,1.53582350092815,11,156.94,150.39,-1.0476858025455307,3.2735748952589914,-13.2,7.1
747075,628452,Raisel Iglesias,595909,Jake Cave,Ball,Changeup,89.4,82.1,3.28612233705645,1.5128932288171,11,167.33,166.01,-1.3204397175751668,2.6952122856561855,-30.6,19.0
747075,628452,Raisel Iglesias,595909,Jake Cave,Swinging Strike,Four-Seam Fastball,95.8,87.4,3.32,1.57,14,83.37,173.82,0.8823383556627393,2.406104607049237,-13.4,9.5
747075,628452,Raisel Iglesias,595909,Jake Cave,Swinging Strike,Four-Seam Fastball,95.8,87.5,3.32,1.57,5,118.84,166.22,-0.04836733859095189,2.68755630211141,-13.2,8.2
747075,628452,Raisel Iglesias,595909,Jake Cave,Swinging Strike,Four-Seam Fastball,96.4,88.2,3.32,1.57,13,149.2,176.23,-0.8448304006015238,2.3166127540229198,-16.7,11.2
